timestamp,open,high,low,close,volume
2004-08-19,2.4672945253680982,2.5674666733673637,2.367616705327493,2.47568416595459,897427216
2004-08-20,2.4922147539143378,2.6913257292667128,2.4796319450829,2.672327756881714,458857488
2004-08-23,2.732529101927312,2.7998861839904516,2.6905853883565416,2.699220657348633,366857939
2004-08-24,2.74461919996752,2.7535010438913714,2.555377540306683,2.5874526500701904,306396159
2004-08-25,2.589672422248856,2.664678953891772,2.56302571301166,2.6153323650360107,184645512
2004-08-26,2.589425651661197,2.6634447094275937,2.5822705319734087,2.6624579429626465,142572401
2004-08-27,2.667145640925136,2.6799759666251206,2.6076838691630213,2.6190333366394043,124826132
2004-08-30,2.5975680056587938,2.602750065713097,2.51688814163208,2.51688814163208,104429967
2004-08-31,2.5240429873567614,2.5588313461843883,2.520588596262611,2.5257697105407715,98825037
2004-09-01,2.53391184031254,2.5405735772588236,2.459152820278464,2.473463296890259,183633734
2004-09-02,2.447309739065961,2.525769716712832,2.4411411497854,2.5045506954193115,303810504
2004-09-03,2.490734477639203,2.5102258304669824,2.4505172511452424,2.467540979385376,103538639
2004-09-07,2.492214847118656,2.516641453591402,2.4576730563830793,2.5062785148620605,117506800
2004-09-08,2.485552577380135,2.542054523723753,2.479631742317421,2.524043083190918,100186120
2004-09-09,2.529717295901113,2.534158217339366,2.4919679284959715,2.524289608001709,81620792
2004-09-10,2.5067715884153827,2.629149525945336,2.4993696589387255,2.598801851272583,174804764
2004-09-13,2.6308764836744363,2.674794445029266,2.62668213532434,2.6523420810699463,157628624
2004-09-14,2.651108724669821,2.7633705437767815,2.634824006106695,2.7507877349853516,217608605
2004-09-15,2.7278419584082387,2.818391369542868,2.7189591700320115,2.7633705139160156,215279909
2004-09-16,2.7717589605574258,2.8571272564429337,2.754735230161325,2.8119759559631348,186207345
2004-09-17,2.8230791421687016,2.8988256454467773,2.801613543028875,2.8988256454467773,190350817
2004-09-20,2.8855014435945474,3.0002306419905103,2.8810605220880654,2.944963216781616,213585582
2004-09-21,2.956065897880087,2.971116329283389,2.899318327048019,2.9074602127075195,145262446
2004-09-22,2.8966049044042985,2.9526122973349684,2.882047616125056,2.920783758163452,152344894
2004-09-23,2.9321338557737078,3.0256440328524175,2.887228186800217,2.9809861183166504,171524515
2004-09-24,2.983945849472388,3.0619124443920875,2.954832696432757,2.956559419631958,183336625
2004-09-27,2.949897957997495,2.9824664525285436,2.906474322076258,2.9178237915039062,141994242
2004-09-28,2.9928290402952213,3.1433333697856223,2.9659357559971804,3.1300106048583984,340190355
2004-09-29,3.1260629223484617,3.331341522203696,3.1144666450699385,3.234130382537842,613229953
2004-09-30,3.2050161224993343,3.264231322611294,3.182810333889271,3.1976141929626465,276468402
2004-10-01,3.2272216662925186,3.3120968098440415,3.1803427006250864,3.2711398601531982,303934969
2004-10-04,3.3370167570411287,3.376986231231442,3.3069149475458572,3.3323280811309814,261693228
2004-10-05,3.322460037823135,3.4179435198495294,3.262751449408846,3.4139959812164307,300887589
2004-10-06,3.3937645711962605,3.4159701248695145,3.3555218175366073,3.3821682929992676,268900140
2004-10-07,3.3782207287324284,3.4512520802448985,3.3690911307714027,3.4258387088775635,283643194
2004-10-08,3.4226318837970258,3.44631758579664,3.3806872230605176,3.398205280303955,222442656
2004-10-11,3.3801945525134953,3.426086997380419,3.3024747488622745,3.337264060974121,210437827
2004-10-12,3.3170312292168913,3.3952444027239492,3.291371284732329,3.390063524246216,234419380
2004-10-13,3.53612708523615,3.5418025281229912,3.4561874211670562,3.4764187335968018,397203256
2004-10-14,3.4791327379025514,3.5129345685202833,3.418684432809535,3.503558397293091,209835578
2004-10-15,3.5758507808397972,3.5899146835901434,3.502325102548526,3.5556185245513916,265150137
2004-10-18,3.5331656885374936,3.6812033194473144,3.484066621254119,3.6802167892456055,282061287
2004-10-19,3.7132794270851854,3.760158397792915,3.6355596311647913,3.6501166820526123,363918964
2004-10-20,3.6523362214994672,3.6760228687159846,3.444343415657095,3.4663023948669434,456613107
2004-10-21,3.5627737733272746,3.7041496923742345,3.4941833422240087,3.68564510345459,585767401
2004-10-22,4.207724235126588,4.445324720853298,4.0483366726085555,4.254356384277344,1481207196
2004-10-25,4.352308271562304,4.7971618908797025,4.257316996550687,4.623710632324219,1315480331
2004-10-26,4.597557532607157,4.752997105477095,4.441130720907255,4.485542297363281,895628499
2004-10-27,4.508241088727462,4.67601689034837,4.484801961254853,4.588428497314453,536262538
2004-10-28,4.605946248185333,4.796174437238647,4.579299771828082,4.769281387329102,596097978
2004-10-29,4.907202606350899,4.933355933943257,4.702664189349898,4.703651428222656,849672890
2004-11-01,4.775449477804524,4.87710153973732,4.71919528653208,4.8366379737854,490828877
2004-11-02,4.904489882473621,4.916085925394742,4.7702693110488115,4.808018684387207,455553149
2004-11-03,4.889685387024507,4.974066439389325,4.70636505196121,4.729063987731934,557630330
2004-11-04,4.649371181070408,4.697730302153397,4.523785882752912,4.557094097137451,578544429
2004-11-05,4.489984135132735,4.497879212789891,4.158626582743097,4.178364276885986,796297573
2004-11-08,4.217348534054837,4.3286235965524735,4.17959774248988,4.257317543029785,449349985
2004-11-09,4.2955605940323585,4.32270068627472,4.077698246081975,4.162326812744141,444226854
2004-11-10,4.210932176938996,4.256577093860175,4.103851717647682,4.141601085662842,427355853
2004-11-11,4.1729361531808316,4.533654323751893,4.134445648249249,4.515643119812012,601666773
2004-11-12,4.570171357781348,4.682926325732436,4.376981924141878,4.490477085113525,672354740
2004-11-15,4.452233886647563,4.646410077818503,4.4102904047075135,4.561288356781006,477844390
2004-11-16,4.3794479971577625,4.428053683859555,4.2148800129489965,4.257070064544678,839832142
2004-11-17,4.170222050870811,4.379448193031215,4.169728431449095,4.2560834884643555,728034662
2004-11-18,4.201555842560526,4.3034554138839445,4.0890474698003,4.1337056159973145,667677273
2004-11-19,4.172195923663016,4.193908569362108,4.108539789845512,4.179597854614258,352086780
2004-11-22,4.057959915897727,4.182064331123114,3.979993561111114,4.073503494262695,496582362
2004-11-23,4.144315461079224,4.214880367740387,4.108046005047816,4.133212566375732,498393124
2004-11-24,4.313324262383158,4.3722926500512935,4.256330352317437,4.311844348907471,613531078
2004-11-26,4.337505060766882,4.441871330502097,4.3256619726010435,4.426080703735352,260175560
2004-11-29,4.450013714366105,4.51391641818785,4.37969537426111,4.467038154602051,428263241
2004-11-30,4.458648880886291,4.5151501192274734,4.447299412984343,4.489983558654785,309154460
2004-12-01,4.489244339603214,4.5028139169599495,4.430029362478456,4.440145492553711,315743063
2004-12-02,4.4386629899947625,4.47838683432879,4.40535478081276,4.426327228546143,251374696
2004-12-03,4.439897792025285,4.467283985735865,4.381915697543334,4.451000213623047,235647968
2004-12-06,4.41966491960724,4.458401996619182,4.342931903215898,4.349593639373779,251097661
2004-12-07,4.3424393306216205,4.347375053368105,4.207972179839806,4.229684352874756,275866153
2004-12-08,4.203036621128465,4.285197556690483,4.1630662064622275,4.193907260894775,302802741
2004-12-09,4.200569858846296,4.2807572781377585,4.1566518973444895,4.279029846191406,307307563
2004-12-10,4.2790306366989475,4.314806481632709,4.226230821612649,4.23511266708374,173335277
2004-12-13,4.247941986159997,4.272861973832782,4.180831471173585,4.205503940582275,193466452
2004-12-14,4.219074623640555,4.412017007434618,4.184532598293461,4.408809661865234,445198482
2004-12-15,4.391539682257051,4.4581556441664825,4.358724612278619,4.435703277587891,460559845
2004-12-16,4.365878937947952,4.4532207678293645,4.3412059952306725,4.354035377502441,344197318
2004-12-17,4.361189428274872,4.453466490375115,4.356008550591943,4.443103790283203,296555412
2004-12-20,4.490476643656249,4.649863756233219,4.487268825973771,4.564988613128662,394854485
2004-12-21,4.596817667802933,4.635553804659484,4.525018475044006,4.533654689788818,221479058
2004-12-22,4.5373555307446765,4.610140543325379,4.515396787438368,4.59657096862793,156865776
2004-12-23,4.624944467389094,4.653318849577817,4.589169571695057,4.63604736328125,145125936
2004-12-27,4.666889486795431,4.769281760392255,4.665655201848029,4.734986305236816,245079187
2004-12-28,4.739920886527663,4.775450628696962,4.712781259364428,4.7559590339660645,166453579
2004-12-29,4.731777629776102,4.774708816231686,4.731777629776102,4.759411811828613,107525527
2004-12-30,4.761138979049173,4.890918850969971,4.733505737774081,4.875375270843506,237057231
2004-12-31,4.91559259042582,4.9316297910519316,4.751023165391672,4.7566986083984375,307889737
2005-01-03,4.870440192038905,5.024399864020829,4.822575637566607,5.0014543533325195,636143518
2005-01-04,4.969132611878087,5.006881983944751,4.773722124839921,4.79888916015625,552298420
2005-01-05,4.7729823183347255,4.8581040426647615,4.742881450644734,4.774463176727295,330698912
2005-01-06,4.813198406764663,4.833430660259426,4.631605523587153,4.6520843505859375,417041336
2005-01-07,4.703651987681293,4.792721728574465,4.657760017895572,4.7828521728515625,387964757
2005-01-10,4.798889851358829,4.887712555153399,4.733012662375149,4.81270694732666,302714411
2005-01-11,4.826523118039896,4.87808958162618,4.766319967357588,4.775203227996826,279391317
2005-01-12,4.7946947066283565,4.834171984111618,4.700197987100704,4.820601463317871,328338096
2005-01-13,4.8206012257004955,4.87019368512705,4.787786159632347,4.8193678855896,275002929
2005-01-14,4.835897774216172,4.934836582495755,4.789759710676471,4.933850288391113,387057368
2005-01-18,4.958522312516082,5.058447887832757,4.901528400417492,5.0308146476745605,528878966
2005-01-19,5.049319661454384,5.065356860974702,4.8534160417006005,4.867973327636719,451995865
2005-01-20,4.749542677412427,4.842066321947513,4.737206443401388,4.7845778465271,361413608
2005-01-21,4.799875286781967,4.820108016113696,4.641475873765688,4.645423412322998,371724110
2005-01-24,4.655539008762705,4.671329633550476,4.449026129478538,4.458895683288574,563010421
2005-01-25,4.4889963786734075,4.496398307571801,4.349593541874672,4.370072841644287,427966132
2005-01-26,4.423120099262324,4.673303456791302,4.420159327108696,4.669109344482422,494161321
2005-01-27,4.657265543605622,4.659733168265016,4.569429631390011,4.640488624572754,266089645
2005-01-28,4.688353463508847,4.803824039331778,4.597557718713812,4.696249485015869,490158373
2005-01-31,4.778904377071726,4.844781083601456,4.730298683583873,4.826523303985596,385306832
2005-02-01,4.795927805225318,4.852182946423508,4.703405095941215,4.734739303588867,756384528
2005-02-02,5.318254984368655,5.34909557441675,5.024893377844535,5.08164119720459,1316889593
2005-02-03,5.082381126991859,5.26446764760743,5.077939496937516,5.202538013458252,521471303
2005-02-04,5.0942248893780695,5.125805672096642,4.998739986359979,5.0421648025512695,594993855
2005-02-07,5.064369881845124,5.0924962689367295,4.823808120235167,4.8366379737854,520359150
2005-02-08,4.85958497177334,4.935083715647499,4.79962886434517,4.901035308837891,460921194
2005-02-09,4.953341959076648,4.97406689139115,4.67453765195904,4.726844310760498,689434520
2005-02-10,4.73646521948483,4.742386762267926,4.570663438647195,4.6380205154418945,762154073
2005-02-11,4.605452853720011,4.745102281085944,4.590895567653973,4.623710632324219,526606480
2005-02-14,4.511448662556092,4.763853016632195,4.465803750030214,4.761631965637207,1548269624
2005-02-15,4.776682784315242,4.93064244292801,4.763853403218022,4.81689977645874,1035177611
2005-02-16,4.803824522839047,4.9180594083015325,4.793954967324989,4.895360469818115,663770685
2005-02-17,4.881049309830417,4.9284216604052915,4.855883693313715,4.882777214050293,418137429
2005-02-18,4.897826929117355,4.905968578315738,4.852182017090842,4.884009838104248,340708289
2005-02-22,4.848235529415729,4.907449554690505,4.697483197305688,4.721662521362305,541369609
2005-02-23,4.7692807085026425,4.798394805691446,4.6547978526111375,4.785318851470947,625776806
2005-02-24,4.524278784161055,4.684159527140672,4.496151922575918,4.660473823547363,1036442333
2005-02-25,4.666887981138047,4.685885949099729,4.577077601751324,4.585960388183594,400435325
2005-02-28,4.589169627044211,4.684653115778906,4.585468661702189,4.63826847076416,313908211
2005-03-01,4.670342428381976,4.681691894597979,4.490476038665011,4.590648174285889,373844027
2005-03-02,4.587934317565868,4.630372358919513,4.548704566064117,4.568936347961426,292512314
2005-03-03,4.592375886581335,4.632345358094267,4.547471638325286,4.6140875816345215,305484756
2005-03-04,4.606439557422997,4.620009604421577,4.566223508224821,4.586701393127441,271979640
2005-03-07,4.633087050674602,4.67799177667248,4.614582226125173,4.658499240875244,347995502
2005-03-08,4.6656540005729985,4.684158822756274,4.563755372718541,4.569429397583008,323050350
2005-03-09,4.545004042962769,4.555859890559084,4.445078474086476,4.4744391441345215,456119263
2005-03-10,4.466050722102492,4.470738453289507,4.376981467733805,4.440637588500977,440063306
2005-03-11,4.451987824145948,4.464570633990778,4.370813632262,4.386850833892822,322335682
2005-03-14,4.399928149436107,4.401654636761397,4.25781202640973,4.317520618438721,447535208
2005-03-15,4.325168234856682,4.44113053100969,4.298273771880937,4.406835556030273,418446584
2005-03-16,4.359710174663871,4.406835951572482,4.3180132668490465,4.332570552825928,285317446
2005-03-17,4.37032011951017,4.432248341639479,4.337505053559558,4.42361307144165,331662510
2005-03-18,4.4117702514334365,4.4510004791015865,4.399434016760989,4.442117691040039,284663002
2005-03-21,4.423119099745249,4.494670290017194,4.373280076239107,4.46284294128418,300470030
2005-03-22,4.470245633483809,4.48899703196766,4.388084683117606,4.406589508056641,226112360
2005-03-23,4.391045088607421,4.447052717889409,4.391045088607421,4.4159650802612305,194526410
2005-03-24,4.458402811762655,4.462350350531011,4.421393632037642,4.422626972198486,148763520
2005-03-28,4.4825809290990115,4.5595605123493135,4.4645692550244,4.476165294647217,350830087
2005-03-29,4.467037516167412,4.522058367843814,4.393511840792323,4.430521488189697,259890496
2005-03-30,4.45692152270853,4.476907205268349,4.431261814648629,4.452233791351318,250378977
2005-03-31,4.390551387566742,4.475426536847636,4.382902884004023,4.453713893890381,271758815
2005-04-01,4.484555736508027,4.513915937239403,4.440884350990653,4.442117691040039,248206866
2005-04-04,4.439898049677957,4.572390702513655,4.437183378957013,4.571650981903076,324266893
2005-04-05,4.6318524793057225,4.694275259469212,4.627904941100454,4.652578353881836,350777892
2005-04-06,4.669108960625927,4.679225088773534,4.628151773322294,4.668615341186523,210891521
2005-04-07,4.657759034233554,4.801849132417909,4.654304643223749,4.780630111694336,389141150
2005-04-08,4.778904076848657,4.813692201936521,4.723636177278337,4.738440036773682,205431131
2005-04-11,4.764099887570506,4.806289939485542,4.745101917441965,4.767553806304932,217231195
2005-04-12,4.761879679844754,4.796915799339327,4.673303559216164,4.785566329956055,293881426
2005-04-13,4.773475345977829,4.79444779577889,4.681199212086586,4.760152816772461,263214910
2005-04-14,4.7685408756646925,4.795434396140281,4.69032793904849,4.723636150360107,247030473
2005-04-15,4.690328384936812,4.69624992926414,4.556107343334904,4.564496040344238,464831797
2005-04-18,4.55413355901293,4.635554325105997,4.527240034674199,4.613101959228516,262994085
2005-04-19,4.671329732597616,4.737206431297717,4.6392543905794925,4.722402572631836,338463908
2005-04-20,4.899554618250967,4.946926973505276,4.833678381451739,4.887712001800537,620376641
2005-04-21,4.944952188235766,5.057954178115072,4.917811625788822,5.0387091636657715,712737539
2005-04-22,5.499601017734038,5.526741113284993,5.286425902486401,5.32466983795166,1333182435
2005-04-25,5.374262053337537,5.544998640839894,5.366860123548348,5.515144348144531,796574608
2005-04-26,5.4334771941029425,5.4773951548107656,5.38585826838145,5.397207736968994,693469588
2005-04-27,5.378456712823317,5.449021154179408,5.3476156504708845,5.422621250152588,412131000
2005-04-28,5.415712118833992,5.479368239496568,5.3715471158308254,5.414478778839111,348613811
2005-04-29,5.47517392435931,5.483563565387746,5.37426205046782,5.428049564361572,368182886
2005-05-02,5.478628936049548,5.519339554477944,5.433231058043904,5.484550952911377,392160425
2005-05-03,5.473693851224844,5.629133427458048,5.460616951531042,5.580774784088135,713873782
2005-05-04,5.606434539793422,5.671817621734196,5.600759569620419,5.637768745422363,485151677
2005-05-05,5.6407300194286805,5.6407300194286805,5.573126358240974,5.600265979766846,301509913
2005-05-06,5.635300530205145,5.656272976876699,5.5876825567357855,5.625925540924072,271570110
2005-05-09,5.62543374346097,5.637769507244408,5.562024185945181,5.576581001281738,222302131
2005-05-10,5.563011114903024,5.6204986572265625,5.544506287780013,5.6204986572265625,254783425
2005-05-11,5.649365431477099,5.723630831240863,5.623705250512934,5.706606864929199,460873014
2005-05-12,5.69476305256454,5.729799167252169,5.630366738010057,5.643197536468506,359269602
2005-05-13,5.654546926687206,5.7016712844180155,5.608654491863305,5.656026840209961,297731805
2005-05-16,5.666884142595271,5.714749646287687,5.639497471325792,5.700685977935791,228107811
2005-05-17,5.688595550586918,5.759900177039201,5.6797127625639225,5.752005100250244,313526787
2005-05-18,5.763848297593945,5.920768278708535,5.761627246091543,5.900783538818359,494325936
2005-05-19,5.929897543216326,5.95037542989035,5.8788242238572295,5.901276588439941,390116793
2005-05-20,5.951362145864434,5.962711613036142,5.912871642160823,5.961230754852295,327763952
2005-05-23,5.9994760121279604,6.368089328863956,5.988373116016064,6.302705764770508,858738744
2005-05-24,6.3399613000422494,6.54918839888631,6.2545930046284735,6.316275596618652,1166078427
2005-05-25,6.235594714582461,6.439146848058109,6.183781676130555,6.434952735900879,725023418
2005-05-26,6.438653196661556,6.507736770156778,6.373022597315229,6.395228385925293,543895039
2005-05-27,6.426316776242154,6.564239255436472,6.3964624810409125,6.563004970550537,489190760
2005-05-31,6.647633218615659,6.868949982103955,6.646153304970651,6.841069221496582,892805959
2005-06-01,6.9873797544744845,7.226460183575502,6.958265184055665,7.105808734893799,1412944285
2005-06-02,7.1238208908300695,7.1497271729953935,7.0219217769567575,7.103342533111572,721658854
2005-06-03,7.07595429200691,7.137883923835564,6.844522370765392,6.9148406982421875,754108027
2005-06-06,6.967394482159369,7.24767963102091,6.953577389074893,7.178348064422607,904413304
2005-06-07,7.330333431060828,7.391768501213566,7.162557621950119,7.2321343421936035,976566743
2005-06-08,7.225473724174788,7.233862420359496,6.8590800943911825,6.89756965637207,1031889331
2005-06-09,7.024882903529668,7.118146273542718,6.922243126026955,7.064112186431885,660109011
2005-06-10,7.080890419516627,7.088045776092918,6.9089195394039,6.970108985900879,509767599
2005-06-13,6.9039845401241156,7.011805190849472,6.822563789285682,6.976276874542236,514047581
2005-06-14,6.873637374837816,6.939019984792968,6.8529114993826505,6.867715358734131,405189077
2005-06-15,6.785061353432111,6.841808694417024,6.598287094350257,6.780127048492432,838454999
2005-06-16,6.766802550638353,6.866481548537738,6.737441879843686,6.84526252746582,500364485
2005-06-17,6.883753823252469,6.915827751159668,6.807267370497469,6.915827751159668,418940428
2005-06-20,6.811953980777265,7.09766703525263,6.704379904547925,7.073734760284424,844140229
2005-06-21,7.107536919454238,7.162557772465312,7.031050470431984,7.101861476898193,607560783
2005-06-22,7.147013023776121,7.212396099575812,7.122340084771191,7.13788366317749,420530365
2005-06-23,7.105809718405706,7.273833538292154,7.068800538811478,7.148001194000244,564363474
2005-06-24,7.177361993690938,7.352539744819416,7.144793029185883,7.3340349197387695,713512433
2005-06-27,7.374745109227426,7.512173490424278,7.25039315626158,7.503044128417969,714785186
2005-06-28,7.556831551251052,7.630110658130463,7.451230525970459,7.451230525970459,764314139
2005-06-29,7.463567204680563,7.509951842218214,7.208202054334778,7.222265720367432,734691521
2005-06-30,7.262236058911369,7.375484634136967,7.180815307779722,7.257547855377197,606039101
2005-07-01,7.279506465617508,7.309114182714681,7.1359104547854235,7.185996055603027,370487492
2005-07-05,7.206968422500792,7.302698937859166,7.160829415633925,7.296037673950195,300883574
2005-07-06,7.335267185642814,7.342669114591118,7.189203556576726,7.192657947540283,321211484
2005-07-07,7.140105280608711,7.2982581094602725,7.118392639093499,7.291843891143799,428484066
2005-07-08,7.309362032169275,7.340204039346747,7.255082310196467,7.308868885040283,299422117
2005-07-11,7.3130627830044945,7.317998033054898,7.180322128557335,7.2378106117248535,336869956
2005-07-12,7.238797172816229,7.263717161739241,7.178101818037917,7.1990742683410645,235475323
2005-07-13,7.217083982513684,7.383133306233952,7.206968799361951,7.373758316040039,459230882
2005-07-14,7.533639002579413,7.568427601195234,7.403612552930001,7.423844337463379,428307406
2005-07-15,7.432479620762869,7.485773516825346,7.396457681992498,7.431246280670166,338801168
2005-07-18,7.401884822695584,7.448764025686515,7.346370822329757,7.390535354614258,249242734
2005-07-19,7.453698491925581,7.657250145915278,7.446296562068162,7.64614725112915,506748324
2005-07-20,7.539313451524306,7.713011287015074,7.4462966524587895,7.69796085357666,574561556
2005-07-21,7.748539975029429,7.8410636314132764,7.678469627826738,7.745826721191406,794543021
2005-07-22,7.559051195665599,7.630110191566683,7.311335491581691,7.461099624633789,938978379
2005-07-25,7.460853979697268,7.483059771066673,7.277534567390267,7.299493312835693,387800142
2005-07-26,7.278766773027986,7.352539020169928,7.2067219576320625,7.305413246154785,394147846
2005-07-27,7.346124193501213,7.358213855238638,7.214371254500359,7.3261399269104,289798178
2005-07-28,7.337982054364974,7.337982054364974,7.236081999075838,7.24151086807251,237912424
2005-07-29,7.207956035735176,7.225227520785633,7.080890356964452,7.099888801574707,335785908
2005-08-01,7.108770566093395,7.216837799050005,7.108276946640473,7.194879055023193,227344963
2005-08-02,7.194631491075911,7.390041956069042,7.182788876326493,7.381899833679199,292701018
2005-08-03,7.352539505050669,7.394976606034242,7.293324066723635,7.335268020629883,238113174
2005-08-04,7.292091075617486,7.377211855196601,7.2846891454724,7.345877647399902,210245108
2005-08-05,7.340203292217369,7.365122335315875,7.187476964530728,7.213136672973633,238478538
2005-08-08,7.243978149827036,7.2945568976875474,7.167244658895841,7.185996055603027,179943955
2005-08-09,7.203514033219446,7.221279135645693,7.1183923198630845,7.193891525268555,232038489
2005-08-10,7.187230456757766,7.212644065927169,7.028831036352714,7.048569202423096,276191367
2005-08-11,7.053749192227021,7.070773629925683,6.923722752438013,7.008350849151611,301722708
2005-08-12,6.991326813562685,7.160089374475108,6.948888773191613,7.1482462882995605,264423423
2005-08-15,7.150220620024349,7.223499251560372,7.001442778046269,7.007117748260498,328213631
2005-08-16,7.0288311777377555,7.1006289590173175,6.990833813816696,7.0478291511535645,285433881
2005-08-17,7.044374016887245,7.070527344499392,7.00711779467139,7.034257888793945,155914222
2005-08-18,6.807513509186009,6.920762558898653,6.785061147013156,6.908178806304932,476692087
2005-08-19,6.932852649336236,6.944202117891268,6.8990508172169696,6.908425807952881,222547046
2005-08-22,6.939020472126733,6.9446954427310565,6.744351125072246,6.760634899139404,273541472
2005-08-23,6.813681654901228,6.902010711929746,6.763348064894128,6.898062229156494,233740846
2005-08-24,6.848470899904321,7.025622650186806,6.8208371862223895,6.971835136413574,345012362
2005-08-25,6.971341419601013,7.007117253104662,6.907685301156045,6.972328186035156,175720183
2005-08-26,6.99428702163816,7.032284379127674,6.974055711469516,6.9967546463012695,150775031
2005-08-29,6.963692895164159,7.13344270127478,6.963692895164159,7.1169114112854,237005036
2005-08-30,7.090758422499143,7.143065076001259,7.053502201509936,7.087798595428467,192398464
2005-08-31,7.11148505286637,7.118146790116911,7.016000152275284,7.056464195251465,202114747
2005-09-01,7.054243864135706,7.093473148636966,7.031790555733643,7.0626325607299805,110095123
2005-09-02,7.069046862477679,7.154908768145579,7.0673194307694995,7.1169114112854,137894934
2005-09-06,7.130482541344913,7.14010552241631,7.076201880444778,7.083850383758545,169123549
2005-09-07,7.053749569800125,7.290856480823974,7.038699136599322,7.275312900543213,301104399
2005-09-08,7.274326064952371,7.384120254213772,7.238056609127722,7.288143157958984,265523531
2005-09-09,7.334773577280813,7.379678298059305,7.317008947778187,7.37943172454834,176278267
2005-09-12,7.4450634952396015,7.68365032949324,7.426558669916915,7.642199993133545,417017246
2005-09-13,7.62394258268668,7.785056204295224,7.554117862544264,7.690066337585449,413540262
2005-09-14,7.617279906815322,7.72954172506519,7.40928708993804,7.4759039878845215,452722579
2005-09-15,7.390042440687467,7.568427534928223,7.3503185926049595,7.46652889251709,620966845
2005-09-16,7.501070909909959,7.512913998533242,7.398677696975546,7.406819820404053,304328438
2005-09-19,7.4265581826059845,7.5499224170274015,7.419402826496354,7.495395183563232,231339881
2005-09-20,7.5536229966384685,7.680688661764724,7.530924061798404,7.597047805786133,375441994
2005-09-21,7.609385204298292,7.741386138955802,7.548936893313344,7.695493698120117,406305245
2005-09-22,7.685623779755024,7.876098515065778,7.6528087180246365,7.682415962219238,522206047
2005-09-23,7.722633176324881,7.826505337353627,7.712517049373,7.780860424041748,340623975
2005-09-26,7.883008352381373,7.918783245830193,7.711778137549367,7.754215240478516,397259466
2005-09-27,7.770745765928704,7.856114065568407,7.732009627177479,7.745826721191406,275954483
2005-09-28,7.75273437782024,7.774445601364001,7.540052907929707,7.549921989440918,321095049
2005-09-29,7.566700867514314,7.666378928571787,7.5518970080055405,7.6392388343811035,225393676
2005-09-30,7.752735034992433,7.833661226826358,7.705116110401442,7.808001518249512,367424053
2005-10-03,7.738178690797778,7.898059450328625,7.717452812327204,7.862776756286621,367785402
2005-10-04,7.894111494473925,7.926926089260088,7.666872704731875,7.673287868499756,367143003
2005-10-05,7.714983757983977,7.769511461881727,7.599268030834391,7.666131496429443,334384676
2005-10-06,7.7507599722445475,7.759148667988888,7.650834399152555,7.716464996337891,320950509
2005-10-07,7.766797940326494,7.813183525945927,7.661938052225211,7.722386360168457,271827070
2005-10-10,7.730282471161933,7.767538692993225,7.6276426947936224,7.664651870727539,223723439
2005-10-11,7.663665145229337,7.713997794819466,7.521795140907166,7.552390098571777,342984790
2005-10-12,7.530185668821758,7.579284511791062,7.377212279569184,7.425818920135498,373643277
2005-10-13,7.4512301419307105,7.4512301419307105,7.171932711692269,7.338722229003906,424292413
2005-10-14,7.399417527236745,7.407560594992292,7.217825557489758,7.306647300720215,342041267
2005-10-17,7.340203129433045,7.530184730784507,7.267664218874613,7.525249481201172,303802474
2005-10-18,7.5242627384336,7.598281562792158,7.469488458859578,7.482812404632568,284173173
2005-10-19,7.5005767058123896,7.645407002753244,7.499588994627739,7.616539478302002,281479113
2005-10-20,7.648368978767403,7.676495842349646,7.431739933056393,7.480838775634766,558553779
2005-10-21,8.531905398050167,8.547450867579965,8.216091933778799,8.386335372924805,919128253
2005-10-24,8.471950375624475,8.618262013162141,8.442836748022337,8.60222339630127,378682093
2005-10-25,8.531412034530447,8.571382454077677,8.459367216768936,8.559292793273926,276163262
2005-10-26,8.543749433756037,8.783570067767048,8.541528382471983,8.769752502441406,357635500
2005-10-27,8.798373738043963,8.810463398899284,8.676982092975308,8.711031913757324,206145800
2005-10-28,8.765558846994368,8.856355536689305,8.759390729679463,8.83711051940918,237025111
2005-10-31,8.888183622291944,9.246188568381179,8.870173361619072,9.181791305541992,575866428
2005-11-01,9.174884531986411,9.471947113494297,9.104566661762572,9.36042594909668,656696267
2005-11-02,9.417665491807252,9.49908577354046,9.305896826030635,9.367826461791992,424200069
2005-11-03,9.43518394922941,9.538069359024917,9.409769868985997,9.5225248336792,299052737
2005-11-04,9.621957088180368,9.666615240836254,9.510189364496505,9.633060455322266,354319116
2005-11-07,9.74828323264023,9.806758007251121,9.675497745126957,9.74655532836914,385098052
2005-11-08,9.727311195450438,9.760373782261539,9.58741612287314,9.619983673095703,317084071
2005-11-09,9.540291089659679,9.580261514460862,9.32711643544634,9.35474967956543,420245300
2005-11-10,9.33525742569853,9.655758600217322,9.312310972674128,9.649589538574219,366516664
2005-11-11,9.748774880930553,9.792692362341562,9.594075040146375,9.632318496704102,283615089
2005-11-14,9.674758385828989,9.82526463098874,9.660201097415896,9.794422149658203,313486637
2005-11-15,9.730518177411037,9.795161066753117,9.64588960558402,9.691534996032715,346289130
2005-11-16,9.775421946025658,9.840805494300671,9.723855016882869,9.82353401184082,349111670
2005-11-17,9.913589790862023,9.963183186013083,9.857581705681898,9.954299926757812,369869183
2005-11-18,9.955288171165076,9.980207213284203,9.865479667507705,9.874361038208008,282077347
2005-11-21,9.848702422131188,10.11541754328418,9.708559837468123,10.100119590759277,414953540
2005-11-22,10.082599907945838,10.296268614511717,10.022892272434188,10.275543212890625,385278727
2005-11-23,10.289608145806406,10.4790966193713,10.25852003811801,10.433204650878906,404912042
2005-11-25,10.505250849134775,10.578530442049239,10.493408703671074,10.575322151184082,194329675
2005-11-28,10.604926491694094,10.639961659172743,10.422839982867494,10.448500633239746,441986487
2005-11-29,10.472680745931408,10.520546246537778,9.92198091540472,9.956522941589355,863054861
2005-11-30,9.974288244746111,10.077667756697025,9.759633198245991,9.990324974060059,626202395
2005-12-01,10.09617163368643,10.25012988177084,10.073719271083347,10.216821670532227,391257051
2005-12-02,10.287138215587811,10.351041376284392,10.211146340124172,10.305890083312988,302870996
2005-12-05,10.28862072278196,10.300957903048767,9.97478076880432,10.013517379760742,413118688
2005-12-06,10.083833316630345,10.274062415817953,9.91112321791123,9.981194496154785,607279734
2005-12-07,10.02116452980572,10.034488002491067,9.844752984393175,9.973299980163574,468385066
2005-12-08,9.999946585938225,10.131946563720703,9.934316457351317,10.131946563720703,357735875
2005-12-09,10.239273774929595,10.258518791636389,10.080379336515561,10.096171379089355,306881974
2005-12-12,10.23014449895675,10.244455210362435,10.11467534781074,10.180304527282715,279046027
2005-12-13,10.1775920698567,10.313293486400031,10.156373519334474,10.300710678100586,327775997
2005-12-14,10.289606556151158,10.355977345956415,10.251363097528067,10.3369779586792,266210095
2005-12-15,10.34068007408222,10.440111561463745,10.276283757671857,10.425554275512695,242738446
2005-12-16,10.494393968848849,10.671052120557784,10.430490791752815,10.613070487976074,655668429
2005-12-19,10.663648268182495,11.009316949822594,10.365351934119861,10.476134300231934,880760980
2005-12-20,10.556570689895205,10.663650698669532,10.47786270303195,10.602954864501953,404899997
2005-12-21,10.696955436329267,10.77862322430004,10.380154782198746,10.518816947937012,450558497
2005-12-22,10.653040082655103,10.67993360443928,10.508950437011991,10.659701347351074,302995460
2005-12-23,10.662417462123576,10.671053206206599,10.579270201623084,10.632316589355469,184492943
2005-12-27,10.65526084167531,10.65526084167531,10.43073813520742,10.47712230682373,269116950
2005-12-28,10.469718801306895,10.554593943579365,10.39372691904698,10.527700424194336,285783185
2005-12-29,10.559528630923413,10.578032982744226,10.342160361507807,10.366339683532715,278873383
2005-12-30,10.295281840398124,10.318474869819807,10.208187527470017,10.235820770263672,304621533
2006-01-03,10.424814734082828,10.74926394653469,10.318721980471214,10.738409042358398,526815259
2006-01-04,10.952322349226101,11.07716791695432,10.849930089164902,10.985383987426758,613747887
2006-01-05,11.00413518024055,11.141070400756817,10.89310624006811,11.133421897888184,433952486
2006-01-06,11.272328374918883,11.608621556243211,11.182765512790185,11.489204406738281,712938289
2006-01-09,11.507710525250735,11.680174068043861,11.372748832840047,11.519800186157227,513593887
2006-01-10,11.458612000440933,11.602454116913819,11.399889711459588,11.590364456176758,365247927
2006-01-11,11.627620904025301,11.722365603536671,11.576054914740151,11.636503219604492,361646478
2006-01-12,11.688067877250683,11.71940349646787,11.386565163155286,11.439118385314941,406530084
2006-01-13,11.455895808943053,11.519552396859487,11.3892793942217,11.503762245178223,307411953
2006-01-17,11.425056863005066,11.593820878406177,11.411980906393557,11.524982452392578,332051965
2006-01-18,11.036211335366765,11.284421143139172,10.936285754212955,10.977242469787598,822499417
2006-01-19,11.131693754078414,11.188935654687926,10.683387197863215,10.768508911132812,583671575
2006-01-20,10.824022581718118,10.856836697938336,9.739399555912321,9.855855941772461,1650832619
2006-01-23,10.051267871913764,10.569645794480625,10.010557727083734,10.547686576843262,913065614
2006-01-24,10.75814658601114,10.978229066261385,10.719904067797506,10.93085765838623,620902605
2006-01-25,11.133916381124902,11.207195018069859,10.590124389084409,10.683388710021973,752401655
2006-01-26,10.844747158966308,10.855850524896951,10.450473276193714,10.714720726013184,518982008
2006-01-27,10.732733710579383,10.812180465698303,10.584202902724554,10.695477485656738,339355237
2006-01-30,10.590370606964322,10.690296189392622,10.48600481127152,10.530909538269043,344843732
2006-01-31,10.62343228720318,10.846228943700192,10.460590786118793,10.674997329711914,885948351
2006-02-01,9.598519593907971,9.918527686398743,9.561263366590525,9.91309928894043,1088966472
2006-02-02,9.963432861770624,10.029556149592342,9.769996359389664,9.771476745605469,474078326
2006-02-03,9.711767519394286,9.718676302861697,9.192401399120747,9.413965225219727,734012987
2006-02-06,9.506734413947788,9.619982522568158,9.364864880341491,9.501553535461426,358956433
2006-02-07,9.449493568518664,9.467010681951217,8.96491609705675,9.077672004699707,667701363
2006-02-08,9.091486960222246,9.146014657768378,8.750753564292634,9.106290817260742,835283155
2006-02-09,9.158599968093908,9.237552634252264,8.786285223590056,8.85191535949707,478282024
2006-02-10,8.930374833795995,8.993290764078584,8.713005618201747,8.94665813446045,611222457
2006-02-13,8.552631044971626,8.650335564719773,8.435433991251042,8.529438018798828,791668286
2006-02-14,8.520308928049815,8.677228877087238,8.448017542565726,8.47071647644043,588357072
2006-02-15,8.42013741289306,8.536840380771672,8.33526226951057,8.447525024414062,519821141
2006-02-16,8.528697572757313,9.05497043764069,8.49958300575967,9.041647911071777,855815829
2006-02-17,9.125538832810234,9.181792563332388,8.971579613698571,9.098152160644531,574955025
2006-02-21,9.041155579252944,9.21633330984628,9.008340517411035,9.044856071472168,348742290
2006-02-22,9.058675037292593,9.103086623783065,8.977501313701422,9.017718315124512,260018976
2006-02-23,9.020677812558214,9.406316005594435,9.015250360349636,9.328103065490723,503945859
2006-02-24,9.309103487647441,9.377446864474841,9.215099460003282,9.311570167541504,260344190
2006-02-27,9.407056188576542,9.664394903461954,9.382629345895593,9.631827354431152,410019113
2006-02-28,9.701404133255819,9.808485073463986,8.35204031035419,8.946905136108398,1583416872
2006-03-01,9.09346258690215,9.115421801738858,8.914335894097821,9.000692367553711,484256334
2006-03-02,8.987861847470388,9.402861145574409,8.936541489450663,9.288131713867188,735960259
2006-03-03,9.481812766983854,9.554351666182656,9.271105795612524,9.330815315246582,480273461
2006-03-06,9.398173271303218,9.459607866425431,9.058426138934188,9.082112312316895,358928328
2006-03-07,9.00612003160287,9.090748602908816,8.836616315457707,8.992055892944336,416708092
2006-03-08,8.732497926889513,8.883003213812735,8.648856586506568,8.731264114379883,471585016
2006-03-09,8.768521260789274,8.84599449148945,8.425814212252167,8.462823867797852,558501584
2006-03-10,8.475160361283045,8.499833780635829,8.180318810084632,8.32712173461914,775921484
2006-03-13,8.411748574486616,8.539307395729612,8.276541249912436,8.316264152526855,547741403
2006-03-14,8.318237845010048,8.69400643527596,8.206715761573752,8.664152145385742,740794310
2006-03-15,8.654531097782062,8.692282361679037,8.401880102843128,8.499833106994629,512666424
2006-03-16,8.601238048040372,8.604691967442612,8.336990540337426,8.3584566116333,402169802
2006-03-17,8.359195319942426,8.432721470566449,8.263710898272581,8.383621215820312,343350155
2006-03-20,8.446537507613433,8.63775387739228,8.426799342291654,8.590874671936035,417864410
2006-03-21,8.635780851477742,8.676491001434643,8.366105866894822,8.38683032989502,394717975
2006-03-22,8.38263432037994,8.48996182198315,8.327119378723975,8.394229888916016,304978867
2006-03-23,8.446783336745534,8.53067218524088,8.393736963072849,8.435434341430664,298502683
2006-03-24,9.094942068249104,9.131211995100577,8.944190224960318,9.025364875793457,609500025
2006-03-27,9.057191022879186,9.171180715875227,9.005625044271682,9.12134075164795,282001062
2006-03-28,9.171181970650721,9.32292010071296,9.157858498217914,9.306635856628418,359173242
2006-03-29,9.374241304425452,9.844508105715162,9.363632028100154,9.745323181152344,763952790
2006-03-30,9.602464884229427,9.708805149052667,9.464789942484513,9.58396053314209,590673723
2006-03-31,9.591364616574388,9.668590328270472,9.475153826843826,9.622451782226562,1466331647
2006-04-03,9.610853815560375,9.683391776972021,9.571376544930429,9.615047454833984,326125835
2006-04-04,9.619982217437224,9.99007680549329,9.576558823711132,9.9762601852417,630984252
2006-04-05,10.071497482654449,10.22866400937261,9.938756849759988,10.066316604614258,538430634
2006-04-06,10.02930761488624,10.211887286165537,10.003154760005174,10.145023345947266,345229172
2006-04-07,10.175372594012389,10.186229389219685,9.968366990511058,10.021166801452637,282089392
2006-04-10,10.043865124830717,10.292814650092819,9.998712880706561,10.273323059082031,374201361
2006-04-11,10.274308644545142,10.34043096554616,10.022644016676695,10.107519149780273,445953300
2006-04-12,10.091234918485592,10.148723388177329,9.997230897447555,10.090001106262207,241582128
2006-04-13,10.082108079757512,10.109987895932523,9.88151719063172,9.922473907470703,263098475
2006-04-17,9.954300700813642,10.177591448930896,9.889904387832471,10.03744888305664,331618345
2006-04-18,10.064836304202828,10.111715508510507,9.906189375417524,9.973793983459473,326724069
2006-04-19,10.179319151251871,10.20571952531439,10.035228564299313,10.128246307373047,272284779
2006-04-20,10.140828832758626,10.263946482844275,10.071497273727573,10.239273071289062,492699864
2006-04-21,11.075685934183998,11.120590657421852,10.761600389769633,10.7845458984375,905433112
2006-04-24,10.84129386811822,10.972060029185204,10.770235345170791,10.86843490600586,354780840
2006-04-25,10.846967927501757,10.881756520744311,10.510675673554163,10.53929615020752,384194678
2006-04-26,10.553608190797236,10.610355059513966,10.449734600268773,10.509936332702637,292203159
2006-04-27,10.434437056003253,10.533128818234172,10.347587436091983,10.36337947845459,334766100
2006-04-28,10.328837321091951,10.504015071074996,10.271349785489164,10.311813354492188,297964674
2006-05-01,10.324888651800363,10.348822344493842,9.833404311117672,9.842039108276367,416001453
2006-05-02,9.895827398948196,9.930615996367992,9.582973761528434,9.740880966186523,526136725
2006-05-03,9.779122164060446,9.906187820210937,9.644161432159402,9.725336074829102,324098263
2006-05-04,9.746555703740897,9.841300411347707,9.67697850381841,9.73964786529541,186777474
2006-05-05,9.809963551845312,9.885956370951739,9.666367080997357,9.728543281555176,243509324
2006-05-08,9.748529566998446,9.798122024396498,9.623683999025866,9.740387916564941,205511431
2006-05-09,9.763087343464111,10.091237062479019,9.71497432488628,10.086302757263184,366994449
2006-05-10,10.074212936114051,10.158100847088022,9.91507191197572,9.942705154418945,248415646
2006-05-11,9.95356015642805,9.985388922361418,9.498591419129705,9.548430442810059,357045296
2006-05-12,9.463063356442253,9.495878420534654,9.21658051544718,9.230891227722168,405016432
2006-05-15,9.275302075622939,9.379421285180962,9.08581363565687,9.281962394714355,344891912
2006-05-16,9.276781781182729,9.298247848517414,9.126276515222164,9.161066055297852,260617209
2006-05-17,9.144041280528889,9.371773188099379,9.134419244659192,9.240018844604492,427347823
2006-05-18,9.345622178976093,9.420381208410868,9.146510710907116,9.153419494628906,234274840
2006-05-19,9.209917200835468,9.240018062980438,8.896324828090464,9.129483222961426,457636930
2006-05-22,9.075944559563402,9.20374994893342,9.011794818987036,9.152430534362793,345466056
2006-05-23,9.23286410285641,9.47145090538364,9.216826432255006,9.2666654586792,360666820
2006-05-24,9.310337713209005,9.460595464218072,9.168714759301603,9.406561851501465,383584400
2006-05-25,9.353022692648272,9.449739981740409,9.185986598572596,9.449493408203125,329012615
2006-05-26,9.487982602383184,9.52079766391135,9.376460518945281,9.409029006958008,147229793
2006-05-30,9.333282847508379,9.400393357036528,9.164766380771422,9.17685604095459,173287097
2006-05-31,9.222747612635319,9.332541788448628,9.049543422189252,9.173894882202148,320448635
2006-06-01,9.216334349299961,9.449493727191358,9.168468850212658,9.440364837646484,252061259
2006-06-02,9.544483820046855,9.550406308623698,9.312805778706139,9.36190414428711,256413512
2006-06-05,9.281470901054728,9.41149735795168,9.231385292565191,9.238540649414062,223173385
2006-06-06,9.291339918631905,9.622450400449246,9.284431135742206,9.622203826904297,411930250
2006-06-07,9.70239148533768,9.742360963494534,9.536096047298532,9.53634262084961,357788070
2006-06-08,9.566936493364839,9.727804476708055,9.340932470277876,9.703871726989746,415933198
2006-06-09,9.676483946974342,9.756423837645151,9.507720905862488,9.537821769714355,247223193
2006-06-12,9.581493079203126,9.634539453434584,9.400393796775711,9.413717269897461,201516513
2006-06-13,9.397926486137273,9.548430801573565,9.329334647443831,9.536587715148926,307512327
2006-06-14,9.618255555259411,9.649589286065327,9.33920424709197,9.484034538269043,312045255
2006-06-15,9.539056109176254,9.677964867631605,9.449739806761293,9.647123336791992,272445379
2006-06-16,9.600246490178492,9.645397795088078,9.573106392518946,9.63972282409668,212979318
2006-06-19,9.643423968284592,9.740881932268842,9.547939537518289,9.576560020446777,306468429
2006-06-20,9.573844196029837,9.668587945296512,9.536341402899728,9.552624702453613,162201701
2006-06-21,9.64860498843533,9.967873353057994,9.61628306743318,9.921734809875488,351087046
2006-06-22,9.908163618834521,10.017217142312939,9.573105137417413,9.86794662475586,237362370
2006-06-23,9.937277410526509,10.109740959002506,9.887437434610343,9.989090919494629,213388847
2006-06-26,10.035721814823695,10.073965273504514,9.9493662882533,9.973299980163574,142580431
2006-06-27,10.010062514082986,10.06656470240287,9.894100199514686,9.926422119140625,164899777
2006-06-28,9.968118278746049,10.029060673020796,9.897059756891872,10.019930839538574,148976315
2006-06-29,10.066318808835208,10.31822913907606,10.012777389005882,10.30860710144043,267326263
2006-06-30,10.254077934525212,10.346108436584473,10.173397372944725,10.346108436584473,251258261
2006-07-03,10.363625858049888,10.455655409732355,10.349068573040801,10.4415922164917,86591354
2006-07-05,10.400142962294712,10.431725164551443,10.2550660586287,10.398663520812988,200171490
2006-07-06,10.446033899834234,10.495378837783862,10.411491876433784,10.441346168518066,148036806
2006-07-07,10.511909216352903,10.557307082332272,10.260985251782826,10.373740196228027,242581861
2006-07-10,10.447512582925144,10.491677584012892,10.27332209263527,10.31822681427002,178121149
2006-07-11,10.32587579087276,10.487236907945979,10.190668472730785,10.475147247314453,239747276
2006-07-12,10.414204568823305,10.430242239628397,10.281958026058216,10.294787406921387,197003661
2006-07-13,10.214599688276607,10.321679658483296,10.037694073551444,10.087039947509766,278018189
2006-07-14,10.124051422165465,10.152671901981517,9.83488396268449,9.955535888671875,303216285
2006-07-17,9.983415463580465,10.140582942351758,9.96096310157402,10.063849449157715,233347377
2006-07-18,10.109741411849066,10.129973669261144,9.813419520384054,9.944433212280273,342751921
2006-07-19,9.746062966556307,9.89730797949487,9.73742722340996,9.844508171081543,342017177
2006-07-20,9.9747820961676,9.9787301077455,9.515372045388679,9.55139446258545,503427925
2006-07-21,9.527212932445185,9.665629500988636,9.318726961640538,9.625164985656738,471946365
2006-07-24,9.692027574801855,9.718427946548175,9.405575275000633,9.644655227661133,324656348
2006-07-25,9.49957895440541,9.654771959937081,9.469478088516006,9.606659889221191,231307761
2006-07-26,9.578038565081883,9.669574967087353,9.44973909133013,9.511421203613281,222105397
2006-07-27,9.557559112092175,9.560519883519339,9.32514044451195,9.434934616088867,226489769
2006-07-28,9.425065710321903,9.611593378316254,9.41840444651637,9.576065063476562,163956253
2006-07-31,9.573105745409528,9.601972800826811,9.457389060735599,9.538562774658203,184500973
2006-08-01,9.501799138696539,9.518083382560508,9.264938354492188,9.264938354492188,219347097
2006-08-02,9.267159444493526,9.305896997795884,9.010561415276703,9.060647964477539,284976172
2006-08-03,9.005133558209778,9.32415435706148,8.965163139007865,9.261978149414062,254028606
2006-08-04,9.36486414090213,9.392497380099904,9.17216835289632,9.223981857299805,204571922
2006-08-07,9.166000889937214,9.369059393310309,9.157365147799522,9.325141906738281,158467758
2006-08-08,9.445298208669765,9.486749012567174,9.353268656958983,9.40039348602295,230589077
2006-08-09,9.444805190430584,9.491191248929415,9.28591168373164,9.300222396850586,173086347
2006-08-10,9.224722310317604,9.318233199187818,9.189687139137472,9.23261833190918,171114986
2006-08-11,9.237550948626676,9.259263589166611,9.079644700397669,9.091980934143066,151224711
2006-08-14,9.166000121403663,9.255562991246713,9.09617541427309,9.1149263381958,199476896
2006-08-15,9.230400051814142,9.416926829934264,9.193142877235925,9.39965534210205,268932260
2006-08-16,9.461582187088386,9.584206691232742,9.428027405170194,9.566195487976074,235005569
2006-08-17,9.533379953865404,9.622448726948775,9.47243756508664,9.51882266998291,203969673
2006-08-18,9.53140842240304,9.550653441043785,9.394226611653178,9.458622932434082,198830482
2006-08-21,9.32884212955612,9.35104791809988,9.257784550942254,9.309103965759277,161535213
2006-08-22,9.319713805003493,9.357463175450874,9.248408703815825,9.33353042602539,167188323
2006-08-23,9.31749187063166,9.333036394443583,9.194620789619222,9.213619232177734,146238089
2006-08-24,9.23854066534641,9.286899314278502,9.184752674470646,9.221022605895996,139822131
2006-08-25,9.20498381482093,9.260252185069941,9.190674047562343,9.20942497253418,99037832
2006-08-28,9.267405093893442,9.39915943145752,9.252354662225306,9.39915943145752,167184308
2006-08-29,9.394965714147334,9.43296260182104,9.306636648835832,9.349814414978027,179068687
2006-08-30,9.356230136035682,9.490452125360342,9.338959594512936,9.394227027893066,162382376
2006-08-31,9.412483849171942,9.428768094776101,9.33131013941698,9.339451789855957,118839777
2006-09-01,9.40014871967193,9.407303132067396,9.30639124583552,9.341179847717285,107316747
2006-09-05,9.372514013665858,9.508956104418683,9.3125597954671,9.483296394348145,163582859
2006-09-06,9.427535746020771,9.454429271088015,9.367333059228695,9.37917709350586,149522354
2006-09-07,9.360671480536498,9.418898736701468,9.31157122443334,9.338465690612793,154256030
2006-09-08,9.294793039623864,9.395212705178972,9.294793039623864,9.322673797607422,123798294
2006-09-11,9.332790951680481,9.49143788589008,9.320701289876503,9.47663402557373,181847062
2006-09-12,9.499085260892198,9.689806573307703,9.496124489180733,9.669328689575195,218503948
2006-09-13,9.749515006938957,10.03596824859593,9.748282139349632,10.031280517578125,392192544
2006-09-14,9.975272739106087,10.024125473122034,9.916797969237953,9.967377662658691,215448538
2006-09-15,10.053734879892241,10.117143965102947,10.035477099222355,10.112950325012207,314703180
2006-09-18,10.115908881789737,10.330316360372805,10.102831038342552,10.231624603271484,285333506
2006-09-19,10.2506239109604,10.251363631561714,9.690053625186719,9.963184356689453,573858932
2006-09-20,10.044358291260709,10.051513647532525,9.736439900569055,9.795161247253418,367283528
2006-09-21,9.876582193906504,10.077666216051623,9.865726345401368,10.038189888000488,429287065
2006-09-22,9.992051069312529,10.05299346385009,9.902734769561025,9.962443351745605,186681114
2006-09-25,10.00685493434797,10.10233840647173,9.930862107454105,9.967377662658691,230352192
2006-09-26,10.00488158578394,10.058669575285089,9.912851077357587,10.038683891296387,212369039
2006-09-27,10.024619827159066,10.146011483875117,9.92765501275511,9.9412260055542,235949093
2006-09-28,9.969846220798955,10.041397896754077,9.88250344574444,9.95750904083252,205061752
2006-09-29,9.995753767982473,10.0078434300605,9.903969831940525,9.916059494018555,132932403
2006-10-02,9.916058802922224,10.017217250691829,9.888918708527301,9.904708862304688,146623529
2006-10-03,9.901007534931429,10.028566345722568,9.824520618434324,9.968857765197754,219407321
2006-10-04,9.991805387631404,10.25827298006567,9.944433035295985,10.256546020507812,267470802
2006-10-05,10.2318733535166,10.319216134521,10.137129586644907,10.160569190979004,232460064
2006-10-06,10.121337943054547,10.409764757701025,10.109741428292818,10.37497615814209,294559960
2006-10-09,10.481068794887388,10.657480344435946,10.44701991944877,10.584694862365723,304468963
2006-10-10,10.647857506463044,10.803050508595911,10.421606925449755,10.526714324951172,393011603
2006-10-11,10.486497558216275,10.607147595271302,10.455408508741243,10.5230131149292,226260915
2006-10-12,10.573840672416074,10.601474861579938,10.46133227196092,10.546207427978516,194486260
2006-10-13,10.554101252743376,10.597032445150086,10.499820119849149,10.54275131225586,145443121
2006-10-16,10.552618935008555,10.58962857685995,10.395698998284669,10.405815124511719,173423607
2006-10-17,10.370040253188714,10.455161972705133,10.281218041171064,10.378430366516113,209221284
2006-10-18,10.436412094787588,10.479836438645771,10.300958184246037,10.345616340637207,241594173
2006-10-19,10.368314372775487,10.59703258726511,10.352030127161454,10.512157440185547,461864718
2006-10-20,11.324638020154332,11.352025635110488,11.191405161857098,11.341416358947754,467662368
2006-10-23,11.405810688246833,11.957498666358635,11.358686800835246,11.862260818481445,606444615
2006-10-24,11.751232349340707,11.79021552956512,11.631075463357712,11.677953720092773,347706422
2006-10-25,11.78108631857426,12.052735726863862,11.722365916333036,12.005857467651367,368877480
2006-10-26,12.032505795060226,12.138105413350955,11.946644343716018,11.968850135803223,282322262
2006-10-27,11.939238602738588,11.97230023438616,11.657719697301953,11.724583625793457,265150137
2006-10-30,11.71520979284,11.854365120121544,11.596533294247985,11.758386611938477,263508004
2006-10-31,11.795150547183933,11.896309940949875,11.691030381456782,11.753947257995605,252358369
2006-11-01,11.812421589994905,11.821550479079445,11.479336646271026,11.5346040725708,217865564
2006-11-02,11.534606504144396,11.688318209786019,11.506973257532323,11.59406852722168,210253137
2006-11-03,11.6513067539952,11.688809548263922,11.474402057398747,11.640697479248047,197043811
2006-11-06,11.689303630512608,11.834627076276176,11.653774369215583,11.767763137817383,200408375
2006-11-07,11.767763810206556,11.818837598602375,11.63995746953585,11.659696578979492,196618221
2006-11-08,11.604920842480515,11.885945678912769,11.561743081168169,11.719650268554688,319794191
2006-11-09,11.756661102026229,11.83043288056412,11.64217823788577,11.661176681518555,195899538
2006-11-10,11.689551008010598,11.712743092023798,11.603442047093608,11.683876037597656,112287309
2006-11-13,11.71718230204018,11.87188213982923,11.698430434385784,11.868427276611328,174326980
2006-11-14,11.860288963793343,12.088513116480204,11.85535371344403,12.072476387023926,290019003
2006-11-15,12.174372123846647,12.332772454084127,12.137362480163574,12.137362480163574,336083018
2006-11-16,12.213109535196278,12.279232806469517,12.152906862578162,12.235315322875977,204467533
2006-11-17,12.169932894103848,12.328086675886512,12.163763831907879,12.306621551513672,221266263
2006-11-20,12.296998118331913,12.296998118331913,12.1551285875629,12.214344024658203,205748315
2006-11-21,12.251106777653826,12.583204499892169,12.233588719167829,12.574569702148438,338363534
2006-11-22,12.607136398047107,12.65722199672989,12.47908349942296,12.534104347229004,180702789
2006-11-24,12.44750263345228,12.521521925315856,12.435165454990933,12.4598388671875,69567783
2006-11-27,12.370277762484005,12.380393891270648,11.960213661193848,11.960213661193848,294086191
2006-11-28,11.870896370947136,12.086292050872862,11.769736980886314,12.077408790588379,313073093
2006-11-29,12.194359791982937,12.206696026979921,11.89853011251551,11.957745552062988,253558852
2006-11-30,11.94639485159232,12.099613362472626,11.881257877383092,11.961691856384277,223936234
2006-12-01,11.990560205831168,12.050022216881601,11.80600605539307,11.862753868103027,226100315
2006-12-04,11.917034465538883,12.026335501771724,11.82697844563417,11.962678909301758,196730641
2006-12-05,12.025595653147246,12.07592877619285,11.96366790531958,12.015727043151855,164735162
2006-12-06,12.014740778356439,12.148961820875874,11.954539040434591,12.057918548583984,178679233
2006-12-07,12.095419982664817,12.13415659024389,11.902724183628074,11.90815258026123,187271318
2006-12-08,11.890882249840963,12.055204158714481,11.843016748535968,11.944422721862793,159591956
2006-12-11,11.96440639160254,12.06260405797476,11.936772208068739,11.939979553222656,131025281
2006-12-12,11.938007123514335,11.999935815401749,11.84992463149556,11.886934280395508,167866857
2006-12-13,11.958732830276249,11.978718513552334,11.769490941372187,11.818096160888672,187182988
2006-12-14,11.849185205089013,11.935539795031426,11.775412478995683,11.895322799682617,190668002
2006-12-15,11.908152186304896,11.944421167900618,11.839068141915098,11.850417137145996,208410256
2006-12-18,11.904945525717695,11.9106195512964,11.367321682510276,11.418642044067383,321865927
2006-12-19,11.391995663131967,11.579263079420677,11.312547964365846,11.562484741210938,264467588
2006-12-20,11.596287897292283,11.633296603131626,11.407046004672125,11.421109199523926,175366863
2006-12-21,11.4526906468052,11.479091022109552,11.160562393034866,11.255800247192383,279174507
2006-12-22,11.287873749596928,11.316001079908752,11.170183550392087,11.240501403808594,160129965
2006-12-26,11.263695239766593,11.336480723003044,11.216076317040185,11.288615226745605,83282999
2006-12-27,11.34955665229869,11.548914658227753,11.327350863663558,11.547679901123047,169894428
2006-12-28,11.525228116559502,11.561251471968186,11.405071223103668,11.4127197265625,125115211
2006-12-29,11.401371026833294,11.45984580232637,11.34610359693281,11.361400604248047,102751700
2007-01-03,11.49759543091224,11.760609112107657,11.376945384534032,11.536826133728027,309415434
2007-01-04,11.571613649501906,11.940473481968668,11.555575977956254,11.923449516296387,316686586
2007-01-05,11.904699566349692,12.028063809830089,11.796384812068746,12.020415306091309,275914333
2007-01-08,12.032749999437842,12.086537981720463,11.897296111465595,11.931344985961914,190888826
2007-01-09,11.977483046853001,12.046568037368434,11.872623165793192,11.978717803955078,216062832
2007-01-10,11.952316845059526,12.17733456477501,11.893348925312102,12.076422691345215,239634856
2007-01-11,12.267390744867313,12.379653504972822,12.24222512812008,12.329566955566406,289408724
2007-01-12,12.3855730018054,12.4598388671875,12.336474640383038,12.4598388671875,179618741
2007-01-16,12.52275629481471,12.65722390388903,12.417896406036798,12.442075729370117,303890804
2007-01-17,12.420115252206365,12.528183420320659,12.197812688448673,12.269364356994629,268968395
2007-01-18,12.201267891333972,12.249628431379227,12.026337643287873,12.03620719909668,238169384
2007-01-19,12.039907192932182,12.108498099435076,12.009313177227956,12.083578109741211,199878396
2007-01-22,12.151428976769495,12.155129469493355,11.80600682828593,11.86374282836914,216982266
2007-01-23,11.862507465191834,11.960212938497179,11.77615287720841,11.81957721710205,187319498
2007-01-24,11.952809901543787,12.325124573973477,11.924189423892905,12.313528060913086,243280470
2007-01-25,12.361148329432364,12.447503863565167,11.982665498903064,12.042620658874512,255694828
2007-01-26,12.112692040692481,12.284662444930726,12.01646789574389,12.23383617401123,220684089
2007-01-29,12.28713025856707,12.305634611425656,12.102082951076234,12.150688171386719,191744020
2007-01-30,12.188435956959294,12.28712866021217,12.119846006694917,12.196331977844238,167846782
2007-01-31,12.249872854354615,12.459839185642833,12.225692588577084,12.373483657836914,490074058
2007-02-01,12.48451393501807,12.484760508569295,11.88076584104212,11.886195182800293,628695706
2007-02-02,11.907411576441154,11.966380438225512,11.78898165054639,11.880024909973145,252402534
2007-02-05,11.78133318349572,11.793670362373751,11.502281860834344,11.526215553283691,289356529
2007-02-06,11.549408193539843,11.677707680149473,11.528682790117005,11.63280200958252,213673912
2007-02-07,11.690535903633965,11.703612802428465,11.566184440144328,11.596532821655273,165409681
2007-02-08,11.548175076304133,11.68881080612756,11.476623398898136,11.621700286865234,163679219
2007-02-09,11.636997564930402,11.662409755099521,11.38656670851936,11.39618968963623,195072449
2007-02-12,11.366336193909643,11.408526724425478,11.226686756599118,11.307367324829102,231042771
2007-02-13,11.328584428806687,11.418147301984009,11.281952746053689,11.327350616455078,163113105
2007-02-14,11.349557979022888,11.574822292329142,11.330312959956098,11.495868682861328,228806420
2007-02-15,11.497593816244835,11.500801161458805,11.367320806442107,11.385825157165527,162302076
2007-02-16,11.418642622313666,11.599988494631628,11.400383898052432,11.594806671142578,248006116
2007-02-20,11.558535130555947,11.664136616227438,11.465764915043613,11.648098945617676,163313855
2007-02-21,11.592339673856452,11.810447672830875,11.540526164014283,11.740870475769043,226469694
2007-02-22,11.810692847350039,11.94762806334926,11.704600104784049,11.740621566772461,230617182
2007-02-23,11.738156248606575,11.767763968443953,11.54200652177327,11.611584663391113,155886118
2007-02-26,11.66611210025903,11.725819745742802,11.44208160019208,11.471196174621582,159391206
2007-02-27,11.22619282353339,11.344622755790072,11.033002927818162,11.072480201721191,373908266
2007-02-28,11.112943425920735,11.193378364038114,10.931104405719458,11.089258193969727,322496281
2007-03-01,10.921973677162388,11.16253495145218,10.856096981732435,11.059155464172363,348710170
2007-03-02,10.982176163097384,11.070751798577234,10.823529243469238,10.823529243469238,264331078
2007-03-05,10.782572776834895,10.991800358284763,10.782079629723937,10.879538536071777,255156819
2007-03-06,11.040405322628752,11.324884123456277,11.038184271228676,11.289109230041504,302477526
2007-03-07,11.415926385497375,11.427029752066709,11.208674249766291,11.241982460021973,262343656
2007-03-08,11.330313023340901,11.485259470979221,11.203988003266726,11.219285011291504,215316044
2007-03-09,11.300209951289961,11.310079504876809,11.105293117213964,11.175857543945312,199854306
2007-03-12,11.166238010226254,11.23236128877197,11.130214654210898,11.220024108886719,139135567
2007-03-13,11.105541319151392,11.150446991538958,10.925923353232331,10.93085765838623,256048147
2007-03-14,10.935792785579668,11.069766301688103,10.831426044788714,11.053482055664062,321877972
2007-03-15,11.050026682665747,11.098387216143697,10.95330939461459,11.00882339477539,158359353
2007-03-16,10.995500361674793,11.021407588919802,10.853385195775122,10.877070426940918,227212468
2007-03-19,10.936285283253794,11.065818578389962,10.871641450088298,11.034482955932617,208687290
2007-03-20,10.998954793155374,11.043612944742097,10.944920234162455,10.986371040344238,137372985
2007-03-21,10.986862946396572,11.26492700779273,10.984642840107842,11.264433860778809,232801338
2007-03-22,11.241243022511165,11.403097291380988,11.16525019293901,11.399889945983887,228079706
2007-03-23,11.385333170345671,11.433198669365062,11.27751251077941,11.394708633422852,165068406
2007-03-26,11.363127180734438,11.472921371459961,11.241489902234772,11.472921371459961,189118214
2007-03-27,11.43714537799491,11.478596181212943,11.357944263768822,11.438872337341309,150208917
2007-03-28,11.395694216078454,11.483776697781172,11.353256175401379,11.395941734313965,184352418
2007-03-29,11.46181915956563,11.497594997086113,11.226193101638081,11.3722562789917,160137995
2007-03-30,11.401372469685404,11.433447819122955,11.254321087831556,11.304161071777344,135714793
2007-04-02,11.294289282656283,11.313286781311035,11.155133951245025,11.313286781311035,138457033
2007-04-03,11.449482103930782,11.701146760991556,11.448248291565701,11.660435676574707,261046814
2007-04-04,11.649087472002062,11.670306022998135,11.585924021376666,11.621453285217285,151718555
2007-04-05,11.628361200100391,11.6478527916872,11.586911336739048,11.633543968200684,109039179
2007-04-09,11.66981234330209,11.670306435134806,11.487479230861531,11.552123069763184,122943100
2007-04-10,11.524487896314815,11.615777731503702,11.476868973373978,11.509930610656738,119618686
2007-04-11,11.499075014848275,11.581483481060113,11.41395329499709,11.461325645446777,153051532
2007-04-12,11.448248582755115,11.546940348305549,11.40482424370197,11.531889915466309,108721995
2007-04-13,11.558045118718887,11.565940197043668,11.432459807369362,11.504752159118652,112211024
2007-04-16,11.558289268301424,11.768750642591526,11.55064076516484,11.701640129089355,203877329
2007-04-17,11.690043400623987,11.753946567578785,11.635762269614824,11.665369987487793,128885290
2007-04-18,11.627374620870867,11.840548310642838,11.584690001372728,11.744571685791016,227670177
2007-04-19,11.70731509638188,11.891129538885163,11.586171904112614,11.636998176574707,442034667
2007-04-20,12.102575134445512,12.151427869140678,11.892854428450377,11.904204368591309,488283372
2007-04-23,11.845482874676717,11.966380425152726,11.80008405941291,11.820316314697266,227834792
2007-04-24,11.808720920864786,11.842522278379938,11.733220295081619,11.782073974609375,148341946
2007-04-25,11.843016110909367,11.876818415107154,11.747038539909767,11.793423652648926,159266742
2007-04-26,11.79613661859513,11.95281095603823,11.771711667465713,11.872130393981934,165614446
2007-04-27,11.844743966874155,11.90223245124298,11.801813714677214,11.81859016418457,117466650
2007-04-30,11.822045349651026,11.87632648973161,11.63033676147461,11.63033676147461,146193924
2007-05-01,11.650319391830216,11.665616397608256,11.452442721361255,11.571613311767578,146876473
2007-05-02,11.562978482073664,11.622933642292425,11.490932715667366,11.492167472839355,122967190
2007-05-03,11.503021977741,11.696705962119871,11.48007646806081,11.675979614257812,144306878
2007-05-04,11.599247026872224,11.71570342382914,11.494633717383888,11.623920440673828,158592223
2007-05-07,11.64908562297383,11.66586206860072,11.509189641169824,11.52892780303955,121256803
2007-05-08,11.50080168655194,11.551134807645244,11.466260608181628,11.517579078674316,116639561
2007-05-09,11.501296649362423,11.638971605112047,11.445288553900841,11.57778263092041,156179212
2007-05-10,11.523253522682719,11.58370276888626,11.374722735676702,11.385825157165527,148004686
2007-05-11,11.394709736561538,11.522269518264897,11.374231848881646,11.515853881835938,118205408
2007-05-14,11.484764409393366,11.534850009828975,11.349556150589528,11.393474578857422,155488633
2007-05-15,11.397915479605297,11.412226191865582,11.285653666964048,11.300210952758789,165377561
2007-05-16,11.398901896290038,11.67375862346695,11.325376696742376,11.66068172454834,263150670
2007-05-17,11.656982833415002,11.725079646044431,11.61627268996767,11.619973182678223,187122763
2007-05-18,11.646374684253848,11.662905505727656,11.590120009692226,11.6041841506958,148390126
2007-05-21,11.58469029451232,11.823278070024053,11.515359670582995,11.611091613769531,247295463
2007-05-22,11.670306039801474,11.81858932344296,11.670306039801474,11.740870475769043,154135581
2007-05-23,11.863248315926183,11.927152436523247,11.688811219117891,11.694239616394043,203166675
2007-05-24,11.723352488598461,11.823278071538107,11.633296460597462,11.703120231628418,167569747
2007-05-25,11.83561237895708,11.96514566088887,11.775657227903656,11.929862976074219,214741900
2007-05-29,11.96638205851078,12.134157888306243,11.941709586941462,12.018441200256348,209502334
2007-05-30,11.954043560629973,12.307852933386092,11.91703391555315,12.301932334899902,290918361
2007-05-31,12.35029376565021,12.553104777051562,12.26393822253113,12.284910202026367,358310019
2007-06-01,12.361148817182832,12.460333737269428,12.285402555489084,12.346345901489258,192679513
2007-06-04,12.284907940664159,12.595787082886265,12.277012864292255,12.51091194152832,285104652
2007-06-05,12.577037283456805,12.805261411170738,12.499564064494287,12.801313400268555,419450332
2007-06-06,12.749746867136253,12.849179298293695,12.712983792304321,12.78675651550293,316650452
2007-06-07,12.823767433209861,12.990310407251021,12.645135740795649,12.708051681518555,426813829
2007-06-08,12.736177459500546,12.821051664380262,12.569882024127079,12.718659400939941,255281284
2007-06-11,12.682390474223215,12.786757215971443,12.583204611167039,12.616266250610352,186604829
2007-06-12,12.551377798107058,12.62440891565234,12.414689136806782,12.454166412353516,257742474
2007-06-13,12.511406574963972,12.547182410798785,12.304153489601132,12.465761184692383,282414606
2007-06-14,12.469215948303987,12.481552182706347,12.378418315556953,12.406546592712402,185540856
2007-06-15,12.538545036536982,12.55853071784855,12.366822167616945,12.48179817199707,247889682
2007-06-18,12.488953896453094,12.731241201465672,12.441087456135884,12.711503982543945,194161046
2007-06-19,12.682145607682212,12.762085518567071,12.621203199284839,12.689547538757324,174864989
2007-06-20,12.754929674142918,12.799093737328665,12.560012807527311,12.582465171813965,174178426
2007-06-21,12.607383727508271,12.713723047928022,12.491421426502033,12.684610366821289,177049146
2007-06-22,12.74160536452088,12.953052092641608,12.733709342960358,12.952805519104004,289228049
2007-06-25,13.051497210259422,13.199782388851524,12.913329105192227,13.013008117675781,318188194
2007-06-26,13.144018878402887,13.155615391498285,12.983891580348494,13.083077430725098,228433026
2007-06-27,12.953298678677633,13.027071402802376,12.819078593459814,12.985127449035645,245842035
2007-06-28,12.950338224850412,13.064327946050545,12.923691277037394,12.953545570373535,167360967
2007-06-29,12.978466477138031,13.012515357308745,12.81661219045432,12.896553039550781,155805818
2007-07-02,12.965386668528911,13.122306614619509,12.933558846999889,13.086037635803223,140026895
2007-07-03,13.102817291356692,13.185224816560336,13.01498231390328,13.183744430541992,75152639
2007-07-05,13.213844704021847,13.431954586011347,13.12971022303316,13.363609313964844,198457088
2007-07-06,13.354233414199506,13.418875352862795,13.292057210657097,13.308588027954102,110291857
2007-07-09,13.397411510629532,13.53903351436019,13.329806909227566,13.386554718017578,149751208
2007-07-10,13.416905140890453,13.49610437805407,13.364104389813019,13.405801773071289,154818129
2007-07-11,13.412463880961564,13.483768040168737,13.323640717987129,13.43368148803711,132868163
2007-07-12,13.467976687632067,13.503998151999648,13.328820411348508,13.454899787902832,138179998
2007-07-13,13.51855700655169,13.636000654760506,13.502273704291085,13.623416900634766,210269197
2007-07-16,13.577524347281752,13.781815715199919,13.553097507189579,13.64389419555664,264969462
2007-07-17,13.694474397236034,13.76084329866221,13.628843326932301,13.693486213684082,173792986
2007-07-18,13.666099787477018,13.681150220022692,13.41739684545334,13.557785987854004,244111573
2007-07-19,13.655491482467022,13.656971868473804,13.378661188651282,13.535334587097168,446756299
2007-07-20,12.630081469832263,12.908392099631644,12.570866040204281,12.832893371582031,713556598
2007-07-23,12.80550592917464,12.829932766576166,12.636249750259886,12.645132064819336,255221059
2007-07-24,12.565934853516145,12.797613862324804,12.511901232938202,12.68189811706543,223719424
2007-07-25,12.755422381353826,12.756408675534878,12.473656839406582,12.57728385925293,222631361
2007-07-26,12.552117022646277,12.647108297972622,12.308840577238694,12.533858299255371,276368027
2007-07-27,12.546938260163339,12.746541936164936,12.472178283938621,12.629838943481445,221189978
2007-07-30,12.655251197898012,12.813650622383964,12.595542606306578,12.733957290649414,159126217
2007-07-31,12.835608661152287,12.840790484429842,12.58320426940918,12.58320426940918,171460275
2007-08-01,12.595541863767174,12.743826095020877,12.537313661720017,12.655743598937988,177791919
2007-08-02,12.67498676047083,12.706320491214482,12.558530373436433,12.608122825622559,126669014
2007-08-03,12.584439693363715,12.66215948883537,12.410494804382324,12.410494804382324,127524207
2007-08-06,12.410494146804579,12.586905706711178,12.39815791191701,12.58320426940918,146607469
2007-08-07,12.577036321668691,12.826973073142183,12.559518264583067,12.731735229492188,171211346
2007-08-08,12.81364927210766,12.972543716430664,12.758135271136693,12.972543716430664,163362034
2007-08-09,12.849671904765648,12.998202694326839,12.69743967816042,12.699907302856445,194586635
2007-08-10,12.587645447032296,12.798351497707865,12.475382694681405,12.72507381439209,235888868
2007-08-13,12.818586376787005,12.823767256018156,12.657964949726267,12.718907356262207,127648672
2007-08-14,12.724332090071766,12.765781946165314,12.533856420884737,12.548660278320312,145892800
2007-08-15,12.558531012730624,12.6249018039304,12.255300369735563,12.276025772094727,217191045
2007-08-16,12.13958308922604,12.248390020604235,11.854363686834887,12.127246856689453,347120233
2007-08-17,12.27331267944079,12.361148601490354,12.13045590124531,12.337462425231934,219997525
2007-08-20,12.397171499803386,12.399639124835954,12.237783895622877,12.28515625,108296406
2007-08-21,12.310323219049504,12.537807645419447,12.281456162012534,12.499565124511719,144965337
2007-08-22,12.582217861122606,12.7374108688807,12.56469980311637,12.651055335998535,130595677
2007-08-23,12.731241592425752,12.734449882561522,12.509185591297202,12.637238502502441,123529289
2007-08-24,12.647600809517332,12.720138773451405,12.546193903619033,12.70656967163086,99278731
2007-08-27,12.692507069335157,12.767019519958776,12.617748045154219,12.663639068603516,93352602
2007-08-28,12.620952523557857,12.70607423726334,12.479330518961273,12.494380950927734,131446855
2007-08-29,12.529912956600686,12.664627153256484,12.514862521336557,12.654264450073242,102354216
2007-08-30,12.641432537834385,12.71643813118367,12.597515050139746,12.61774730682373,106465569
2007-08-31,12.659690708612686,12.743578614199995,12.619473715270061,12.712737083435059,119550431
2007-09-04,12.707062086864083,13.02731667848413,12.697192533250266,12.956998825073242,148301796
2007-09-05,12.913822369061018,13.06383450861386,12.885449405019488,13.022384643554688,133012703
2007-09-06,13.060872010682557,13.072468524104124,12.786509367478951,12.91678237915039,145579631
2007-09-07,12.777135943281918,12.860529767521763,12.750982140530727,12.813897132873535,147093283
2007-09-10,12.861514752482773,12.88100728814349,12.604916724888955,12.69373893737793,129515644
2007-09-11,12.755668167409754,12.870644176323582,12.724580063375118,12.862749099731445,108549350
2007-09-12,12.843010422097143,13.0268248541899,12.805261052580097,12.895317077636719,119887690
2007-09-13,12.930106576777247,13.00782636684896,12.909381173461297,12.947871208190918,75927532
2007-09-14,12.90888786084625,13.083325895346153,12.88470948181982,13.045823097229004,111010541
2007-09-17,12.991049385245963,13.058899627815089,12.93035449964173,12.960701942443848,88229471
2007-09-18,12.990801002579925,13.255541615602713,12.93528700371312,13.20668888092041,169260059
2007-09-19,13.305381255743214,13.5565508711224,13.295265128229325,13.492402076721191,221904647
2007-09-20,13.496102931524666,13.73789803590507,13.472171128287352,13.639946937561035,221828362
2007-09-21,13.726548548254405,13.836343682161175,13.639947387213905,13.819318771362305,321669193
2007-09-24,13.841524346240016,14.099604644780598,13.816851877257346,14.014729499816895,212674178
2007-09-25,13.915545659860577,14.052727479257918,13.887419267877368,14.038909912109375,109633398
2007-09-26,14.07345017830142,14.107745626554207,13.910855252184648,14.018182754516602,134345680
2007-09-27,14.106265505126267,14.106513023395575,13.959461663818393,14.001898765563965,82560301
2007-09-28,13.989563138973205,14.0524790694496,13.918504613413308,13.996224403381348,105975740
2007-10-01,14.062843911481671,14.417640612028885,14.053960649708442,14.373229026794434,189158364
2007-10-02,14.393706795728821,14.725064811292503,14.310558602529186,14.41862678527832,283759629
2007-10-03,14.464517162880504,14.53212082701612,14.319193706161922,14.409496307373047,155761653
2007-10-04,14.435896903944418,14.435896903944418,14.237773640031287,14.286378860473633,119915795
2007-10-05,14.485736472277546,14.705079226122228,14.48326884740227,14.656966209411621,203507949
2007-10-08,14.680404276406026,15.056912588840618,14.654497052103405,15.041122436523438,201873847
2007-10-09,15.176578666414686,15.390493020777603,15.010776383440898,15.178305625915527,352026555
2007-10-10,15.330785304316324,15.437372154868093,15.218276909582443,15.430217742919922,216231462
2007-10-11,15.633769690308457,15.825478269587915,15.025827940594505,15.346575736999512,473729022
2007-10-12,15.395428700326653,15.75121165394611,15.253804791136526,15.726292610168457,273971076
2007-10-15,15.752939187049938,15.787233693129426,15.187435526155708,15.299942970275879,278793083
2007-10-16,15.259972426630076,15.443292766931338,15.099598541012641,15.198537826538086,241915372
2007-10-17,15.555061803471194,15.642650205776672,15.336459713297552,15.629820823669434,242124152
2007-10-18,15.677440290705398,15.824490711289274,15.506950266994673,15.781312942504883,493410518
2007-10-19,16.14992647406527,16.24689128325984,15.870381987221482,15.90689754486084,633927242
2007-10-22,15.757874603679761,16.160784299503486,15.698905734337675,16.055923461914062,267575192
2007-10-23,16.31498727575533,16.718389104633975,16.284145747091493,16.67323875427246,272766578
2007-10-24,16.597740272544545,16.715184859068184,16.273291052500568,16.674474716186523,297278110
2007-10-25,16.74503888846047,16.752194245248607,16.371735970228283,16.49411392211914,232688918
2007-10-26,16.630311668131288,16.692242262496364,16.48301370689284,16.644376754760742,134658850
2007-10-29,16.722585453913158,16.777606308504872,16.582442878160354,16.758607864379883,123111730
2007-10-30,16.716168916853597,17.26884313714869,16.716168916853597,17.142024993896484,277058606
2007-10-31,17.288088085446972,17.443775177001953,17.173358651646275,17.443775177001953,276103037
2007-11-01,17.339901839521623,17.609575799284297,17.314981853987735,17.350263595581055,262066622
2007-11-02,17.530375798312534,17.606122049708688,17.20543346808837,17.548633575439453,234535815
2007-11-05,17.443529621206338,18.01692933646648,17.42083162803585,17.903926849365234,356679932
2007-11-06,18.19777922096166,18.30214500427246,17.88788827146155,18.30214500427246,338716853
2007-11-07,18.285864923215623,18.43661678527565,17.84199850640795,18.08379364013672,332180444
2007-11-08,18.124750095891294,18.131903562812028,16.708029212504613,17.11907958984375,662963671
2007-11-09,16.67348673591944,16.823991074116424,16.31400139437126,16.382099151611328,457231416
2007-11-12,16.228384623894744,16.529147636266888,15.450447053763822,15.595029830932617,410625377
2007-11-13,15.913804003373919,16.306845974091658,15.595029788111288,16.29771614074707,339082217
2007-11-14,16.61180163299814,16.666329335759443,15.698656752965992,15.832137107849121,325001637
2007-11-15,15.755406556877112,15.97573559955898,15.395921235450055,15.535323143005371,279752666
2007-11-16,15.641169582940055,15.679412097554879,15.199030186204515,15.63352108001709,363067785
2007-11-19,15.53384258821452,15.710994807781853,15.260219654519307,15.44156551361084,221924722
2007-11-20,15.703839532959648,16.26194219652836,15.614769803284586,16.001394271850586,395099399
2007-11-21,15.883707455748391,16.530140266492353,15.842011011832835,16.296979904174805,281591533
2007-11-23,16.530874094761035,16.735167336383004,16.484244303597375,16.696184158325195,109958613
2007-11-26,16.78254357072654,17.108226634682087,16.407513671891593,16.432188034057617,272622038
2007-11-27,16.64930972435854,16.689526726221175,16.04383458943346,16.618961334228516,357515050
2007-11-28,16.82966915101602,17.130432237216358,16.58367941012201,17.08009910583496,317846919
2007-11-29,17.04283674317081,17.339900174005905,16.969310605941182,17.197044372558594,249250764
2007-11-30,17.54246629220456,17.54394573330979,16.829664765675755,17.098352432250977,317003771
2007-12-03,17.049254390143524,17.14770052758926,16.805732319923123,16.81535530090332,173652461
2007-12-04,16.73590993749686,17.073681680321368,16.70654784671113,16.880245208740234,169906473
2007-12-05,17.091692316445055,17.244666167566525,16.962654049251935,17.234302520751953,169015145
2007-12-06,17.21678214972593,17.679646902834705,17.19729056170166,17.647571563720703,197096005
2007-12-07,17.640915484407806,17.715182315064553,17.530134978931912,17.637954711914062,154661545
2007-12-10,17.665589750253602,17.88295806429963,17.616490430792187,17.725543975830078,154826159
2007-12-11,17.76304606893357,17.788952353333702,17.240965756669418,17.251327514648438,246484434
2007-12-12,17.616489530976,17.624383664210505,16.987328245857668,17.255029678344727,247287433
2007-12-13,17.18002529443317,17.212348163466444,16.807464880970144,17.124263763427734,202387766
2007-12-14,16.962902395495238,17.263665454832605,16.95673333286968,17.02334976196289,147490767
2007-12-17,16.974987452163443,17.158060250634495,16.37469527547349,16.511877059936523,220262515
2007-12-18,16.633515849980107,16.696430833711037,16.099099373662497,16.6135311126709,287742502
2007-12-19,16.634750690452897,16.76527028666797,16.506203682593714,16.712717056274414,177506855
2007-12-20,16.921451426979367,17.04901025792023,16.792658783524924,17.016687393188477,177551020
2007-12-21,17.21875990335233,17.252807836953195,17.104276088435,17.18939781188965,216086922
2007-12-24,17.147450047385203,17.289072036743164,17.09983207668585,17.289072036743164,65380146
2007-12-26,17.246145057211162,17.59724121506686,17.226900984388898,17.53852081298828,101579322
2007-12-27,17.445502138036844,17.66583117209003,17.289321899414062,17.289321899414062,118141168
2007-12-28,17.39270390836354,17.467216360498263,17.185699262076486,17.33348846435547,102892225
2007-12-31,17.235783222710115,17.33250051237123,17.038645316675854,17.06085205078125,95404263
2008-01-02,17.09515006033958,17.206178079129128,16.721601485227588,16.90566062927246,172921733
2008-01-03,16.9073878601598,16.946616673091043,16.691744645640835,16.90911293029785,130587647
2008-01-04,16.769958443140553,16.801293123335114,16.16078384279274,16.210128784179688,215195594
2008-01-07,16.134628982770593,16.340401682805386,15.725304633964397,16.018911361694336,257096061
2008-01-08,16.11143651082166,16.283161285036694,15.56863178045994,15.585410118103027,214364490
2008-01-09,15.54494686010414,16.11982698146808,15.3591598211206,16.11637306213379,270598482
2008-01-10,15.914300416766496,16.2150634543347,15.793402858402882,15.956737518310547,254317685
2008-01-11,15.8573060526329,16.024343104774804,15.546673441334768,15.74751091003418,199826201
2008-01-14,16.065546715629342,16.22000001689805,15.920223249234088,16.131669998168945,178566813
2008-01-15,15.936257724553307,16.013978460655014,15.67669892112714,15.732706069946289,223562839
2008-01-16,15.518545620754574,15.79044159566948,14.85138849152381,15.19730281829834,423983259
2008-01-17,15.315979395802506,15.438850476424719,14.754669420231478,14.823261260986328,329903943
2008-01-18,15.010035191122666,15.050252181682104,14.76552590261806,14.809937477111816,342864341
2008-01-22,13.866938025985277,14.742087993763171,13.846459195721303,14.417638778686523,381484558
2008-01-23,13.834369089513254,14.014235508695153,12.80526090170504,13.536073684692383,681171664
2008-01-24,13.787245511209383,14.30266262402942,13.672269497217602,14.174363136291504,377445475
2008-01-25,14.601698292102805,14.680405319945349,13.969330705214333,13.974759101867676,279684411
2008-01-28,14.087513691130923,14.118848368378742,13.535580106055413,13.717666625976562,233540097
2008-01-29,13.82844906610977,13.84966761720482,13.339924520201116,13.582953453063965,252262009
2008-01-30,13.55013805396821,13.827461486830117,13.409995479210329,13.52743911743164,318774383
2008-01-31,13.298964774171203,14.13759906056558,13.182509334952876,13.922944068908691,597081651
2008-02-01,13.043846846818774,13.24123131048676,12.583203111448142,12.728774070739746,706658840
2008-02-04,12.56025847220456,12.651795827056295,12.152661080607569,12.22372055053711,528256642
2008-02-05,12.075682106458402,12.558531668823425,12.053229743517358,12.504251480102539,449811709
2008-02-06,12.611332161352067,12.612072826735748,12.285402548208866,12.378665924072266,306600924
2008-02-07,12.259003068232644,12.68658522465389,12.207189557003227,12.458606719970703,318344779
2008-02-08,12.568647318844805,12.77392688311992,12.551130204938094,12.74826717376709,274179856
2008-02-11,12.842765637848181,12.921471733298308,12.667094721128233,12.858555793762207,233913491
2008-02-12,12.913575429801739,13.091467381245842,12.657963684574035,12.782809257507324,267490877
2008-02-13,12.891615837285757,13.199780782360989,12.797611806890545,13.190651893615723,265981240
2008-02-14,13.282682622514674,13.349052469580283,13.101335822617544,13.132177352905273,260039050
2008-02-15,13.034967335374924,13.142294851668499,12.936769653664262,13.067782402038574,210389647
2008-02-19,13.198547614327891,13.201508386212845,12.49684940122468,12.557297706604004,254968114
2008-02-20,12.423075973795875,12.6081232613953,12.307360248028784,12.558530807495117,267486862
2008-02-21,12.653521533818202,12.66240479397859,12.324138976340755,12.407039642333984,227963272
2008-02-22,12.38730292400308,12.558532672533705,12.276027394560394,12.528925895690918,221462998
2008-02-25,12.483279428563343,12.496850421415756,11.984639677682475,12.001911163330078,336167332
2008-02-26,11.379164395131731,11.509190837149559,11.025107478033448,11.452936172485352,934983461
2008-02-27,11.35276454083345,11.731741462219942,11.340674879452463,11.666851997375488,406393575
2008-02-28,11.608623756238387,11.820563634699681,11.531150538474737,11.729273796081543,264463573
2008-02-29,11.642423544638696,11.836599709933163,11.464285049360035,11.625398635864258,378429149
2008-03-03,11.633543275519747,11.663396622624699,11.105540540386116,11.276031494140625,303312645
2008-03-04,11.126267397678655,11.185728465807513,10.751978207023502,10.96959400177002,546910299
2008-03-05,10.985631334213567,11.20571382123235,10.954790745145411,11.046080589294434,298578968
2008-03-06,11.045834363646751,11.184249992657394,10.638484443750386,10.675987243652344,299923991
2008-03-07,10.581734991552135,10.856098606637941,10.516598951632432,10.692023277282715,324082204
2008-03-10,10.580501446924842,10.634041918356761,10.19091617583238,10.205225944519043,320701579
2008-03-11,10.49241807222415,10.859798466554736,10.477367639406198,10.852149963378906,354399416
2008-03-12,10.856344843026525,11.050521033741086,10.808479344947134,10.860538482666016,267073318
2008-03-13,10.675244137315937,11.028314726957623,10.579266580340095,10.9303617477417,310222448
2008-03-14,10.929622705029944,11.086542661915768,10.624665106443878,10.804777145385742,263961699
2008-03-17,10.559774614393088,10.70090441737415,10.167969289562057,10.359431266784668,316710676
2008-03-18,10.584202345293205,10.876823732153674,10.499080623993212,10.835372924804688,290573072
2008-03-19,10.883485434155437,11.041145116241752,10.650571699577874,10.658714294433594,248086416
2008-03-20,10.543245905586621,10.750004911204853,10.300957635596884,10.6969575881958,398022314
2008-03-24,10.817360777319578,11.492166371493306,10.799842720666211,11.363372802734375,271554050
2008-03-25,11.286887257505805,11.287133831035414,11.004135439328346,11.122072219848633,234138331
2008-03-26,11.166732057115262,11.420369342584879,11.085310820107255,11.304900169372559,209811488
2008-03-27,11.004135617205112,11.068531932699173,10.86818857483801,10.95676326751709,234162421
2008-03-28,11.040157767646846,11.190909610482509,10.715708572996547,10.80872631072998,175704123
2008-03-31,10.748523303772888,10.922467223736119,10.658960432377047,10.867692947387695,178522648
2008-04-01,11.047068040414445,11.509931961419227,11.025601969706363,11.490440368652344,244637537
2008-04-02,11.593819427361138,11.737909063426569,11.359179676965784,11.490192413330078,240859429
2008-04-03,11.3922436533795,11.430732750339452,11.056691018350406,11.229155540466309,272152284
2008-04-04,11.275784713183105,11.789476769819098,11.255799974387163,11.623180389404297,236772166
2008-04-07,11.769738717583664,11.977238406702414,11.683383174044389,11.764557838439941,238631108
2008-04-08,11.671292689223488,11.698431838135129,11.399149198069514,11.542252540588379,182561731
2008-04-09,11.574820964349078,11.645631969878265,11.288861799212729,11.452936172485352,242830791
2008-04-10,11.471935824412768,11.69152516489091,11.39520232242446,11.573588371276855,203656504
2008-04-11,11.449975778987094,11.528682808466158,11.22643938830881,11.286641120910645,167413162
2008-04-14,11.279484985530225,11.286640341302476,11.106528303016258,11.143784523010254,154280120
2008-04-15,11.303420504722208,11.342649319234535,10.94788221232336,11.024862289428711,183790319
2008-04-16,10.964657650534164,11.307118980519451,10.880770694479112,11.22693157196045,306372069
2008-04-17,11.241736101825179,11.334013176087078,11.016965904586701,11.09147834777832,536122013
2008-04-18,13.205210857588078,13.513375841840693,12.947624628150578,13.308836936950684,732158060
2008-04-21,13.308342859032463,13.387296461716893,13.083818285694372,13.268865585327148,298703433
2008-04-22,13.263436478628698,13.837330217145185,13.263189905103784,13.693486213684082,318730218
2008-04-23,13.766025760185991,13.79982806336865,13.34683279858994,13.4835205078125,197597880
2008-04-24,13.601950988421661,13.680903643523925,13.323885957228562,13.398398399353027,166023975
2008-04-25,13.54594381083767,13.644141489276656,13.390750798992645,13.423565864562988,167200368
2008-04-28,13.468469704791433,13.738144623329656,13.298719417659102,13.622428894042969,160945009
2008-04-29,13.590601103919383,13.900739589700775,13.57036884827642,13.779101371765137,174491595
2008-04-30,13.871378100442817,14.430221404779907,13.779101029417307,14.169426918029785,317304895
2008-05-01,14.268614110012296,14.678679145188365,14.235552470709111,14.633033752441406,265101957
2008-05-02,14.766513072642917,14.864218542325169,14.293039935708778,14.34213924407959,281001329
2008-05-05,14.775644897829311,14.779098817162764,14.48623083162442,14.677939414978027,252181709
2008-05-06,14.581713686872218,14.606387102442797,14.384330141212605,14.467232704162598,185866070
2008-05-07,14.563702911856462,14.791187317390577,14.222229730011746,14.285638809204102,265511486
2008-05-08,14.463282858536024,14.539768831068233,14.283416449889792,14.384574890136719,205684075
2008-05-09,14.285638556093618,14.433676207493614,14.095656950699935,14.142535209655762,180068420
2008-05-12,14.1807785069908,14.476852861638024,14.03668792333764,14.432194709777832,195285244
2008-05-13,14.46402310755797,14.506460207046315,14.274534656314101,14.384328842163086,207314163
2008-05-14,14.470437962029612,14.586400258774399,14.193113610237456,14.219019889831543,175688063
2008-05-15,14.285638894389361,14.383096851875157,14.201996613234238,14.33498477935791,174359100
2008-05-16,14.345594152684942,14.425780625851653,14.268860653898216,14.31203842163086,171604815
2008-05-19,14.274534800142895,14.529405862623326,14.150429901043232,14.24912166595459,225020282
2008-05-20,14.17781623559209,14.371498310799582,14.135378194773434,14.27576732635498,133040807
2008-05-21,14.27379496568335,14.34510006285175,13.518062210343778,13.569875717163086,259693761
2008-05-22,13.618235427341657,13.673996004469924,13.329562041897946,13.556798934936523,203813089
2008-05-23,13.495116795243266,13.644140736590808,13.269359359616603,13.437381744384766,177924414
2008-05-27,13.445771230784837,13.881001867215987,13.418383618264322,13.839056968688965,155199554
2008-05-28,14.012755883930597,14.100345232603738,13.843992822484383,14.020157814025879,162623276
2008-05-29,14.181764436021215,14.45538736565185,14.142534681874878,14.384328842163086,194526410
2008-05-30,14.39592643587471,14.55506746034722,14.342386910437755,14.453414916992188,129491554
2008-06-02,14.371992250472173,14.406287698987702,14.094915408859523,14.186944961547852,147518872
2008-06-03,14.223955712583518,14.32264842643469,13.831903779235207,13.996964454650879,172857493
2008-06-04,13.948358885397326,14.260965004295551,13.929113868086521,14.118355751037598,135032244
2008-06-05,14.23826629139629,14.508681887410997,14.216800222465139,14.465750694274902,157255230
2008-06-06,14.304142637274648,14.328075385740643,13.98956298828125,13.98956298828125,190089843
2008-06-09,14.01571654194507,14.06358204126308,13.45662755729266,13.764298439025879,212324874
2008-06-10,13.559264829222172,13.787737395026966,13.490674878448415,13.67300796508789,146844353
2008-06-11,13.724081694297974,13.751221788145939,13.433433849247576,13.451691627502441,153087667
2008-06-12,13.53952859848745,13.767506144429856,13.49314254242083,13.642908096313477,220487355
2008-06-13,13.85361326189439,14.204216244984261,13.849912769636543,14.100836753845215,248303226
2008-06-16,13.977227430147183,14.288105656988789,13.977227430147183,14.132913589477539,142243171
2008-06-17,14.220254544633237,14.262692589071742,14.023610736351362,14.050257682800293,139035192
2008-06-18,13.928127343388049,14.038662203279882,13.796127358527391,13.875574111938477,135754943
2008-06-19,13.702124077264259,13.91011689356946,13.59010788814303,13.821786880493164,228176066
2008-06-20,13.742339873954098,13.742339873954098,13.434668998786082,13.482040405273438,240221045
2008-06-23,13.455641029348966,13.647843702143247,13.373233500421808,13.451940536499023,145981130
2008-06-24,13.450211587326267,13.599483041568842,13.202494945340598,13.38014030456543,187604562
2008-06-25,13.446017864005102,13.762571996673088,13.413942519940807,13.594796180725098,165506041
2008-06-26,13.424553609363231,13.445031495878487,13.033733579793687,13.047550201416016,227228528
2008-06-27,13.019423059581017,13.076664020659766,12.708789523842754,13.029044151306152,218716743
2008-06-30,13.137606108130878,13.274046298364267,12.905433034374019,12.988333702087402,151176531
2008-07-01,12.819570981472541,13.24246535780813,12.755914389251906,13.193366050720215,199139637
2008-07-02,13.2372841056598,13.332768525744628,12.979452269858326,13.003631591796875,169553154
2008-07-03,13.09837597131904,13.304396198869735,13.014982152951958,13.249375343322754,96379907
2008-07-07,13.380140808180235,13.545448994924184,13.214831676710107,13.419864654541016,170845981
2008-07-08,13.471184426677876,13.698176641734435,13.323394283187751,13.681892395019531,198035514
2008-07-09,13.588873994793184,13.710265646300822,13.341403904977518,13.3616361618042,166782808
2008-07-10,13.446758692085616,13.557786695780047,13.094428718549866,13.337456703186035,173917451
2008-07-11,13.237038015926409,13.311056370376777,12.815870565427177,13.17042064666748,200002860
2008-07-14,13.298720492550851,13.324874293870995,12.717673229679,12.869905471801758,177655409
2008-07-15,12.738150064911856,13.01498128370335,12.36361432136971,12.7334623336792,243750224
2008-07-16,12.682883421703558,13.237038095795164,12.598008273044364,13.214832305908203,190398997
2008-07-17,13.179302745372494,13.250606895112321,12.940961567762898,13.161537170410156,352813493
2008-07-18,12.295764815431331,12.311308395949828,11.798357957398528,11.875584602355957,453389067
2008-07-21,11.864727818745456,11.943927990540399,11.490192082553301,11.566679000854492,236944811
2008-07-22,11.515359890698184,11.849185523958583,11.487725703181027,11.771712303161621,188363396
2008-07-23,11.882738879645334,12.26812951462398,11.79613583480654,12.070499420166016,196497772
2008-07-24,12.255054917251263,12.259249501757251,11.734949111938477,11.734949111938477,142166886
2008-07-25,12.003144537604662,12.166973305708682,11.88002686032322,12.138599395751953,127817302
2008-07-28,12.141311304364702,12.141311304364702,11.72285809100407,11.771957397460938,126873778
2008-07-29,11.825745226203422,12.022142480860888,11.7936717693631,11.919750213623047,112532223
2008-07-30,11.978717672557918,11.991547053783849,11.665616529266488,11.909632682800293,140151360
2008-07-31,11.708796987042888,11.864976304634085,11.631816909285604,11.688811302185059,115033564
2008-08-01,11.658216043443062,11.675734102760496,11.411240976999672,11.543486595153809,120766974
2008-08-04,11.549901364084262,11.670552347606396,11.396436260589866,11.423576354980469,99852875
2008-08-05,11.536825420294882,11.844990384742283,11.505736370339994,11.839315414428711,143917423
2008-08-06,11.802799233992388,12.084071629950857,11.658215497457915,11.999443054199219,135538133
2008-08-07,11.892361903472834,11.941708732533353,11.754440378769106,11.821304321289062,111367875
2008-08-08,11.846717237413523,12.231615694940544,11.736675530044808,12.213356971740723,150132633
2008-08-11,12.150686314386538,12.555569466543247,12.13366140542138,12.357198715209961,170207597
2008-08-12,12.385820843423318,12.487720903109379,12.287130018711146,12.400871276855469,110641162
2008-08-13,12.375951075539401,12.423815625065789,12.18547539261213,12.337214469909668,145563571
2008-08-14,12.279727838534777,12.524236205801884,12.2449382961429,12.471929550170898,117181585
2008-08-15,12.508938168176774,12.599488277731517,12.472175095778674,12.586904525756836,142359606
2008-08-18,12.579256211007998,12.583203276813984,12.225692453733927,12.294530868530273,133855851
2008-08-19,12.100354348309622,12.294037387178244,12.00659783223324,12.102082252502441,122316761
2008-08-20,12.206201709274701,12.254807872458107,11.906425913928883,11.966381072998047,159881036
2008-08-21,11.915058739639028,12.087276629727196,11.825002729168828,12.004128456115723,141090868
2008-08-22,12.126754768917328,12.210149528519608,12.076915738819922,12.104302406311035,92232419
2008-08-25,11.993768069799229,12.262455746161601,11.880024930159427,11.917281150817871,80874004
2008-08-26,11.928385845827698,11.928385845827698,11.610844430010077,11.698927879333496,132823998
2008-08-27,11.68831637373006,11.715457413634764,11.468974560932036,11.561251640319824,176141757
2008-08-28,11.65772163030564,11.75542615578236,11.604428682193872,11.689550399780273,121642242
2008-08-29,11.5901164785671,11.621204578721745,11.407043685533171,11.430728912353516,154504960
2008-09-02,11.76332095952704,11.896802251336435,11.384591612924035,11.47908878326416,245376296
2008-09-03,11.564950355304472,11.702132140841421,11.339192941369822,11.458362579345703,173230887
2008-09-04,11.34955716982222,11.42949801255388,11.088023888515416,11.10924243927002,194666935
2008-09-05,10.991551536307101,11.163521912818583,10.85807024473373,10.960957527160645,182051827
2008-09-08,11.152666458268213,11.175365394345178,10.302189935265645,10.361405372619629,362068052
2008-09-09,10.440852973641734,10.668091760676294,10.239274841372957,10.329577445983887,290267933
2008-09-10,10.472926705815762,10.473174224080951,10.108014873189095,10.218549728393555,250005583
2008-09-11,10.075197458799863,10.73495257902458,10.026592247159323,10.70189094543457,259826256
2008-09-12,10.614549260047774,10.905196154735144,10.584694968448773,10.79836368560791,242023777
2008-09-15,10.461330560839082,10.90470282495842,10.454175204971165,10.704605102539062,263680649
2008-09-16,10.509689740820376,11.085062951107355,10.498094171449283,10.928390502929688,280676114
2008-09-17,10.818596278821389,10.83488052568979,10.200785915688622,10.226692199707031,366444394
2008-09-18,10.427774972238595,10.835866443709248,10.12824576314057,10.833398818969727,344863807
2008-09-19,11.374231566108328,11.400630997696291,10.937026407668775,11.081856727600098,401740198
2008-09-22,11.204726554549982,11.204726554549982,10.584695199872854,10.612822532653809,176952786
2008-09-23,10.689555866117013,10.875590415864654,10.503768834648636,10.591358184814453,208948265
2008-09-24,10.617755778460207,10.979461168344189,10.612081753543935,10.735445976257324,170316002
2008-09-25,10.82747863491961,11.102828557158617,10.756914194715815,10.846230506896973,201564693
2008-09-26,10.560023244530374,10.786027267187226,10.38805283879744,10.635028839111328,212493504
2008-09-29,10.350548962078372,10.449240722492876,9.39323813027678,9.40039348602295,432129680
2008-09-30,9.769994269672992,10.487976707136461,9.679690729824019,9.882009506225586,123914728
2008-10-01,10.144285840162915,10.288128935229697,9.945668453862927,10.15834903717041,250326782
2008-10-02,10.110728835705059,10.115416567015034,9.523759122754079,9.634539604187012,240293315
2008-10-03,9.803797477138453,10.17759258937924,9.45146749005461,9.546212196350098,320914374
2008-10-06,9.227190231272797,9.276782690082316,8.812190892189365,9.158845901489258,450506303
2008-10-07,9.211150373779518,9.25186050690124,8.521295382650202,8.53708553314209,443833384
2008-10-08,8.146021931042432,8.857342212056004,8.046096347842528,8.342170715332031,474829130
2008-10-09,8.500326193929105,8.600251785936834,7.9365484827833495,8.116908073425293,324210683
2008-10-10,7.726581712941829,8.43543482373903,7.656016805756316,8.19141960144043,425500926
2008-10-13,8.778390323025004,9.423834900502975,8.530673635485485,9.400888442993164,357555200
2008-10-14,9.709545754857668,9.733478502252526,8.808243003758301,8.949125289916992,312559174
2008-10-15,8.750260972485052,8.857588470460819,8.359935103074172,8.36832332611084,269863738
2008-10-16,8.210171336707411,8.795907245770106,7.634797656911135,8.710044860839844,652022815
2008-10-17,9.350063152219127,9.52376053358347,8.969851431280642,9.191661834716797,572104380
2008-10-20,9.369554169884987,9.39990161468687,8.872147239797663,9.3589448928833,271148536
2008-10-21,9.187961384011734,9.468986289810445,8.931608950923742,8.950114250183105,232146894
2008-10-22,8.807995349701798,9.121341133832187,8.487493265911834,8.775426864624023,263383540
2008-10-23,8.725588881445963,8.83291543931772,8.339210061038768,8.692773818969727,260127380
2008-10-24,8.054978808352631,8.647128498677635,8.012295131618494,8.371285438537598,295463334
2008-10-27,8.260750157276613,8.462822368390556,8.03351232957671,8.12948989868164,248957670
2008-10-28,8.365365719854973,9.111968783516081,8.105312786890451,9.098152160644531,325431241
2008-10-29,9.02511892136869,9.153664985013181,8.694007494127877,8.832916259765625,391726805
2008-10-30,9.090996726448289,9.178338566238148,8.842046219654877,8.874614715576172,320753774
2008-10-31,8.787517691782389,9.17734949166158,8.740886008857716,8.866471290588379,298044974
2008-11-03,8.822554045529433,8.956034407348278,8.42408460360829,8.548930168151855,239072757
2008-11-04,8.720407596155713,9.187219484182167,8.524503503311623,9.053492546081543,295097969
2008-11-05,8.93530855623704,9.10135740001872,8.421124354083199,8.444069862365723,278901487
2008-11-06,8.388063293050525,8.49785748212631,8.038694098415307,8.172175407409668,344277618
2008-11-07,8.219053095406576,8.417178248124381,8.026850431482657,8.170201301574707,187953866
2008-11-10,8.092727838116938,8.128257101453883,7.635537980373409,7.865243434906006,324415448
2008-11-11,7.616293211328955,7.804053761310443,7.414715096193807,7.68463659286499,407385278
2008-11-12,7.4524652920200625,7.710050094087223,7.099888740087406,7.17982816696167,403550960
2008-11-13,7.198825757287834,7.722633403539923,6.908424979418957,7.699933052062988,531372276
2008-11-14,7.482071848814974,8.018461371594759,7.465047411394611,7.649107933044434,382110897
2008-11-17,7.475904249863467,7.652563337966412,7.3513066644618394,7.40484619140625,302883041
2008-11-18,7.440621905942142,7.493915327419745,7.040426444518011,7.338228702545166,335095329
2008-11-19,7.288143509073152,7.406572973851442,6.873390738439329,6.912867069244385,314558640
2008-11-20,6.782347658513157,6.980965019974519,6.391281525767572,6.404110908508301,392642224
2008-11-21,6.4768957176192945,6.646152858263116,6.1016202515988285,6.4749226570129395,411315956
2008-11-24,6.643439366737284,6.660462861771318,6.143811431239679,6.351804256439209,403695499
2008-11-25,6.629128224281265,7.072748506483864,6.595572966408116,6.959005832672119,432462924
2008-11-26,6.91533513851343,7.28987093703193,6.814669354821107,7.206723213195801,255217044
2008-11-28,7.1694662100405635,7.314296515669602,7.112717924192328,7.228187084197998,103004645
2008-12-01,7.073241212261126,7.090511751020002,6.562510918540127,6.56275749206543,229304279
2008-12-02,6.6550353406075695,6.85365317260878,6.47862424409496,6.787775993347168,234463545
2008-12-03,6.657995266794782,6.941980417102002,6.546720225929876,6.89436149597168,237077306
2008-12-04,6.822810511391689,6.994533859703461,6.631348999206913,6.768777370452881,196196647
2008-12-05,6.686862719613025,7.013038391157236,6.514151667291433,7.006870746612549,261825722
2008-12-08,7.1549090939914555,7.63479739113279,6.957772141082687,7.453944683074951,326993073
2008-12-09,7.344890581556109,7.845997893191049,7.328112245172455,7.549182415008545,276629001
2008-12-10,7.629862861180185,7.7695113335691754,7.513159424768624,7.619500160217285,210265182
2008-12-11,7.504771785392125,7.71967339295249,7.347605706543224,7.407313823699951,248094446
2008-12-12,7.296038301366852,7.808249011263076,7.2538473013491265,7.790730953216553,229741913
2008-12-15,7.747552926177773,7.858088257172662,7.527964067283361,7.6651458740234375,270526212
2008-12-16,7.76013816576072,8.12973873427861,7.679950265050096,8.025618553161621,283442445
2008-12-17,7.861789559119721,7.94789805234256,7.708323972099514,7.7779011726379395,232456049
2008-12-18,7.8139236521808,7.903979679459901,7.6266562412039045,7.65552282333374,191254191
2008-12-19,7.673040454020389,7.840816264197348,7.623941617819367,7.652809143066406,225345496
2008-12-22,7.613084992227041,7.636277074072714,7.170699030526284,7.33057975769043,157291365
2008-12-23,7.412495081006817,7.483552666270623,7.319724379863057,7.353033065795898,151674390
2008-12-24,7.438400954140754,7.558311272159662,7.361914503671284,7.47467041015625,77148090
2008-12-26,7.502303492172133,7.531664637205625,7.3601878601388995,7.410767555236816,78657728
2008-12-29,7.407313222291705,7.435933229860256,7.194138591655104,7.338228702545166,148631025
2008-12-30,7.421623284039361,7.569907512727771,7.370057764719884,7.478618144989014,154316255
2008-12-31,7.50551166973572,7.673287490024626,7.4662814407535185,7.590633392333984,115904817
2009-01-02,7.614072306239317,7.940248946832583,7.537586800626161,7.927912712097168,144961322
2009-01-05,7.920016365335385,8.172667774425328,7.771978729238991,8.09395980834961,196293007
2009-01-06,8.215599677876275,8.408542074225558,8.05300472436343,8.242246627807617,257971329
2009-01-07,8.100622421918414,8.164524643655076,7.864502763151659,7.944936275482178,180453860
2009-01-08,7.8529064829861746,8.023395538330078,7.829712984264987,8.023395538330078,144567852
2009-01-09,8.08039147972762,8.08039147972762,7.732502198627662,7.773705959320068,174270770
2009-01-12,7.804300724218167,7.8694377083386735,7.65428953557561,7.71498441696167,132667413
2009-01-13,7.692284939028568,7.910147767297469,7.658236535722437,7.75520133972168,177964564
2009-01-14,7.64861561322954,7.742372613188771,7.346371689462434,7.425818920135498,219535801
2009-01-15,7.341929399606666,7.490214089372632,7.075954504264871,7.376964569091797,238269759
2009-01-16,7.525743026187681,7.6054372970747846,7.295791937300266,7.393743515014648,209759293
2009-01-20,7.38066548578051,7.389548273401931,6.976276874542236,6.976276874542236,202684876
2009-01-21,7.11444569022448,7.488240328023847,7.11444569022448,7.477878570556641,197718329
2009-01-22,7.353526646993927,7.6325780151926255,7.282222011605208,7.562259674072266,331919470
2009-01-23,7.6306029128046085,8.190431549050835,7.5060039300361545,8.011305809020996,430921167
2009-01-26,8.015007357823112,8.092727142327453,7.909160714625061,7.990828037261963,185119281
2009-01-27,8.054483970036381,8.23755772956647,8.000696930662405,8.1785888671875,197830749
2009-01-28,8.338962146314183,8.693019979182735,8.297758862399043,8.602716445922852,308809170
2009-01-29,8.500817339266243,8.51340014612008,8.391516309026606,8.47071647644043,292444059
2009-01-30,8.504518044176306,8.605924000980806,8.29011056219217,8.352533340454102,187580472
2009-02-02,8.247920881264179,8.512167416616585,8.191419640537914,8.402867317199707,209056670
2009-02-03,8.452210908032432,8.462821126457229,8.236569626115676,8.39990520477295,263243015
2009-02-04,8.390531516510887,8.745082599548983,8.368325723183476,8.462823867797852,273718132
2009-02-05,8.411254927497296,8.76827260636178,8.314784217116284,8.727314949035645,291665150
2009-02-06,8.794919583792296,9.222995785987145,8.769752079176605,9.16057300567627,282579221
2009-02-09,9.16057430955257,9.40039496612387,9.062374735992766,9.34537410736084,199838246
2009-02-10,9.276536056445915,9.314038853424792,8.830202985325187,8.845499992370605,285213056
2009-02-11,8.85635471964322,9.00562616801666,8.709549951132463,8.833902359008789,210048373
2009-02-12,8.71349953247075,8.9715789119016,8.672048722372216,8.957515716552734,222844155
2009-02-13,8.936293432498688,8.956032537159032,8.76456964609038,8.825018882751465,166489714
2009-02-17,8.549424738487502,8.563735453028086,8.381155751843632,8.454434394836426,228067661
2009-02-18,8.567435654038954,8.718927223809498,8.401632427067488,8.712265014648438,241883252
2009-02-19,8.819838473289067,8.877326003204669,8.423591046623425,8.453938484191895,200295955
2009-02-20,8.340690979779344,8.608885521921362,8.2654388142822,8.547944068908691,249616129
2009-02-23,8.561511869100181,8.630596851452779,8.130969029075342,8.143552780151367,209626799
2009-02-24,8.167240148359465,8.626156958005005,8.164031858200692,8.523270606994629,244749957
2009-02-25,8.44185069345209,8.692282531138815,8.36215830285868,8.429267883300781,258529413
2009-02-26,8.535852895136124,8.696967435369347,8.31873121056115,8.31922435760498,225064447
2009-02-27,8.214859035912935,8.48305357536731,8.169460218805083,8.339210510253906,217612620
2009-03-02,8.22423367567053,8.406073609989509,8.043380980122343,8.072001457214355,232407869
2009-03-03,8.143800001793187,8.233116299759695,7.953325263796221,8.030550956726074,261970262
2009-03-04,7.973310476180418,8.11740105914934,7.781354396154021,7.868697166442871,313908211
2009-03-05,7.808495231666171,7.872644972362767,7.467021597966097,7.541040420532227,262175027
2009-03-06,7.580024059207199,7.653302693254134,7.260016001690341,7.613332271575928,290452622
2009-03-09,7.401392026911765,7.563986969705339,7.141585699298683,7.177114963531494,259822241
2009-03-10,7.35870822343562,7.660951175910692,7.260015981952852,7.6034626960754395,270217058
2009-03-11,7.65108091394685,7.8953436340137415,7.542767118304976,7.843776702880859,237832124
2009-03-12,7.834648912063386,8.018708501764209,7.738670870214937,7.9824395179748535,201717262
2009-03-13,8.045849141975053,8.079403925709569,7.8714115973361665,8.00439739227295,156841686
2009-03-16,8.043135371538732,8.13541244880617,7.860555694782314,7.887695789337158,198613673
2009-03-17,7.899784480967686,8.273826599121094,7.872891434009692,8.273826599121094,189206544
2009-03-18,8.260749790748486,8.388802698203804,8.093960276525008,8.218559265136719,201239478
2009-03-19,8.18352568166493,8.290112541955827,8.077431968525516,8.140594482421875,165064391
2009-03-20,8.14947481730369,8.215845613414325,8.05177028653593,8.146021842956543,190226352
2009-03-23,8.22990940813819,8.621962271969124,8.216832508299042,8.600990295410156,171500425
2009-03-24,8.54917639766081,8.730276619966451,8.48749428319542,8.56570816040039,153372732
2009-03-25,8.645402786333111,8.668594871873756,8.296280132886539,8.489222526550293,174102141
2009-03-26,8.712761116315257,8.861538522033795,8.59852479788213,8.716708183288574,241032074
2009-03-27,8.635533717916433,8.684880553406984,8.523765034430271,8.57878589630127,133410187
2009-03-30,8.451719582145476,8.48280768943221,8.29134568514258,8.455174446105957,124227898
2009-03-31,8.609131634386562,8.722134108075647,8.54128140230378,8.587666511535645,146760038
2009-04-01,8.482066548012073,8.764818380394239,8.403853609436128,8.736444473266602,132542948
2009-04-02,8.963929660063384,9.123070677479197,8.890157880755535,8.943943977355957,180192885
2009-04-03,8.993291688365979,9.171430222373338,8.832916842793345,9.123564720153809,152160204
2009-04-06,9.054972523568276,9.124550667470112,8.916804419426585,9.08556842803955,131703815
2009-04-07,8.946411197189253,8.974785102519538,8.766545729321912,8.848953247070312,147755757
2009-04-08,8.968616893128337,9.005626539857747,8.788751427112617,8.931607246398926,111022586
2009-04-09,9.116656426658786,9.236320188637505,9.036468999563759,9.190675735473633,135811153
2009-04-13,9.161805557578743,9.353515049532492,9.136392425040006,9.32908821105957,122461301
2009-04-14,9.300220730762534,9.301454543013996,9.020429712228427,9.102096557617188,137658049
2009-04-15,9.057438475834225,9.401873323095671,8.984899573247803,9.363383293151855,197967259
2009-04-16,9.41273128955008,9.694001786206798,9.400887257209764,9.591362953186035,408931050
2009-04-17,9.524252120475339,9.864738043841283,9.494397828898629,9.677718162536621,430840867
2009-04-20,9.527458614517414,9.638487558283792,9.274314512182425,9.358449935913086,177820024
2009-04-21,9.281222112002,9.481812961089473,9.279495152773396,9.411988258361816,148370051
2009-04-22,9.418899575388766,9.622451250724911,9.35129590541889,9.470959663391113,140597024
2009-04-23,9.56101605566546,9.616282541363462,9.40310884167438,9.491437911987305,104751167
2009-04-24,9.524991951469797,9.700910357635065,9.38805767100285,9.609867095947266,135923572
2009-04-27,9.482801929995516,9.609867607581444,9.443572173402535,9.5225248336792,91967429
2009-04-28,9.46824568333861,9.599011854870088,9.413717974397844,9.467257499694824,118185333
2009-04-29,9.523018601071849,9.745074603805998,9.519563737375927,9.658720016479492,144941247
2009-04-30,9.764565911039554,9.961702865196242,9.740880681287159,9.769747734069824,174881049
2009-05-01,9.746553080218169,9.809716516529482,9.66069165678746,9.713492393493652,97471985
2009-05-04,9.82402861587719,9.928395357194878,9.740634796968168,9.918033599853516,128600225
2009-05-05,9.868686285679374,9.992544612594894,9.801329197906805,9.942952156066895,96391952
2009-05-06,10.03671021589673,10.073473292980824,9.893853436812819,9.954795837402344,105710750
2009-05-07,9.970338418579686,9.992296686401575,9.684131769129234,9.785537719726562,120441759
2009-05-08,9.939498700198008,10.119118571091885,9.745816577999728,10.050033569335938,155183494
2009-05-11,9.938265163162187,10.165255486014404,9.898787886998916,10.066071510314941,102755715
2009-05-12,10.11615706667788,10.140336390415726,9.748530071208242,9.844754219055176,152200354
2009-05-13,9.723362964967063,9.780110778403442,9.581740004914552,9.611101150512695,114138220
2009-05-14,9.59284442862224,9.676978919164416,9.491438451772508,9.560769081115723,117920344
2009-05-15,9.649591881140307,9.723857765145748,9.599999415518681,9.622451782226562,120799094
2009-05-18,9.739153908060796,9.802810503189026,9.508955312535207,9.791213989257812,134570520
2009-05-19,9.772957051161795,9.909643826385004,9.696470123128138,9.841547012329102,113925426
2009-05-20,9.920745674996853,10.009074733261903,9.745814517818483,9.799601554870605,91702440
2009-05-21,9.777891164774582,9.939251352751368,9.717195337484668,9.782825469970703,109199779
2009-05-22,9.786772404694359,9.83587266134975,9.67179638761374,9.708806037902832,69001669
2009-05-26,9.670564610997294,9.9925462430257,9.622451587829808,9.976755142211914,124645457
2009-05-27,10.008334531516976,10.16179961436396,9.987854759620465,10.006360054016113,121826932
2009-05-28,10.083342057307108,10.155880973657329,9.982923324325457,10.12578010559082,107152133
2009-05-29,10.16797029870173,10.294295310974121,10.133181700090356,10.294295310974121,106325044
2009-06-01,10.331306146871855,10.599500727554256,10.32637184121781,10.524495124816895,133394127
2009-06-02,10.516844602352654,10.608381953682589,10.446526745188672,10.569890975952148,105337356
2009-06-03,10.510677807664687,10.670064466768643,10.461331920205721,10.650079727172852,141841672
2009-06-04,10.74013455275562,10.886692757324505,10.720396388934528,10.863005638122559,146069460
2009-06-05,10.981189927503987,11.037197073579746,10.842774317893575,10.962684631347656,147783862
2009-06-08,10.843763465842823,10.878798641908732,10.711022802946967,10.825752258300781,124412588
2009-06-09,10.821061750365887,10.868434095464591,10.652791862697253,10.748028755187988,130684007
2009-06-10,10.76307914972964,10.804036804531512,10.527206553259935,10.673517227172852,134859599
2009-06-11,10.65303918677004,10.701398774040854,10.569151282898128,10.584694862365723,115037579
2009-06-12,10.531896607155677,10.552622012636936,10.39249373964683,10.482057571411133,117173555
2009-06-15,10.399645718067179,10.399645718067179,10.214599404410464,10.282942771911621,150036273
2009-06-16,10.345614326049427,10.389531808478296,10.249635822169234,10.263946533203125,122445241
2009-06-17,10.268636327630666,10.355732534176633,10.154400024095237,10.243223190307617,140127270
2009-06-18,10.256051080885458,10.33031599725085,10.189926869065552,10.216080665588379,123870563
2009-06-19,10.318474468679796,10.373988470386283,10.228911589543959,10.364859580993652,171002566
2009-06-22,10.287384536119456,10.3007089522559,9.91581055651867,10.050524711608887,165594371
2009-06-23,10.033256816037746,10.090990929288603,9.932096469251706,10.009323120117188,116418737
2009-06-24,10.084822438593383,10.170931402888234,10.031035393784853,10.098392486572266,98680498
2009-06-25,10.04189113529261,10.261480470308383,10.029801473490933,10.258273124694824,122236461
2009-06-26,10.206704494008479,10.565696629970898,10.192641301406619,10.493898391723633,130756276
2009-06-29,10.510677542912715,10.555088179198739,10.417906369889439,10.4647855758667,87097243
2009-06-30,10.461330830394692,10.540530059854882,10.318721580043348,10.40186882019043,104144903
2009-07-01,10.466265018696769,10.520545205224845,10.316993561018393,10.337718963623047,92778458
2009-07-02,10.249389916696424,10.249389916696424,10.03720253030007,10.078653335571289,101081463
2009-07-06,10.02955445064757,10.131700137508908,9.9101372792854,10.106287002563477,90843231
2009-07-07,10.072485007903461,10.095925555249543,9.769995004129186,9.786032676696777,130860666
2009-07-08,9.869179884156393,10.017216581009029,9.821314389493182,9.930615425109863,138163938
2009-07-09,10.020178180711843,10.225705259135758,10.012283103698584,10.125533103942871,131515110
2009-07-10,10.10554611900472,10.297747809348856,10.083833479107453,10.224469184875488,117502785
2009-07-13,10.268141022406823,10.474159331609393,10.24371418446916,10.468731880187988,162434571
2009-07-14,10.45417609349835,10.52868854081556,10.384104804194608,10.47835636138916,116266167
2009-07-15,10.600979194635983,10.823528317537093,10.572111199778874,10.810945510864258,151646285
2009-07-16,10.774182971357,10.997965917553257,10.71052638015464,10.920247077941895,263162715
2009-07-17,10.683387860003114,10.744575885426997,10.527947337474727,10.615535736083984,275191634
2009-07-20,10.60640913425582,10.67968777464596,10.516846246587171,10.613564491271973,126612804
2009-07-21,10.632561750709495,10.656247928030526,10.503769106252669,10.55755615234375,119173022
2009-07-22,10.560021425754776,10.614301606876841,10.448993439013801,10.552371978759766,103855823
2009-07-23,10.576799497796049,10.885951677121346,10.498339992561462,10.790467262268066,139649486
2009-07-24,10.752719318919667,11.114918895033705,10.732734577929095,11.021902084350586,145619780
2009-07-27,11.00512232652671,11.022640384787021,10.797129512920128,10.974528312683105,100551484
2009-07-28,10.880771817046163,10.925429025468093,10.759873313213474,10.852396965026855,101679697
2009-07-29,10.787755405355696,10.801819546330096,10.656001980987341,10.76332950592041,79777911
2009-07-30,10.92049549135246,11.139097596295285,10.92049549135246,10.995254516601562,128423566
2009-07-31,11.102334828378716,11.169445345778447,10.916053709794326,10.931351661682129,114844859
2009-08-03,11.071740434044248,11.199053637123065,11.044600337443958,11.157355308532715,104000363
2009-08-04,11.087284454817661,11.201519806780897,11.064091425676686,11.194857597351074,95950302
2009-08-05,11.250866966820857,11.273318386523044,11.050521701852043,11.130955696105957,94031136
2009-08-06,11.208920973260039,11.223230740611,11.066558296713458,11.111709594726562,84752487
2009-08-07,11.242722909755308,11.335246561778318,11.225946461501588,11.278005599975586,102105287
2009-08-10,11.22964689540796,11.310327459087768,11.196338683166195,11.26591682434082,69941178
2009-08-11,11.193377645512358,11.28121356347676,11.161549820008505,11.20003890991211,68756755
2009-08-12,11.236307905423912,11.392733766329018,11.224217300585929,11.314520835876465,94007046
2009-08-13,11.402603010796138,11.466012086538061,11.3226631165478,11.405810356140137,80107140
2009-08-14,11.418148782861232,11.428017393501714,11.272824374571613,11.349557876586914,67255147
2009-08-17,11.139836540169329,11.151926200592504,10.93307661118326,10.9767484664917,105200846
2009-08-18,10.981929882539047,11.046079624816413,10.913339927182678,10.986371040344238,94396500
2009-08-19,10.855851445338468,10.979462253782467,10.820568756444464,10.954050064086914,90538092
2009-08-20,11.15217289459085,11.403343457440789,11.133174451695133,11.359672546386719,160555554
2009-08-21,11.486245618713346,11.4998156657979,11.414940519590475,11.478843688964844,142953825
2009-08-24,11.530901117520644,11.598504769389562,11.458610679685997,11.564949989318848,98503838
2009-08-25,11.574822327503865,11.70361497230826,11.564706198457996,11.63008975982666,93990986
2009-08-26,11.664384443736948,11.67030598769247,11.514866403586234,11.546940803527832,79810030
2009-08-27,11.56125306311328,11.56125306311328,11.367569990927,11.499076843261719,80255695
2009-08-28,11.57802949696165,11.654762054008163,11.432952607413894,11.466754913330078,71129616
2009-08-31,11.344377204065955,11.395449107275686,11.300212194758672,11.390761375427246,78609548
2009-09-01,11.341662814156487,11.517826867112591,11.211882931779394,11.24494457244873,104185053
2009-09-02,11.246423168185613,11.308351855011187,11.166729851340085,11.177092552185059,72462593
2009-09-03,11.246425229615626,11.30638133928578,11.226193915979765,11.288370132446289,66094814
2009-09-04,11.289602298434982,11.4137072053633,11.245437291553506,11.381632804870605,60192775
2009-09-08,11.455403886221843,11.522021252788978,11.246917933963429,11.315507888793945,106666319
2009-09-09,11.326363740857701,11.50425566572774,11.319948105903945,11.447507858276367,88145156
2009-09-10,11.513632058437725,11.619479179382324,11.398902621970803,11.619479179382324,101764012
2009-09-11,11.606155760317685,11.677707431895268,11.53781143412823,11.649086952209473,76401301
2009-09-14,11.608871125084454,11.764064144785172,11.59752118359264,11.722613334655762,79324216
2009-09-15,11.721625152025686,11.816123279726872,11.66315037909245,11.782320976257324,96283547
2009-09-16,11.838081770099693,12.074201917504844,11.805513278445282,12.047554969787598,103799614
2009-09-17,12.10380916880462,12.271584980896865,12.019428115691555,12.132183074951172,179996150
2009-09-18,12.256779464944458,12.261961287351665,12.120091775794636,12.125765800476074,131832295
2009-09-21,12.033984307970899,12.309335142264386,11.996481513192357,12.262455940246582,84973311
2009-09-22,12.359175889839017,12.38557532160984,12.282442385447322,12.313283920288086,122103967
2009-09-23,12.355720042255477,12.509186094096874,12.27997472760444,12.298479080200195,108573440
2009-09-24,12.348070456367315,12.371262538465398,12.163762888295421,12.256780624389648,101482963
2009-09-25,12.195591414330051,12.334746738330345,12.139091123712038,12.150933265686035,82291296
2009-09-28,12.209161968377268,12.373482901011252,12.171164140272104,12.300204277038574,73847766
2009-09-29,12.324877688356606,12.330305139749266,12.16400972958514,12.300204277038574,84282733
2009-09-30,12.336475424785695,12.339929343716902,12.02164825791818,12.234082221984863,126139035
2009-10-01,12.1637637568782,12.24937956975129,12.015727049064818,12.020661354064941,112949783
2009-10-02,11.935292083331293,12.132675603907737,11.907164752151184,11.956016540527344,104421937
2009-10-05,12.031765160620195,12.1497019509315,11.925423940246334,12.053230285644531,86105539
2009-10-06,12.13169107835032,12.320932031967034,12.13169107835032,12.305388450622559,109701653
2009-10-07,12.311802971354458,12.805015264337547,12.282441823970451,12.76923942565918,195698788
2009-10-08,12.81932467447939,12.910120416488857,12.665612059510893,12.686336517333984,172797268
2009-10-09,12.74727914534143,12.867189451524082,12.694231829563245,12.737409591674805,109934523
2009-10-12,12.914316115010942,12.972051169951468,12.81315671827176,12.929614067077637,133386097
2009-10-13,12.938247183038289,13.013992489245094,12.863981317937036,12.980684280395508,121951397
2009-10-14,13.137358507848845,13.214337625800262,13.076662689199253,13.20792293548584,130824531
2009-10-15,13.16918757388314,13.246907364445198,13.009306834877584,13.074443817138672,244930632
2009-10-16,13.50424434829937,13.687319049942252,13.435161248603643,13.566420555114746,355001664
2009-10-19,13.636492702477092,13.658945065573263,13.538788173159187,13.621688842773438,129198459
2009-10-20,13.6105877016016,13.642909622451594,13.340665227230577,13.61256217956543,162354271
2009-10-21,13.567902189473841,13.800814995849235,13.545449825734417,13.59726333618164,147374332
2009-10-22,13.570124830762403,13.693489086645872,13.520778939463746,13.671036720275879,93810311
2009-10-23,13.699656226539656,13.764793209589564,13.599730645360292,13.661166191101074,96066737
2009-10-26,13.711991904817419,13.857315353617766,13.592081590160383,13.673995018005371,119261352
2009-10-27,13.594054484807746,13.682630117488982,13.426031163332366,13.527931213378906,129142249
2009-10-28,13.5175695481391,13.570122777434895,13.280215591831038,13.330795288085938,103096990
2009-10-29,13.397657569368882,13.615272389391171,13.34806417341812,13.596027374267578,101282213
2009-10-30,13.570122494239655,13.574316133773264,13.181276030821074,13.227662086486816,139260032
2009-11-02,13.251346409085219,13.310068695248114,13.033238434502037,13.175107955932617,128564090
2009-11-03,13.076909017451877,13.261709723334196,13.034718494715667,13.2565279006958,95564863
2009-11-04,13.343132808305407,13.459095126882739,13.235065567378452,13.331536293029785,93657741
2009-11-05,13.40950243158126,13.564448867126524,13.389022656749233,13.536813735961914,74185025
2009-11-06,13.51386857237057,13.61404072941771,13.45909428989779,13.59726333618164,73341877
2009-11-09,13.704590806257498,13.88050922294584,13.674489939001944,13.87878131866455,106393299
2009-11-10,13.88420918322685,14.033480646046083,13.866197978273535,13.983640670776367,89566463
2009-11-11,14.075423822527375,14.14993626305373,13.961434110570412,14.077398300170898,93135792
2009-11-12,14.052727680828278,14.135135214131214,13.952555513559249,14.010537147521973,75734813
2009-11-13,14.046064685339365,14.125512386598619,13.979941403535978,14.11416244506836,66921903
2009-11-16,14.186947500553606,14.236046816548365,14.132174158316552,14.21852970123291,88297726
2009-11-17,14.183738732076765,14.248629141902615,14.155365769532182,14.248382568359375,76955370
2009-11-18,14.227656364440918,14.28020959161335,14.114654833525265,14.227656364440918,62216331
2009-11-19,14.156597969274078,14.162273884131885,14.063581174835852,14.137353897094727,87045048
2009-11-20,14.051245426775541,14.103058935622203,14.048777801921727,14.06259536743164,80548789
2009-11-23,14.223710018632808,14.47315365529604,14.208166437201271,14.368293762207031,102281946
2009-11-24,14.372487708589011,14.416158623519092,14.22494319941592,14.386550903320312,64448667
2009-11-25,14.46846467974851,14.48450140691794,14.376680750946225,14.451933860778809,58667077
2009-11-27,14.112927955942995,14.371007324067433,14.087514820224117,14.304389953613281,55591593
2009-11-30,14.32585501596471,14.400860605385404,14.239005394569718,14.384328842163086,69262644
2009-12-01,14.510902766066536,14.58714217522563,14.384330231242286,14.553833961486816,93159882
2009-12-02,14.581713486697073,14.631306890709665,14.463777641696296,14.49560546875,66777363
2009-12-03,14.53335414321593,14.592816154689928,14.433676082323645,14.451933860778809,57362205
2009-12-04,14.631550942730783,14.676209089165095,14.29007781237654,14.433920860290527,100920864
2009-12-07,14.414183517564902,14.524718371672769,14.334984286573768,14.464516639709473,65693315
2009-12-08,14.396666437246173,14.573324567501087,14.35965773325243,14.484254837036133,61188493
2009-12-09,14.495357960755639,14.540509259073142,14.398639728632713,14.53286075592041,71507025
2009-12-10,14.567897551349265,14.673250585676753,14.56715688598961,14.594050407409668,66982128
2009-12-11,14.672511248716683,14.674237263573158,14.501033987305219,14.569623947143555,69057879
2009-12-14,14.689042208537286,14.737401804055686,14.62143853791076,14.698418617248535,76822876
2009-12-15,14.638461865838046,14.714453753218223,14.58146653321359,14.634513854980469,91557900
2009-12-16,14.769227180181463,14.812899036452391,14.720868537422984,14.748501777648926,112797213
2009-12-17,14.715935116553224,14.745542836235154,14.649811839081057,14.654252052307129,105947635
2009-12-18,14.705818713768117,14.777370386755416,14.680405578969756,14.71544075012207,141789477
2009-12-21,14.744801721293111,14.799822578095297,14.69693716583496,14.77120304107666,103233500
2009-12-22,14.836832138247411,14.840780149222184,14.775397535309251,14.831404685974121,75513988
2009-12-23,14.890125722913272,15.12131060735754,14.874087106818326,15.091949462890625,83218760
2009-12-24,15.122791289356012,15.285386223261654,15.106507044139452,15.259725570678711,34476745
2009-12-28,15.338186745002254,15.445020165697484,15.259726287093448,15.368041038513184,68170566
2009-12-29,15.414179278040699,15.416645958172342,15.25503920341192,15.282424926757812,57205620
2009-12-30,15.260218188308547,15.364583969116211,15.248128528512439,15.364583969116211,58843737
2009-12-31,15.41442597671502,15.430463648968846,15.296735763549805,15.296735763549805,48974884
2010-01-04,15.468705171106171,15.531867672435576,15.401841232698054,15.463770866394043,78541293
2010-01-05,15.474380789575529,15.490665035006712,15.335225455162522,15.395674705505371,120638494
2010-01-06,15.441811739390364,15.441811739390364,14.960690102527959,15.007568359375,159744526
2010-01-07,15.035695827406036,15.05049968648665,14.622423474978948,14.658199310302734,257533695
2010-01-08,14.606386524631928,14.883957479007737,14.53508236872058,14.853610038757324,189680313
2010-01-11,14.91381274004007,14.91381274004007,14.656720599173235,14.831158638000488,289597429
2010-01-12,14.745791480805254,14.758374291074205,14.507697766921178,14.568885803222656,194859654
2010-01-13,14.223709553356104,14.517070670850853,14.15980732536009,14.48524284362793,260838034
2010-01-14,14.406534230371008,14.660666507356856,14.379640711280164,14.553339004516602,170239717
2010-01-15,14.639448265181656,14.644876662059046,14.261951726814415,14.310311317443848,218194794
2010-01-19,14.339919266958459,14.567404621470772,14.218775131989615,14.498319625854492,173315202
2010-01-20,14.457854352180389,14.457854352180389,14.194100043748847,14.320425987243652,130515377
2010-01-21,14.395185732806569,14.478580491168339,14.119095176553571,14.383835792541504,253253712
2010-01-22,13.927879599455432,14.078384869318159,13.196572744504312,13.570368766784668,273035583
2010-01-25,13.48598685491209,13.567161506308176,13.212611443217039,13.323392868041992,177458675
2010-01-26,13.273306332516302,13.560252735892814,13.231856471788548,13.383101463317871,174873019
2010-01-27,13.354727165057678,13.512140269127839,13.207675817320329,13.375205993652344,159170382
2010-01-28,13.434173142259077,13.496102775905303,13.091466171682015,13.182510375976562,129648138
2010-01-29,13.286136486961105,13.347818602557835,12.968348557130907,13.075182914733887,166240784
2010-02-01,13.190158669459796,13.220012960213467,13.08406403447297,13.151174545288086,90369462
2010-02-02,13.199041407114871,13.199041407114871,13.017695537379023,13.10429859161377,164462143
2010-02-03,13.04384645494782,13.375205354756796,13.032990607360947,13.343623161315918,120413655
2010-02-04,13.24937596624554,13.27404749286237,12.967117263511845,12.997218132019043,135614418
2010-02-05,13.037187741861677,13.16301866047145,12.890629530118645,13.108491897583008,126713179
2010-02-08,13.138344475626731,13.372737631785133,13.114411729573774,13.162277221679688,108175956
2010-02-09,13.312043520598293,13.361141883060043,13.201755245749872,13.235556602478027,113206742
2010-02-10,13.177083124468478,13.268866112591507,13.019670004646922,13.186458587646484,107380987
2010-02-11,13.158576731043235,13.335482372583707,13.064327070564298,13.234570503234863,96761331
2010-02-12,13.149943115397859,13.253076045211266,13.089000714888517,13.153643608093262,91529795
2010-02-16,13.246166753070149,13.425292510291738,13.182757674776447,13.355467796325684,146723904
2010-02-17,13.372739107616246,13.407281131478644,13.264425304650194,13.279229164123535,81492313
2010-02-18,13.262698034422922,13.447005621313188,13.228156008909348,13.402840614318848,93826371
2010-02-19,13.336467144664212,13.422822663507171,13.315989262789103,13.342143058776855,102506786
2010-02-22,13.504739808942942,13.508440301646349,13.348066408398433,13.392477989196777,86105539
2010-02-23,13.397412091254932,13.412955670839505,13.133163680507877,13.20175552368164,115334688
2010-02-24,13.174861838685006,13.284902596219784,13.089246975827052,13.112932205200195,93412827
2010-02-25,13.00560561492844,13.03940791904523,12.829934719226564,12.988580703735352,132864148
2010-02-26,13.013007234540018,13.119841596471076,12.915795853646493,12.997710227966309,82279251
2010-03-01,13.056925018015942,13.157836886413422,13.0209016652049,13.143033027648926,89851528
2010-03-02,13.211869602544152,13.463039185318248,13.200272145947253,13.349544525146484,174925214
2010-03-03,13.381619786811045,13.523736830408378,13.30488818450556,13.454652786254883,124039193
2010-03-04,13.483767901203409,13.721368442621895,13.476365971031825,13.683372497558594,127829347
2010-03-05,13.850161383100886,14.006094122460636,13.81438554395045,13.92072582244873,157074555
2010-03-08,13.934789081444066,13.944658636171548,13.841771338698026,13.87804126739502,95813793
2010-03-09,13.813151654906601,13.93182721554909,13.730496614855559,13.821539878845215,127540267
2010-03-10,13.909623717753032,14.273302717122613,13.871380252707638,14.222723960876465,227043838
2010-03-11,14.168689628930595,14.463532096576017,14.167210187532254,14.33843994140625,169966698
2010-03-12,14.511149042443634,14.514602961578422,14.289586176194875,14.298961639404297,110548817
2010-03-15,13.981666895292845,14.050011221405754,13.718160089980424,13.895312309265137,186853758
2010-03-16,13.862004088456404,14.024598077176256,13.835603715346789,13.945151329040527,137774484
2010-03-17,14.02163654607939,14.099356330549066,13.92171097394322,13.954031944274902,133362007
2010-03-18,13.933308295817893,14.025092223499554,13.889883956769706,13.974759101867676,71354455
2010-03-19,13.816851615905762,14.01423514293826,13.74974110334757,13.816851615905762,192486794
2010-03-22,13.720873467024628,13.985860642401674,13.675722171358117,13.755168914794922,160792439
2010-03-23,13.743820029552436,13.775154708052636,13.372739137202869,13.545449256896973,220876809
2010-03-24,13.459342394725914,13.81315277774629,13.315992463513311,13.7509765625,263592319
2010-03-25,13.79267109914212,14.112925683394879,13.78378878451185,13.887908935546875,157825359
2010-03-26,13.946880136824054,13.999186798182961,13.817347768344973,13.883223533630371,108252241
2010-03-29,13.890872227586001,13.933310278537041,13.830917061238285,13.877303123474121,124645457
2010-03-30,13.886676578866274,14.005107461073962,13.823760645056561,13.98240852355957,79412546
2010-03-31,13.94145130875574,14.057167996167554,13.886183876862734,13.992525100708008,121686407
2010-04-01,14.0968886660207,14.148702170429281,13.953785331281079,14.03397274017334,84423257
2010-04-05,14.085786778298187,14.183984449787035,14.038907576672107,14.0885009765625,76345092
2010-04-06,14.05025782343791,14.085540512191708,13.950085672083544,14.01966381072998,82712870
2010-04-07,13.996965061055732,14.032741844494208,13.862744967222767,13.904194831848145,103626969
2010-04-08,13.898765411543812,14.059879949713192,13.818084855699745,14.0016508102417,78191988
2010-04-09,14.001652529502506,14.033234727756039,13.915544511494232,13.970318794250488,82572346
2010-04-12,13.998197886814227,14.162274153053064,13.970318072142227,14.130938529968262,94448695
2010-04-13,14.126004637378065,14.529406512329217,14.091461667860884,14.477347373962402,157078570
2010-04-14,14.558520561313257,14.614774282074524,14.409249100252143,14.532367706298828,136618166
2010-04-15,14.610579493432935,14.750475480818919,14.514848507055232,14.687806129455566,271485795
2010-04-16,13.890871224224604,14.03422115125266,13.560994546355161,13.573823928833008,491254466
2010-04-19,13.539281663776462,13.668567439812692,13.446758017100098,13.572589874267578,156343827
2010-04-20,13.673009105172977,13.808463003386558,13.596275608812967,13.694475173950195,119542401
2010-04-21,13.729510018766652,13.823019960810658,13.623415379275983,13.676216125488281,96018557
2010-04-22,13.619468189993718,13.6318044243433,13.406046990005546,13.497584342956543,131719875
2010-04-23,13.502272789124396,13.55334563339485,13.379401696732183,13.446511268615723,83889263
2010-04-26,13.446017783995496,13.446510931070835,13.057172259816381,13.117127418518066,175407013
2010-04-27,13.050756413249374,13.282189765129589,13.00831931312259,13.053470611572266,154364435
2010-04-28,13.12847607169203,13.195833158396837,12.855347232451939,13.056678771972656,136754676
2010-04-29,13.159813192156282,13.237038897258344,12.99450404280631,13.126009941101074,122814620
2010-04-30,13.10454598834546,13.266152758216748,12.964156826385567,12.970571517944336,97781139
2010-05-03,12.990307509213855,13.148707851507513,12.95527234034466,13.091465950012207,74590540
2010-05-04,12.990801160202881,12.996229556808835,12.44034795135705,12.493640899658203,243963019
2010-05-05,12.360654356482877,12.724334275399922,12.348071547864649,12.57728385925293,183975008
2010-05-06,12.552363331301978,12.768744361773688,11.349556845231916,12.303659439086914,200753664
2010-05-07,12.33573565210083,12.467735638355325,11.875831575402477,12.167219161987305,204322993
2010-05-10,12.681157051949285,12.899513523630057,12.647355690821156,12.870645523071289,165738910
2010-05-11,12.723099511975148,12.826973097602858,12.539286977893362,12.559764862060547,133402157
2010-05-12,12.633537733103969,12.633537733103969,12.385821066152104,12.469463348388672,154649500
2010-05-13,12.743577794564969,12.879279198586067,12.592332811758153,12.604915618896484,133530637
2010-05-14,12.577530000351265,12.607630866362948,12.243951904676322,12.522262573242188,165257111
2010-05-17,12.5037580544322,12.542741238550557,12.29576523304151,12.533119201660156,112170874
2010-05-18,12.58320243991299,12.607136130309902,12.26418167037909,12.296256065368652,113443627
2010-05-19,12.244197430101272,12.322656933844886,12.033983588361322,12.19904613494873,138344613
2010-05-20,11.968109002637272,11.980691811965107,11.69004488236628,11.71989917755127,197268650
2010-05-21,11.573095017518341,11.96638270016954,11.458118988707973,11.646867752075195,389084940
2010-05-24,11.861026941563686,12.084564274077879,11.764063079452674,11.772944450378418,174475535
2010-05-25,11.55064181973813,11.780100713689976,11.4484970713275,11.77072525024414,121148398
2010-05-26,11.894089409236745,12.083824436789076,11.719651388028531,11.731247901916504,139545096
2010-05-27,11.96514909590722,12.146742505195956,11.86892493838974,12.101097106933594,112785168
2010-05-28,12.157349312327481,12.17486642472593,11.917034596204344,11.981924057006836,116226017
2010-06-01,11.853625669106375,12.115897713835263,11.845976221319784,11.901491165161133,107071833
2010-06-02,12.007830961487612,12.185229758965628,11.879039272025665,12.172893524169922,102012942
2010-06-03,12.21582274974142,12.533857242498915,12.205707567102433,12.474642753601074,146575349
2010-06-04,12.329566907949559,12.564699813123726,12.255054462705084,12.304893493652344,157399770
2010-06-07,12.31328306461486,12.3589284574291,11.920736087426839,11.979211807250977,145852650
2010-06-08,12.036698057163141,12.061123951382394,11.782320153339112,11.960951805114746,107806577
2010-06-09,12.021154796135145,12.062112457292484,11.645632731125824,11.69547176361084,109569158
2010-06-10,11.852144347215143,12.052735220548621,11.740375683586224,12.015973091125488,103502504
2010-06-11,11.904697684119833,12.057916197674684,11.882985044095717,12.052734375,71535130
2010-06-14,12.200279645037146,12.200772792094474,11.921722412109375,11.921722412109375,81921917
2010-06-15,11.919007930653157,12.346344408554414,11.896803087434707,12.286882400512695,171022641
2010-06-16,12.241977434812489,12.435166383918776,12.240497048864631,12.367809295654297,91915234
2010-06-17,12.4215966982392,12.481304335697281,12.254807185763935,12.338447570800781,79388456
2010-06-18,12.398403436815315,12.422089610420871,12.290335269739957,12.337214469909668,115346733
2010-06-21,12.334007428032294,12.360406855740981,11.96366721699496,12.054216384887695,119787316
2010-06-22,12.087278927983942,12.252587123192736,11.984392573501092,11.997222900390625,89120799
2010-06-23,12.013011913429724,12.013011913429724,11.797617188301956,11.893595695495605,81468223
2010-06-24,11.834627711161852,11.910866171362407,11.676720504521352,11.722118377685547,76027907
2010-06-25,11.770477013171133,11.785034299287084,11.610103126534415,11.662409782409668,90144622
2010-06-28,11.660189649037758,11.782567592094141,11.571860583111599,11.647605895996094,70756221
2010-06-29,11.434431519780588,11.461818186072176,11.130460213446598,11.20793342590332,140609069
2010-06-30,11.225205504708105,11.296017456854194,10.972554543487577,10.978228569030762,144668227
2010-07-01,10.98661779769153,11.063351294063825,10.698931663858765,10.843515396118164,141070793
2010-07-02,10.896069167733389,10.912352469375913,10.757406972410736,10.770977020263672,77730264
2010-07-06,10.95478991339343,11.045339085272131,10.698931606700835,10.759133338928223,102787835
2010-07-07,10.814400293319194,11.134654902552835,10.742108903100052,11.10776138305664,125657235
2010-07-08,11.190416892478636,11.283681215189363,11.09443931590272,11.26468276977539,107156148
2010-07-09,11.644646308688797,11.676720708712738,11.418148196534815,11.534358024597168,173909421
2010-07-12,11.654762124111675,11.829200162432798,11.622934295906921,11.740130424499512,133875926
2010-07-13,11.898530068436282,12.163517269977136,11.84992484925964,12.07000732421875,159648166
2010-07-14,12.08678603567617,12.184243995312764,12.002404032023776,12.122807502746582,125187481
2010-07-15,12.132430223710442,12.205708858208368,11.909140401131953,12.188931465148926,195056389
2010-07-16,11.5745750664273,11.610103385668102,11.33771425137332,11.339935302734375,314165171
2010-07-19,11.374477270605825,11.587650963883776,11.288369254299255,11.502036094665527,182694226
2010-07-20,11.37497055145625,11.916788996422099,11.364361275849049,11.882246971130371,162787890
2010-07-21,11.941707789633726,11.983650796043605,11.73026012984472,11.781332969665527,131675710
2010-07-22,11.922707734426515,12.064578195556265,11.904203384571026,11.961691856384277,86230004
2010-07-23,11.862014273219682,12.104302533076817,11.843262402899075,12.091226577758789,90915501
2010-07-26,12.06729278919376,12.108249503769123,11.963419199724155,12.064332962036133,80107140
2010-07-27,12.104056684069773,12.274793281299843,12.093941500053404,12.15463638305664,98415508
2010-07-28,12.21162885669142,12.219277359254548,11.908892320395458,11.950342178344727,100214225
2010-07-29,11.989819281355347,12.062110666791327,11.826484642244356,11.966132164001465,107421137
2010-07-30,11.834380374991143,12.024608542376122,11.821796622721216,11.962678909301758,86085465
2010-08-02,12.064825974602398,12.170672151179591,12.014246279605421,12.099861145019531,74626675
2010-08-03,12.102082071495934,12.150440714743127,12.009804998005805,12.085550308227539,72362219
2010-08-04,12.143532692325179,12.5091861455644,12.115651931818066,12.492408752441406,153071607
2010-08-05,12.481800593351931,12.548663598278596,12.424313052372879,12.536327362060547,97178890
2010-08-06,12.469710032078217,12.478098256422419,12.23901827462962,12.341903686523438,133277692
2010-08-09,12.391989356631566,12.472175825293775,12.370030141315647,12.468474388122559,75168699
2010-08-10,12.394457109436583,12.48451313342606,12.301191850582251,12.428011894226074,83270954
2010-08-11,12.28046816311778,12.287130372622556,12.126755534121157,12.13267707824707,89253294
2010-08-12,11.940227057506416,12.206942154543158,11.904945313336913,12.139338493347168,88514535
2010-08-13,12.065073615884588,12.119107234580714,11.991301831344975,11.999690055847168,77678069
2010-08-16,11.933813123130324,12.08653945760962,11.855352663623204,11.980937957763672,52395658
2010-08-17,12.053476943024977,12.205709186559709,11.991794821300092,12.10257625579834,75911472
2010-08-18,12.100600782383815,12.111210057321879,11.881258982851786,11.896061897277832,107858771
2010-08-19,11.867934780018789,11.904944425624128,11.528434223967306,11.546199798583984,157588475
2010-08-20,11.546200733638402,11.635516092630889,11.374723482385228,11.399396896362305,157291365
2010-08-23,11.386564991514637,11.55310697005037,11.293548208192934,11.449974060058594,119895720
2010-08-24,11.292810229987909,11.309341050551174,11.125527546416219,11.137124061584473,110922211
2010-08-25,11.102826234884283,11.295522014380534,11.102826234884283,11.216814994812012,104072633
2010-08-26,11.252346205287157,11.28195392591754,11.113684954878611,11.127007484436035,71346425
2010-08-27,11.165991228209052,11.349310626795313,11.044846151351043,11.32068920135498,92842698
2010-08-30,11.328584677879356,11.343636055228528,11.162535827239143,11.169198036193848,49440624
2010-08-31,11.105542144891919,11.222985796206524,11.053483001540824,11.103322982788086,78163883
2010-09-01,11.225698464240477,11.471441583398146,11.164509494166076,11.357698440551758,129616018
2010-09-02,11.419627485588046,11.45885818298881,11.3572047063472,11.42801570892334,67620512
2010-09-03,11.609117599815033,11.642672387435674,11.533124763466793,11.603690147399902,101996882
2010-09-07,11.46058510990232,11.536825459633832,11.424069552501267,11.458117485046387,68652365
2010-09-08,11.477609435749008,11.657968051696054,11.460831099145986,11.610595703125,96432101
2010-09-09,11.789477043013147,11.852886124715319,11.610596904989942,11.748766899108887,97588419
2010-09-10,11.818837409083732,11.837834908147448,11.721625083574942,11.747777938842773,79268006
2010-09-13,11.865222657026571,11.950344384442953,11.831421295400517,11.899024963378906,89996068
2010-09-14,11.892609445837733,11.960214059216804,11.844991461869613,11.85362720489502,88992319
2010-09-15,11.84178359676577,11.889649096922875,11.806006813697254,11.858807563781738,96472251
2010-09-16,11.841783519835008,11.903464696264066,11.828459100898641,11.869170188903809,79075287
2010-09-17,11.935539516889365,12.119353004525658,11.87213043894921,12.093445777893066,226509844
2010-09-20,12.151428976707683,12.593320901549523,12.140572182635083,12.540767669677734,176800216
2010-09-21,12.575309055126851,12.82944134833818,12.556310611193632,12.668572425842285,179321632
2010-09-22,12.653768960490776,12.775160612942935,12.624655332199819,12.731242179870605,101864387
2010-09-23,12.696948144406033,12.822286867709678,12.615280337523593,12.6690673828125,93043447
2010-09-24,12.872865672190311,13.023124385545412,12.78700422507759,13.009800910949707,134779299
2010-09-27,13.048290511663865,13.245674054243436,13.048290511663865,13.086780548095703,124761892
2010-09-28,13.162523983171116,13.16523818126815,12.791689700809012,13.006837844848633,146735949
2010-09-29,13.023617552815296,13.14920379507912,12.946144330140228,13.019670486450195,87213678
2010-09-30,13.055939867659816,13.122803816320875,12.80328887887445,12.97279167175293,130250387
2010-10-01,13.076664639465134,13.091961646985297,12.90395356444005,12.968596458435059,89333594
2010-10-04,12.952067259909517,13.033487551720482,12.801561967643012,12.887916564941406,77910939
2010-10-05,13.036693291355107,13.3233931265079,12.991541047929665,13.279722213745117,140809819
2010-10-06,13.305134591204286,13.322158556142023,13.075182581790587,13.183989524841309,110906151
2010-10-07,13.229881004776384,13.25430784281249,13.055442998807209,13.076909065246582,96191202
2010-10-08,13.14500832706301,13.264178925204098,13.017941707269806,13.233336448669434,114796679
2010-10-11,13.285890785883721,13.436889211847122,13.253568867709841,13.29477310180664,105445761
2010-10-12,13.326353280113842,13.471183587174655,13.268865745444444,13.357688903808594,150706777
2010-10-13,13.4961026540238,13.50819231452162,13.380880074281961,13.404813766479492,122682126
2010-10-14,13.426523779881528,13.452925095322424,13.25208671958834,13.34633731842041,266358649
2010-10-15,14.785757259669678,14.844232027244104,14.596515392797775,14.839544296264648,595214680
2010-10-18,14.817341755512484,15.289581126932783,14.817341755512484,15.240729331970215,284992232
2010-10-19,15.022126249083717,15.16942418842881,14.874335162631604,14.996959686279297,184203863
2010-10-20,15.004607008624843,15.232586441961118,14.988816855180913,15.000659942626953,141532518
2010-10-21,15.087757694316242,15.1985391322824,14.951808748206693,15.099599838256836,117257870
2010-10-22,15.097872243644973,15.16942391975601,15.05173370344176,15.112923622131348,90582257
2010-10-25,15.188423146148303,15.414180608895071,15.173126138051773,15.210875511169434,126809538
2010-10-26,15.126986266401014,15.327577160397292,15.075914364431698,15.262688636779785,100892759
2010-10-27,15.19286302164012,15.297228815597325,15.1079878741375,15.210134506225586,90012128
2010-10-28,15.298461707911905,15.321901308517788,15.131919713135039,15.262192726135254,87699492
2010-10-29,15.224936666533738,15.272556533553796,15.124271370134055,15.141788482666016,91473585
2010-11-01,15.191876524386117,15.31351475359313,15.080355368664234,15.17386531829834,123946848
2010-11-02,15.264414521940795,15.29722958853028,15.163502641911359,15.188669204711914,80203500
2010-11-03,15.235546792254764,15.342379260394795,15.136854084693196,15.301669120788574,135726838
2010-11-04,15.411712020776609,15.541985044471032,15.349042661482992,15.402584075927734,143367369
2010-11-05,15.37568910874676,15.432684440437441,15.324616265608523,15.422567367553711,70892731
2010-11-08,15.396414633418285,15.53137538534059,15.374455417435296,15.464264869689941,84367048
2010-11-09,15.543959295742738,15.564930328324204,15.309812681579949,15.416152954101562,89823423
2010-11-10,15.348547969644045,15.371246904524074,15.235793015808719,15.3682861328125,100254375
2010-11-11,15.289826334378798,15.293527771539157,15.154372439887998,15.227897644042969,90803081
2010-11-12,15.148943910968928,15.220743099771967,14.83362360244786,14.884943962097168,136228712
2010-11-15,14.879762843465114,14.9024627249155,14.656966171157508,14.692001342773438,139677591
2010-11-16,14.625138073767527,14.751709655283621,14.395432622923495,14.402093887329102,132791878
2010-11-17,14.433674506404312,14.54470344041358,14.344110693940456,14.39789867401123,98066204
2010-11-18,14.532368213766068,14.803276959673875,14.52151142005437,14.718894958496094,103988318
2010-11-19,14.729750709313087,14.751709925407138,14.565429755461828,14.577519416809082,92244464
2010-11-22,14.494618336134456,14.641916273780671,14.378162876298962,14.587141990661621,87791837
2010-11-23,14.48326759517399,14.532613475329558,14.265898393187616,14.384574890136719,86828238
2010-11-24,14.49067024980315,14.71988255007879,14.484254614306218,14.679664611816406,96215292
2010-11-26,14.568390154970917,14.63056636436115,14.48302186237163,14.557040214538574,52640573
2010-11-29,14.536561955686171,14.55210648100714,14.30907754884664,14.362371444702148,114816754
2010-11-30,14.17016856226941,14.17016856226941,13.651788822235067,13.711004257202148,285763111
2010-12-01,13.890869913214086,14.102317577853471,13.87606605427048,13.924178123474121,150726852
2010-12-02,14.030519812262447,14.14574239769322,13.948852011762721,14.10848617553711,102298006
2010-12-03,14.05001250129175,14.223463299199762,14.014236662284029,14.137601852416992,105642495
2010-12-06,14.324374633749711,14.359658269026419,14.226670102209809,14.269847869873047,84065923
2010-12-07,14.58837505711807,14.631059676261684,14.458348611382776,14.486475944519043,122144116
2010-12-08,14.605647644121914,14.619217692275278,14.401355311698888,14.570364952087402,70539412
2010-12-09,14.652772700044226,14.694715710213414,14.532368287515158,14.594050407409668,75036204
2010-12-10,14.634513961434156,14.655485938860542,14.564196099197085,14.611568450927734,68443585
2010-12-13,14.73271120493951,14.877788073808757,14.657952191725368,14.671029090881348,96299607
2010-12-14,14.731971550719601,14.76157926981189,14.61822935047856,14.678184509277344,65978380
2010-12-15,14.660666763808193,14.716180762348953,14.536067775456155,14.564441680908203,87033003
2010-12-16,14.627357132866411,14.650056066078058,14.509419420115105,14.599228858947754,64115423
2010-12-17,14.581712716760572,14.620203695958498,14.499551769385926,14.576778411865234,123946848
2010-12-20,14.671769582369683,14.751462904372628,14.523978507549906,14.681884765625,79227857
2010-12-21,14.768487649051453,14.920226732891003,14.744800529698527,14.879515647888184,75461793
2010-12-22,14.902464016193678,14.97648237668402,14.884698438215391,14.939226150512695,48481040
2010-12-23,14.935523980014901,14.95180728060728,14.853856179886751,14.908136367797852,44598542
2010-12-27,14.871373932624516,14.897033641745853,14.79143403325703,14.862492561340332,48505130
2010-12-28,14.854350097553175,14.899254825094857,14.75467108746207,14.77712345123291,42751645
2010-12-29,14.853117897160802,14.86323308144488,14.777124115166659,14.828444480895996,40920808
2010-12-30,14.754423853613146,14.836584801397235,14.7393734205901,14.775643348693848,39728356
2010-12-31,14.72333642952426,14.764787235342057,14.607125662279131,14.65499210357666,61802787
2011-01-03,14.716920393563083,14.941690584615316,14.716920393563083,14.911096572875977,94962614
2011-01-04,14.942432716476594,14.956248392220814,14.806730357665657,14.85607624053955,73253547
2011-01-05,14.805496626012221,15.058640716412372,14.805003478971901,15.02755355834961,101671667
2011-01-06,15.067276034532492,15.258492388942807,15.051732454963348,15.13685417175293,82620526
2011-01-07,15.196317545278093,15.254052600494534,15.05370828390838,15.209393501281738,84363033
2011-01-10,15.168929500712185,15.183486786153374,15.014970312153922,15.154372215270996,63404769
2011-01-11,15.240728783217065,15.267622304724076,15.161528604693904,15.198784828186035,57787794
2011-01-12,15.28119017604433,15.28119017604433,15.168187709208102,15.220000267028809,65552790
2011-01-13,15.222470658879192,15.289088031406894,15.153140032520398,15.21556282043457,53560006
2011-01-14,15.233081238555668,15.402584973618874,15.225186160978778,15.40036392211914,94978674
2011-01-18,15.446747080688276,15.83978720028224,15.42725548922152,15.781559944152832,145222296
2011-01-19,15.842995527912041,15.863719987150835,15.53557027697461,15.587136268615723,136754676
2011-01-20,15.59848590099124,15.64462443954645,15.37840342825929,15.464264869689941,220254485
2011-01-21,15.780325886928026,15.833373208344899,15.084055112359348,15.095651626586914,357511035
2011-01-24,14.990545366782433,15.111935128570638,14.834117598852204,15.077146530151367,184657557
2011-01-25,15.00608778473467,15.314252731025263,14.964636980205336,15.295008659362793,146418764
2011-01-26,15.305372703107652,15.358666602609969,15.180774642100037,15.210875511169434,81829572
2011-01-27,15.245171026549883,15.289828238484409,15.13068814947271,15.21803092956543,81070738
2011-01-28,15.274282025070617,15.306110793170035,14.797848134374332,14.828195571899414,169878368
2011-01-31,14.8925934409997,14.914058565679813,14.693976087780316,14.812653541564941,112616538
2011-02-01,14.914549895381073,15.133152905366265,14.880501966187595,15.07615852355957,110223602
2011-02-02,15.075171511285339,15.157579971556528,14.989555705804698,15.099843978881836,70691981
2011-02-03,15.03767030653953,15.086275526307292,14.955016208744015,15.054201126098633,60028160
2011-02-04,15.05420148845708,15.086029315886014,14.966858712283523,15.074679374694824,62264511
2011-02-07,15.05444815588094,15.257505728293442,15.03100855269711,15.156347274780273,72253814
2011-02-08,15.172136694062061,15.28810089186768,15.161774936968056,15.257258415222168,68050116
2011-02-09,15.220003456588696,15.28366005877202,15.108235723332996,15.210875511169434,73976246
2011-02-10,15.146725085596326,15.235548247467774,15.088990030379886,15.209393501281738,93725996
2011-02-11,15.144010947576648,15.420594673510802,15.124519355542487,15.408258438110352,103984303
2011-02-14,15.379636451609453,15.535076035119642,15.298216167259458,15.498313903808594,85439051
2011-02-15,15.477836804716187,15.546180192232592,15.373716633516079,15.399622917175293,83993653
2011-02-16,15.436137654767801,15.45760183306879,15.349041460845065,15.401348114013672,67612482
2011-02-17,15.328070287356976,15.476107939279263,15.304137538353169,15.427008628845215,59373716
2011-02-18,15.445266520527095,15.573071909116411,15.400361796870557,15.545931816101074,129198459
2011-02-22,15.29797046075139,15.418868026414273,14.995480445400512,15.055682182312012,146141730
2011-02-23,15.058642949919465,15.16646361450278,14.90246363697604,15.08306884765625,116017237
2011-02-24,15.084795226688346,15.126739182053983,14.837078560702864,15.02138614654541,108874565
2011-02-25,15.096392652764887,15.166957093669806,15.038164447776806,15.051487922668457,77585724
2011-02-28,15.05049910561316,15.21062640630782,15.001398854285673,15.13438606262207,91602065
2011-03-01,15.242454862569932,15.277985071395577,14.786499752199065,14.822522163391113,133426247
2011-03-02,14.79883442213835,14.95180636675245,14.6850922301218,14.823261260986328,81371863
2011-03-03,14.961182828501384,15.087261254801595,14.927133009156195,15.039642333984375,78103658
2011-03-04,15.009295160767303,15.025332831911708,14.80870429124104,14.819066047668457,120891439
2011-03-07,14.817340409887874,14.894812679895523,14.483021655689514,14.597997665405273,139027162
2011-03-08,14.6293316592135,14.753930651971968,14.561974571164509,14.614034652709961,91738575
2011-03-09,14.58171148201805,14.66831452460922,14.45218008494512,14.60071086883545,86362499
2011-03-10,14.444532845278783,14.473646474289687,14.296741759345435,14.317713737487793,125592995
2011-03-11,14.266392687327643,14.310310171740408,14.145741711047085,14.22913646697998,121734587
2011-03-14,14.132666987242347,14.268120889322592,14.014730198912176,14.063335418701172,113066217
2011-03-15,13.755169168966699,14.0882540990022,13.705823288395742,14.052724838256836,160824559
2011-03-16,14.01448496001782,14.058402452437745,13.601705689188597,13.745302200317383,152509508
2011-03-17,13.9273876828737,14.038908837444813,13.830176296768176,13.850408554077148,116406692
2011-03-18,13.931333296351452,14.01398833182148,13.810436691110922,13.843005180358887,132438559
2011-03-21,14.069008723977083,14.305376380351388,14.039401005456195,14.223955154418945,121288923
2011-03-22,14.242953542653558,14.291312186232563,14.125510852611352,14.244187355041504,75758903
2011-03-23,14.191632262776938,14.370758947524365,14.11292618529566,14.363603591918945,72920303
2011-03-24,14.444285176248327,14.517318183381644,14.280703937390435,14.480308532714844,84262658
2011-03-25,14.480060930247259,14.48080065084491,14.291558771154268,14.303895950317383,114764559
2011-03-28,14.361383194702583,14.433428956343713,14.179790766523396,14.195828437805176,89068604
2011-03-29,14.211619483318984,14.356942938639358,14.137847702351804,14.352995872497559,64432607
2011-03-30,14.418378443140263,14.446012629684413,14.324620979285998,14.35571002960205,57105245
2011-03-31,14.384330143627906,14.511643343064314,14.353242981515038,14.477100372314453,81480268
2011-04-01,14.52644723110385,14.685094166507273,14.52644723110385,14.601452827453613,104919797
2011-04-04,14.631059027046684,14.673989273097238,14.386796300112248,14.499798774719238,82488031
2011-04-05,14.33695783873543,14.347073022104201,13.956993686778427,14.041129112243652,242806701
2011-04-06,14.117368783999654,14.190893990964865,14.014235857524636,14.166714668273926,107132058
2011-04-07,14.204958283232934,14.326102416261387,14.16696139454365,14.310311317443848,101639547
2011-04-08,14.430960490613161,14.430960490613161,14.262444971752917,14.264911651611328,76357137
2011-04-11,14.216554363048953,14.263433569369175,14.137601700306748,14.24542236328125,74606600
2011-04-12,14.186945200133122,14.234070975216323,14.015468899397863,14.078631401062012,83736694
2011-04-13,14.19953219978331,14.251097251457788,14.106761020468115,14.21852970123291,83086265
2011-04-14,14.19163375026242,14.296741154808657,14.115395289406235,14.273548126220703,219070062
2011-04-15,13.453911540618556,13.465261480047198,13.078142953345367,13.09393310546875,563853569
2011-04-18,12.988334578629496,13.018929538289017,12.80526174668074,12.998697280883789,202347616
2011-04-19,13.075430609046247,13.098376119944056,12.85214078350521,12.867684364318848,107766427
2011-04-20,12.975505200098137,12.998204137753348,12.864230618514132,12.97131061553955,122858785
2011-04-21,13.014735544152535,13.034227135645844,12.888902734490289,12.955766677856445,99174342
2011-04-25,12.959467873003016,13.002644694899567,12.879527030711648,12.954532623291016,65476506
2011-04-26,12.990802548508523,13.260231869547317,12.958480628402839,13.146242141723633,140524754
2011-04-27,13.274046133003358,13.276761276033524,13.183990110264777,13.268125534057617,92280599
2011-04-28,13.275527897931367,13.304889043719475,13.17732927706843,13.273306846618652,80299860
2011-04-29,13.323393523714548,13.424552917480469,13.286630447741826,13.424552917480469,169773978
2011-05-02,13.464029677657209,13.464770343034303,13.25233636511428,13.287864685058594,85667905
2011-05-03,13.25258355706371,13.3729870333195,13.067536239662678,13.172642707824707,83572079
2011-05-04,13.2042245148833,13.298720759266836,13.151176245804326,13.219521522521973,84997401
2011-05-05,13.17190310449614,13.309083976164942,13.11367395434375,13.182019233703613,80211530
2011-05-06,13.27774870428572,13.359416510282227,13.204471012175977,13.207430839538574,82552271
2011-05-09,13.200027202929299,13.286136155927652,13.103803067206847,13.26615047454834,78240168
2011-05-10,13.323391743065843,13.432692772754084,13.26269592597294,13.389020919799805,82022292
2011-05-11,13.326847761532512,13.41098129548045,13.167706748455368,13.211130142211914,93902656
2011-05-12,13.205950205658393,13.24789416122124,13.099115838911588,13.201262474060059,58149143
2011-05-13,13.190405906577961,13.222727823635685,13.053224106323146,13.065560340881348,84664157
2011-05-16,12.985621062629658,13.009307238732628,12.741111742747306,12.790950775146484,118771522
2011-05-17,12.717180233688806,13.106766475480686,12.707311622500683,13.088014602661133,132639308
2011-05-18,13.065315405445917,13.084806998593114,12.970571638387314,13.071977615356445,78420843
2011-05-19,13.144019455445786,13.238024431919605,13.069754532069002,13.107504844665527,99118132
2011-05-20,13.12107371957483,13.125761450695842,12.907160323766782,12.929366111755371,93047462
2011-05-23,12.746046668753506,12.829935528113385,12.667094004199255,12.79021167755127,92344839
2011-05-24,12.839063600141962,12.927639240926599,12.784289318725419,12.787003517150879,76284867
2011-05-25,12.764058500594627,12.898278593814123,12.762084022721782,12.821793556213379,52259149
2011-05-26,12.773186081210117,12.882241498064813,12.706570600695589,12.783795356750488,85057626
2011-05-27,12.792430891279732,12.874098687426304,12.738642908335407,12.852139472961426,70093747
2011-05-31,12.953298653652858,13.053224232941199,12.916289004893066,13.052484512329102,107894906
2011-06-01,13.028303228933403,13.155615466008769,12.960946145808467,12.968101501464844,118679178
2011-06-02,13.016709386258578,13.084065533587493,12.891123147159849,13.02879810333252,88510520
2011-06-03,12.879279749492294,13.017447839312224,12.866943515342548,12.905925750732422,70202152
2011-06-06,12.917274741205885,12.998201867262896,12.811427630428323,12.856085777282715,77975179
2011-06-07,12.901239518093027,12.94417165852944,12.805015368986206,12.806001663208008,76590006
2011-06-08,12.744318884222334,12.860527758162771,12.725813588446893,12.809454917907715,66383894
2011-06-09,12.829934790966842,12.829934790966842,12.722360705257147,12.74925422668457,67817246
2011-06-10,12.683868540219995,12.748265797286344,12.565686134773962,12.571113586425781,97961814
2011-06-13,12.583204859439928,12.588140109407341,12.390015897660394,12.453178405761719,97455925
2011-06-14,12.537560380100079,12.683870135194011,12.508939898208359,12.542988777160645,94011061
2011-06-15,12.460579211251856,12.542493583437713,12.351525690326184,12.409259796142578,83242849
2011-06-16,12.405806621787669,12.498576847982253,12.25431504740293,12.345603942871094,110693357
2011-06-17,12.488953386166065,12.5015361933687,11.961445717381446,11.966873168945312,210602442
2011-06-20,11.96638018621457,11.99672762380899,11.824017515667666,11.956016540527344,121598077
2011-06-21,12.02041407828484,12.186957018116235,11.959718256951742,12.163763046264648,111030616
2011-06-22,12.125520703530555,12.147726492138236,12.0090652533761,12.015973091125488,96644896
2011-06-23,11.895568807292756,11.913580011893352,11.688315722893384,11.848443031311035,192787918
2011-06-24,11.859793399919168,11.861520359298986,11.670798101882829,11.716690063476562,152794573
2011-06-27,11.694977212816807,12.050267922876746,11.685107659032763,11.912099838256836,138304463
2011-06-28,11.942200482769218,12.242963485069321,11.942200482769218,12.179800987243652,109011074
2011-06-29,12.251106649014059,12.342644006672518,12.148466868815248,12.276520729064941,94071286
2011-06-30,12.385575042223469,12.501044211827086,12.373485380015103,12.493888854980469,97500090
2011-07-01,12.502771090855335,12.859049070624287,12.493887830370646,12.855347633361816,146013250
2011-07-05,12.960700631816293,13.209897674761443,12.960700631816293,13.136865615844727,154545110
2011-07-06,13.163017074963495,13.28662881680754,13.151667135596659,13.208909034729004,108228151
2011-07-07,13.348066560493884,13.586901860599877,13.221741544418611,13.486234664916992,158010049
2011-07-08,13.149450060720417,13.265412373734263,13.009307479336757,13.125762939453125,191523195
2011-07-11,13.031760654866027,13.224209906519299,12.9656364263294,13.009554862976074,113997696
2011-07-12,13.031264803792427,13.309082321388752,12.977971855177373,13.175601959228516,114073981
2011-07-13,13.249375104300933,13.422085226645736,13.236543832897125,13.280462265014648,112026334
2011-07-14,13.301681960720282,13.372740493556773,12.995983648002742,13.050511360168457,266976958
2011-07-15,14.742087751025498,14.80993893173182,14.51164257750617,14.745048522949219,551342851
2011-07-18,14.618475312474557,14.854348871740772,14.606385651805326,14.678924560546875,179401931
2011-07-19,14.708533031672856,14.919239096828221,14.693482598447472,14.86668586730957,119144917
2011-07-20,14.857558571927795,14.873595300015475,14.689041137695312,14.689041137695312,89446014
2011-07-21,14.656471089516545,15.002632899229276,14.655976997772267,14.976232528686523,139300182
2011-07-22,14.936757444917003,15.28489283836178,14.909124202785955,15.253558158874512,141656982
2011-07-25,15.133401056342942,15.430710174706038,15.12451874048153,15.272062301635742,125733520
2011-07-26,15.24911817830533,15.482277573784552,15.228640291034178,15.359406471252441,94067271
2011-07-27,15.22765192989906,15.320668729781453,14.920967343297315,14.981908798217773,157965884
2011-07-28,14.931822787659502,15.198043797886614,14.877789172397666,15.073692321777344,124802042
2011-07-29,14.908137011615503,15.172878587698284,14.894813537597656,14.894813537597656,166116320
2011-08-01,15.0806022183615,15.1862018318388,14.783539654523874,14.970807075500488,159238637
2011-08-02,14.951809340457633,15.042359468688817,14.595778835122806,14.616257667541504,128503865
2011-08-03,14.662395289639814,14.877790042668533,14.399875701325636,14.83263874053955,153601587
2011-08-04,14.66806899212603,14.77539649903052,14.247888798292294,14.24912166595459,197320845
2011-08-05,14.372980441630586,14.557040503928993,13.866198127914855,14.286624908447266,238052949
2011-08-08,13.890378056488641,14.038908862052214,13.430721500131947,13.471925735473633,300987964
2011-08-09,13.84152415755306,14.177324240373336,13.348311910894912,14.147716522216797,259758001
2011-08-10,13.85090141197735,13.918505076085648,13.514115014436424,13.545697212219238,215589063
2011-08-11,13.664371827556073,14.026571335469637,13.530892412876021,13.869405746459961,193948251
2011-08-12,14.05124462876537,14.075917096997468,13.826720066332031,13.909869194030762,126644924
2011-08-15,13.654751931410203,13.939971397715365,13.472665395040869,13.74850845336914,286867234
2011-08-16,13.630077385272218,13.630323958801581,13.084064395013616,13.29871940612793,278616423
2011-08-17,13.32413397355966,13.414437523318783,13.095662317683896,13.15438461303711,163775579
2011-08-18,12.915548884829095,12.950584054754,12.348563917543373,12.456878662109375,252571164
2011-08-19,12.320190139145062,12.703360655307659,12.110962593417703,12.112443923950195,217211120
2011-08-22,12.43516577579669,12.509185069569838,12.20151421517688,12.2913236618042,196971541
2011-08-23,12.42282973524447,12.86472256413782,12.31328212348002,12.800819396972656,174523715
2011-08-24,12.81340349152762,13.076664689647506,12.761590924602265,12.91110897064209,144318923
2011-08-25,13.086040740724473,13.256037625505922,12.787990929473523,12.83092212677002,132213719
2011-08-26,12.829687560025102,13.087765967305556,12.660676991882475,12.999190330505371,144391193
2011-08-29,13.189175207106441,13.309825263637727,13.164501789207721,13.30069637298584,93782206
2011-08-30,13.278734268461822,13.397165137079039,13.096648697415127,13.340662956237793,120008140
2011-08-31,13.440341685800997,13.478830772602405,13.224700391401838,13.347078323364258,108135806
2011-09-01,13.3419002474681,13.417892142963243,13.106766369677981,13.138347625732422,96982155
2011-09-02,12.940221476959275,13.025343194923694,12.84794534765943,12.94935131072998,96408011
2011-09-06,12.602943984047611,12.898032064983136,12.595542053814414,12.883721351623535,109039179
2011-09-07,13.087766893008588,13.223221741690141,13.012514724144529,13.176095962524414,110645177
2011-09-08,13.170419933679343,13.301187040236755,13.123541676556098,13.199040412902832,95576908
2011-09-09,13.111205046093273,13.191391511256748,12.859294766051619,12.949597358703613,131242091
2011-09-12,12.779602738095026,13.125763681856881,12.768252796285065,13.079626083374023,107216373
2011-09-13,13.12600927192501,13.172395329950097,12.913821870610333,13.064821243286133,94520965
2011-09-14,13.140565472793762,13.24813955057014,12.973529386118278,13.12773609161377,108179971
2011-09-15,13.212364225903306,13.446263298478828,13.189172144296027,13.386554718017578,118875912
2011-09-16,13.441822701514479,13.492154873760839,13.40086504632427,13.48820686340332,141901897
2011-09-19,13.33202998405841,13.567656051754284,13.209405459332828,13.48796272277832,99106087
2011-09-20,13.555319053620925,13.780336777406946,13.38926925064905,13.48697566986084,111580670
2011-09-21,13.513128818647488,13.693487448764637,13.29526644648095,13.303654670715332,100948969
2011-09-22,12.98413961633902,13.046561452332421,12.68189621161309,12.846217155456543,176671736
2011-09-23,12.745058221475793,12.98833275492597,12.694231956273859,12.965880393981934,111508400
2011-09-26,13.008812916435927,13.148955492744777,12.663391725415307,13.123295783996582,105762945
2011-09-27,13.278981546300892,13.497337054806255,13.225934226131445,13.307108879089355,120887424
2011-09-28,13.360402785479232,13.422578050133943,13.019915909274301,13.048042297363281,90871336
2011-09-29,13.225687325183209,13.256776373800694,12.815376691647295,13.014981269836426,116699786
2011-09-30,12.835114584347425,12.928624522849377,12.691270581596317,12.707555770874023,109352349
2011-10-03,12.579503528866013,12.632550849398829,12.213110368953597,12.225939750671387,179646846
2011-10-04,12.09048715477603,12.421352032307407,11.857820907346392,12.383355140686035,166975528
2011-10-05,12.24641813981749,12.52892336062962,11.862012873768904,12.452436447143555,182043797
2011-10-06,12.521523258700936,12.712244589047618,12.400624754207545,12.69941520690918,137485405
2011-10-07,12.751721348221189,12.842270519068263,12.590605854834836,12.709529876708984,114664185
2011-10-10,12.95773991973253,13.260970579105775,12.908887182961566,13.253568649291992,93236167
2011-10-11,13.162031048163936,13.49116795977196,13.162031048163936,13.40185260772705,114563810
2011-10-12,13.523986496126671,13.699164271257352,13.43763094882695,13.53311538696289,127588447
2011-10-13,13.570862405746247,13.792179633230042,13.521269948712217,13.791933059692383,228356741
2011-10-14,14.790694330892087,14.793901676445438,14.49708569982013,14.598491668701172,342474886
2011-10-17,14.402094839488877,14.602192584589869,14.260965962693444,14.369773864746094,160928949
2011-10-18,14.315000383852942,14.620204590501881,14.246161961011182,14.569623947143555,152601853
2011-10-19,14.491410162759276,14.607867505395106,14.291065857745041,14.327582359313965,117699519
2011-10-20,14.357191775589115,14.529654396834935,14.298222904326835,14.400862693786621,135666613
2011-10-21,14.544949662200915,14.624889548028406,14.47561810540845,14.569128036499023,136148412
2011-10-24,14.476113261703146,14.803030095092156,14.470685809680225,14.71544075012207,137589795
2011-10-25,14.633528021005125,14.680407229807045,14.380630457000827,14.38827896118164,102000897
2011-10-26,14.545937581735538,14.561481161494923,14.13414561288976,14.465996742248535,115354763
2011-10-27,14.764787912976624,14.870387520628825,14.638461956738105,14.770955085754395,151778780
2011-10-28,14.66856208051167,14.860518157673862,14.661899871531038,14.807223320007324,100696024
2011-10-31,14.682626364658654,14.796121044724538,14.598244366666357,14.622176170349121,102695490
2011-11-01,14.312780073160914,14.446260451755375,14.230125969379827,14.277003288269043,125472546
2011-11-02,14.431209936325052,14.50670868270514,14.322156401492991,14.429235458374023,85153986
2011-11-03,14.483022654036567,14.742088317871094,14.40209457010102,14.742088317871094,107192283
2011-11-04,14.643397252754353,14.797357406133978,14.616996876691607,14.708534240722656,113817021
2011-11-07,14.638955232390598,15.020399784622006,14.612061710790321,15.009296417236328,134799374
2011-11-08,15.02582688310748,15.158320954894691,14.892593090699293,15.108234405517578,121630197
2011-11-09,14.908880150885782,15.035452702695045,14.770711082682343,14.8272123336792,148996390
2011-11-10,14.950083053758233,14.95057620088783,14.595531996282972,14.682381629943848,115166059
2011-11-11,14.835844587100874,15.102065586000142,14.769227221630759,15.009788513183594,159676271
2011-11-14,15.001155105917158,15.249858086258422,14.99572765325904,15.124520301818848,128026081
2011-11-15,15.119583481680408,15.249856502843503,15.062836612234788,15.212353706359863,107441212
2011-11-16,15.101819528091873,15.2552855750787,15.065550544682896,15.08676815032959,104731092
2011-11-17,15.051733489045047,15.107000918136766,14.724323498949133,14.825236320495605,140255750
2011-11-18,14.853116290847034,14.91479746302274,14.649563699036309,14.677444458007812,132000924
2011-11-21,14.501773647184365,14.520032371317528,14.115149155133006,14.333504676818848,120501984
2011-11-22,14.310311317443848,14.43293583646375,14.192868621757132,14.310311317443848,96572626
2011-11-23,14.19558234782167,14.316478958556724,14.066295623779297,14.066295623779297,93380707
2011-11-25,13.944903695126925,14.16893321031895,13.849665856128759,13.890869140625,62730250
2011-11-28,14.294765787312427,14.527925132077112,14.223953842924693,14.512381553649902,113580136
2011-11-29,14.504734055380437,14.565922079283123,14.343125419620662,14.38260269165039,73546641
2011-11-30,14.753190859510374,14.791679949117919,14.608607129587016,14.788719177246094,136389312
2011-12-01,14.803770322646894,15.198538350013546,14.779097852344984,15.14351749420166,145366836
2011-12-02,15.224443537687888,15.39592078391156,15.204951002723794,15.306111335754395,164040568
2011-12-05,15.485732425251665,15.590838894359619,15.356445686523934,15.436633110046387,128379401
2011-12-06,15.371001373865449,15.509909190759956,15.303151138143589,15.390246391296387,93408812
2011-12-07,15.338678396218047,15.43687700961854,15.25035028147845,15.38086986541748,90630437
2011-12-08,15.322889537219035,15.481043318691752,15.181266575056203,15.1997709274292,96885796
2011-12-09,15.247883159717789,15.522492382859452,15.2234563199596,15.480301856994629,111062736
2011-12-12,15.343615631619654,15.449708390338742,15.304384929050029,15.430217742919922,87683432
2011-12-13,15.513362892151687,15.705812107315799,15.36754535875176,15.436137199401855,161731947
2011-12-14,15.342873304296171,15.403815699114768,15.111934050935341,15.249608993530273,156733281
2011-12-15,15.359404338645724,15.395920839235782,15.264906214191695,15.285879135131836,96705121
2011-12-16,15.403817054875587,15.527181296529651,15.333499191503948,15.444280624389648,179040582
2011-12-19,15.49485837500687,15.506948980622633,15.297228271820561,15.342379570007324,86061375
2011-12-20,15.494612469460506,15.589357172403732,15.494365895917626,15.553088188171387,95886062
2011-12-21,15.544205916887416,15.588864070063115,15.271569266326422,15.440826416015625,100290510
2011-12-22,15.493378479958713,15.586641845439564,15.470186397714087,15.536556243896484,73165217
2011-12-23,15.593305914104029,15.659429194648114,15.557776648835114,15.621432304382324,58365953
2011-12-27,15.594537150273332,15.901468288760919,15.593304282630148,15.796855926513672,64496847
2011-12-28,15.858538258231851,15.914052257798538,15.743808821940073,15.783286094665527,85406931
2011-12-29,15.827450752484594,15.864707920104868,15.672257743470592,15.84990406036377,63252199
2011-12-30,15.840526364693277,15.957476847138533,15.840526364693277,15.936256408691406,71559220
2012-01-03,16.10995834059139,16.4852338554832,16.095893255538552,16.41762924194336,147611217
2012-01-04,16.40824928886611,16.5370418997245,16.299441412545736,16.488435745239258,114989399
2012-01-05,16.336701832000347,16.382099708552953,16.191130849309257,16.259721755981445,131808205
2012-01-06,16.263176713632955,16.28414963833884,16.032238360283724,16.037914276123047,108119746
2012-01-09,15.951061358623528,15.963399482792424,15.327576076923581,15.357924461364746,233776981
2012-01-10,15.53779052477496,15.637716102075403,15.220989827145894,15.374701499938965,176483032
2012-01-11,15.383584797755438,15.528909200819562,15.324863448959343,15.444280624389648,96359832
2012-01-12,15.574059312931707,15.615263544670897,15.457601973696997,15.535075187683105,75289148
2012-01-13,15.45168093666308,15.468704901695425,15.323381458573024,15.4203462600708,92637933
2012-01-17,15.592811427603213,15.592811427603213,15.437370905403746,15.508922576904297,76658261
2012-01-18,15.460810557608236,15.642649564083811,15.349535039280259,15.61575698852539,110882061
2012-01-19,15.815115005315901,15.815115005315901,15.579981146448906,15.780078887939453,253157352
2012-01-20,14.570119390585777,14.581714961638669,14.352257939602785,14.458104133605957,424637703
2012-01-23,14.458348634224857,14.52397876340443,14.388277347174645,14.446505546569824,137027695
2012-01-24,14.466242987977411,14.499798716231425,14.26096438676155,14.333256721496582,122690156
2012-01-25,14.248876335569905,14.278484056571683,13.974266140367806,14.050999641418457,200255805
2012-01-26,14.112433633894279,14.174115749361853,13.929113302179022,14.016701698303223,129531704
2012-01-27,14.082827007222187,14.318207436739696,14.047052114365743,14.309818267822266,145242371
2012-01-30,14.262198240921464,14.310310309893026,14.147469751751169,14.253315925598145,93569411
2012-01-31,14.384329630749992,14.409003045444974,14.190647529426053,14.31302547454834,86017210
2012-02-01,14.432195545671146,14.44601311176744,14.289093137327365,14.330790519714355,93175942
2012-02-02,14.430469323787408,14.468465268191482,14.361630902022887,14.436389923095703,96950036
2012-02-03,14.573324596239335,14.731478374809253,14.50892827970275,14.713220596313477,127215053
2012-02-06,14.680651904278289,15.070977808931035,14.655978490512256,15.028047561645508,147735682
2012-02-07,14.980183483771905,15.035450915538759,14.896541198359515,14.970807075500488,83997668
2012-02-08,15.01694346167487,15.08380739885953,14.920719325555192,15.046797752380371,73731331
2012-02-09,15.100339668186999,15.161528641338283,15.025827221022643,15.086522102355957,90927546
2012-02-10,14.99819302971234,15.004360202147526,14.902462037493866,14.949586868286133,93356617
2012-02-13,15.062836234834652,15.14524375561728,15.050993147323263,15.104779243469238,72924318
2012-02-14,15.08849602992197,15.099845025701738,14.921213362584623,15.044577598571777,72418428
2012-02-15,15.122792263721141,15.122792263721141,14.866932999817406,14.94095230102539,97399715
2012-02-16,14.873347919074062,15.021138996092892,14.747762631347651,14.964637756347656,101615457
2012-02-17,14.926393641292801,14.992023767417987,14.862984566362666,14.918251991271973,98331193
2012-02-21,14.899254140682116,15.244921897455221,14.874827300196056,15.149190902709961,99603946
2012-02-22,15.098858748299627,15.217782771302474,14.969325450115882,14.999672889709473,78974912
2012-02-23,14.97647943921984,14.999671520487997,14.812405076835802,14.954520225524902,82508106
2012-02-24,14.985116828968536,15.091210527489554,14.939718010770768,15.048032760620117,77714204
2012-02-27,14.966364408605035,15.108727085965638,14.928615039945948,15.033474922180176,72827958
2012-02-28,15.05050078237747,15.29155523996101,14.993258874855682,15.257505416870117,114330940
2012-02-29,15.262686950344365,15.435397063678995,15.186200030803857,15.254051208496094,125946315
2012-03-01,15.352990439775606,15.437865587854896,15.251584472347787,15.356444358825684,89843498
2012-03-02,15.3465730835571,15.395919907254036,15.305123225424408,15.328068733215332,63167885
2012-03-05,15.307838068979198,15.35866433590944,15.084547319531298,15.155359268188477,63970883
2012-03-06,15.002386849994421,15.021137774053969,14.651782925961403,14.926146507263184,127451937
2012-03-07,15.027060176109773,15.079860925377263,14.948354088755613,14.971546173095703,50769586
2012-03-08,15.05148637384789,15.087509728369321,14.960443110486578,14.979935646057129,54021731
2012-03-09,14.999919063922514,15.097376064841498,14.803768415604814,14.809937477111816,107224403
2012-03-12,14.803770047892224,14.976481115705043,14.785512269051473,14.930835723876953,67010233
2012-03-13,15.019658796887683,15.244183386829876,14.940706133090725,15.24245548248291,90168712
2012-03-14,15.173864937079761,15.365821026217686,15.135868992708133,15.198291778564453,117916329
2012-03-15,15.2133398741212,15.383582349352348,15.169668021252434,15.325108528137207,97769094
2012-03-16,15.319189009817645,15.443047347590593,15.298463604882189,15.421582221984863,122477361
2012-03-19,15.374207696479735,15.723330295931428,15.327822587846025,15.642155647277832,87237768
2012-03-20,15.566657794419143,15.693476893593179,15.4766008255214,15.630066871643066,61850967
2012-03-21,15.657701384918497,15.97302172663276,15.605888817481205,15.79019546508789,99154267
2012-03-22,15.75367935182718,16.00780976423923,15.568632045328652,15.939959526062012,96769361
2012-03-23,15.95352876426588,16.000407967106394,15.812893989922893,15.854591369628906,77898894
2012-03-26,15.914052053986536,16.024834422895296,15.779337881888418,16.020885467529297,73040752
2012-03-27,15.96414045497564,16.12377273347013,15.909119600043939,15.963892936706543,80588939
2012-03-28,16.087503452072536,16.249357714137066,16.064064796415295,16.179533004760742,101936657
2012-03-29,16.12229195920677,16.200010799824366,15.896782050729604,15.998187065124512,77260510
2012-03-30,16.08059267365853,16.123524805784516,15.815359881067595,15.821280479431152,92774443
2012-04-02,15.809682907411181,15.975732676302488,15.663373188706112,15.961421966552734,91710470
2012-04-03,15.924168886946994,15.986838244545,15.757132791198892,15.855330467224121,82102591
2012-04-04,15.75244460348511,15.766014650314332,15.571098745148259,15.671024322509766,65348026
2012-04-05,15.599224672430491,15.702604165649033,15.508675505064575,15.60119915008545,93095642
2012-04-09,15.506455713157631,15.675466290516573,15.427749626425168,15.56468391418457,87635252
2012-04-10,15.630807875516,15.654986253449817,15.409490644826228,15.466485977172852,99652126
2012-04-11,15.64191021108709,15.691995815643821,15.576033507990939,15.691009521484375,88289696
2012-04-12,15.848669144985127,16.114889194078067,15.797102213021263,16.062335968017578,231127086
2012-04-13,15.97696992896573,16.012499192773767,15.384571792799457,15.410725593566895,327595322
2012-04-16,15.371246670600163,15.391231406986094,14.844725295174168,14.953534126281738,228537416
2012-04-17,15.014971245763425,15.240235544911119,14.97672778359286,15.03989028930664,121409373
2012-04-18,15.00238892812357,15.119584109181853,14.87310219576128,14.987585067749023,107180238
2012-04-19,14.944157744176161,15.204950335325565,14.779096140584677,14.786498069763184,132277959
2012-04-20,14.908629468613903,15.022124141776857,14.700883248751193,14.706557273864746,122794545
2012-04-23,14.628591265405825,14.765526486479908,14.561973901030992,14.744553565979004,88241516
2012-04-24,14.760346875254815,14.967351507819565,14.73764699340563,14.835105895996094,77453230
2012-04-25,14.902463574871003,15.083809450191932,14.874828442106788,15.04359245300293,73117037
2012-04-26,15.072952655495293,15.24788382849364,15.043098362601777,15.185461044311523,84013728
2012-04-27,15.17435760915899,15.216794710224283,15.065304084573704,15.173371315002441,65701345
2012-04-30,15.124272665172358,15.200512073131227,14.818820941510825,14.923434257507324,96652926
2012-05-01,14.897280542059692,15.089976355331721,14.808459269459751,14.91307258605957,80392204
2012-05-02,14.8333759320138,15.003865927397662,14.818818647560471,14.982894897460938,64701612
2012-05-03,15.041123450598448,15.169669507807683,15.02459263189114,15.075665473937988,75000069
2012-05-04,14.94983274709635,14.998438906263827,14.725062562542707,14.729009628295898,88626955
2012-05-07,14.680405913487332,15.064562771403157,14.680405913487332,14.99005126953125,80079035
2012-05-08,14.94021226620508,15.2207439947948,14.82104166612933,15.11933708190918,107493407
2012-05-09,14.972039178562747,15.207912739415677,14.848427428055121,15.029526710510254,93501157
2012-05-10,15.123530899471223,15.203225165509263,15.056173812566994,15.140802383422852,61666277
2012-05-11,15.059134837197112,15.162761853194088,14.921459889241609,14.932809829711914,84290763
2012-05-14,14.82301526241614,15.013490964513945,14.818080957327078,14.90246295928955,73249532
2012-05-15,14.93577047682419,15.173864148639712,14.896293203770215,15.077886581420898,84399167
2012-05-16,15.246895931484366,15.546425141651516,15.197055957815595,15.517557144165039,194128926
2012-05-17,15.638454795286503,15.73763970074732,15.32757471703865,15.372479438781738,134654835
2012-05-18,15.423062732927242,15.60366888981511,14.72235074944033,14.813640594482422,239835606
2012-05-21,14.816352499491666,15.19088822999805,14.80376874740667,15.151904106140137,123477094
2012-05-22,15.135374648986113,15.144502593129275,14.705078336134322,14.823508262634277,122533571
2012-05-23,14.844480324283136,15.040630996003491,14.732712598894722,15.037176132202148,127600492
2012-05-24,15.029774921317072,15.09787268025693,14.775891073172188,14.894074440002441,75935562
2012-05-25,14.828442972758989,14.84645417746268,14.514602100155761,14.5947904586792,143813034
2012-05-29,14.700389656073012,14.782303082346479,14.515589882813892,14.6641206741333,104618672
2012-05-30,14.511642600737797,14.603918732873241,14.397407252678562,14.5133695602417,76553871
2012-05-31,14.525458267486293,14.557039517740273,14.285637646484354,14.331528663635254,119177037
2012-06-01,14.107746608127721,14.128965158658024,14.022871461280307,14.087760925292969,122774470
2012-06-04,14.06901074541235,14.322403348706702,14.063829866289895,14.275524139404297,97672734
2012-06-05,14.198048560472584,14.26417183389592,13.976485712963136,14.073697090148926,93946821
2012-06-06,14.223462324882627,14.358916223050349,14.152651317111173,14.324374198913574,84146223
2012-06-07,14.497826510845746,14.504981867389235,14.242461339754566,14.266640663146973,70603652
2012-06-08,14.207918360906588,14.334984031691425,14.176582738347019,14.321413040161133,56627461
2012-06-11,14.414183949068745,14.441571562242146,13.981914074241743,14.026572227478027,106842978
2012-06-12,14.057907722877045,14.070984623999957,13.781817136851622,13.9426851272583,129451404
2012-06-13,13.859289766068262,13.989563735146438,13.784284171264984,13.843746185302734,78460993
2012-06-14,13.848926208223114,13.941943002973346,13.730989426352133,13.793412208557129,94147570
2012-06-15,13.825242824349413,13.92837576078434,13.74505540038741,13.928128242492676,120497969
2012-06-18,13.881496159859719,14.167456301480165,13.79834891073669,14.084555625915527,100250360
2012-06-19,14.152159349973587,14.415912756769089,14.140562834872794,14.348062515258789,83359284
2012-06-20,14.305622474661961,14.31031020581637,14.150182902360534,14.24887466430664,94219840
2012-06-21,14.306363099659064,14.306363099659064,13.908881828518744,13.945398330688477,80753554
2012-06-22,14.014234325384358,14.100096702575684,13.960447289064012,14.100096702575684,89450029
2012-06-25,13.997703868358334,14.016454792663247,13.751467614649894,13.834121704101562,63501129
2012-06-26,13.884950150663418,13.979693908882824,13.804022068655287,13.93232250213623,54210435
2012-06-27,14.006835045798715,14.162027122620053,13.965385179902297,14.046311378479004,67945726
2012-06-28,13.962422723343668,13.970564373513522,13.748014283914703,13.923192024230957,77124000
2012-06-29,14.185959982265379,14.313518807637273,14.11786317069666,14.31203842163086,101157748
2012-07-02,14.35521620996029,14.384329838310677,14.223955947020919,14.321907997131348,66468209
2012-07-03,14.310558548302618,14.517811651898938,14.260966087674275,14.503500938415527,47758342
2012-07-05,14.526445893956794,14.805250646714004,14.52101749739088,14.703104019165039,94187720
2012-07-06,14.617489386788893,14.643888815268687,14.379888862113656,14.457855224609375,86796118
2012-07-09,14.432441468385667,14.522498432701047,14.341151636453567,14.45859432220459,68861145
2012-07-10,14.561729039019275,14.616996469939613,14.279223766667824,14.352256774902344,77212330
2012-07-11,14.219021630977842,14.25726509362335,13.93873647321199,14.09294319152832,140496649
2012-07-12,13.99252447623367,14.111200985772872,13.868418625026568,14.075425148010254,92738308
2012-07-13,14.116628496882914,14.289339568833514,14.02780628069985,14.224449157714844,79336261
2012-07-16,14.220748609782467,14.290326752224395,14.10750049715251,14.18497371673584,58723287
2012-07-17,14.271573476779842,14.326840900783456,14.02410340874131,14.229630470275879,67455897
2012-07-18,14.235799087696842,14.401354802991394,14.214828054679023,14.329062461853027,62160121
2012-07-19,14.461802220950272,14.766266684542895,14.458348302038976,14.632539749145508,187688877
2012-07-20,15.019904900263453,15.123038774426753,14.758865703449276,15.070732116699219,259517101
2012-07-23,14.815611894843345,15.256517472141367,14.76059198938706,15.186446189880371,143002005
2012-07-24,15.173863706196551,15.246155096420326,14.910850054766493,14.990544319152832,80677269
2012-07-25,15.009048585297553,15.13389320144902,14.93626310370652,15.000905990600586,73193322
2012-07-26,15.173863528916465,15.220001119683847,15.051239019957777,15.133399963378906,67660662
2012-07-27,15.269841108955754,15.667322353667288,15.23554660511066,15.666336059570312,142520206
2012-07-30,15.693230705392873,15.854837461071828,15.53162206026149,15.600707054138184,87795852
2012-07-31,15.501028207681737,15.704333291123143,15.500040968777478,15.617237091064453,74903709
2012-08-01,15.724071393698045,15.778599101688213,15.578008217485218,15.610081672668457,74060561
2012-08-02,15.433176942958417,15.742081613722991,15.381363436642754,15.513116836547852,79404516
2012-08-03,15.79068938138593,15.882473316198187,15.695451527376587,15.823504447937012,76168432
2012-08-06,15.781065554987432,16.02212000447191,15.771443518570782,15.860265731811523,71563235
2012-08-07,15.83485097509901,15.895793367008242,15.703591674090195,15.804010391235352,79569131
2012-08-08,15.767247444580104,15.935517337013598,15.753677398627124,15.845707893371582,53086237
2012-08-09,15.901963900052081,15.94785491982216,15.82819117601499,15.84867000579834,42972470
2012-08-10,15.755899993816262,15.845956019800507,15.695203224265402,15.840033531188965,57599089
2012-08-13,15.97375980613424,16.28784722922322,15.955502029236236,16.284393310546875,131205956
2012-08-14,16.265642045257913,16.601193677615473,16.259474872592392,16.497814178466797,147016998
2012-08-15,16.537788947305316,16.63574006983686,16.38531010645935,16.470184326171875,96789436
2012-08-16,16.469441816812633,16.64535927974786,16.45883065230112,16.601686477661133,68965534
2012-08-17,16.632532147688195,16.709757855411123,16.57282355525934,16.70704460144043,87434502
2012-08-20,16.666578097936693,16.749725340280747,16.596505866205298,16.667564392089844,70587592
2012-08-21,16.607610543343053,16.72825963959005,16.33768714634908,16.518787384033203,89221174
2012-08-22,16.466229922288253,16.79240601357147,16.449451588912854,16.708024978637695,76654246
2012-08-23,16.63622854343292,16.789448006732275,16.55554893159843,16.698652267456055,71635505
2012-08-24,16.66904685288717,16.78870966043946,16.631543109643545,16.743804931640625,57277890
2012-08-27,16.35791839688433,16.580221910302004,16.265395695383866,16.51163101196289,104939872
2012-08-28,16.407512469522146,16.718884796283106,16.40109777824296,16.70975685119629,82652646
2012-08-29,16.712718258022452,16.999418124766773,16.682617388906127,16.975238800048828,120060335
2012-08-30,16.882218056485474,16.959938785299133,16.782046856048243,16.819055557250977,65319921
2012-08-31,16.87629995868592,16.989302452417803,16.778594473485704,16.903194427490234,85402916
2012-09-04,16.889867685427568,16.900970107583483,16.617232933871424,16.803266525268555,75867307
2012-09-05,16.777607376454558,16.93798221897372,16.756388824380547,16.795372009277344,68584110
2012-09-06,16.92465537579692,17.2683505233132,16.89430699337448,17.25625991821289,122196311
2012-09-07,17.27106574617022,17.573310124167406,17.213577264731004,17.422805786132812,129804723
2012-09-10,17.511874281654226,17.587127402250307,17.231343466118894,17.29006576538086,102783820
2012-09-11,17.220731821269364,17.287102615777297,17.049008939757897,17.078369140625,75232938
2012-09-12,17.009777284430513,17.145479637739736,16.799316861600783,17.04604721069336,106088160
2012-09-13,17.100575764827212,17.49312083543372,17.03765888971349,17.420089721679688,106758663
2012-09-14,17.507918940260492,17.591806819870914,17.44401579200372,17.5098934173584,105132591
2012-09-17,17.4711668274864,17.588855170815606,17.39443237247515,17.517305374145508,60558139
2012-09-18,17.46301936570333,17.731461415190736,17.438346897255858,17.72208595275879,82981875
2012-09-19,17.702843128725593,17.975725410410202,17.67594866244922,17.94957160949707,124396528
2012-09-20,17.87481157341895,18.045302536318836,17.79462510090326,17.964868545532227,116731906
2012-09-21,18.06578270502082,18.13264664976996,18.01421576763827,18.109699249267578,255317419
2012-09-24,18.03592675843136,18.505699423364383,18.017423350913777,18.489416122436523,143086320
2012-09-25,18.579968268124176,18.872096567877602,18.44698102118126,18.483991622924805,243248350
2012-09-26,18.50100957713568,18.782035360770863,18.282655033549144,18.590078353881836,227766537
2012-09-27,18.750208443526997,18.821512594123014,18.545422046309366,18.665084838867188,157833389
2012-09-28,18.607103135998212,18.734170691539497,18.53308573223062,18.615739822387695,111757330
2012-10-01,18.728001573572246,18.874804457777348,18.657931235836116,18.795358657836914,127194978
2012-10-02,18.879739924016235,18.899231513941807,18.511374193083725,18.677175521850586,112026334
2012-10-03,18.64584104186595,18.848159817369712,18.558992365984533,18.81312370300293,88663090
2012-10-04,18.819294661417235,18.995459655663517,18.736638671903552,18.95005989074707,98535958
2012-10-05,19.015688097328784,19.10623821025725,18.875052382332306,18.940189361572266,109846193
2012-10-08,18.776115088307815,18.839770737261187,18.607103577507015,18.698148727416992,78637653
2012-10-09,18.743295781046587,18.784005913754573,18.320402414183334,18.3588924407959,120578269
2012-10-10,18.30387650828574,18.443771571600834,18.215794011505306,18.370492935180664,81901842
2012-10-11,18.576265365272242,18.714433466885914,18.511869046053402,18.541229248046875,95713418
2012-10-12,18.550354125942704,18.624864664346436,18.35913780776001,18.37517547607422,96528461
2012-10-15,18.30584788765851,18.35247957235034,18.02852540431334,18.282161712646484,121216653
2012-10-16,18.2611883829289,18.43044550566295,18.170638278553966,18.373943328857422,82636586
2012-10-17,18.355439988152476,18.661136340462175,18.264394846998794,18.64016342163086,92059774
2012-10-18,18.6414043130454,18.737133432722104,16.678916736440467,17.147703170776367,499561487
2012-10-19,17.408737449875407,17.436370687369457,16.580220245896417,16.821767807006836,461009524
2012-10-22,16.802527049091072,16.89184335863418,16.52347569752008,16.744792938232422,162832055
2012-10-23,16.58047070990497,16.958459455840757,16.58022319163113,16.78624153137207,117101285
2012-10-24,16.945381227561274,16.95031647703154,16.66090150675638,16.710988998413086,100234300
2012-10-25,16.777606112889437,16.826952941276026,16.6174788007132,16.722339630126953,96403996
2012-10-26,16.69124717103035,16.852362633904253,16.56048008644075,16.657939910888672,78324483
2012-10-31,16.774150684281043,16.80227707020796,16.6542403772758,16.78500747680664,61710442
2012-11-01,16.765270617560866,17.046542072357482,16.746024654543895,16.964874267578125,82311371
2012-11-02,17.14251563981966,17.16126656087052,16.959442862465792,16.973011016845703,93324497
2012-11-05,16.888634324190818,16.946861579588873,16.668057758580137,16.850637435913086,65681270
2012-11-06,16.912809953528612,16.937977454340906,16.71715341868515,16.820039749145508,63549309
2012-11-07,16.654242564464578,16.733935891175808,16.444275268146303,16.459819793701172,89626688
2012-11-08,16.53580971396988,16.56763753720943,16.06776404856263,16.093917846679688,104269368
2012-11-09,16.15214678918634,16.48992042534199,16.04482022148659,16.358905792236328,125030896
2012-11-12,16.376671653867195,16.52594407723657,16.305615010123894,16.429719924926758,56446786
2012-11-13,16.358163886767453,16.471657605561454,16.24047369487772,16.260705947875977,64007018
2012-11-14,16.300432891531205,16.337936637586235,16.049757316294812,16.1003360748291,66986143
2012-11-15,16.037413187631195,16.284143493341812,15.886908891502456,15.969810485839844,74233205
2012-11-16,15.93847999294884,16.11193172864314,15.691996196100693,15.967840194702148,138043489
2012-11-19,16.17805245062193,16.504228615096352,16.17385786633685,16.486711502075195,95083064
2012-11-20,16.518786168413126,16.728258408554876,16.396901379238425,16.530136108398438,83861158
2012-11-21,16.505958037878024,16.52594277640313,16.294016267517843,16.428977966308594,84804682
2012-11-23,16.530136010079428,16.530874785925583,16.434650649052944,16.480789184570312,37038310
2012-11-26,16.4430386496424,16.456856213272346,16.259965851169454,16.312519073486328,88514535
2012-11-27,16.288340381215637,16.65424036346573,16.234800862811483,16.54839324951172,100724129
2012-11-28,16.48177850203792,16.898752357577596,16.38012783953626,16.8681583404541,122136087
2012-11-29,16.96955981871615,17.12055917359481,16.826951521247256,17.070966720581055,111476280
2012-11-30,17.056657802360935,17.251819345024053,16.91799655605037,17.23084831237793,127018318
2012-12-03,17.326331229747904,17.416386299265376,17.125739429146734,17.153865814208984,88028721
2012-12-04,17.147700475011032,17.160284227834826,16.918241599571477,17.04974937438965,79966615
2012-12-05,17.07738396177285,17.13536559140477,16.83509568559856,16.970550537109375,74775229
2012-12-06,16.96487376605689,17.162750450652737,16.888881878790375,17.052217483520508,58711242
2012-12-07,17.14769928784432,17.19408345101014,16.837313299179243,16.88147735595703,77059760
2012-12-10,16.91059241880475,17.065045697087996,16.871116091895804,16.911333084106445,54872909
2012-12-11,17.024331992733718,17.318434661580394,16.968079224387676,17.194082260131836,107906951
2012-12-12,17.252070203056032,17.35766981942584,17.110198765121137,17.210865020751953,97403730
2012-12-13,17.663856992600543,17.677428928783716,17.259961991302575,17.337682723999023,138312493
2012-12-14,17.250585245531678,17.46400642966036,17.23232746889486,17.319421768188477,85523366
2012-12-17,17.406765283276517,17.811895995779583,17.37024972644178,17.783769607543945,121871097
2012-12-18,17.680634852499622,17.989046371301168,17.642392338099253,17.790924072265625,120646524
2012-12-19,17.78203865995252,17.83854083747045,17.682608129264203,17.767234802246094,77031655
2012-12-20,17.84495493264602,17.87925037773487,17.68976100540988,17.822750091552734,66528434
2012-12-21,17.61574436876488,17.735409043852577,17.53062265848152,17.656700134277344,141568653
2012-12-24,17.629070616467033,17.645603326554752,17.455373240653984,17.505460739135742,33762076
2012-12-26,17.470174831875777,17.588851333098244,17.330527299176346,17.489913940429688,47473277
2012-12-27,17.447229100471723,17.489173052343723,17.23676867580546,17.42625617980957,66142994
2012-12-28,17.31276352101118,17.44155615638381,17.271312713623047,17.271312713623047,56290202
2012-12-31,17.27106328508599,17.531856817210638,17.172371527276105,17.453149795532227,80195470
2013-01-02,17.75021410738195,17.937233986582232,17.679401213668324,17.844709396362305,102033017
2013-01-03,17.8861610892503,18.05887215467448,17.782288443292682,17.855073928833008,93075567
2013-01-04,17.99497101421486,18.29425271966262,17.954013354116174,18.207897186279297,110954331
2013-01-07,18.145719987851514,18.242684791292916,18.025564046674777,18.128450393676758,66476239
2013-01-08,18.147942627046305,18.16669355250201,17.87382465412584,18.092674255371094,67295297
2013-01-09,18.06726407666804,18.217275283760717,17.97671394581798,18.21160125732422,81291563
2013-01-10,18.32780760048104,18.381349013972358,18.09760994265249,18.294498443603516,73703226
2013-01-11,18.307328661113605,18.317937935893802,18.166692945986338,18.257736206054688,51600690
2013-01-14,18.183962448264086,18.31226192854148,17.822504552802815,17.844709396362305,114985384
2013-01-15,17.7479899168887,18.134615269326165,17.5696048568076,17.886157989501953,157696879
2013-01-16,17.823737338042307,17.87160283067988,17.608341676447136,17.645845413208008,81239368
2013-01-17,17.70802515010937,17.75564313400968,17.54296257279285,17.550365447998047,88791570
2013-01-18,17.526676661485258,17.58613962116325,17.30387998030607,17.382341384887695,129555794
2013-01-22,17.386042936156716,17.402819385028288,17.1605311102564,17.341876983642578,152264594
2013-01-23,18.159044445067718,18.480037831495014,18.154109195605734,18.29499053955078,237249950
2013-01-24,18.28857825628791,18.67322919174891,18.27056610680344,18.608585357666016,135815168
2013-01-25,18.52370895665309,18.713937109651635,18.510877687103203,18.595260620117188,89369729
2013-01-28,18.548137285070194,18.642880091838077,18.45265192354772,18.522724151611328,65327951
2013-01-29,18.424522581384426,18.67618816616196,18.419341703472643,18.59550666809082,70145942
2013-01-30,18.596992539616107,18.774884506975802,18.576512762301057,18.599212646484375,69579828
2013-01-31,18.517297099672312,18.692721439815468,18.510882407987484,18.645103454589844,65613015
2013-02-01,18.70702916592413,19.161013545598927,18.70456343063354,19.13633918762207,150405652
2013-02-04,18.94117685476861,19.009767757189625,18.708759089218393,18.727262496948242,122075862
2013-02-05,18.779319463088328,19.025556642904245,18.73836369882988,18.893062591552734,75108474
2013-02-06,18.72849467362716,19.071201637530457,18.714431480355987,19.002365112304688,83435569
2013-02-07,18.990773597896258,19.215542888328297,18.8871465658372,19.095632553100586,114033831
2013-02-08,19.248107946215907,19.40946906544655,19.234044752454317,19.37739372253418,121256803
2013-02-11,19.205426271616016,19.318920011509285,19.09069682982503,19.304609298706055,87037018
2013-02-12,19.288078961634252,19.43981709735657,19.229356673442364,19.262170791625977,74638720
2013-02-13,19.248108837560267,19.376901472782123,19.244161771440634,19.315465927124023,48107646
2013-02-14,19.238237796803144,19.460541293993,19.18987726804895,19.437841415405273,69672173
2013-02-15,19.427480032351237,19.572064709524245,19.419338381924714,19.56293487548828,109601278
2013-02-19,19.639420714090843,19.911071050710575,19.621903601782456,19.90736961364746,117711564
2013-02-20,19.869124980258746,19.95967509142029,19.535793477028914,19.552324295043945,110982436
2013-02-21,19.68901322608269,19.872826704539715,19.521730565879643,19.628070831298828,140781714
2013-02-22,19.720104487737554,19.769203805662,19.585390288962174,19.73120880126953,82463941
2013-02-25,19.795107505083944,19.945861248151317,19.503721815753337,19.510629653930664,92501423
2013-02-26,19.614990803547233,19.63843134515785,19.353458524962928,19.49483299255371,88430220
2013-02-27,19.610063853603798,19.855560456887325,19.519022459525345,19.73293685913086,81347773
2013-02-28,19.76549769212687,19.910823022901,19.76377262221766,19.76796531677246,90971711
2013-03-01,19.684080051000787,19.914525236735905,19.64336990725469,19.89108657836914,87342157
2013-03-04,19.869127011306148,20.30189098511279,19.8617260259611,20.268829345703125,111440145
2013-03-05,20.45214805005852,20.728979267757595,20.451407384747778,20.69073486328125,162370331
2013-03-06,20.75069171246937,20.823970344566433,20.449188015463132,20.512598037719727,115350748
2013-03-07,20.57872031458811,20.641882815515117,20.468185465602776,20.54269790649414,82415761
2013-03-08,20.589576508038846,20.599940154552062,20.356418079646666,20.51605224609375,116912581
2013-03-11,20.52024934319137,20.717878532513737,20.515559721715423,20.597475051879883,64027093
2013-03-12,20.496063553477185,20.52517623071827,20.322364336742357,20.41957664489746,80633104
2013-03-13,20.42673619409577,20.495572725445044,20.288813723674938,20.36283302307129,65898080
2013-03-14,20.40428783740612,20.40428783740612,20.167427922279415,20.269819259643555,66295564
2013-03-15,20.19480782891447,20.239219404468685,20.067496535111317,20.091182708740234,124452737
2013-03-18,19.8617207367343,20.053182683956443,19.774624558635058,19.930557250976562,73807616
2013-03-19,20.015685645310406,20.213314811203258,19.897500396098216,20.017658233642578,84242583
2013-03-20,20.15360308187611,20.170379527345204,20.020615883104085,20.10129737854004,58771467
2013-03-21,20.01691690697746,20.1558256658028,19.98138764474302,20.016178131103516,59325536
2013-03-22,20.102037852500477,20.114374086504405,19.976205998317667,19.99273681640625,59751126
2013-03-25,20.044549204011,20.212820044634995,19.906628635265363,19.976205825805664,68736680
2013-03-26,20.071442934437968,20.0837791678847,19.930559709673286,20.044795989990234,47854701
2013-03-27,19.903174343528708,19.911072254636075,19.771175308152667,19.803991317749023,86852328
2013-03-28,19.836803947316497,19.870853766783256,19.573051525197638,19.595008850097656,91855009
2013-04-01,19.615242367655252,19.79387497623605,19.571817083199534,19.76772117614746,72562968
2013-04-02,19.85037129183998,20.10425695961833,19.83704876565478,20.060091018676758,81966082
2013-04-03,20.070456489804318,20.08871615749585,19.754889602438755,19.891332626342773,69800653
2013-04-04,19.843218287174775,19.88022698825191,19.52370435513066,19.61672019958496,98270968
2013-04-05,19.39441911974261,19.417366520097605,19.15607980516214,19.320154190063477,137870844
2013-04-08,19.214060120451443,19.233797339696284,18.958694967034038,19.117834091186523,113708616
2013-04-09,19.133871901461152,19.33742449402127,19.074903982652188,19.186920166015625,86615444
2013-04-10,19.31694890283954,19.54961420503946,19.146212298654905,19.496074676513672,79440651
2013-04-11,19.56268867129434,19.568117067903163,19.34507288604381,19.501253128051758,81452163
2013-04-12,19.540730106805377,19.543445249926386,19.317192770437693,19.49286460876465,65713390
2013-04-15,19.391705439310936,19.664342089287764,19.171376390606223,19.29252052307129,98491793
2013-04-16,19.40749682832338,19.639668979678873,19.34162106490756,19.574779510498047,69941178
2013-04-17,19.41144683460046,19.51235872225,19.198025598876107,19.308067321777344,81785407
2013-04-18,19.37689999953064,19.388004310598795,18.782529326458928,18.897258758544922,133398142
2013-04-19,18.977445033362578,19.823233776545305,18.90589336557018,19.735151290893555,232998073
2013-04-22,19.753164213911063,19.836063935252913,19.121535412844192,19.741073608398438,115768308
2013-04-23,19.763033688095575,20.120792056738125,19.747241644761374,19.933277130126953,92035684
2013-04-24,19.93845800379023,20.182473226085058,19.935744750114427,20.07021141052246,73438237
2013-04-25,20.139293575900957,20.14472197219731,19.926613052437663,19.962881088256836,79986690
2013-04-26,19.92587431681362,19.929326346069953,19.653976470029722,19.773393630981445,99880980
2013-04-29,19.818546475598033,20.298435240427374,19.812377413821586,20.20862579345703,92376959
2013-04-30,20.20714465985149,20.42032022881064,20.174576170149397,20.344573974609375,92613843
2013-05-01,20.312252534937247,20.348273053204256,20.142009105599538,20.242427825927734,58418148
2013-05-02,20.23428762467777,20.59081029037841,20.208381342611208,20.46892738342285,81034603
2013-05-03,20.650274823472003,20.893056251205007,20.626588646185606,20.866409301757812,100880714
2013-05-06,20.92907399939197,21.264379954777088,20.92907399939197,21.256977081298828,85973045
2013-05-07,21.293004653353744,21.31422320601697,20.988540151341326,21.150394439697266,78653713
2013-05-08,21.144721080666226,21.561199903573407,21.043809193187034,21.55503273010254,99102072
2013-05-09,21.486191599261048,21.70380739215419,21.421795281920467,21.501983642578125,88353936
2013-05-10,21.59648095147333,21.725519215716233,21.518760215224646,21.717870712280273,76192522
2013-05-13,21.684809440199214,21.77313945333443,21.548863335574964,21.651254653930664,58157173
2013-05-14,21.650513126750838,21.926603688379394,21.641632700534018,21.887374877929688,63408784
2013-05-15,22.094625959047605,22.609796464201384,22.058110403979672,22.597707748413086,160033605
2013-05-16,22.674440801502012,22.698620123070384,22.255246905810917,22.301137924194336,128865215
2013-05-17,22.45287719643081,22.538492057885616,22.218483083990066,22.432151794433594,112098604
2013-05-20,22.329018612434936,22.71391705752591,22.329018612434936,22.416114807128906,91248746
2013-05-21,22.403530792338973,22.493340239530312,22.146686203148498,22.37762451171875,79617311
2013-05-22,22.268814141530218,22.435356117929125,21.881943155818295,21.944612503051758,102807910
2013-05-23,21.638180526369254,21.957942054714003,21.56416310614662,21.781036376953125,91345105
2013-05-24,21.595245943141933,21.683080913383403,21.490385117998102,21.547380447387695,92216359
2013-05-28,21.79855303760528,22.01172673708696,21.722066110926164,21.743532180786133,90638467
2013-05-29,21.606346743780144,21.66260140363721,21.324582186927117,21.42376708984375,80837869
2013-05-30,21.46349319422823,21.685056048959837,21.376890144275364,21.48421859741211,85145956
2013-05-31,21.41908038637501,21.638175603717478,21.4042765278078,21.49556541442871,79071272
2013-06-03,21.539484114754096,21.5634159175591,21.095865278090653,21.40699005126953,99399181
2013-06-04,21.412418223620914,21.480022826131684,21.072424512341,21.196531295776367,75024159
2013-06-05,21.280665811512957,21.451895542687506,21.147926114476792,21.211336135864258,84587872
2013-06-06,21.324830359503117,21.374917853408316,20.90341634150371,21.333219528198242,103550684
2013-06-07,21.47582947577329,21.712196190438576,21.34999761517948,21.705533981323242,107385002
2013-06-10,21.764011141853327,21.983601432872202,21.71441867961933,21.96435546875,93862506
2013-06-11,21.810146917947385,21.88490687924917,21.700352731092547,21.707508087158203,70567517
2013-06-12,21.846909306405152,21.860231834536844,21.456829990660367,21.514318466186523,88522565
2013-06-13,21.440301182658988,21.703808003322326,21.354438793969567,21.6381778717041,83106340
2013-06-14,21.71466452499631,21.82816015466726,21.567366591023344,21.589818954467773,90136592
2013-06-17,21.693195571549623,21.944859267503332,21.669756917043372,21.86639976501465,86173794
2013-06-18,21.925616458737608,22.230326542664343,21.91821358460293,22.220951080322266,87000883
2013-06-19,22.239457056006863,22.473108624753884,22.14397169135512,22.22243309020996,117073180
2013-06-20,22.05737049267305,22.23032718283491,21.79386368759371,21.829145431518555,135385563
2013-06-21,21.91796702304868,21.9559620178519,21.54121024927761,21.735139846801758,159889066
2013-06-24,21.51185594573422,21.62140452633638,21.298927847736678,21.460289001464844,121128323
2013-06-25,21.644592101623438,21.70430068792179,21.330013387342706,21.3717098236084,102510801
2013-06-26,21.557988635964914,21.662847566372957,21.47952913211436,21.55552101135254,73530581
2013-06-27,21.682592463639796,21.827915941810595,21.629546078117908,21.639907836914062,77348840
2013-06-28,21.586363215200794,21.75759293944697,21.568846103028676,21.721323013305664,94324230
2013-07-01,21.87133448575993,22.01024513049024,21.83555959563189,21.906618118286133,69250599
2013-07-02,21.963860133857303,21.983599243140368,21.644839321310098,21.76919174194336,75943592
2013-07-03,21.70972837637517,21.93844658578553,21.6751872975959,21.87084197998047,42036977
2013-07-05,21.95917012445249,22.092404847023854,21.893292483706933,22.045032501220703,68331166
2013-07-08,22.18616376498927,22.360354272580036,22.13361053551861,22.331239700317383,79075287
2013-07-09,22.477057001997004,22.52516812629619,22.15581420883737,22.33493995666504,79472771
2013-07-10,22.290777601274286,22.480512638347015,22.215031341627526,22.35344696044922,68592140
2013-07-11,22.526399765095558,22.71909554085709,22.415864925875816,22.705032348632812,103755449
2013-07-12,22.69911493081403,22.773134231567383,22.581672233253702,22.773134231567383,103113050
2013-07-15,22.80520587488522,22.896494756451908,22.609301805600765,22.81482696533203,78713937
2013-07-16,22.875029782290387,22.895753292962343,22.548606147425538,22.689489364624023,79617311
2013-07-17,22.72378697735771,22.868371657040914,22.60782561270183,22.663339614868164,60469809
2013-07-18,22.674194025009236,22.699114012709305,22.28436220589647,22.469161987304688,145924920
2013-07-19,21.8752860882215,22.278442356316585,21.603883235431795,22.121768951416016,295475379
2013-07-22,22.255002853097114,22.518262155435867,22.131636722312855,22.469655990600586,116563276
2013-07-23,22.469653310531505,22.526401119298875,22.195044099949097,22.29941177368164,82134711
2013-07-24,22.38478241831336,22.459788015203824,22.222928136104862,22.27720832824707,83451629
2013-07-25,22.054412934771747,22.127937205184658,21.862210254858024,21.90218162536621,120493954
2013-07-26,21.884662762733736,21.958682070218174,21.76154602819166,21.844200134277344,71374530
2013-07-29,21.83309319985055,22.07784908757934,21.734155802722736,21.768203735351562,75959652
2013-07-30,21.846910426638445,22.097340336104626,21.73366042917665,21.981624603271484,70487217
2013-07-31,22.032697622742035,22.119546298904886,21.86467429575119,21.903409957885742,87265872
2013-08-01,22.08229000783703,22.317916048850435,22.08229000783703,22.30977439880371,85856610
2013-08-02,22.29053210720185,22.378368981113066,22.22589015378913,22.367759704589844,68812965
2013-08-05,22.338642527638008,22.341850817831883,22.185916199804563,22.32901954650879,52584363
2013-08-06,22.321365528753216,22.445224772052537,22.100295872375828,22.121021270751953,60469809
2013-08-07,22.083275064774554,22.167410482416695,21.936470296094786,21.974960327148438,55374783
2013-08-08,22.094378025122868,22.103014711404317,21.842714320775592,22.024555206298828,59743096
2013-08-09,21.97274137196987,22.095119308837113,21.95892380720416,21.96904182434082,53146462
2013-08-12,21.882439982072864,21.884907606929602,21.752906682165843,21.84814453125,55286453
2013-08-13,21.8807131285293,21.921916417588644,21.61843823724085,21.743038177490234,57004870
2013-08-14,21.671974520779596,21.717865530445845,21.395390871735838,21.460773468017578,83600184
2013-08-15,21.32828396800878,21.340127055534804,21.169390470002902,21.21034812927246,75048249
2013-08-16,21.25031772766689,21.278939152504194,21.13336818239823,21.142498016357422,67255147
2013-08-19,21.16223683822061,21.514814349658806,21.155822146863386,21.35814094543457,72707508
2013-08-20,21.424757036112922,21.51752726468116,21.30608052424158,21.352466583251953,49504863
2013-08-21,21.481504973318934,21.635958269249706,21.379113652017516,21.448938369750977,70555472
2013-08-22,21.53208303499351,21.58266178333217,21.471633787894294,21.557003021240234,34926424
2013-08-23,21.65865204373757,21.662846627506365,21.459295947590853,21.470643997192383,43245489
2013-08-26,21.465466876398867,21.58636538270789,21.368008917541943,21.37639808654785,42257801
2013-08-27,21.209363392697107,21.310768419996343,20.920195910669175,20.975709915161133,69623993
2013-08-28,20.97817556570432,21.105486864523698,20.916985651601234,20.93623161315918,53395392
2013-08-29,20.949060903096616,21.22811222884968,20.937217815867232,21.105979919433594,59361671
2013-08-30,21.11412131159104,21.170375970209253,20.862457623014343,20.895519256591797,74743109
2013-09-03,21.07957953639277,21.371462119721873,21.069463409054965,21.228111267089844,82210996
2013-09-04,21.227369451481362,21.551818616181325,21.099565018874788,21.505680084228516,81954037
2013-09-05,21.551819789522643,21.709233835279008,21.505188108020974,21.701337814331055,51845604
2013-09-06,21.77239721150353,21.805458848285674,21.557742201221835,21.701833724975586,62698130
2013-09-09,21.804224595526865,21.952756329244306,21.77190362470891,21.910812377929688,49569103
2013-09-10,21.959420378469133,22.008272171438648,21.810888632302962,21.926111221313477,51697050
2013-09-11,21.92290173574886,22.130894539023608,21.862206858162402,22.111650466918945,64665477
2013-09-12,22.141504783295197,22.153841018177097,21.95917262429638,22.034425735473633,43984248
2013-09-13,22.069955247739827,22.099069820482775,21.83161404782331,21.93597984313965,53214717
2013-09-16,22.111900162594193,22.13163738370373,21.832355661047572,21.90365982055664,53660381
2013-09-17,21.895026627155936,21.91920595293133,21.736871881144886,21.862951278686523,50564822
2013-09-18,21.868868293373158,22.3036048095845,21.7879411629704,22.287567138671875,77678069
2013-09-19,22.353446629315272,22.353446629315272,22.09215992092634,22.165931701660156,64155573
2013-09-20,22.16593038608412,22.307554284678442,22.097587006242144,22.282386779785156,174463490
2013-09-23,22.110665629413,22.244886664283637,21.84049660011724,21.87257194519043,71362485
2013-09-24,21.872569371267986,21.96139063181858,21.746737520156756,21.880956649780273,59694916
2013-09-25,21.87380234405926,21.87380234405926,21.603633333588544,21.643850326538086,66207234
2013-09-26,21.670251976026996,21.780046163441135,21.58882980530925,21.667043685913086,50584897
2013-09-27,21.584391335497834,21.651007762872236,21.49779016885636,21.62312889099121,50540732
2013-09-30,21.442769651718827,21.732923432018524,21.423771206364002,21.611284255981445,69154239
2013-10-01,21.71836666699119,21.901439515489027,21.713433306059144,21.884910583496094,67644602
2013-10-02,21.779553366135563,21.943134596619956,21.658409236425975,21.909334182739258,60036190
2013-10-03,21.909579757030386,22.060084087119673,21.517280315198505,21.615724563598633,84997401
2013-10-04,21.588833472146145,21.650764062796686,21.465469216901177,21.52345085144043,54523605
2013-10-07,21.402552574448638,21.56391371076852,21.32014410194139,21.360361099243164,51937949
2013-10-08,21.34999965743184,21.366282959657592,21.01222600086496,21.062559127807617,78039419
2013-10-09,21.126952256190975,21.28411878643813,20.798803520612605,21.11659049987793,106449509
2013-10-10,21.313478681129357,21.43659727950172,21.223916754801515,21.422040939331055,90550137
2013-10-11,21.36751221322398,21.55132567757145,21.34950195519429,21.514562606811523,56567236
2013-10-14,21.383060132789105,21.619674375451897,21.351725453119702,21.61621856689453,49930453
2013-10-15,21.607581656201504,21.851103713260912,21.56415826391117,21.76178741455078,63914673
2013-10-16,21.85702680918981,22.164452053634538,21.81113389951028,22.15704917907715,80604999
2013-10-17,22.03270035942917,22.129172028270922,21.853574588321717,21.929073333740234,170902191
2013-10-18,24.095110782824452,25.054395265859757,24.031455127998406,24.954469680786133,464390148
2013-10-21,24.95570609017132,25.141739713522867,24.66185084851615,24.754375457763672,145675990
2013-10-22,24.796314319424962,24.99369784455552,24.569075558326833,24.845659255981445,88675135
2013-10-23,24.697623989753147,25.530337855958166,24.688496044410364,25.44792938232422,106927293
2013-10-24,25.4592793755335,25.67393441355081,25.284841335449403,25.303346633911133,83997668
2013-10-25,25.38402413451008,25.38402413451008,24.937937646442382,25.0479793548584,81524432
2013-10-28,25.04797838610331,25.25103593940647,24.99345068108348,25.04304313659668,46521724
2013-10-29,25.144203272173147,25.58436821243519,25.00603517640693,25.56709861755371,64440637
2013-10-30,25.596458660563115,25.598433138302713,25.314446555776932,25.42350196838379,53162522
2013-10-31,25.38673813289359,25.69736976361056,25.264360195204453,25.427448272705078,65845885
2013-11-01,25.457304034641886,25.561178575559357,25.292243353253475,25.340106964111328,51524405
2013-11-04,25.450146868369124,25.471612936752617,25.216495298756318,25.31715965270996,45722740
2013-11-05,25.175043775139937,25.453847580109176,25.10275332949739,25.20391082763672,47433127
2013-11-06,25.30458033292671,25.339121415187414,25.052175923163674,25.234262466430664,36652871
2013-11-07,25.230804060499878,25.263372548495823,24.861450160724775,24.869098663330078,67435822
2013-11-08,24.888833962647183,25.129395222438315,24.882664901609328,25.068452835083008,51825529
2013-11-11,24.90759148410823,25.065993741116397,24.870337147596867,24.93423843383789,44670812
2013-11-12,24.86293010632762,25.106204642994072,24.796313687892084,24.96359634399414,48906630
2013-11-13,24.839493333206516,25.48345650226799,24.83332427110046,25.47408103942871,63412799
2013-11-14,25.509856244956694,25.65370025840503,25.42177375160408,25.542179107666016,46842923
2013-11-15,25.53329753669982,25.610523238646213,25.420788199057913,25.5009765625,51243355
2013-11-18,25.555006787588056,25.87550891347887,25.39438633671731,25.451379776000977,70651832
2013-11-19,25.455576202884288,25.53033427258864,25.241659971280182,25.294706344604492,45433661
2013-11-20,25.411905152360763,25.496040579624154,25.175290913982014,25.223403930664062,38692487
2013-11-21,25.339121302902054,25.618172660890963,25.314448831474806,25.513559341430664,43835693
2013-11-22,25.497519572074786,25.56536980764819,25.3938944448181,25.45977020263672,50356042
2013-11-25,25.58979706515776,25.98530480513449,25.53699631706557,25.80617904663086,64761837
2013-11-26,25.87205873800897,26.190338914041718,25.732409298049692,26.114099502563477,91794785
2013-11-27,26.203411724511867,26.350709645506665,26.15332612342243,26.230058670043945,45112461
2013-11-29,26.206621386647814,26.316661203856825,26.13975744579388,26.143211364746094,47890836
2013-12-02,26.239930394494998,26.31000263014162,25.925349778372667,26.017133712768555,55133884
2013-12-03,25.930034700621206,26.238200592096245,25.88241672371803,25.987030029296875,67295297
2013-12-04,25.94040179323712,26.251528497808554,25.90659948707137,26.10842514038086,47842656
2013-12-05,26.084242156657886,26.14493703248958,25.933490316446587,26.087696075439453,45517975
2013-12-06,26.394874200917013,26.400055079171775,26.155299204859187,26.396848678588867,57366220
2013-12-09,26.424484306953023,26.703783173778078,26.35120567109809,26.600894927978516,59526286
2013-12-10,26.551797213558,26.950511362720583,26.53945908894466,26.761762619018555,74433955
2013-12-11,26.829365330081824,26.926082616149717,26.5276141240003,26.57992172241211,68728650
2013-12-12,26.636180053113268,26.719327303963947,26.375386469376593,26.399072647094727,64099363
2013-12-13,26.53329075299042,26.555249968606116,26.10126746521471,26.172819137573242,86820208
2013-12-16,26.252022249011986,26.51577471580168,26.20292293385068,26.47358512878418,64320188
2013-12-17,26.469633722488133,26.665535914434088,26.36008516838198,26.3966007232666,61658247
2013-12-18,26.445700747666134,26.768916132880427,26.129640718454056,26.76398277282715,88743390
2013-12-19,26.665784359915026,26.94261560142832,26.62408792245707,26.80025291442871,66877738
2013-12-20,26.851572937150923,27.169114329064428,26.8441719515974,27.15554428100586,130953011
2013-12-23,27.33368018170968,27.530077423218426,27.266570610941695,27.512805938720703,69122119
2013-12-24,27.509600656344762,27.51626097636769,27.340097873576937,27.432374954223633,29478078
2013-12-26,27.485913663588317,27.60903227355252,27.35465340309181,27.571035385131836,53712576
2013-12-27,27.63370316457819,27.640611002277296,27.45951266531164,27.594226837158203,63023345
2013-12-30,27.64209549212521,27.646042558482623,27.362796617566673,27.373653411865234,49629328
2013-12-31,27.442241225849436,27.65837567762045,27.294697672480304,27.651220321655273,54519590
2014-01-02,27.52169092452686,27.578191221604147,27.344044603716032,27.46395492553711,73129082
2014-01-03,27.510345062431558,27.557963050528457,27.261887694731456,27.263614654541016,66917888
2014-01-06,27.461240905511648,27.605576175327297,27.29913911465821,27.567581176757812,71037271
2014-01-07,27.757072704471646,28.119518855422708,27.66232987843587,28.09903907775879,102486711
2014-01-08,28.27520288081175,28.307771373193624,27.961608563406646,28.157512664794922,90036218
2014-01-09,28.21203742888355,28.23128150037411,27.770884331214592,27.8863525390625,83692529
2014-01-10,28.104466530795907,28.104466530795907,27.689219666406075,27.884876251220703,86061375
2014-01-13,27.79333953926598,28.297655188916497,27.563880651753443,27.707231521606445,97118665
2014-01-14,28.076583632542935,28.39856520779241,27.833307195002618,28.359086990356445,99676216
2014-01-15,28.44766535161335,28.49725780894351,28.22067409722938,28.33984375,78300393
2014-01-16,28.35168716918139,28.56955048153377,28.324547074487928,28.527359008789062,67608467
2014-01-17,28.542905166365863,28.636168543606633,28.230792170088083,28.386972427368164,108457005
2014-01-21,28.643568787091752,28.71931504789683,28.40596824723045,28.7119140625,79492846
2014-01-22,28.783708942314178,28.8152911379957,28.592494477153203,28.74448013305664,63091600
2014-01-23,28.62062121189812,28.682056755125657,28.48171245387868,28.623088836669922,78256228
2014-01-24,28.39881296714977,28.461482327451847,27.707724933700426,27.72820281982422,156283602
2014-01-27,27.784211853335883,27.79408046370667,26.702795055699116,27.17059326171875,174796734
2014-01-28,27.39487227822529,27.775576185556044,27.385496814611024,27.707971572875977,88739375
2014-01-29,27.611994227217806,27.67688369488952,27.12593634702061,27.310983657836914,95552818
2014-01-30,28.250525564417647,28.435327223699023,27.812580756838695,28.013418197631836,204419353
2014-01-31,28.90066462033008,29.27544701665581,28.40177918977044,29.138019561767578,223486554
2014-02-03,29.094337566601858,29.156513767970683,27.930023151580905,27.965057373046875,183449044
2014-02-04,28.07756772995022,28.497254742922035,28.053388410097526,28.081762313842773,112897588
2014-02-05,28.210557825242788,28.392889981602227,27.831580910612796,28.20611572265625,96139007
2014-02-06,28.401775109325765,28.62457178546713,28.313445096325555,28.61963653564453,78155853
2014-02-07,28.808877836636135,29.06227042788306,28.634441688305245,29.050920486450195,105843245
2014-02-10,28.91175930603617,29.173293504061387,28.843170300830828,28.93964195251465,78099643
2014-02-11,29.118279330581615,29.40695368653899,28.921883952976412,29.36525535583496,82339476
2014-02-12,29.336135820093673,29.360810178179726,29.14812964407433,29.279142379760742,69238554
2014-02-13,29.132586124109704,29.605073928833008,29.10569165859887,29.605073928833008,73731331
2014-02-14,29.499223601939498,29.715853089252874,29.429893927987106,29.67662239074707,87795852
2014-02-18,29.64233259893745,29.925083506105015,29.60754399841242,29.87598419189453,84672187
2014-02-19,29.73830859985756,29.835027784871286,29.545860302950256,29.6652774810791,84459392
2014-02-20,29.685012534712026,29.777537128377286,29.612967715408868,29.708946228027344,68287001
2014-02-21,29.80023663037343,29.851062902009676,29.677613054056664,29.701051712036133,74771214
2014-02-24,29.73979001340346,30.10494938721709,29.733373432629843,29.916200637817383,67223027
2014-02-25,30.000826718100964,30.2120259248108,29.86463121256268,30.100997924804688,57763704
2014-02-26,30.19968938262656,30.320094733504774,29.947039372457365,30.105194091796875,79585191
2014-02-27,30.061280174495714,30.205369832188556,30.02723034861999,30.081510543823242,50588912
2014-02-28,30.10938714877882,30.204377477266437,29.761006141753242,29.993671417236328,92890878
2014-03-03,29.774081348540154,29.80097581376295,29.413609733416514,29.67391014099121,84507572
2014-03-04,29.97763438270588,30.002308741740112,29.84193391055346,29.975414276123047,58928052
2014-03-05,29.978867147835537,30.176991341818642,29.889057698977034,30.058067321777344,49597208
2014-03-06,30.1572530160163,30.25273838219761,30.066457270676803,30.09137725830078,50914126
2014-03-07,30.268773045842693,30.27346077676622,29.889796169588358,29.972450256347656,60831159
2014-03-10,29.994657909311485,30.042770924798035,29.708453109561834,29.89300537109375,48766105
2014-03-11,29.947287856818626,29.960859794328645,29.524639999691836,29.607295989990234,68776830
2014-03-12,29.518717767244134,29.801223016232864,29.217461593002994,29.78765296936035,78866507
2014-03-13,29.8036890939302,29.866605968895175,29.231523233280665,29.337617874145508,94175675
2014-03-14,29.16318135193136,29.382278482855956,28.929775397359478,28.936437606811523,92099924
2014-03-17,29.095578018215438,29.535249822637045,29.067449739706706,29.41262435913086,86808163
2014-03-18,29.476031614875676,29.892017204413463,29.4363077704591,29.88535499572754,72872123
2014-03-19,29.89868422533357,29.903371957157205,29.46961977815986,29.589038848876953,64757822
2014-03-20,29.606310218705005,29.84465144838962,29.493062093294903,29.537473678588867,67640587
2014-03-21,29.763227267823112,29.845142588711063,29.17453057249954,29.1890869140625,128821050
2014-03-24,29.217461672167662,29.23497878507436,28.273965521499182,28.569549560546875,121939352
2014-03-25,28.768661555009697,28.863404370067098,28.29987517175687,28.589040756225586,96769361
2014-03-26,28.670216473385615,28.906090059742965,27.917445356490205,27.92904281616211,103586819
2014-03-27,28.056501276302736,28.056501276302736,27.311622408736618,27.585269927978516,262719
2014-03-28,27.720611962129887,27.978949235107287,27.59564357839362,27.660844802856445,824257
2014-03-31,28.001672219801748,28.007106285074528,27.509696588464273,27.51167106628418,216593
2014-04-01,27.597615658849072,28.07872688936893,27.597615658849072,28.015005111694336,158434
2014-04-02,29.636653617747275,29.87572602536714,27.76951379669076,28.007104873657227,2942055
2014-04-03,28.1478824906933,29.00884175519488,27.86534132111622,28.14244842529297,101983228
2014-04-04,28.384977044148915,28.53909021917724,26.82161777727114,26.828533172607422,127386783
2014-04-07,26.70998516418435,27.092304522994088,26.03870429023105,26.58205223083496,88033033
2014-04-08,26.80186095629894,27.41436094924793,26.752958150292464,27.409421920776367,63024560
2014-04-09,27.642566152022983,27.92658862101889,27.313100465878193,27.865833282470703,66616395
2014-04-10,27.908313293617763,27.908313293617763,26.668492426898684,26.72035789489746,80737057
2014-04-11,26.305440309204585,26.673433868114497,26.008080155233674,26.20911979675293,78496923
2014-04-14,26.586993216585043,26.8759547529999,26.15774927553079,26.303958892822266,51501009
2014-04-15,26.51635511628486,26.59687034931445,25.60945766634447,26.49758529663086,77101101
2014-04-16,26.821621338282238,27.51315340591336,26.67343346592232,27.490432739257812,97865955
2014-04-17,27.10860511987681,27.14268895229874,26.236284610495794,26.480791091918945,136190888
2014-04-21,26.480791534466306,26.510429485810906,25.962142501555466,26.11131477355957,51334553
2014-04-22,26.112307398669486,26.536612332634373,26.056489188533487,26.417076110839844,47307527
2014-04-23,26.36668343698756,26.370636170649103,25.9942440987013,26.0283260345459,41046384
2014-04-24,26.18293879456117,26.26098262456861,25.790244461923567,25.940406799316406,37663121
2014-04-25,25.809509868636667,25.91768668729543,25.459297975544246,25.496837615966797,42007014
2014-04-28,25.5462334516519,25.616373703579463,24.835929722128174,25.54475212097168,66710653
2014-04-29,25.5324041707008,26.152807791821825,25.50375440229121,26.065872192382812,53981801
2014-04-30,26.060934888057915,26.080692894262754,25.810006130858547,26.014503479003906,35023895
2014-05-01,26.036727968945858,26.32420815390579,25.87718071756103,26.246164321899414,38110345
2014-05-02,26.365203727722772,26.377058150532225,25.96263138359619,26.077228546142578,33770463
2014-05-05,25.92361528390386,26.125148067303293,25.750732268881972,26.071306228637695,20482080
2014-05-06,25.943864858013193,26.021908689106183,25.44151615028549,25.445466995239258,33780490
2014-05-07,25.477575217532337,25.521537107667893,24.860629314366804,25.189599990844727,64486563
2014-05-08,25.11550910478323,25.54870579352449,25.01622403862446,25.24097442626953,40426688
2014-05-09,25.228621337598533,25.680587783574413,24.905082856336712,25.62279510498047,48789585
2014-05-12,25.85890637556077,26.18886523535418,25.63662741074438,26.17552947998047,38250730
2014-05-13,26.223447082393054,26.479312982969137,26.155281298707845,26.332115173339844,33068541
2014-05-14,26.327666119722377,26.327666119722377,25.94682997650877,26.014007568359375,23835261
2014-05-15,25.967082880564796,25.975481497202384,25.558090089566242,25.684541702270508,34087331
2014-05-16,25.754189653880292,25.7744426965523,25.460289077189778,25.716650009155273,29705333
2014-05-19,25.67071123307607,26.168614073455068,25.56613948741725,26.123170852661133,25555972
2014-05-20,26.16663621045617,26.487212030941567,25.99671776164349,26.168119430541992,35695734
2014-05-21,26.32272636643917,26.633076478046224,26.273825449332115,26.621074676513672,23925508
2014-05-22,26.729246159136213,27.048833762248375,26.71195767206624,26.923370361328125,32316482
2014-05-23,27.032044164665546,27.34718595384141,26.856196595656492,27.30075454711914,38643806
2014-05-27,27.463757775329107,27.95770976394807,27.38225435569576,27.95524024963379,42083223
2014-05-28,27.88707181145212,28.048593525690723,27.710731123290614,27.744319915771484,33040464
2014-05-29,27.826810645351376,27.85891810845676,27.597616301232666,27.6652889251709,27082150
2014-05-30,27.700851041679666,27.728019475313793,27.459309136784594,27.655902862548828,35422988
2014-06-02,27.69591210210426,27.70579015840118,26.95646552175221,27.36150550842285,28700582
2014-06-03,27.216287609236414,27.282972055650443,26.799391256005535,26.91744613647461,37332215
2014-06-04,26.747528296347088,27.098728394971864,26.611691775422525,26.90361785888672,36329469
2014-06-05,26.98956048907682,27.411890872127227,26.893239988597472,27.36002540588379,33782496
2014-06-06,27.56551293652026,27.56551293652026,27.11453275465177,27.480058670043945,34735104
2014-06-09,27.520561387184422,27.80458386597188,27.465733258595716,27.766054153442383,29350361
2014-06-10,27.68653071278658,27.839162573377717,27.557609591336554,27.688507080078125,27034019
2014-06-11,27.562547770745063,27.65541057825135,27.41534998001549,27.604040145874023,22002242
2014-06-12,27.527970364586427,27.56205419625056,27.091316027793216,27.23406982421875,29169867
2014-06-13,27.279017176091305,27.280993543231087,26.948070152793942,27.25432014465332,24410836
2014-06-16,27.130837368328564,27.14861900702841,26.74851607593449,26.88484764099121,34051232
2014-06-17,26.880888189588596,26.9362113487685,26.64033447757255,26.82210922241211,28891103
2014-06-18,26.91349490796365,27.34323386358681,26.871014348437107,27.33384895324707,34835379
2014-06-19,27.376821309740293,27.41436094924793,27.0937851249726,27.409421920776367,49136535
2014-06-20,27.50574265753313,27.541800966696922,27.186748302166674,27.481538772583008,90166875
2014-06-23,27.421769813097846,27.908313249005914,27.377314777428463,27.90584373474121,30736155
2014-06-24,27.917696354116813,28.28598838881904,27.711224568850447,27.889541625976562,44142862
2014-06-25,27.921156757534455,28.647267663422387,27.919182279730432,28.58255958557129,39387843
2014-06-26,28.69863995006048,28.770261534314827,28.246671589295815,28.451662063598633,34839390
2014-06-27,28.5099500887837,28.64282205426992,28.342992400882746,28.51291275024414,44738493
2014-06-30,28.58305343089364,28.6280016132117,28.389917389017647,28.41609764099121,26275943
2014-07-01,28.566261307738603,28.86658412668671,28.483771587079286,28.781131744384766,28959290
2014-07-02,28.814718300559008,28.917954202493398,28.6685068030776,28.76458168029785,21127848
2014-07-03,28.81471537820827,28.89671004759563,28.6946841457866,28.88287925720215,14283107
2014-07-07,28.834967811189138,28.966853472833932,28.628989166123773,28.760379791259766,21292298
2014-07-08,28.533657915733016,28.625927433956406,27.96437724604391,28.209131240844727,38190565
2014-07-09,28.233337023802733,28.487228427448457,28.124470548430004,28.455615997314453,22335153
2014-07-10,27.953268115530918,28.480808979727094,27.908813072236942,28.20962905883789,27134293
2014-07-11,28.249636189568907,28.691229567748394,28.22543230374866,28.608739852905273,32434806
2014-07-14,28.777671436512815,28.906592553137976,28.55193477855993,28.88979721069336,37081529
2014-07-15,28.932772657294535,28.935982836917333,28.479322976496878,28.885351181030273,32460877
2014-07-16,29.04440525972293,29.064163263423776,28.75791137188205,28.7806339263916,27942506
2014-07-17,28.626028676081482,28.698145297841325,28.08663156471186,28.339536666870117,60331186
2014-07-18,29.29138032771424,29.479082301683846,28.748032408883684,29.394123077392578,80283816
2014-07-21,29.229636626533196,29.360532215222968,28.90772685509023,29.117013931274414,41242922
2014-07-22,29.17876065064039,29.61985898392584,29.172831548980312,29.377328872680664,33983045
2014-07-23,29.30274304530311,29.530949220220926,29.266682845696337,29.438579559326172,24663528
2014-07-24,29.461793129263587,29.61244860778455,29.230622420213827,29.30866813659668,20702684
2014-07-25,29.162953371942915,29.235069991200984,28.996490725923863,29.09478759765625,18649061
2014-07-28,29.047866001820278,29.26668539614,28.884022120164516,29.172834396362305,19736037
2014-07-29,29.081454839301454,29.12837939452649,28.82287002535207,28.926353454589844,26997920
2014-07-30,28.972780995596352,29.11849744981371,28.846822544539627,29.01575469970703,20329662
2014-07-31,28.678881451500693,28.82953694926669,28.15529148101181,28.234323501586914,42055146
2014-08-01,28.175052452606508,28.44969005721987,27.802117965628106,27.961170196533203,39105069
2014-08-04,28.107872276989674,28.41955446080946,27.863858942588966,28.31088638305664,28546159
2014-08-05,28.157761476791293,28.253093799606255,27.790259198480815,27.911771774291992,31024946
2014-08-06,27.749261591330818,28.189868669705294,27.661337812379145,27.97618293762207,26687069
2014-08-07,28.056499192835652,28.14985703499214,27.71567221450016,27.82730484008789,22218835
2014-08-08,27.837184837140313,28.167638722502947,27.67862577192446,28.094533920288086,29895854
2014-08-11,28.15479743688392,28.179494470163657,27.957710538836643,28.050573348999023,24294518
2014-08-12,27.884603368136897,27.952769139238015,27.7048049754709,27.796186447143555,30840441
2014-08-13,28.02241766975992,28.402267513804244,27.945360132144163,28.391399383544922,28784812
2014-08-14,28.460553566117028,28.54551279437905,28.19875859600532,28.384979248046875,19709966
2014-08-15,28.54353452309264,28.618615689071596,28.180973189921925,28.327184677124023,30383189
2014-08-18,28.45709610995849,28.872016086971655,28.45166204473982,28.755937576293945,25682318
2014-08-19,28.89622160707047,29.011806977198603,28.846825649126576,28.988096237182617,19573592
2014-08-20,28.93968780286512,28.98019010410076,28.776187819994075,28.87102699279785,20734771
2014-08-21,28.83793375336376,28.871520659490024,28.705553048822573,28.815704345703125,18296094
2014-08-22,28.826571176313248,28.907876199510653,28.68085472319789,28.775693893432617,15781209
2014-08-25,28.88238961804367,28.896220410116953,28.599848453635147,28.659122467041016,27228551
2014-08-26,28.71147920425576,28.73815260301433,28.480310378165584,28.543535232543945,32793789
2014-08-27,28.514392909314296,28.57465510366159,28.160377552768015,28.20468521118164,34067276
2014-08-28,28.133559589631886,28.315827521570597,28.012047005188556,28.11577606201172,25858801
2014-08-29,28.22098774560482,28.256057874080827,28.01051595953035,28.234323501586914,21675347
2014-09-02,28.24667203988915,28.542055813166403,28.214071426940347,28.517358779907227,31568434
2014-09-03,28.649243761833244,28.796936599381226,28.402269639997023,28.5474910736084,24302540
2014-09-04,28.649239890442004,28.94561181972061,28.610712068682428,28.74704360961914,29163850
2014-09-05,28.84583684109688,28.97278158887661,28.745563603150426,28.949565887451172,32647388
2014-09-08,28.97525272878441,29.230625458791817,28.96043375291599,29.129365921020508,28620362
2014-09-09,29.088862758029816,29.093801787010012,28.649243831930967,28.699134826660156,25744488
2014-09-10,28.7233361496247,28.82212616767195,28.49809264113411,28.8023681640625,19547521
2014-09-11,28.667024300302977,28.738647770683055,28.464503349747968,28.715925216674805,24420864
2014-09-12,28.69863762383125,28.730250050070595,28.37559229770491,28.432889938354492,32033708
2014-09-15,28.300510880375914,28.39979592889798,28.06687065971638,28.308414459228516,31951483
2014-09-16,28.29162145900241,28.723336775933582,28.286682430355448,28.646772384643555,29607064
2014-09-17,28.649735617852105,29.02069368544543,28.588732759565243,28.884857177734375,33856699
2014-09-18,28.995008114347556,29.1204715271653,28.896218099902576,29.107135772705078,28891103
2014-09-19,29.217289776891405,29.46327759700877,29.118499753273337,29.443519592285156,74732617
2014-09-22,29.33188798853508,29.33825922256626,28.820152436181232,29.013288497924805,33790518
2014-09-23,28.987600199451013,28.987600199451013,28.698638692398198,28.705059051513672,29428575
2014-09-24,28.72135877774475,29.124917451676733,28.674927376414114,29.043909072875977,34562632
2014-09-25,29.022181232502554,29.043420569436204,28.36176652558965,28.40523338317871,38519466
2014-09-26,28.454624367824508,28.612195241757345,28.385470413919094,28.50599479675293,28873054
2014-09-29,28.241729363961834,28.559833762132406,28.213079599831467,28.46944236755371,25648224
2014-09-30,28.49760335998152,28.641836616951625,28.29607056215422,28.518842697143555,32434806
2014-10-01,28.452158866128585,28.5297095569584,28.00760091024703,28.069839477539062,28909153
2014-10-02,28.022416034408774,28.249634010102877,27.825329154530216,28.15924072265625,23568530
2014-10-03,28.30594634699909,28.5121706254095,28.27877791143848,28.41609764099121,22834521
2014-10-06,28.589970260903694,28.69864022969337,28.374606690597595,28.518346786499023,24292512
2014-10-07,28.372627601145748,28.415601303775,27.846073150634766,27.846073150634766,38226664
2014-10-08,27.936471652322183,28.346945761498088,27.537356931598787,28.278779983520508,39817018
2014-10-09,28.213580201123754,28.228892324998114,27.614909034111523,27.704809188842773,50496258
2014-10-10,27.548717139231755,27.91473619567967,26.873483524201628,26.895217895507812,61638766
2014-10-13,26.919915173951864,27.142689175332013,26.33260722240655,26.33803939819336,51633371
2014-10-14,26.61910156856372,27.02858751790426,26.336065345940668,26.57168197631836,44451708
2014-10-15,26.229369398431565,26.317788215061956,25.601557255525904,26.18096351623535,74387672
2014-10-16,25.636130445668687,26.15132362683832,25.438550418108033,25.90829849243164,74171079
2014-10-17,26.043641482962027,26.22788575355199,25.118962432342396,25.249366760253906,110787334
2014-10-20,25.164409354783185,25.772465373156535,25.09772491070194,25.727020263671875,52150788
2014-10-21,25.941887184806728,26.020921084974812,25.641564410415356,26.00857162475586,46725935
2014-10-22,26.174048831140034,26.663554957796347,26.120206992796405,26.313343048095703,58385859
2014-10-23,26.63984689228463,27.0300679700913,26.46844520400697,26.87002944946289,46976621
2014-10-24,26.8887969415106,26.914482157280602,26.465478360021816,26.662567138671875,39462046
2014-10-27,26.52673032140354,26.89126806084259,26.52673032140354,26.711469650268555,23706909
2014-10-28,26.821617547206156,27.11699939814552,26.753451777969275,27.113048553466797,25419598
2014-10-29,27.16738825410323,27.374355111892427,27.018214082680387,27.134292602539062,35410955
2014-10-30,27.115523511648238,27.305695030493823,26.846813114881815,27.182701110839844,29113713
2014-10-31,27.629230072680695,27.640098202897345,27.402012084618544,27.615894317626953,40701440
2014-11-03,27.439058909694438,27.557606925574923,27.32693125271169,27.425228118896484,27645693
2014-11-04,27.315571345658014,27.43906028548111,27.132808394922698,27.370399475097656,24884132
2014-11-05,27.503273462169595,27.503273462169595,26.873483077998483,26.965852737426758,40645286
2014-11-06,26.945110919709627,27.013524223265826,26.72135059362295,26.77420425415039,26665008
2014-11-07,26.980177882070702,26.980177882070702,26.607738455800472,26.723323822021484,32675465
2014-11-10,26.74555034707059,27.147134562973257,26.72381597596149,27.04340362548828,22692131
2014-11-11,27.092797316872993,27.26321079469022,26.984620506895723,27.18170738220215,19310873
2014-11-12,27.186652190888502,27.1901079995582,26.928808051954622,27.034513473510742,22593862
2014-11-13,27.157508496696632,27.157508496696632,26.845329380426396,26.939180374145508,26787343
2014-11-14,27.003396508008368,27.003396508008368,26.779636183982984,26.890775680541992,25790614
2014-11-17,26.85026895558676,26.860642049867185,26.38007680899692,26.50104522705078,34520517
2014-11-18,26.54994417974329,26.769258584693375,26.38545790366763,26.42793846130371,39253475
2014-11-19,26.426458602331085,26.58649711644014,26.183433446055066,26.524755477905273,27844237
2014-11-20,26.24122265429,26.43188727832484,26.232825928601653,26.41805648803711,31267610
2014-11-21,26.752959943281017,26.77914019694914,26.503514425868655,26.549945831298828,44485801
2014-11-24,26.557350871485237,26.80679824544701,26.45707953064721,26.637371063232422,34127440
2014-11-25,26.62404098616856,26.870030714984566,26.60438123143643,26.726783752441406,35798014
2014-11-26,26.71690351547034,26.749999167576206,26.52732528676274,26.691713333129883,30459397
2014-11-28,26.704055420414832,26.772221188612576,26.505487216927698,26.763824462890625,22966883
2014-12-01,26.619100614348117,26.74308271150775,26.27135820998273,26.367183685302734,42307838
2014-12-02,26.352853524302635,26.451150380347304,26.16959745458642,26.364707946777344,30533600
2014-12-03,26.25060761630515,26.475652713480677,26.14292584432783,26.244680404663086,25559983
2014-12-04,26.236781164782933,26.542044896270358,26.109834516886487,26.54056167602539,27842232
2014-12-05,26.2288761759501,26.32223402100416,25.896940950218315,25.94534683227539,51312493
2014-12-08,26.037718220632126,26.228877915557323,25.87273878045017,26.030309677124023,46587556
2014-12-09,25.79122861092939,26.386441912931087,25.710222132282965,26.345937728881836,37426473
2014-12-10,26.331615530332975,26.492149057247598,25.96016245479743,25.984861373901367,34245764
2014-12-11,26.070811189504543,26.373110342665036,26.03623421111901,26.097484588623047,32216207
2014-12-12,25.858908369791866,26.105391239468066,25.619340896606445,25.619340896606445,39891221
2014-12-15,25.820869618822616,25.838651254373353,25.353096024631576,25.379276275634766,56268061
2014-12-16,25.268634148757794,25.342232101291344,24.154276651085446,24.469911575317383,79285081
2014-12-17,24.549435346812228,25.043387281657775,24.540050437658667,24.939163208007812,57663883
2014-12-18,25.33729212025913,25.38273533985906,24.92978069563418,25.24591064453125,58534266
2014-12-19,25.26616326420365,25.572908320877918,25.038994389307156,25.505237579345703,73804074
2014-12-22,25.491897798109623,26.004621476854652,25.491897798109623,25.926082611083984,54475152
2014-12-23,26.03129689786874,26.40472451013357,25.9962248806511,26.20862579345703,43952341
2014-12-24,26.204670321778185,26.26636660766287,26.03228047301858,26.118722915649414,14118657
2014-12-26,26.118725245097394,26.389411984346822,26.0466086233577,26.378543853759766,20810980
2014-12-29,26.287658226246123,26.45016814847203,26.18002556315739,26.195781707763672,45570772
2014-12-30,26.085137404572144,26.236286049618077,26.03771781428366,26.200227737426758,17525986
2014-12-31,26.241221083448643,26.307905516837263,25.972015725435902,26.00165367126465,27364925
2015-01-02,26.13057665135932,26.242211158539316,25.888046560781248,25.92311668395996,28951268
2015-01-05,25.846557106842706,25.899410760547273,25.34272705018316,25.382736206054688,41196796
2015-01-06,25.438551732592423,25.496591931504394,24.749489225234917,24.794437408447266,57998800
2015-01-07,25.043389876385987,25.05544269331638,24.680335374498426,24.7519588470459,41301082
2015-01-08,24.598339857845776,24.869519747815197,24.253066977865974,24.83000373840332,67071641
2015-01-09,24.93274488914911,24.940646578960077,24.44027424455094,24.508440017700195,41427428
2015-01-12,24.44768286462043,24.49885679276894,24.083145149383498,24.329627990722656,46535413
2015-01-13,24.640320818789878,24.844816224100658,24.32172139863369,24.508930206298828,47409807
2015-01-14,24.43335670928201,24.857166507097574,24.351853298990697,24.7405948638916,44714427
2015-01-15,24.97275698283609,24.97819104849164,24.586979889248934,24.786043167114258,54316718
2015-01-16,24.69811723964926,25.10217097314358,24.69762220311297,25.096736907958984,45965854
2015-01-20,25.240969270089135,25.315060360046214,24.99478309290408,25.038448333740234,44640224
2015-01-21,25.05573974428319,25.649964979414708,25.0038742747562,25.588714599609375,45374234
2015-01-22,25.75863023177135,26.49214959934318,25.670708350943517,26.39632225036621,53538588
2015-01-23,26.455599712114687,26.780619525830446,26.327664893742806,26.670961380004883,45634948
2015-01-26,26.600819824836076,26.6240355246767,26.163179225488474,26.436826705932617,30874534
2015-01-27,26.178000319266218,26.214060521049845,25.596124514116337,25.61785888671875,38080263
2015-01-28,25.8228477267909,25.833220820591215,25.19157600402832,25.19157600402832,33676205
2015-01-29,25.240971749305892,25.245415741367083,24.75689782154542,25.22417640686035,83727244
2015-01-30,25.481029821895415,26.66700874903147,25.464234481113568,26.40274429321289,112127002
2015-02-02,26.264932261467365,26.32766396660968,25.613902583932475,26.104398727416992,56996054
2015-02-03,26.080688786783607,26.34742277326701,25.846555410931252,26.141939163208008,40773638
2015-02-04,26.14194015567299,26.311465604733172,25.74826140949721,25.82185935974121,33273101
2015-02-05,25.872735310432525,26.10538735248626,25.788762381340216,26.0599422454834,36995292
2015-02-06,26.06290660613883,26.535124192812216,26.0021493780443,26.22887420654297,35270570
2015-02-09,26.080689054154742,26.278270976563913,25.982887221258974,26.07229232788086,25355423
2015-02-10,26.1449050987968,26.55982699462097,26.027345249087634,26.52228546142578,34997823
2015-02-11,26.441273402376826,26.596869800262724,26.34633598151253,26.474369049072266,27555446
2015-02-12,26.537599989369394,26.911520771589235,26.410307566981455,26.81816291809082,32404724
2015-02-13,26.838907894927683,27.162939532958124,26.82803976476674,27.118484497070312,38006060
2015-02-17,27.010801864463716,27.167384558189564,26.727272536852368,26.8137149810791,32336537
2015-02-18,26.742586133682778,26.944612042335375,26.550436392220842,26.658613204956055,29061570
2015-02-19,26.57661961868851,26.827053323395056,26.575138287916687,26.81519889831543,19782163
2015-02-20,26.828042407123323,26.858668543967777,26.465974167321026,26.621570587158203,28887092
2015-02-23,26.478320117215656,26.497535847389887,26.150335755981175,26.27382469177246,29157834
2015-02-24,26.179481151774855,26.514875976850913,26.09304058902928,26.48029899597168,20101036
2015-02-25,26.47091286795115,26.980672015292186,26.448437831413294,26.864593505859375,36519991
2015-02-26,26.831990676610463,27.470670888708497,26.74752460259906,27.438068389892578,46230579
2015-02-27,27.376822288246775,27.893989980808012,27.310630990771664,27.582305908203125,48203982
2015-03-02,27.68751828594742,28.261490478572714,27.5995945062945,28.221481323242188,42592618
2015-03-03,28.177517852804076,28.42152928450026,27.983393630974973,28.3350887298584,34095352
2015-03-04,28.247659560726294,28.506489980410468,28.05699491626857,28.321752548217773,37536775
2015-03-05,28.40325745842095,28.54601127466136,28.323732285737634,28.41857147216797,27792094
2015-03-06,28.39633583182497,28.485247785778547,27.995246689691875,28.040937423706055,33182854
2015-03-09,28.00018718882028,28.16862619631122,27.83595032332694,28.098485946655273,21242161
2015-03-10,27.871270229065463,27.900906291378003,27.401027072149866,27.414857864379883,35846146
2015-03-11,27.421279251942945,27.5694652374185,27.200976641108703,27.22567367553711,36415706
2015-03-12,27.34076229299371,27.482030974008268,27.190104923440607,27.439552307128906,27792094
2015-03-13,27.340265446890772,27.582302382591298,26.881878677971777,27.035003662109375,34071287
2015-03-16,27.21430824807421,27.505741145597025,26.969801787208578,27.390155792236328,32819860
2015-03-17,27.2518512683326,27.355087167291632,27.06859517176725,27.208877563476562,36110871
2015-03-18,27.290870764549258,27.65046943200784,27.019197758691384,27.636638641357422,42690887
2015-03-19,27.631207659283298,27.700854767349227,27.470919736585675,27.562055587768555,23945563
2015-03-20,27.742837068740716,27.746294766151983,27.614409117516058,27.679115295410156,52337299
2015-03-23,27.682578315481155,27.777910634891967,27.455358441625517,27.602556228637695,32876014
2015-03-24,27.787791344615737,28.3820166144122,27.721108785150253,28.164676666259766,51665459
2015-03-25,28.179991636457252,28.266927240780884,27.59910399249289,27.60132598876953,43045859
2015-03-26,27.542292410205736,27.607000481760508,27.19948908663923,27.422758102416992,31452115
2015-03-27,27.315570715640302,27.428191522721235,27.075015090214432,27.08538818359375,37949906
2015-03-30,27.24740519376011,27.338786667859907,27.076991706207195,27.267658233642578,25750504
2015-03-31,27.167385906354607,27.400037962545195,27.00536913967957,27.06859588623047,31760961
2015-04-01,27.098231215695712,27.223694632337576,26.64873427445499,26.799884796142578,39261497
2015-04-02,26.71541987710012,26.71541987710012,26.36950458952065,26.45263671875,34327989
2015-04-06,26.289140380271764,26.594897265805628,26.15824288414319,26.513641357421875,26488525
2015-04-07,26.578594177631093,26.806305310897958,26.475851425209008,26.526233673095703,26057345
2015-04-08,26.593411043516557,26.863602713360176,26.593411043516557,26.75295639038086,23570536
2015-04-09,26.724309317826112,26.769754427599764,26.450661812279467,26.71196174621582,31157308
2015-04-10,26.78654428924145,26.78654428924145,26.540556510755266,26.67392349243164,28189181
2015-04-13,26.594893299277974,26.873976741056367,26.540558319417837,26.63243293762207,32906096
2015-04-14,26.48820036227332,26.553401583938353,26.08523497031426,26.19874382019043,52082601
2015-04-15,26.11526388295941,26.41311712798099,25.844579071141112,26.304447174072266,46376979
2015-04-16,26.17454266152865,26.455602506642645,26.160218721777866,26.367183685302734,25997180
2015-04-17,26.113287357739956,26.171573178894207,25.735413924828283,25.885576248168945,43037837
2015-04-20,25.962139067226264,26.480294884501294,25.90780408991702,26.44522476196289,33585958
2015-04-21,26.550439234028595,26.643303935235537,26.36100839415587,26.375581741333008,36895018
2015-04-22,26.396819810982056,26.72678055460059,26.26592232656385,26.642066955566406,31871263
2015-04-23,26.7228293171092,27.2148049297455,26.684794640550443,27.01919937133789,83697161
2015-04-24,27.9626462914755,28.21159863074999,27.52549883954262,27.91127586364746,98650102
2015-04-27,27.90519018138122,28.03198943366849,27.400470244156143,27.507951736450195,47960000
2015-04-28,27.47179579120149,27.54014861799313,27.26009966485911,27.424245834350586,29820000
2015-04-29,27.265253276779326,27.42424691609099,27.088674504118398,27.1964054107666,33976000
2015-04-30,27.136470778017397,27.172134190207334,26.501486321972493,26.614912033081055,41644000
2015-05-01,26.668898857234847,26.723878139279076,26.355368816525072,26.642648696899414,35364000
2015-05-04,26.67385751606268,26.94825893623697,26.501985351020576,26.785301208496094,26160000
2015-05-05,26.658005567698495,26.733787728239214,26.270724490456267,26.290983200073242,27662000
2015-05-06,26.31277336789252,26.36923776019756,25.80978794149889,25.96506690979004,31340000
2015-05-07,25.953673235745427,26.422731651776186,25.842724598320697,26.286026000976562,30926000
2015-05-08,26.580736462653835,26.803625710462008,26.003701490398335,26.658498764038086,30552000
2015-05-11,26.665934143983186,26.84474060666851,26.51882702851421,26.5336856842041,18106000
2015-05-12,26.33060518242232,26.410300393849866,26.016580088322264,26.203805923461914,32684000
2015-05-13,26.279094313969097,26.465430226058885,26.184738837053494,26.23253631591797,25046000
2015-05-14,26.43808333099771,26.697130996729573,26.37072247316189,26.66741180419922,28078000
2015-05-15,26.706048981338,26.71070459200158,26.27017688022228,26.442049026489258,39426000
2015-05-18,26.350914626239973,26.490095475070024,26.19439616142251,26.365278244018555,40068000
2015-05-19,26.448490817554408,26.779358523862747,26.40193281699966,26.61590576171875,39338000
2015-05-20,26.671870901464686,26.8912929926198,26.39855974235267,26.71050453186035,28616000
2015-05-21,26.64512179642901,26.936858871893435,26.54754671012153,26.870983123779297,29254000
2015-05-22,26.754093488342953,26.954197828416664,26.722394146347064,26.752113342285156,23524000
2015-05-26,26.653544213345224,26.697131986114663,26.24540931228285,26.36626434326172,48130000
2015-05-27,26.390045675054175,26.773910655061048,26.3360583443834,26.73626708984375,30500000
2015-05-28,26.648098677845038,26.776879978410342,26.56092500983568,26.735769271850586,20596000
2015-05-29,26.61639828867685,26.678806900881142,26.32317606284059,26.355865478515625,51948000
2015-06-01,26.587673761939485,26.587673761939485,26.239472215212515,26.448986053466797,38086000
2015-06-02,26.396481087748267,26.89525683719229,26.31723178663367,26.7060489654541,38780000
2015-06-03,26.742207295634874,26.920021768732422,26.603519602217315,26.76201820373535,34340000
2015-06-04,26.63571217929044,26.77588307339293,26.46532516707285,26.583208084106445,26966000
2015-06-05,26.565876375558428,26.607979043248932,26.376173465770957,26.41629409790039,27764000
2015-06-08,26.415304468951614,26.45542321230315,26.065120914211374,26.094343185424805,30412000
2015-06-09,26.13050080589547,26.211730252539944,25.90513448555013,26.0874080657959,29106000
2015-06-10,26.219655835946526,26.665432431703923,26.219160799439404,26.58271598815918,36300000
2015-06-11,26.668652811788125,26.696142454328378,26.400938194846336,26.479692459106445,24350000
2015-06-12,26.330605618039947,26.405892738338636,26.259280679422385,26.366764068603516,19116000
2015-06-15,26.152294605290695,26.167155148631515,25.95417229211987,26.1126708984375,32654000
2015-06-16,26.17210484450956,26.23352337910672,26.03143701450205,26.15972137451172,21436000
2015-06-17,26.220153694619277,26.299898038252138,26.00865593727091,26.214704513549805,25884000
2015-06-18,26.300886870457873,26.655032608046533,26.290485434822603,26.584699630737305,36662000
2015-06-19,26.608473002147985,26.659985140673278,26.400442412566015,26.58271598815918,37870000
2015-06-22,26.726357751565356,26.931911283152058,26.624323540583234,26.657014846801758,25006000
2015-06-23,26.728835311680143,26.820912109953447,26.51139523078688,26.77044105529785,23950000
2015-06-24,26.74666733526475,26.74666733526475,26.531704316442394,26.639680862426758,25732000
2015-06-25,26.69069804088853,26.79124525963228,26.510404586791992,26.510404586791992,26714000
2015-06-26,26.610952337899516,26.635717391528498,26.31822324438987,26.335063934326172,42182000
2015-06-29,26.00419921057356,26.182510627221998,25.78279693892487,25.831336975097656,38756000
2015-06-30,26.054223497818104,26.065615006078847,25.780812183941432,25.781307220458984,44344000
2015-07-01,25.990326221586646,26.037876176556775,25.66837678674497,25.84718132019043,39220000
2015-07-02,25.80954290424077,25.986367314019343,25.80954290424077,25.924453735351562,24718000
2015-07-06,25.73128211429201,26.016084936810604,25.70651706221482,25.897705078125,25610000
2015-07-07,25.91107915854195,26.06214843562951,25.51730972083832,26.00469207763672,31944000
2015-07-08,25.808054020383533,25.89146389375651,25.563371832323117,25.59903335571289,25934000
2015-07-09,25.91058512045811,25.94277950112055,25.77338441869026,25.789730072021484,36846000
2015-07-10,26.067599282243272,26.37815725615386,26.030945792818024,26.257797241210938,39134000
2015-07-13,26.39400727988756,27.098831677287265,26.370234187120246,27.071094512939453,44130000
2015-07-14,27.081491744565042,28.02698691109334,27.079016562027324,27.791765213012695,64882000
2015-07-15,27.743723170909913,28.059382666690265,27.57829026607976,27.748180389404297,35692000
2015-07-16,27.9908829069176,28.761583044406553,27.984938689194113,28.72047233581543,95366000
2015-07-17,32.14553049718903,33.40698186160907,31.947406291538044,33.33080291748047,223298000
2015-07-20,32.65272852677485,33.13020451335335,32.3441507002727,32.8399543762207,117218000
2015-07-21,32.45311714978989,33.334270830903144,32.40804237351127,32.804290771484375,67544000
2015-07-22,32.73444676228851,33.613620235764415,32.640835739499444,32.79438018798828,78586000
2015-07-23,32.75327123566383,32.87016409545091,31.749280492224464,31.9117431640625,60582000
2015-07-24,32.046464124503565,32.10441740593501,30.83394966876423,30.885461807250977,72514000
2015-07-27,30.75866269842169,31.417424030384403,30.733897646799917,31.068727493286133,53508000
2015-07-28,31.344615922311778,31.344615922311778,30.873082281527214,31.10538101196289,34546000
2015-07-29,31.145004027245868,31.370863485041074,30.840388419306194,31.30003547668457,31502000
2015-07-30,31.204441159413754,31.46299192587805,30.810671737434458,31.332725524902344,29484000
2015-07-31,31.27279623704284,31.348578396277922,30.981554145523578,30.987003326416016,34122000
2015-08-03,30.973630514248658,31.35581007221478,30.973630514248658,31.264375686645508,26090000
2015-08-04,31.12618665339774,31.442688860061352,31.06377803369683,31.16729736328125,29818000
2015-08-05,31.418909766111398,32.08906450894957,31.360960262153355,31.88697624206543,46686000
2015-08-06,31.94740745939895,31.966181059689916,31.315888184071678,31.832494735717773,31452000
2015-08-07,31.711144232653496,31.83249242281873,31.190078610907605,31.466955184936523,28078000
2015-08-10,31.67399732989416,31.87013950287321,31.266308277828713,31.38919448852539,36184000
2015-08-11,33.146051399407995,33.42837715701774,32.40655751622277,32.72900390625,100584000
2015-08-12,32.84291878243067,32.93801868944828,32.30847967610553,32.66857147216797,58734000
2015-08-13,32.656783266059016,32.91325374129604,32.27732834112348,32.514530181884766,36214000
2015-08-14,32.44320865800979,32.68318422598838,32.32681083354399,32.5477180480957,21442000
2015-08-17,32.53187001494875,32.758721451525794,32.25647854567473,32.73345947265625,21034000
2015-08-18,32.78447487776232,32.888489222154305,32.366433575369456,32.498680114746094,29122000
2015-08-19,32.52196811062688,33.03708578654007,32.40259627600665,32.734947204589844,42682000
2015-08-20,32.465498628840216,32.83846899386523,31.843392615419408,32.038047790527344,57106000
2015-08-21,31.688856563546246,31.702228219024565,30.32923487252364,30.3366641998291,85304000
2015-08-24,28.38118631124124,29.68533374747348,27.987416826941853,29.203893661499023,115406000
2015-08-25,30.457021850958512,30.58282914773236,28.782878244617926,28.829933166503906,70760000
2015-08-26,30.231158816831936,31.289138719648992,29.671459597715288,31.13608741760254,84718000
2015-08-27,31.670028164701574,31.877563702782574,30.808192341497744,31.581369400024414,69826000
2015-08-28,31.34411780360852,31.545212207196514,30.934992817201373,31.2232608795166,39574000
2015-08-31,31.08260159696663,31.49172667102283,30.594227209966146,30.622459411621094,43534000
2015-09-01,29.83540905251779,30.355482707986116,29.426284040466197,29.609052658081055,74042000
2015-09-02,29.995392211626697,30.428787231445312,29.704152028020555,30.428787231445312,51512000
2015-09-03,30.560540922852617,30.69476950777618,29.858242818313297,30.02808380126953,35192000
2015-09-04,29.71851953928973,29.890391704421106,29.48324868205139,29.753190994262695,41780000
2015-09-08,30.337157704804643,30.526365581071744,29.922583501236137,30.444639205932617,45590000
2015-09-09,30.769564275898514,31.032077251545065,30.194014364157525,30.34855079650879,34042000
2015-09-10,30.36737098525033,30.915181798739297,30.284654539637682,30.775999069213867,38106000
2015-09-11,30.696751971495605,30.99542339654037,30.581346102243366,30.99492835998535,27470000
2015-09-14,30.991460676064595,30.99938503971221,30.680902710738852,30.86961555480957,34046000
2015-09-15,31.04098881943459,31.63535951281327,30.89635880002617,31.459030151367188,41688000
2015-09-16,31.47537505925547,31.59821024292799,31.319351645880165,31.500635147094727,25730000
2015-09-17,31.59028603714393,32.23963411335828,31.453085346928813,31.8433895111084,45494000
2015-09-18,31.540760897771786,31.699754555979236,31.056843742618952,31.16729736328125,102668000
2015-09-21,31.42237625852776,31.525895572414527,31.00334674844142,31.473888397216797,35770000
2015-09-22,31.05584694704297,31.083089068873843,30.482774205093666,30.842369079589844,51258000
2015-09-23,30.810673226183116,31.151445416412795,30.70913405342415,30.826026916503906,29418000
2015-09-24,30.54271130963363,31.071699416583154,30.332700561660346,30.996414184570312,44802000
2015-09-25,31.19305200854018,31.19305200854018,30.263356369880682,30.3114013671875,43480000
2015-09-28,30.230664899551854,30.44191322871893,29.19249775477915,29.465412139892578,62554000
2015-09-29,29.583793309084875,29.966171242888436,29.2341047916259,29.469377517700195,46190000
2015-09-30,29.880976218711464,30.152405492662478,29.75467388849999,30.13556480407715,48268000
2015-10-01,30.13309137881714,30.317345112077284,29.711087845459332,30.277721405029297,37352000
2015-10-02,30.075138042885623,31.07268950805388,29.873546707072553,31.0513916015625,53696000
2015-10-05,31.303507351589936,31.84884304194681,31.055853024266366,31.772565841674805,36072000
2015-10-06,31.642290844851583,32.157909116174835,31.527875068631676,31.969194412231445,43326000
2015-10-07,32.15741489832456,32.225219780662115,31.310930856870087,31.816640853881836,41854000
2015-10-08,31.76711631936681,31.92016575484096,30.984527746490016,31.65814781188965,43642000
2015-10-09,31.699750768291562,31.99644013943873,31.467846940487412,31.878557205200195,32974000
2015-10-12,31.803269422211333,32.12076165748479,31.650715039907872,32.030120849609375,25504000
2015-10-13,31.855775009701894,32.58199361003095,31.855775009701894,32.308982849121094,36154000
2015-10-14,32.35405688345829,32.6601595429987,32.138103786847594,32.25251770019531,28310000
2015-10-15,32.42588306494481,32.84540962041356,32.41597477414116,32.77656173706055,37714000
2015-10-16,32.89394035772538,32.93653617097453,32.5516811843942,32.79933547973633,32222000
2015-10-19,32.748821486568474,33.02817709802373,32.6695740529827,32.992515563964844,29546000
2015-10-20,32.89047150704997,32.9241528844108,31.907533054443668,32.208927154541016,49964000
2015-10-21,32.40060909255463,32.48580071163687,31.7854336998277,31.829023361206055,35822000
2015-10-22,32.03160849859533,32.58140138541587,31.89837186650022,32.283721923828125,81420000
2015-10-23,36.033694823009995,36.157521952985974,34.745893427040635,34.77065658569336,133078000
2015-10-26,34.74837527267854,35.620119492970645,34.734011655390475,35.30460739135742,54332000
2015-10-27,35.03714564407333,35.34621853910957,34.896974705492596,35.092124938964844,44916000
2015-10-28,35.03466474293107,35.3145115378086,34.82415707220731,35.313026428222656,43578000
2015-10-29,35.19167915357978,35.57603534958098,35.167407247424926,35.509666442871094,29120000
2015-10-30,35.45071763797154,35.56315515700961,35.16938199050011,35.207027435302734,38176000
2015-11-02,35.219417412016405,35.74246321293456,34.96135976745596,35.717201232910156,37726000
2015-11-03,35.60575046104233,35.892531505563205,35.4006920001136,35.769203186035156,31308000
2015-11-04,35.761285431580106,36.311078372492084,35.756335065557735,36.06391906738281,34134000
2015-11-05,36.13127864172491,36.62708231794019,36.13127864172491,36.219444274902344,37232000
2015-11-06,36.231830340771566,36.42549545834968,36.00943420621856,36.34376907348633,30232000
2015-11-09,36.16743073848107,36.3908169026408,35.6339854551735,35.904422760009766,41396000
2015-11-10,35.88015779871582,36.18675168941656,35.587923746609285,36.074317932128906,32160000
2015-11-11,36.279371527274,36.70236318936509,36.16891793106853,36.424991607666016,27328000
2015-11-12,36.20705905550778,36.543869065373634,36.090415599679375,36.21845245361328,36744000
2015-11-13,36.1164181025081,36.21448824064289,35.50025255444127,35.51362609863281,41510000
2015-11-16,35.44427522441505,36.13225870405469,35.232781305383355,36.10601043701172,38118000
2015-11-17,36.1223652034986,36.24891695743601,35.812151102376575,35.92473602294922,30218000
2015-11-18,36.037664176301945,36.72267378309806,36.00893316411876,36.652835845947266,33686000
2015-11-19,36.59042518266632,36.75189399112417,36.52553761426946,36.57408142089844,26542000
2015-11-20,36.97627046292042,37.540426891587465,36.80142811045734,37.47504806518555,44246000
2015-11-23,37.517147867125225,37.77757862039393,37.238287397187314,37.4443359375,28290000
2015-11-24,37.24720578838213,37.40961933704894,36.535449072511774,37.06295394897461,46662000
2015-11-25,37.056015888816766,37.247201999050766,36.95299161820009,37.05651092529297,22442000
2015-11-27,37.071866490292464,37.3170455989824,37.02382149733791,37.1610221862793,16770000
2015-11-30,37.08920399515197,37.39233263571702,36.71574237540326,36.781620025634766,41952000
2015-12-01,37.00499747830409,38.08675044721677,36.984689645749405,37.992149353027344,42692000
2015-12-02,38.08427870548403,38.43371781114463,37.59194409375721,37.76133728027344,44608000
2015-12-03,37.94113323215941,38.088982880236586,36.931697081540456,37.27395248413086,51812000
2015-12-04,37.301696980494036,38.063977795195605,37.14815249277366,37.98076629638672,55146000
2015-12-07,38.028309315213505,38.07585927425914,37.40025911705523,37.80442810058594,36246000
2015-12-08,37.53894787725381,37.8812070904495,37.35617735351638,37.76084518432617,36590000
2015-12-09,37.60234167157343,37.85296618252892,36.50429402491216,37.22789001464844,54000000
2015-12-10,37.28930695092451,37.43789725236866,36.84253841582018,37.121395111083984,39768000
2015-12-11,36.71029425813405,36.93566059888691,36.4918659870955,36.59687042236328,44488000
2015-12-14,36.74149867946612,37.085242983917716,35.86876437392995,37.03769302368164,48250000
2015-12-15,37.29674291633131,37.54835753428519,36.80192930210718,36.82124328613281,53324000
2015-12-16,37.14815104247126,37.67268199802243,36.624855788965874,37.54885482788086,39866000
2015-12-17,37.763318922915566,37.77619743098063,37.09861710025421,37.11991500854492,31068000
2015-12-18,36.97528276964725,37.352708436649145,36.561205505738656,36.61865997314453,62974000
2015-12-21,36.956461684157304,37.148146634723545,36.652838012927226,37.03769302368164,30514000
2015-12-22,37.22987013806939,37.38836873365799,36.92674152676987,37.14814376831055,27308000
2015-12-23,37.320020207114105,37.35667180704096,36.85096361974216,37.16350173950195,31318000
2015-12-24,37.12585664184848,37.215012340096706,36.98073158630128,37.06889343261719,10544000
2015-12-28,37.29277571440697,37.79155335822439,37.12437260114779,37.76777648925781,30306000
2015-12-29,37.97481068681725,38.633076930548704,37.961932180782995,38.46566390991211,35300000
2015-12-30,38.46567269346455,38.515202804126446,37.98522268434316,38.188297271728516,25866000
2015-12-31,38.11399046193086,38.11399046193086,37.56122746406854,37.587974548339844,30018000
2016-01-04,36.80143102548419,36.85393134957809,36.21983868548048,36.74397277832031,65456000
2016-01-05,36.97230937061182,37.247205799127485,36.585474224583045,36.7806282043457,39014000
2016-01-06,36.15752798669016,37.00846931467082,36.1040338111393,36.83213806152344,38940000
2016-01-07,36.172885580028996,36.57854349022244,35.61566334202285,35.97872543334961,59274000
2016-01-08,36.22934633942314,36.31751196664921,35.31550513522272,35.38831329345703,49018000
2016-01-11,35.4943148168743,35.605509099942864,34.84694302346592,35.46558380126953,41812000
2016-01-12,35.7454333929893,36.09561696252238,35.52932915214146,35.96287536621094,40490000
2016-01-13,36.199626329293665,36.392301332496025,34.60275198577,34.699337005615234,50034000
2016-01-14,34.93807474748368,35.75756036782973,34.131713261637906,35.400691986083984,44516000
2016-01-15,34.289721079563535,35.0054457147617,33.94697060365483,34.39670944213867,72162000
2016-01-19,34.835053615519435,35.16591938681729,34.34519421201378,34.76026153564453,45362000
2016-01-20,34.10744908647805,35.0108908274737,33.34714849243283,34.59483337402344,68900000
2016-01-21,34.77958047682932,35.622098623076056,34.39720066501958,34.998008728027344,48244000
2016-01-22,35.84052629237946,36.064902512321986,35.66820825766207,35.9222526550293,40236000
2016-01-25,35.839543503148974,36.141682076565765,35.16740855854611,35.249629974365234,34234000
2016-01-26,35.35760262285525,35.57702470799816,34.99256045589053,35.317481994628906,26634000
2016-01-27,35.34869245062251,35.574803248031266,34.39374041301946,34.671112060546875,43884000
2016-01-28,35.7721781321324,36.34029867411338,35.28330878082872,36.205078125,53528000
2016-01-29,36.233304885042735,36.89999049989394,35.999024161645394,36.798946380615234,69486000
2016-02-01,37.1709266378771,37.53745770909352,36.814802669884905,37.2472038269043,102784000
2016-02-02,38.85695957667822,39.12294157429829,37.87377166748047,37.87377166748047,126962000
2016-02-03,38.14966030336503,38.36164929914591,35.68698590034814,36.0064582824707,123420000
2016-02-04,35.80140259503966,36.00893627839534,34.763730399356255,35.0683479309082,103374000
2016-02-05,34.86329075207441,34.86923496985505,33.68841780823808,33.85781478881836,102114000
2016-02-08,33.07919000258334,33.880597523909074,32.84193522444498,33.81670379638672,84948000
2016-02-09,33.30059073100834,34.66664974770668,33.124754505694675,33.587371826171875,72178000
2016-02-10,34.020767356677666,34.73648818171635,33.7864865843931,33.88505554199219,52760000
2016-02-11,33.433328206937524,34.14409478993928,33.129606318376844,33.83502197265625,60480000
2016-02-12,34.18917605660044,34.36203829527972,33.61164597752224,33.799861907958984,42828000
2016-02-16,34.32389258110648,34.572540725380875,33.931113236194236,34.22582244873047,50400000
2016-02-17,34.57699941931515,35.154529466703536,34.24464850563485,35.08766174316406,49852000
2016-02-18,35.166917059450746,35.28331490414305,34.474969246129575,34.54035186767578,37664000
2016-02-19,34.425427072533516,34.82419970599536,34.37688704944141,34.716670989990234,31786000
2016-02-22,35.04061222167121,35.327393333547455,34.79592811317224,34.9915771484375,38996000
2016-02-23,34.743420806855035,35.08766013985813,34.35361543974083,34.46604919433594,40186000
2016-02-24,34.12280468958025,34.67160755274709,33.71962572218417,34.64981460571289,39272000
2016-02-25,34.67209215337569,34.96779140639251,34.20526522402829,34.956398010253906,32844000
2016-02-26,35.09657796993544,35.33680294560691,34.71419815495597,34.922725677490234,44870000
2016-02-29,34.68745193415986,35.2109927495824,34.55669048943825,34.56114959716797,49622000
2016-03-01,34.85090667191173,35.60327911376953,34.66021178530578,35.60327911376953,43028000
2016-03-02,35.61268826816536,35.662218371233365,35.26596998888003,35.60525894165039,32580000
2016-03-03,35.59683659318318,35.63497707856664,34.96977647992878,35.286773681640625,39160000
2016-03-04,35.414069242072586,35.48836628654984,34.96977586364421,35.21099090576172,39442000
2016-03-07,35.013367422827166,35.072356127726465,34.02275018662466,34.4318733215332,59702000
2016-03-08,34.10645919517915,34.85932668687199,33.94548161521527,34.3729362487793,41526000
2016-03-09,34.59581982494695,34.952937657887055,34.3744175761916,34.93114471435547,28430000
2016-03-10,35.07379156771567,35.48588869436075,34.838025697017414,35.30658721923828,56670000
2016-03-11,35.662219003156956,36.004973217552305,35.519818537223905,36.00001907348633,39416000
2016-03-14,35.9995215717083,36.42994634574369,35.91730016880526,36.18179702758789,34366000
2016-03-15,36.00496828512521,36.27094645622723,35.898474986271395,36.074806213378906,34420000
2016-03-16,35.97773504004764,36.527527945633715,35.88560533327612,36.45917510986328,32488000
2016-03-17,36.47699955235129,36.80489510958279,36.45471157267454,36.542877197265625,37216000
2016-03-18,36.74496500405159,36.7518992947272,36.248171258183106,36.533966064453125,59614000
2016-03-21,36.479482504616854,36.776666936199064,36.33168196943834,36.7563591003418,36730000
2016-03-22,36.52703323467558,36.900494872984865,36.52703323467558,36.68998718261719,25394000
2016-03-23,36.76973412857834,36.936157114665,36.46214635892553,36.5567512512207,28642000
2016-03-24,36.25708622261224,36.54124476715156,36.207061077489996,36.4200439453125,31898000
2016-03-28,36.4938471912105,36.60281570105872,36.28135935278751,36.332374572753906,26026000
2016-03-29,36.38487605998856,37.01193620411258,36.09611104125713,36.88909912109375,38076000
2016-03-30,37.153094795662895,37.53844478089872,37.085732047934904,37.17439270019531,35648000
2016-03-31,37.111008419546344,37.19025585198319,36.69940622659162,36.89802551269531,34376000
2016-04-01,36.58349953012501,37.164989927138265,36.504248327183966,37.14369201660156,31534000
2016-04-04,37.15112070889734,37.28683631321398,36.77319994940246,36.914859771728516,22684000
2016-04-05,36.553777307043696,36.791523326112156,36.42351089941856,36.54386901855469,22646000
2016-04-06,36.443321170069076,36.96190780302985,36.4329178457676,36.93466567993164,21074000
2016-04-07,36.91881565944999,36.99954817400963,36.46857808936911,36.66670227050781,29064000
2016-04-08,36.84947671866434,36.92277991495449,36.432425442647784,36.61073684692383,25816000
2016-04-11,36.80241757960014,36.90048770704618,36.45718820871974,36.45966339111328,24402000
2016-04-12,36.553771901165064,36.842536871765795,36.20754869097807,36.80588150024414,27060000
2016-04-13,37.10653622888753,37.365088868998626,36.863885218557016,37.233333587646484,34142000
2016-04-14,37.34676507205539,37.51021782066782,37.28212690529588,37.306644439697266,22706000
2016-04-15,37.34527730047189,37.6929818649814,37.281580085550225,37.59392166137695,36186000
2016-04-18,37.6662381903517,38.0421787636337,37.50972350794856,37.970855712890625,31176000
2016-04-19,38.11448638013438,38.13380413909992,37.11495484655426,37.342796325683594,40610000
2016-04-20,37.54438969425608,37.55092719878501,37.14863637818615,37.28038787841797,30584000
2016-04-21,37.414624820267655,37.66574439466478,37.12585979419575,37.600860595703125,61210000
2016-04-22,35.9742620283715,36.460656189028064,35.345716809613435,35.601295471191406,119038000
2016-04-25,35.469055219075386,35.85688049838607,35.443793236670885,35.8182487487793,39184000
2016-04-26,35.930678888652054,35.947816222776986,34.82148335957762,35.07478713989258,54892000
2016-04-27,35.0326792886214,35.11638958407091,34.29343484852505,34.96086120605469,61972000
2016-04-28,35.08072192013452,35.37345096898311,34.15400230464368,34.226810455322266,57346000
2016-04-29,34.21096455641379,34.55371876975118,34.12676300207559,34.325382232666016,49754000
2016-05-02,34.55421953911212,34.70330869064495,34.22582888802463,34.58294677734375,32906000
2016-05-03,34.516564742685716,34.564609731902785,34.27534972367489,34.293182373046875,30876000
2016-05-04,34.20056432565153,34.65921753669324,34.12725735500758,34.4586181640625,33870000
2016-05-05,34.557680979998125,34.78651634520412,34.459610839998355,34.742431640625,33670000
2016-05-06,34.59136495989581,35.25904082258497,34.57784403714231,35.222389221191406,36586000
2016-05-09,35.26597476036844,35.5983294680988,35.166914540829566,35.31055450439453,30206000
2016-05-10,35.5012427493049,35.83557376184332,35.450223760457675,35.819725036621094,31392000
2016-05-11,35.831124840331555,35.88412020567691,35.30560006367384,35.428932189941406,33842000
2016-05-12,35.516600872173605,35.62507433767229,35.11738224165129,35.33086013793945,27214000
2016-05-13,35.26250732233555,35.49688634180123,35.13026076597386,35.20802307128906,26290000
2016-05-16,35.12382180685207,35.586934165729936,34.951454615574114,35.48836898803711,26342000
2016-05-17,35.46360285277068,35.73750922617225,34.8751782135935,34.98018264770508,40024000
2016-05-18,34.85337842607756,35.24616155943947,34.70280796832937,34.99999237060547,35336000
2016-05-19,34.78849454142901,34.96878608416671,34.51310308327449,34.68745040893555,33404000
2016-05-20,34.75183727105073,35.39375592695378,34.69735303213245,35.15402603149414,36568000
2016-05-23,34.99503851053198,35.24011559789667,34.87864068703602,34.881614685058594,26614000
2016-05-24,35.011390762494294,35.71027290944352,35.011390762494294,35.66668701171875,38590000
2016-05-25,35.699858318422486,36.03419311108885,35.64760362763207,35.92324447631836,32584000
2016-05-26,35.804369848991605,36.07480713393361,35.67608360642595,35.86628341674805,31526000
2016-05-27,35.86084281912394,36.352485941683796,35.86034778254452,36.289283752441406,39500000
2016-05-31,36.24371513557119,36.639464731970236,36.21993826582975,36.44084548950195,42590000
2016-06-01,36.381909427654115,36.51465103353033,36.19022445717355,36.36308670043945,25072000
2016-06-02,36.28135964186135,36.307116659791824,35.868767434011716,36.177345275878906,26836000
2016-06-03,36.1213673493836,36.13226193052991,35.68995251692175,35.77811813354492,24526000
2016-06-06,35.905417942194845,35.905417942194845,35.395250638382194,35.49134063720703,31306000
2016-06-07,35.654295682329796,35.76029018345031,35.491337970047006,35.49629211425781,26724000
2016-06-08,35.85836896266123,36.08670553809011,35.69095211999564,36.07234191894531,31674000
2016-06-09,35.80437555078471,36.13474631025044,35.777923216598154,36.087196350097656,19778000
2016-06-10,35.63596963948676,35.9539569364363,35.48539539132577,35.632999420166016,24328000
2016-06-13,35.48935895081344,35.931668436591536,35.48935895081344,35.580989837646484,25178000
2016-06-14,35.48786979908633,35.784559149450125,35.3214430658561,35.57653045654297,26122000
2016-06-15,35.61269057268484,35.80982092469859,35.52898405066942,35.608726501464844,24290000
2016-06-16,35.41010450672672,35.49628998364045,34.833069555209605,35.18474197387695,39650000
2016-06-17,35.10004783943184,35.10847101925183,34.099624240344575,34.26148986816406,68048000
2016-06-20,34.61067469297578,34.79443525169789,34.34519154967432,34.360050201416016,41650000
2016-06-21,34.59235180395983,34.808803693871404,34.275849629698,34.47050857543945,29312000
2016-06-22,34.62503902988535,34.71419472109798,34.328942976608296,34.54579162597656,23686000
2016-06-23,34.54530170580311,34.768189077393025,34.02770131629373,34.764225006103516,43428000
2016-06-24,33.441750164457915,34.14657636356165,33.356558535682936,33.44422912597656,88980000
2016-06-27,33.23519904460778,33.29959156704145,32.85301959881379,33.099483489990234,52580000
2016-06-28,33.62996896607735,33.69732794154269,33.33426967686766,33.68296432495117,43476000
2016-06-29,33.82958034415569,34.04894955171504,33.7508241874186,33.884559631347656,38652000
2016-06-30,33.95192094833346,34.29120994691527,33.86177516606283,34.280311584472656,31954000
2016-07-01,34.28526343144316,34.70379982180417,34.281794396751124,34.63247299194336,26894000
2016-07-05,34.476453744716004,34.52003963425974,34.120821001091834,34.42147445678711,29252000
2016-07-06,34.17530451687724,34.75481469211748,34.13121981283071,34.56114959716797,28238000
2016-07-07,34.57649799201176,34.582442208439375,34.08787811119557,34.441776275634766,26084000
2016-07-08,34.64683112431433,34.95441881831252,34.49502120207013,34.95045852661133,31504000
2016-07-11,35.0703269738078,35.4893583986749,35.0302063407506,35.41902542114258,22236000
2016-07-12,35.6186406306065,35.80784665011007,35.45964696057927,35.69392776489258,26738000
2016-07-13,35.84151990627303,35.860342630302085,35.5061950238313,35.51263427734375,18718000
2016-07-14,35.74047670844812,35.771682903808795,35.564644270795874,35.70927429199219,19004000
2016-07-15,35.94602915066446,35.94652418717079,35.61541278471847,35.654788970947266,25586000
2016-07-18,35.79644179680322,36.46114343368246,35.72115469455337,36.34474563598633,25910000
2016-07-19,36.15207479485238,36.50374341018072,36.10799387590884,36.50225830078125,24550000
2016-07-20,36.52059063835781,36.75833665530152,36.50919724036872,36.7117805480957,25794000
2016-07-21,36.67067045779692,36.73654432747421,36.44634332805546,36.58498001098633,20526000
2016-07-22,36.74495404499353,36.81330685825352,36.48244115072413,36.788543701171875,25196000
2016-07-25,36.68601726289085,36.7821072378665,36.529003795050755,36.64143753051758,20648000
2016-07-26,36.605284709878255,36.73654118035548,36.36902381880016,36.57457733154297,23734000
2016-07-27,36.567646805887875,36.87374566337716,36.50424433889996,36.740509033203125,30250000
2016-07-28,37.00152980558601,37.08127224223887,36.61815997341688,36.945560455322266,70604000
2016-07-29,38.272994632556646,38.56225468836629,37.97878043240025,38.07883071899414,76830000
2016-08-01,37.697444739483345,38.6553706836993,37.697444739483345,38.28141403198242,54010000
2016-08-02,38.07388188789315,38.428025755406736,38.03227614307557,38.19176483154297,35690000
2016-08-03,37.99908786158456,38.29775738744872,37.981255209469666,38.29627227783203,25748000
2016-08-04,38.24872583604077,38.34035672992857,38.07908322269488,38.21851348876953,22806000
2016-08-05,38.325984883348,38.78464184871742,38.2546618414492,38.74402618408203,36024000
2016-08-08,38.733125651027976,38.76433184192345,38.53950971536308,38.72124099731445,22158000
2016-08-09,38.688547645736136,39.07686782088655,38.66229559964067,38.84506607055664,26378000
2016-08-10,38.81981039689224,38.97147295468278,38.771667152105984,38.865875244140625,15728000
2016-08-11,38.881731238260876,39.11700210462216,38.781182125487774,38.87430191040039,19502000
2016-08-12,38.70837220507865,38.80223265118684,38.65388795063031,38.79356384277344,14810000
2016-08-15,38.819812384416785,39.005058076999006,38.63952083603756,38.75492858886719,18764000
2016-08-16,38.648927198076386,38.68260857391705,38.309343502668575,38.492408752441406,20560000
2016-08-17,38.50132948940596,38.67419170834377,38.31360483808179,38.62961196899414,18484000
2016-08-18,38.634564644842364,38.77572940536243,38.48547552136024,38.5102424621582,14388000
2016-08-19,38.38641987546717,38.49043423714499,38.29379891253444,38.407222747802734,17230000
2016-08-22,38.300728800660345,38.36363244699868,38.14123635218289,38.2452507019043,19028000
2016-08-23,38.41019006901467,38.457740027751754,38.22717393203655,38.24178695678711,18564000
2016-08-24,38.167493422686825,38.361653567704295,37.9936411137792,38.120933532714844,21440000
2016-08-25,37.990167213464325,38.2323761060509,37.80120686609091,38.10953903198242,18538000
2016-08-26,38.0892349660112,38.43991357193044,37.93321153600447,38.11598205566406,23334000
2016-08-29,38.0763525598226,38.385920426459414,37.97109872938516,38.2452507019043,16952000
2016-08-30,38.10557358369879,38.35996565563395,37.98224147758094,38.093685150146484,22600000
2016-08-31,37.9906651532841,38.09368943822406,37.90993262849016,37.99264907836914,24972000
2016-09-01,38.101620458041104,38.18928727999064,37.856441309159344,38.078338623046875,18502000
2016-09-02,38.28785469361969,38.33292569422606,38.06001317106077,38.211082458496094,21454000
2016-09-06,38.30963665700386,38.73312330964282,38.188284713718694,38.63802719116211,28856000
2016-09-07,38.63406772098014,38.7692882579467,38.44585182838609,38.651405334472656,17874000
2016-09-08,38.56423127005276,38.65140681953533,38.316081943776275,38.40226364135742,25406000
2016-09-09,38.143715144221105,38.2994891498587,37.62661361694336,37.62661361694336,37710000
2016-09-12,37.40224154945246,38.15312887280267,37.34627218710053,38.09022521972656,26220000
2016-09-13,37.8653484944936,37.951533969094676,37.435422531176876,37.62809753417969,27900000
2016-09-14,37.62413479748693,38.02384843361541,37.5993716355153,37.76678466796875,21748000
2016-09-15,37.786597657441014,38.326977241879725,37.64147260369389,38.22593688964844,26102000
2016-09-16,38.1263771341668,38.1263771341668,37.8742675160443,38.08328628540039,40986000
2016-09-19,38.25862334659206,38.336884459475826,37.86341795269492,37.925777435302734,23456000
2016-09-20,38.08923865698298,38.303706652639725,38.06595682096717,38.2086067199707,19572000
2016-09-21,38.27051475128092,38.4934058946696,38.05461080291666,38.44684600830078,23356000
2016-09-22,38.63407400127872,39.12195331501753,38.55680672998213,38.99119186401367,29724000
2016-09-23,38.96048786401987,39.076390681721115,38.839634679809905,38.97584533691406,28238000
2016-09-26,38.76978667016123,38.76978667016123,38.29082182956103,38.347286224365234,30664000
2016-09-27,38.411192221183306,38.930769066080956,38.35215060027853,38.78316879272461,23064000
2016-09-28,38.52758124329597,38.7237215139869,38.38493136894502,38.71133804321289,22196000
2016-09-29,38.70539562543207,38.92135248252465,38.34837980631891,38.38691329956055,26294000
2016-09-30,38.45229360414602,38.68063013997836,38.34134118410476,38.499839782714844,31706000
2016-10-03,38.34927044886629,38.43916681471342,38.11399583717005,38.265560150146484,25576000
2016-10-04,38.43743207539191,38.570177441789696,38.28190747110282,38.457244873046875,24028000
2016-10-05,38.599890636716445,38.73659628073891,38.41860903689762,38.459224700927734,29224000
2016-10-06,38.58454060514346,38.657843798809765,38.41316349740242,38.47854232788086,21414000
2016-10-07,38.61723229057241,38.61723229057241,38.175909120146784,38.390380859375,18664000
2016-10-10,38.520649469304466,39.098674552243686,38.42950983926591,38.928287506103516,23498000
2016-10-11,38.96394918651271,39.24231088542938,38.662800690543726,38.7861328125,27450000
2016-10-12,38.82030752441217,39.036759413473945,38.73610596726078,38.93819046020508,18748000
2016-10-13,38.69449752934584,38.69449752934584,38.2873545737315,38.54441833496094,27306000
2016-10-14,38.7157985375304,38.82971740336036,38.43594795941377,38.56126022338867,17050000
2016-10-17,38.62416334491743,38.92382290887625,38.510240712888034,38.63208770751953,21860000
2016-10-18,39.02288931436351,39.70443366626757,38.90971111947273,39.38991165161133,41138000
2016-10-19,39.53751724968769,39.85253434356616,39.527117702623634,39.69898986816406,35336000
2016-10-20,39.78814132563149,39.82132766740307,39.42804948921458,39.474609375,35150000
2016-10-21,39.377038653869974,39.59992604034867,39.32750854341973,39.59348678588867,25324000
2016-10-24,39.86739601929588,40.376573300062816,39.863435726363875,40.274044036865234,33950000
2016-10-25,40.45086647294058,40.45086647294058,39.879280623278035,40.00459289550781,31528000
2016-10-26,39.93871272141921,39.97041017245056,39.44241407647974,39.57862091064453,32954000
2016-10-27,39.67421782005525,39.79754993265303,39.20367616498736,39.394371032714844,54984000
2016-10-28,40.0382717175491,40.39192430822182,39.30719722460437,39.395362854003906,85398000
2016-10-31,39.400313634745544,39.46916150320228,38.83219685029429,38.858943939208984,48546000
2016-11-01,38.77720850837709,39.10411015862713,38.413156452684625,38.812870025634766,48128000
2016-11-02,38.54492069400242,38.71580279042345,37.814341158770766,38.074378967285156,37448000
2016-11-03,38.002549461249366,38.13628489198263,37.59540651005885,37.74895095825195,38864000
2016-11-04,37.1808397915719,38.15659842970289,37.17593477278,37.74351119995117,42696000
2016-11-07,38.36164977775822,38.891134795110325,38.26506475136221,38.758888244628906,31702000
2016-11-08,38.80247274041507,39.408386084519954,38.6434791078453,39.154640197753906,27338000
2016-11-09,38.631097465518465,39.19015236422521,38.22147556317148,38.89707565307617,52142000
2016-11-10,39.18733416765614,39.18733416765614,37.256128427895824,37.77025604248047,94904000
2016-11-11,37.47207674536652,37.68208937683035,37.16696797587683,37.347259521484375,48636000
2016-11-14,37.425515692375605,37.53696314777652,36.03567991565683,36.458675384521484,73088000
2016-11-15,36.99806878589592,37.86218344111496,36.99806878589592,37.56866455078125,47680000
2016-11-16,37.40570176492093,37.95846858104042,37.17340494641564,37.86534881591797,29452000
2016-11-17,37.98621005948214,38.27249611938284,37.852969649946125,38.19968795776367,26080000
2016-11-18,38.20661964755629,38.386416153803715,37.64345326050429,37.67020034790039,30942000
2016-11-21,37.77272589823621,38.123899476759725,37.6731668850028,38.0991325378418,26612000
2016-11-22,38.26903461464069,38.48350260704036,37.990174075627735,38.05308151245117,31862000
2016-11-23,38.02632556405278,38.053715063416156,37.40817993396699,37.69248580932617,29568000
2016-11-25,37.85445671928682,37.891108316609056,37.66921102876893,37.72666549682617,11748000
2016-11-28,37.64345688330325,38.610796114575045,37.63355237315744,38.05158996582031,43764000
2016-11-29,38.214550565386595,38.55978002036958,38.0515928304869,38.18037414550781,32332000
2016-11-30,38.14223299912399,38.28686302632134,37.38738162993995,37.5463752746582,47858000
2016-12-01,37.51665574351271,37.63602378438755,36.50548131494953,37.04512023925781,60358000
2016-12-02,36.88018351694032,37.346269854935024,36.80638150637565,37.17291259765625,29050000
2016-12-05,37.530031341623314,37.836625231406046,37.29178650443941,37.768272399902344,27884000
2016-12-06,37.87773454494496,38.080812885831264,37.511702273733015,37.59937286376953,33814000
2016-12-07,37.692986244203766,38.20612753017551,37.435427417565954,38.19770812988281,35220000
2016-12-08,38.261598767239086,38.54392451432173,38.001560999922376,38.456748962402344,29762000
2016-12-09,38.634069481436256,39.10114586830124,38.58557857767131,39.09421157836914,36438000
2016-12-12,38.88370976858176,39.19129753328139,38.8497827580226,39.09322738647461,42082000
2016-12-13,39.32254625223163,39.84163167852072,39.294809093813406,39.431514739990234,42904000
2016-12-14,39.49591224666995,39.82281778240482,39.328004149507755,39.47956848144531,34084000
2016-12-15,39.49293794164294,39.77328355673875,39.274010867290826,39.5181999206543,32530000
2016-12-16,39.64450216660914,39.667088680925254,39.14374436870307,39.16900634765625,48876000
2016-12-19,39.140275824363776,39.50878325811027,38.94462682085884,39.337406158447266,24642000
2016-12-20,39.46420738468692,39.55781840808093,39.29134517517071,39.447364807128906,19020000
2016-12-21,39.41864619297464,39.460055438034495,38.98574613034269,39.355247497558594,24226000
2016-12-22,39.246275787633735,39.29382575005156,39.05904993624764,39.19179153442383,19444000
2016-12-23,39.17395495855496,39.26509458175705,38.994653489042875,39.12491989135742,12468000
2016-12-27,39.16305920609183,39.518691915406414,39.013327670217095,39.20615005493164,15782000
2016-12-28,39.312645718069575,39.33889399080122,38.792570166246264,38.88420104980469,23076000
2016-12-29,38.79900966157378,38.92779095900979,38.58057762613571,38.77226257324219,14886000
2016-12-30,38.77028199542957,38.77176710500816,38.159070599576744,38.22890853881836,35400000
2017-01-03,38.57512840092508,39.11105268219292,38.42604304805116,38.93819046020508,33146000
2017-01-04,39.048158476998545,39.195762534884196,38.790599599033555,38.97584533691406,21460000
2017-01-05,38.93522061852296,39.351278043002495,38.88271651447466,39.328495025634766,26704000
2017-01-06,39.38990892225609,40.01597891021181,39.238541127250485,39.929298400878906,32804000
2017-01-09,39.94169138692054,40.118317421077656,39.76486507078202,39.95407485961914,25492000
2017-01-10,40.0140016007586,40.076905248009304,39.79853979279913,39.8619384765625,23536000
2017-01-11,39.87234069928924,40.028364111275046,39.69254419863837,40.016475677490234,21318000
2017-01-12,39.978340456245924,39.99072392815984,39.583580917028584,39.9397087097168,27062000
2017-01-13,39.99518658860737,40.18062881357178,39.95605602313336,40.01499938964844,21984000
2017-01-17,39.97536939280337,39.978339612125566,39.64301847783209,39.85302734375,27242000
2017-01-18,39.91245642521948,39.93201981178717,39.6737166003813,39.92533493041992,25888000
2017-01-19,39.87828756539294,40.09424063933894,39.71384474309545,39.732418060302734,18386000
2017-01-20,39.966947785444255,39.966947785444255,39.708395120301674,39.87333297729492,33400000
2017-01-23,39.98378062557621,40.658390606599156,39.80992835811631,40.58112335205078,39272000
2017-01-24,40.72922927300089,40.9075368986789,40.50737732665554,40.80699157714844,29480000
2017-01-25,41.09179322262832,41.39641074835608,40.865931854371,41.391456604003906,29890000
2017-01-26,41.49745148745754,41.50686473970321,40.96251725968035,41.217105865478516,59478000
2017-01-27,41.343906441767466,41.7025094014561,40.63710006868365,40.77925491333008,59316000
2017-01-30,40.35081252853024,40.40925706961339,39.614783910892314,39.739601135253906,64932000
2017-01-31,39.46916731319237,39.686609312315596,39.15514404830055,39.465702056884766,43212000
2017-02-01,39.60884063479836,39.683632719668495,39.18832410264655,39.411460876464844,40594000
2017-02-02,39.317591519806825,39.75841582902621,39.22843582923974,39.55187225341797,30642000
2017-02-03,39.77279101068977,39.92187637469325,39.64301963065218,39.69849395751953,29268000
2017-02-06,39.60982777981232,39.70740287483415,39.389415612687166,39.69105911254883,23690000
2017-02-07,39.82231705811872,40.14476343959956,39.71285352525313,39.96991729736328,24824000
2017-02-08,39.97140013561281,40.21113005817522,39.78268920270211,40.03975296020508,23106000
2017-02-09,40.09572660478915,40.152689817313814,39.84956118152515,40.09820556640625,19794000
2017-02-10,40.2041941673883,40.380030365665974,40.10909426053361,40.3017692565918,22700000
2017-02-13,40.41718089623565,40.66280592374255,40.39192269712711,40.57766342163086,24266000
2017-02-14,40.56577423291952,40.763898424486236,40.41718014451833,40.63759231567383,21094000
2017-02-15,40.58360394917938,40.763899272387114,40.53952302559324,40.56478500366211,26272000
2017-02-16,40.61182872780589,40.833234715043815,40.564777593702814,40.821346282958984,25752000
2017-02-17,40.76488519144925,41.0150146484375,40.69727303504682,41.0150146484375,32220000
2017-02-21,41.04424266431246,41.28149742745341,41.028888973839706,41.19283676147461,25246000
2017-02-22,41.04424384977277,41.27159033091997,41.04325377666914,41.148258209228516,19658000
2017-02-23,41.11656116487581,41.232463960542454,40.757958194722185,41.17649459838867,29456000
2017-02-24,40.99818385146874,41.06108750534253,40.82333769256652,41.04325485229492,27844000
2017-02-27,40.84067042199198,41.13537963569389,40.81342829856816,41.074951171875,22030000
2017-02-28,40.893168803956414,41.0382938501954,40.625206689884806,40.774295806884766,45216000
2017-03-01,41.05365696399582,41.42043370079736,40.97490080566243,41.37015914916992,29930000
2017-03-02,41.301303840783454,41.333991362825785,41.09277634467482,41.141815185546875,18850000
2017-03-03,41.138355198067536,41.17798079708624,40.90016325096214,41.06504821777344,17928000
2017-03-06,40.9595492334083,41.055144197201315,40.734182887569354,41.00065994262695,22180000
2017-03-07,40.98184067977705,41.27952395879293,40.93825478399579,41.20522689819336,20752000
2017-03-08,41.28446484905388,41.51429026965318,41.19927322351555,41.37659454345703,19796000
2017-03-09,41.407801007308954,41.70498543164583,41.31914033866977,41.54054260253906,25230000
2017-03-10,41.76838799745231,41.849120523633125,41.58115837087702,41.76689910888672,34080000
2017-03-13,41.804048122740284,42.03609933361042,41.76689770904047,41.88032531738281,24472000
2017-03-14,41.78621483565239,41.964526237768,41.64554888320142,41.88428497314453,15598000
2017-03-15,41.981865064165135,42.033375317044346,41.644064975020896,41.962547302246094,27630000
2017-03-16,42.05318547257719,42.14333124362906,41.909545526928355,42.040802001953125,19552000
2017-03-17,42.18097959237596,42.26963648108144,41.95808844253089,42.20623779296875,34246000
2017-03-20,42.101730334876585,42.11213366064421,41.86101030046914,42.0219841003418,24630000
2017-03-21,42.170581038715895,42.274595408850914,41.062080718242264,41.13340377807617,49270000
2017-03-22,41.20521804034171,41.38550958193174,40.97093728779597,41.09030532836914,28030000
2017-03-23,40.66483844772286,40.74260453405208,40.23179104848172,40.495445251464844,69742000
2017-03-24,40.61927089806245,40.71090178348322,40.065018919975024,40.339420318603516,39620000
2017-03-27,39.96892420038343,40.696038317112134,39.791602888974815,40.59103012084961,37886000
2017-03-28,40.635607623671355,40.91198912058607,40.31945315983073,40.66086959838867,32410000
2017-03-29,40.86296199654653,41.24756760615111,40.73319062148703,41.18045425415039,35726000
2017-03-30,41.28397385040141,41.29288828724939,41.06108647686704,41.184913635253906,21106000
2017-03-31,41.0595991405067,41.1918456920173,40.98133802261367,41.08882141113281,28038000
2017-04-03,41.0719811384509,41.648026077998885,41.0719811384509,41.53410720825195,33430000
2017-04-04,41.1779700413542,41.36717599205428,41.06286084276275,41.33696365356445,20908000
2017-04-05,41.38353260643185,41.72727691675806,41.146277837737415,41.18045425415039,31106000
2017-04-06,41.229488862319954,41.42711803143924,40.93527844144438,41.005611419677734,25088000
2017-04-07,41.00956876357187,41.03557518531063,40.64071366047714,40.846614837646484,21146000
2017-04-10,40.88228160975955,41.07842190142455,40.80204033831198,40.84959030151367,19578000
2017-04-11,40.8485936784902,40.98316802626244,40.46770277628433,40.78123092651367,21594000
2017-04-12,40.710902875965346,40.945183647817764,40.66582809740097,40.829280853271484,18010000
2017-04-13,40.7213006653544,40.93131330038325,40.68662921368747,40.7916374206543,22448000
2017-04-17,40.863454695063076,41.494478881773446,40.836707607321976,41.46575164794922,17900000
2017-04-18,41.31963255485608,41.552923237868455,41.24484425150307,41.44841384887695,16734000
2017-04-19,41.595518842621026,41.71588073631574,41.42216158937168,41.51726150512695,19084000
2017-04-20,41.677245448487675,41.863481210009766,41.57224102291669,41.68764877319336,19180000
2017-04-21,41.74856995597808,41.79810005744654,41.63563739456928,41.76392364501953,26472000
2017-04-24,42.16067374036376,42.76742608215615,42.094301050944395,42.73324966430664,27450000
2017-04-25,42.84419544613589,43.33950406401029,42.735721982115464,43.205772399902344,33440000
2017-04-26,43.301363164029105,43.391512717520705,42.980307410145535,43.17753601074219,24744000
2017-04-27,43.27016045108666,43.35931615199995,43.110671774061906,43.3023567199707,40536000
2017-04-28,45.105777691314,45.412371594034106,44.86357255159351,44.872982025146484,65526000
2017-05-01,44.67385985676499,45.35441408229139,44.649587953967234,45.200374603271484,42320000
2017-05-02,45.05425925860374,45.606531060852426,45.04598723627591,45.392059326171875,31744000
2017-05-03,45.31380055865304,45.96958787588737,45.19903900628102,45.91708755493164,29990000
2017-05-04,45.86904323802818,46.357417532945675,45.79573626752357,46.14591979980469,28442000
2017-05-05,46.2390353468178,46.30639809972977,45.825948172363695,45.92154312133789,38226000
2017-05-08,45.871520969426506,46.40670080656523,45.82892515431012,46.27668380737305,26596000
2017-05-09,46.40794431976527,46.43518644697036,46.04042689968876,46.17118835449219,31636000
2017-05-10,46.16177161687113,46.16276168994491,45.823971532372646,46.003273010253906,23478000
2017-05-11,45.83189902829744,46.18901689885689,45.71847519111934,46.093421936035156,16700000
2017-05-12,46.13948386258263,46.234088746261634,45.957212164584895,46.17366027832031,21012000
2017-05-15,46.2098156671791,46.47232862474182,46.03100922949563,46.41437911987305,22162000
2017-05-16,46.55900935996421,46.71304885640958,46.43914627854845,46.707603454589844,19390000
2017-05-17,46.344544018038754,46.52597302675075,45.47626879147094,45.5495719909668,47242000
2017-05-18,45.61792507316027,46.22071711003097,45.50648138473377,46.075592041015625,31938000
2017-05-19,46.13651416945747,46.44781279923896,46.11323233622428,46.26232147216797,27860000
2017-05-22,46.31135427143962,46.65227572019771,46.31135427143962,46.6511344909668,22408000
2017-05-23,46.95128894741338,47.12697399282412,46.686546461526106,46.99586868286133,25416000
2017-05-24,47.20192149920779,47.30643467659427,47.02955430247172,47.29999542236328,20496000
2017-05-25,47.41737603760488,48.17514841707354,47.32524634628429,48.02214813232422,33210000
2017-05-26,48.030073859281124,48.291596730431095,47.79876333033911,48.11774444580078,25040000
2017-05-30,48.06028751618183,48.35202651642489,48.0196718485228,48.33617401123047,29334000
2017-05-31,48.293577187045294,48.50408484756576,47.558538671346874,47.79034423828125,48962000
2017-06-01,47.99292006124832,48.11922615939631,47.55011561029137,47.89385986328125,28210000
2017-06-02,48.01818509039081,48.33617235172619,47.84680798946361,48.322303771972656,35020000
2017-06-05,48.36935755260281,48.88249877030477,48.297539473036224,48.722511291503906,25042000
2017-06-06,48.69676801207684,48.94887767573006,48.29952949235523,48.370357513427734,36292000
2017-06-07,48.54024355045356,48.73737767624457,48.33914913245045,48.5868034362793,29078000
2017-06-08,48.6566366796065,48.766595240356644,48.40155307359385,48.70914077758789,29638000
2017-06-09,48.76313498016156,48.76313498016156,46.342564877588046,47.045902252197266,66188000
2017-06-12,46.537215272483216,47.02236995357157,45.3322774958181,46.7026481628418,75270000
2017-06-13,47.14891905921367,47.54863268249581,46.76158512706717,47.22271728515625,40266000
2017-06-14,47.54566378752225,47.6065872923786,46.670454296221536,47.09196090698242,29794000
2017-06-15,46.260340377458384,46.724393671444254,45.78830981534274,46.67342758178711,42662000
2017-06-16,46.55901313894497,46.66005728264788,46.142706278734224,46.54811477661133,61894000
2017-06-19,47.05233875723006,47.54913248688236,47.007263979857434,47.41936111450195,30666000
2017-06-20,47.42679085731784,47.62986920718734,47.05481435249082,47.08552551269531,22520000
2017-06-21,47.234609705027545,47.55458091259532,47.091959827091536,47.52238464355469,24044000
2017-06-22,47.48524092318776,47.5852912132617,47.27968738305435,47.405494689941406,18828000
2017-06-23,47.39260989768841,47.846807772004844,47.262343500115875,47.826499938964844,30558000
2017-06-26,48.039988956402226,48.20889091324445,47.09345628354722,47.1667594909668,31968000
2017-06-27,46.68085586590033,46.96962087325179,45.90767683607451,45.931453704833984,51598000
2017-06-28,46.01416806689016,46.69521736778117,45.37026539812227,46.58327865600586,54428000
2017-06-29,46.05973520985801,46.12610789168446,45.10378947147519,45.458927154541016,65984000
2017-06-30,45.86805708793099,45.86805708793099,44.98937855535175,45.01018142700195,41804000
2017-07-03,45.18106156184061,45.268233337055136,44.31971690328665,44.51338577270508,34196000
2017-07-05,44.664946276558176,45.29646167210781,44.50347368954176,45.15777587890625,36278000
2017-07-06,44.7818415080728,45.31796226826072,44.5629144462091,44.90913391113281,28490000
2017-07-07,45.016127901022124,45.644673189855546,45.016127901022124,45.498558044433594,32756000
2017-07-10,45.65605761598416,46.0825183118308,45.54807920226789,46.00425720214844,23856000
2017-07-11,46.0409188853423,46.13452991744189,45.66745349331217,46.06816101074219,22264000
2017-07-12,46.49363082848528,46.87105653651395,46.28510706430804,46.74871826171875,30642000
2017-07-13,46.87055588371551,47.27472863385013,46.70809699258337,46.91365051269531,25894000
2017-07-14,47.15337639833245,47.396575365484495,46.955501613662825,47.35100555419922,21076000
2017-07-17,47.4010381216457,47.5862838359716,47.01673101539501,47.22372055053711,23310000
2017-07-18,47.20291128705744,47.947854336218136,47.0840345017537,47.81709289550781,23080000
2017-07-19,47.937946683907505,48.195509276577546,47.74923573650945,48.08901596069336,24490000
2017-07-20,48.2925817960279,48.337157749965606,47.62441107108312,47.95329666137695,32490000
2017-07-21,47.661065042218645,48.20491362505262,47.55705069893394,48.18955993652344,34220000
2017-07-24,48.154890504317464,48.84733319448618,48.08307242341407,48.55707931518555,64966000
2017-07-25,47.24302875372164,47.53476776123279,46.82647629993854,47.0889892578125,93220000
2017-07-26,47.28611704796877,47.301965772529734,46.671882609172314,46.945343017578125,41766000
2017-07-27,47.14247668987018,47.14247668987018,45.56838546196353,46.266273498535156,64260000
2017-07-28,46.03398424295671,46.74871497292903,45.93987439613018,46.63479232788086,36928000
2017-07-31,46.652630831049045,46.73683239987275,45.86756324631133,46.08847427368164,39402000
2017-08-01,46.1815810329223,46.43255320203178,46.027046508822515,46.10480880737305,25554000
2017-08-02,45.99485362722924,46.19248279376317,45.40395005268063,46.0830192565918,36488000
2017-08-03,46.080544515873605,46.174654371206174,45.679345707611965,45.749183654785156,24050000
2017-08-04,45.90272446577437,46.07890455587024,45.71846885655588,45.96265411376953,21646000
2017-08-07,46.01714284104125,46.147904289524895,45.89034546386527,46.03200149536133,20644000
2017-08-08,45.91956751655377,46.35167396045513,45.84626053949935,45.90470886230469,21232000
2017-08-09,45.59860090577957,45.86458287830677,45.43217795135542,45.71202850341797,23842000
2017-08-10,45.44704078635675,45.53174115973897,44.88139919229302,44.936378479003906,36480000
2017-08-11,44.97253248263814,45.45843159884964,44.854154515936415,45.290523529052734,24136000
2017-08-14,45.69369971308533,45.79959595148684,45.478736735478726,45.70063400268555,21290000
2017-08-15,45.77791142956213,45.892824159420854,45.559483148089726,45.6783561706543,17668000
2017-08-16,45.830407641628916,46.19742997224043,45.73902239162708,45.913124084472656,20134000
2017-08-17,45.85468240576118,45.908172803745416,45.12162399291992,45.12162399291992,25544000
2017-08-18,45.08843718467876,45.33435697229069,44.93211900875862,45.10626983642578,26854000
2017-08-21,45.073079057208595,45.22167313709083,44.74617359302944,44.90764617919922,18868000
2017-08-22,45.207809791051055,45.85864301806057,45.14614184256667,45.80069351196289,23334000
2017-08-23,45.663991954212406,46.060236617210684,45.536695753503245,45.91511154174805,21804000
2017-08-24,45.99732739621731,46.1053058204588,45.34550411640293,45.63179016113281,25406000
2017-08-25,45.741258019661274,45.843537865214564,45.34550840370718,45.36482238769531,21068000
2017-08-28,45.370264683806184,45.53099283021696,45.165701244837514,45.26179122924805,21730000
2017-08-29,44.83038732223484,45.733334030887825,44.82543317760244,45.63228988647461,23712000
2017-08-30,45.570868641055156,46.104268627109235,45.55105584260468,46.04240417480469,26024000
2017-08-31,46.15087119920931,46.65707433596745,46.15087119920931,46.52581787109375,31652000
2017-09-01,46.614982241671,46.68184996719619,46.31878788199932,46.42726135253906,18948000
2017-09-05,46.2162613093107,46.41042146397155,45.66547830304118,45.986934661865234,26528000
2017-09-06,46.07113733503143,46.10902841945112,45.53224275193033,45.95523452758789,30554000
2017-09-07,46.149391118206445,46.381196715168166,45.74769728443132,46.35841369628906,24254000
2017-09-08,46.38515627768008,46.40991944042716,45.81010144919901,45.890342712402344,20230000
2017-09-11,46.27420874179059,46.47876841795398,45.91114668151063,46.018131256103516,25340000
2017-09-12,46.19198244593534,46.23606336609563,45.75962665353932,46.16622543334961,22688000
2017-09-13,46.09639665738416,46.42280337115269,46.056771057673856,46.315818786621094,22052000
2017-09-14,46.12561375303264,46.20090087246833,45.76651577087051,45.821495056152344,27952000
2017-09-15,45.7992040991818,45.88984490274622,45.3880970775953,45.5827522277832,50108000
2017-09-18,45.56888526261185,45.671414503395425,45.10279894280476,45.320735931396484,26138000
2017-09-19,45.44060094635495,45.688255251627396,45.199385894869486,45.658042907714844,18734000
2017-09-20,45.71599441797927,46.255882792183016,45.667454383635594,46.14196014404297,33396000
2017-09-21,46.21229308803798,46.38713544877351,45.75809520042914,46.18505096435547,25812000
2017-09-22,45.95225875771814,46.29798321295768,45.889355106070745,45.99089050292969,21054000
2017-09-25,45.83832945586117,45.88538437335492,45.058219990909805,45.616432189941406,37136000
2017-09-26,45.752651962785116,46.104320654880574,45.624860727352534,45.80911636352539,33338000
2017-09-27,45.951759170095656,47.049360896018555,45.951759170095656,46.78139877319336,44788000
2017-09-28,46.62637731829929,47.08849963809155,46.58625668154049,47.02955627441406,20406000
2017-09-29,47.153379087832846,47.53902766701439,47.12911096072728,47.50554656982422,31620000
2017-10-02,47.54864044622962,47.67543782846093,46.94733350650826,47.21628952026367,25668000
2017-10-03,47.25243798567158,47.45056216799289,47.01171799219373,47.44015884399414,17766000
2017-10-04,47.40102665053083,47.56893848583394,47.08848858844822,47.13752365112305,19048000
2017-10-05,47.32624640851317,48.09001223071806,47.31088893867481,48.0429573059082,24276000
2017-10-06,47.88148176050539,48.51349602183689,47.7160488684375,48.48526382446289,23478000
2017-10-09,48.540241426223595,48.80894799683679,48.34756641650789,48.39164733886719,17828000
2017-10-10,48.54024481993853,48.618007124587464,47.850776066521846,48.1737174987793,19368000
2017-10-11,48.22919049459264,49.07071857836204,48.15637855734296,48.99840545654297,33866000
2017-10-12,48.90925493527272,49.2396257204151,48.787902953307864,48.92807388305664,25248000
2017-10-13,49.13461949406432,49.392677160185556,48.986029157559855,49.019710540771484,23396000
2017-10-16,49.13956336626485,49.22906672030929,48.73836462899698,49.13460922241211,18210000
2017-10-17,49.049920796252685,49.35453456305103,48.965719231268615,49.14353561401367,25804000
2017-10-18,49.12321814728921,49.36839346661311,48.88571778285968,49.17472839355469,21152000
2017-10-19,48.83743049771276,48.980080381763614,48.46049984168116,48.760658264160156,26272000
2017-10-20,49.00781059323789,49.08507785238346,48.76709060131576,48.94639205932617,23664000
2017-10-23,49.0117788876692,49.0117788876692,47.8527547849871,47.968162536621094,29568000
2017-10-24,48.044934888297846,48.155388496061555,47.59915638613062,48.07168197631836,24244000
2017-10-25,47.96419144918798,48.34657120898069,47.57537621551568,48.20986557006836,24226000
2017-10-26,48.54024894846361,48.916684590239036,48.1539087961517,48.17173767089844,40842000
2017-10-27,49.98604459288589,51.92765326682802,49.93700952849713,50.48531723022461,103354000
2017-10-30,50.22429834980371,50.767652004552616,49.90234696841998,50.37833786010742,41702000
2017-10-31,50.28472759380988,50.719607783132915,50.046977773150886,50.35506057739258,26614000
2017-11-01,50.383291302725844,51.00044696629895,50.37041279418132,50.79390335083008,27468000
2017-11-02,50.608653209555925,50.92218137953474,50.175258180646836,50.79785919189453,20980000
2017-11-03,50.62598545818062,51.14804113415641,50.536829761015966,51.13962173461914,21528000
2017-11-06,50.96675863740064,51.2579988129351,50.76912948597854,50.81370544433594,22504000
2017-11-07,50.88156614086089,51.213425780624135,50.775571640402916,51.181724548339844,22246000
2017-11-08,51.04254311333841,51.6865440601923,50.940013869763476,51.50466537475586,21774000
2017-11-09,51.21441365954598,51.21441365954598,50.504931873406875,51.079193115234375,24904000
2017-11-10,50.84144971963081,51.05442879541155,50.78300139874542,50.92119216918945,14400000
2017-11-13,50.69087425717331,51.09504323379525,50.64877347956289,50.806278228759766,17716000
2017-11-14,50.64976639434362,50.858785184563516,50.2317250349989,50.81866455078125,19184000
2017-11-15,50.482353492495605,50.724063608166816,50.294632595944734,50.566558837890625,17080000
2017-11-16,50.64629880091419,51.310014347316354,50.64629880091419,51.14061737060547,22594000
2017-11-17,51.21540101794232,51.23570885033798,50.410029569549955,50.47639846801758,27942000
2017-11-20,50.53435435634543,50.6507521765461,50.39764870270023,50.44123458862305,19070000
2017-11-21,50.68542834138324,51.26989267928346,50.65298644217609,51.23918151855469,21940000
2017-11-22,51.26444268472262,51.49753309766813,51.08761638705134,51.31199264526367,14926000
2017-11-24,51.30752920794956,51.66950292136952,51.264438358843954,51.54230499267578,10740000
2017-11-27,51.51209477728668,52.27784069947691,51.434827511826654,52.21592712402344,26158000
2017-11-28,52.2595157184826,52.62034821021211,51.512093720763616,51.87911605834961,28488000
2017-11-29,51.64483611022492,51.714179012079015,50.30601928901621,50.60369873046875,49188000
2017-11-30,50.6388700005905,50.9419986512978,50.27382776888703,50.5913200378418,34480000
2017-12-01,50.31344835454107,50.64480917216044,49.630913921889054,50.03458786010742,38192000
2017-12-04,50.157923574977204,50.328310621842775,49.311441300542604,49.46548080444336,38128000
2017-12-05,49.32976405024861,50.551687970392855,48.95035824884705,49.78594207763672,41346000
2017-12-06,49.605155719667195,50.7676450332524,49.5873230687508,50.44123458862305,25440000
2017-12-07,50.54277540749477,51.22679873457908,50.42593167273033,51.06285095214844,29164000
2017-12-08,51.387775000389965,51.61363636909508,51.141704048124225,51.36598205566406,25816000
2017-12-11,51.28921010276875,51.700313393337936,51.11832802094486,51.56658172607422,23856000
2017-12-12,51.49376881913454,52.0227588185861,51.19955840089472,51.53586959838867,25590000
2017-12-13,51.815221261487146,51.84221397701476,51.43185139024591,51.54230499267578,25654000
2017-12-14,51.759751793614896,52.42841768779927,51.66613698128901,51.96530532836914,31174000
2017-12-15,52.23574129435614,52.88013904409093,51.98263780523878,52.71024703979492,65518000
2017-12-18,52.803856609449845,53.41853321153057,52.601768355877525,53.35166549682617,31092000
2017-12-19,53.25557755965921,53.33680889339779,52.67854638180222,53.031700134277344,26774000
2017-12-20,53.0861894187162,53.1654368350488,52.57800227702493,52.747894287109375,25372000
2017-12-21,52.74789298832818,52.96483613897517,52.59157102987543,52.68251037597656,19914000
2017-12-22,52.55769443380427,52.710743864370606,52.47497798271254,52.50865936279297,15102000
2017-12-26,52.407117612260414,52.50865678406738,52.017308467170174,52.341243743896484,15212000
2017-12-27,52.37343090586872,52.421970933005916,51.910813649180284,51.976192474365234,25438000
2017-12-28,52.08665650418597,52.24267615046301,51.7483576015372,51.915279388427734,16742000
2017-12-29,51.8449388443676,51.99254285866754,51.75479307475354,51.8290901184082,17750000
2018-01-02,51.92518189708602,52.846456200828854,51.77114240290868,52.7503662109375,24752000
2018-01-03,52.71619253252667,53.80487993085021,52.66170828106525,53.61616897583008,28604000
2018-01-04,53.88958063218999,54.16546714699812,53.69155467528873,53.81032943725586,20092000
2018-01-05,54.186760496405185,54.69445255688575,54.087696511072224,54.594398498535156,25582000
2018-01-08,54.59439944206938,55.04215808257979,54.56418709889085,54.82769012451172,20952000
2018-01-09,54.94953854763456,55.00748805290183,54.544919872872136,54.794010162353516,18050000
2018-01-10,54.34030774297028,54.71178920452647,54.291272673744686,54.613224029541016,20856000
2018-01-11,54.79599029489239,54.80713428517546,54.463639395806155,54.75735855102539,19566000
2018-01-12,54.603314199062524,55.687051172383164,54.54090558736464,55.58650207519531,34410000
2018-01-16,56.09419612901922,56.460723448925286,55.36718395809173,55.56174087524414,31506000
2018-01-17,55.78264759470833,56.098654732587974,55.326465760898,56.06794357299805,24052000
2018-01-18,56.03971392515713,56.09419817754024,55.35074018547467,55.95947265625,23964000
2018-01-19,56.06051459299764,56.35918789624966,55.88567222303339,56.34185028076172,35564000
2018-01-22,56.340862342958665,57.44985759362978,56.22297940144953,57.248268127441406,32360000
2018-01-23,57.44837027332843,58.03169336356583,57.39388602311922,57.949623107910156,26662000
2018-01-24,58.314167644847934,58.4394799031035,57.50780606866312,57.665809631347656,28332000
2018-01-25,58.076417400504226,58.24531932297353,57.59250220707188,57.96943283081055,29610000
2018-01-26,58.20272240615018,58.24036407470703,57.36218065962867,58.24036407470703,40376000
2018-01-29,58.27206539417858,58.78768180977397,58.049174264786274,58.22748565673828,27578000
2018-01-30,57.84361975969788,58.274044542865056,57.6301418852911,57.63856506347656,31126000
2018-01-31,57.97933779195792,58.09969968506946,57.41270615010982,57.94813537597656,30774000
2018-02-01,57.58507527146581,58.14923174977081,57.33296185802096,57.83718490600586,48242000
2018-02-02,55.573627070664756,55.62662621291312,54.84443445142665,55.073368072509766,97158000
2018-02-05,54.01835331652491,54.979253185044534,52.10795075584028,52.294681549072266,75966000
2018-02-06,50.87711573042014,53.57803150668244,50.67686020951873,53.52305221557617,68960000
2018-02-07,53.56961274086145,53.58150117662131,51.92122406128864,51.937076568603516,47384000
2018-02-08,52.27536581611181,52.434359455549135,49.56355195150717,49.60614776611328,57182000
2018-02-09,50.38526472789511,51.7087315862718,49.162346962723326,51.40213394165039,70118000
2018-02-12,51.90833873958953,52.57700454161244,51.55805319353047,52.10348892211914,41154000
2018-02-13,51.75974722055738,52.42197380219819,51.7145250690164,52.11141586303711,25302000
2018-02-14,51.955390565862594,53.083208386561545,51.84642585520706,52.983158111572266,31116000
2018-02-15,53.44727003499789,54.06190140052657,52.71768059577173,53.96487045288086,36868000
2018-02-16,53.90988485973053,54.71525636877219,53.905078092936236,54.22638702392578,33590000
2018-02-20,54.016865819031395,55.174895975122,53.91532665619633,54.60578918457031,28462000
2018-02-21,54.804408748298464,56.166507311610204,54.797474458571024,55.045623779296875,30258000
2018-02-22,55.28584777136702,55.61423456525599,54.61222782769542,54.81233215332031,26344000
2018-02-23,55.11001285697853,55.83514306370141,54.71743002567487,55.810874938964844,25220000
2018-02-26,55.86090304988024,56.66132419257822,55.806173173009164,56.65092086791992,31182000
2018-02-27,56.526602083244484,56.66528789433528,55.37550607228592,55.389869689941406,35482000
2018-02-28,55.624639163964346,55.84752650943121,54.64442156681027,54.718223571777344,37652000
2018-03-01,54.87375895305327,54.98520264002053,52.849482687506125,52.97425079345703,50318000
2018-03-02,52.15996107776821,53.59234367817586,51.91404127762013,53.43983840942383,45432000
2018-03-05,53.25261260133181,54.34030994153839,52.948493885178934,54.034706115722656,24044000
2018-03-06,54.44531784345344,54.57558426472576,53.9775007120352,54.2392692565918,30656000
2018-03-07,53.94851678615914,55.08921318765007,53.76485823760216,54.961421966552734,25850000
2018-03-08,55.24276516847895,55.85100641919997,55.11794792840045,55.77175521850586,27102000
2018-03-09,56.26705736425895,57.495424380301884,56.09176908611201,57.45777893066406,42560000
2018-03-12,57.64649174567834,58.30029893831742,57.32800565952615,57.67868423461914,43446000
2018-03-13,57.951104997633095,58.28593484376681,56.13480848981125,56.37453842163086,38144000
2018-03-14,56.72323364488716,57.3859552308039,56.53649908236321,56.93522262573242,25828000
2018-03-15,56.95850854586225,57.509291464233414,56.194742779486816,56.9396858215332,27908000
2018-03-16,57.16554210792692,57.25172380095742,56.06694658769361,56.25367736816406,61840000
2018-03-19,55.47505950197135,55.57312963960884,53.93960356272671,54.475032806396484,56118000
2018-03-20,54.43441526574608,54.74150417569275,53.664705287017526,54.370521545410156,36638000
2018-03-21,54.1243600864606,54.795996247924904,53.74841947955521,54.032230377197266,37578000
2018-03-22,53.58645329405036,53.63697347576067,51.80482804233121,51.96183776855469,53340000
2018-03-23,51.86029764106228,52.66913440578265,50.58190551344778,50.599239349365234,43134000
2018-03-26,51.809283047034775,52.2862677770892,49.946921500427145,52.16640090942383,53302000
2018-03-27,52.651307499767384,52.742394222365796,49.37830731208798,49.783470153808594,61906000
2018-03-28,49.431796140986364,50.73098726809767,48.57194044465612,49.756717681884766,67386000
2018-03-29,50.10690431034927,51.66068788421327,49.67449936347056,51.105445861816406,54536000
2018-04-02,50.66115282493826,51.25453533629791,49.053878844415564,49.85132598876953,53608000
2018-04-03,50.21983152096351,50.57051008532365,49.237138726578216,50.195068359375,45502000
2018-04-04,49.20444966404927,50.9532850722827,49.18414183157303,50.77606201171875,49694000
2018-04-05,51.57797347594712,51.65028659875263,50.5279669801936,50.9083137512207,27260000
2018-04-06,50.521477331484775,51.087118907682225,49.6809393304157,49.87955856323242,34928000
2018-04-09,50.362975961440796,51.492278905669814,50.22825045727256,50.29610824584961,35032000
2018-04-10,50.84044845950276,51.327832637930904,50.09253528387848,51.0980110168457,39490000
2018-04-11,50.91722745407884,51.08434194751603,50.3169106861655,50.519989013671875,29678000
2018-04-12,50.77111311540155,51.54627230608432,50.59255608311462,51.141109466552734,27140000
2018-04-13,51.55568001170191,51.83008139787351,50.66907716896915,50.980628967285156,24460000
2018-04-16,51.363500678917774,51.67257351962822,50.85531734685721,51.41204071044922,24224000
2018-04-17,52.075259295803335,53.38832284037364,51.92121602805553,53.20406723022461,46406000
2018-04-18,53.366035666990996,53.366035666990996,52.81104301404314,53.10104751586914,26882000
2018-04-19,52.968305796685335,54.19493455846747,52.907877327929555,53.874717712402344,34954000
2018-04-20,53.59238907453755,54.1050352900441,52.976722358314944,53.144630432128906,37794000
2018-04-23,53.387339660797544,53.62805969479398,52.53738832492401,52.87172317504883,46826000
2018-04-24,52.106457002194134,52.35411127269678,50.05538490828471,50.52048110961914,95206000
2018-04-25,50.79488849647174,51.14011789523007,50.28917657194672,50.57992172241211,47822000
2018-04-26,50.99251934078801,51.90735448315183,50.43183185027643,51.51408004760742,41590000
2018-04-27,51.80928209296486,51.98263935818827,50.79835699480601,51.019264221191406,32396000
2018-04-30,51.017278984242466,51.36349844359158,50.365451953139875,50.38922882080078,33426000
2018-05-01,50.207452852345185,51.4363149440736,49.93751055811557,51.37886047363281,28558000
2018-05-02,50.92267422406822,51.53136128179499,50.66363031404388,50.73842239379883,32062000
2018-05-03,50.47194852663949,51.00068911172336,49.84240943408681,50.70573425292969,36302000
2018-05-04,50.367937216402346,51.93360560293702,50.367937216402346,51.91874694824219,38774000
2018-05-07,51.96926034525428,52.58592088691857,51.86376088757015,52.244651794433594,29322000
2018-05-08,52.43039166227651,52.529950680369375,51.8659896010043,52.20106506347656,24354000
2018-05-09,52.4086101339961,53.76278463724742,52.32267404792842,53.630043029785156,40656000
2018-05-10,53.791989321180225,54.50572983163009,53.772675342364025,54.36357879638672,28860000
2018-05-11,54.16695056939261,54.549825429654575,54.03371394227315,54.397762298583984,25074000
2018-05-14,54.48395382669763,55.0164091366237,54.439872896758466,54.493858337402344,30362000
2018-05-15,53.988633988192724,53.9911091706306,53.16988898459572,53.45518493652344,29898000
2018-05-16,53.3600902626048,53.952478903711764,53.30808119875287,53.580997467041016,21946000
2018-05-17,53.48788119112698,53.83360563668647,53.171379016657816,53.423492431640625,20876000
2018-05-18,52.59484260574544,52.995055107075316,52.536398059628866,52.81773376464844,31304000
2018-05-21,53.199122822903675,53.889585506101874,53.178814985782985,53.4725341796875,20464000
2018-05-22,53.66966309307044,53.81973852378721,52.83407541203451,52.984649658203125,21800000
2018-05-23,52.75681152384809,53.531970785695336,52.58741454132583,53.47798156738281,21214000
2018-05-24,53.44379622815207,53.51660438210998,52.80732289266531,53.455684661865234,15336000
2018-05-25,53.44479288041795,53.62013029420145,53.18500449736283,53.27836990356445,17988000
2018-05-29,52.74491871844841,53.16494021554879,52.26595764213208,52.51856231689453,37302000
2018-05-30,52.6527924351377,52.958891285100385,52.34569973320173,52.88905334472656,22770000
2018-05-31,52.87716888830166,54.34477093525457,52.87716888830166,53.74049377441406,61766000
2018-06-01,54.451752015439006,55.47456552658498,54.40965123614188,55.449798583984375,48432000
2018-06-04,55.58997257701976,56.55879686182673,55.573874442423914,56.430015563964844,37792000
2018-06-05,56.51421523651031,56.74938781324449,56.12787513471552,56.448341369628906,33560000
2018-06-06,56.57266397485503,56.61377467948521,55.75902043819427,56.310646057128906,33964000
2018-06-07,56.035257550220436,56.258144921151015,55.30219911841564,55.66575622558594,30400000
2018-06-08,55.384417795298184,55.804934315788636,55.08574450063604,55.51765441894531,25816000
2018-06-11,55.40522293305217,56.32946749442923,55.40522293305217,55.96937942504883,21586000
2018-06-12,56.02287896858839,56.45478516703276,56.00628579556645,56.4315071105957,18240000
2018-06-13,56.52065474894304,56.78713177350398,56.13728486449379,56.207122802734375,30128000
2018-06-14,56.655872585582024,57.23141864232849,56.496878955750105,57.06549072265625,26868000
2018-06-15,56.90402654112868,57.129887905267054,56.63779891535424,57.07242965698242,42450000
2018-06-18,56.64596599818312,58.16458307660574,56.64299577912149,58.12248229980469,28274000
2018-06-19,57.381499156106706,58.014008434514146,57.15910683960609,57.85501480102539,32420000
2018-06-20,58.21411626166854,58.75776840915219,57.90950251992101,57.94318389892578,32970000
2018-06-21,58.19133355065206,58.31243611529348,57.07104318927568,57.33989715576172,24762000
2018-06-22,57.4131960838921,57.57947165414431,56.824767772120744,57.231910705566406,26220000
2018-06-25,56.643490450591806,56.65884414012059,55.116949018938,55.712806701660156,43146000
2018-06-26,55.87082202788431,56.12887592188795,55.30909151462066,55.39829635620117,31264000
2018-06-27,55.54093949495545,56.06081478837964,54.66325102664626,54.68108367919922,25878000
2018-06-28,54.587462537342624,55.588978047586764,54.28631407739735,55.188270568847656,21448000
2018-06-29,55.47456371612813,55.882054353035514,55.22690941382398,55.25910568237305,26302000
2018-07-02,54.43441423991298,55.87080989199948,54.17685165956126,55.84406280517578,24346000
2018-07-03,56.25814522608234,56.25814522608234,54.48493942214879,54.62709426879883,13580000
2018-07-05,55.00550755941188,55.846045572173026,54.90396838779806,55.68606185913086,21334000
2018-07-06,55.651883224973226,56.51124392820672,55.51106612262376,56.47359848022461,19922000
2018-07-09,56.88520434170293,57.1918020108514,56.63457981174922,57.16109085083008,18180000
2018-07-10,57.30622046790117,57.43549681437788,56.940188153594626,57.10116195678711,15968000
2018-07-11,56.692531412597326,57.66829003747523,56.51471503654342,57.153663635253906,22400000
2018-07-12,57.45034848042219,58.66484689209301,57.254453838220364,58.61878204345703,25038000
2018-07-13,58.69406053175624,59.21002454965711,58.44640626790917,58.883270263671875,24438000
2018-07-16,58.91151010646588,58.99125255266801,58.41075233393111,58.637603759765625,21114000
2018-07-17,58.06106887775547,59.5876104537403,57.980827609166035,59.37759780883789,32208000
2018-07-18,59.26665257353635,59.659927017568855,58.95856976854131,59.23297119140625,27872000
2018-07-19,58.99124965350139,59.43702812018366,58.61085379208794,58.79114532470703,25534000
2018-07-20,58.791152518017896,59.281507001912814,58.6554369260095,58.689613342285156,24948000
2018-07-23,58.49644027500809,59.75848865074407,58.4959452384864,59.70945358276367,52384000
2018-07-24,62.53717243408693,62.70607058769008,61.19835178202852,61.818477630615234,66364000
2018-07-25,61.3751817408029,62.69914003897989,61.3751817408029,62.59215545654297,42556000
2018-07-26,61.96310909184827,62.8928519754809,61.86503895013658,62.82147979736328,48112000
2018-07-27,62.95372033745311,63.096865243930765,60.972485999349765,61.34396743774414,42612000
2018-07-30,60.824393978164096,61.16645288357457,60.00515386812352,60.414772033691406,36998000
2018-07-31,60.428145590874806,60.8034890899153,59.7144049451096,60.291934967041016,32894000
2018-08-01,60.82389973126982,61.094832093901466,59.94274603341556,60.42814636230469,31344000
2018-08-02,59.729264759657895,60.91701613210578,59.674285472525895,60.73226547241211,30626000
2018-08-03,60.90413735594467,60.92296008108028,60.182967372486594,60.611412048339844,21792000
2018-08-06,60.67530330981689,60.729194269918665,60.21946914999384,60.663909912109375,21634000
2018-08-07,61.269672283947344,61.971524479173084,61.22856157947006,61.52822494506836,29880000
2018-08-08,61.441551669237164,62.23553365516846,61.319606399467645,61.69614028930664,27406000
2018-08-09,61.90862129751622,62.188075082763106,61.71594628097306,61.86899948120117,16972000
2018-08-10,61.56685300995256,61.70033902420618,61.022010593038075,61.29988098144531,22174000
2018-08-13,61.268687167282806,61.877570797778944,61.10330338871892,61.171112060546875,19946000
2018-08-14,61.18002246198557,61.70901244748028,60.680753562578055,61.522281646728516,26962000
2018-08-15,60.88630686841292,61.18250120283091,59.9080693495995,60.149288177490234,36576000
2018-08-16,60.66192546677704,60.724829110159455,59.563329924493715,59.75848388671875,26864000
2018-08-17,59.53757631345275,59.88379575755558,58.854543118349746,59.48457717895508,27792000
2018-08-20,59.685677346967125,59.981871682981655,59.170854474571065,59.8218879699707,17416000
2018-08-21,59.8332839111545,60.29193716231004,59.45456961523531,59.517276763916016,24112000
2018-08-22,59.437036342389966,60.02348083046644,59.387506234552305,59.80009841918945,17748000
2018-08-23,59.79068206043954,60.49104916116992,59.64704588884438,59.70351028442383,19852000
2018-08-24,59.873893300176185,60.50937278382117,59.75199717610794,60.459842681884766,18932000
2018-08-27,60.804084038126895,61.571315054726355,60.71076776602963,61.5084114074707,23126000
2018-08-28,61.482162341904285,61.5443253268615,60.858076204172754,60.97991943359375,26080000
2018-08-29,61.291962964117474,61.94626518970235,61.23792462753526,61.878902435302734,25978000
2018-08-30,61.627783093658365,62.09362381638215,61.051246909679584,61.37468338012695,26628000
2018-08-31,61.169624852269116,61.35189655115115,59.99599146336735,60.3380012512207,36328000
2018-09-04,59.64852871462226,60.080438622643904,59.06554953504033,59.28843688964844,36620000
2018-09-05,59.12994685657815,59.38800451422928,57.55486515633491,58.76738357543945,41226000
2018-09-06,58.758459044622235,58.758459044622235,57.05955036114499,58.022430419921875,37770000
2018-09-07,57.38992147269494,58.21164054779608,57.31785397879405,57.69503402709961,28026000
2018-09-10,58.05958360585884,58.17598143708167,57.46125068570218,57.68562316894531,22308000
2018-09-11,57.53653527560312,58.38103358683444,57.26956320826792,58.31565475463867,24186000
2018-09-12,58.0858286373285,58.37756384549677,57.37456322779451,57.5954704284668,25910000
2018-09-13,57.987760487549885,58.37756964354901,57.596965037372,58.21510696411133,28624000
2018-09-14,58.40184021832078,58.4674684582136,57.86839112034934,58.076419830322266,18880000
2018-09-17,57.95804673850694,58.30971542895105,57.16010446765118,57.26015853881836,26130000
2018-09-18,57.31166806797461,58.25226021671364,57.31166806797461,57.516231536865234,24072000
2018-09-19,57.70246284537435,58.11010086296929,57.187341438814215,58.005096435546875,23828000
2018-09-20,58.44592326129688,58.93627774654983,58.11753264221282,58.78669357299805,24508000
2018-09-21,59.04078500128551,59.05118832623644,57.75496351280773,57.757442474365234,88112000
2018-09-24,57.31563294695859,58.34736096413542,56.80744578415567,58.1180305480957,25420000
2018-09-25,58.255723345420805,58.78719231587665,57.85204938241567,58.676734924316406,19554000
2018-09-26,58.70150342219491,59.151242248399576,58.18712642518343,58.4706916809082,29246000
2018-09-27,58.7797576395506,59.541048251745906,58.62621317790242,59.171546936035156,25216000
2018-09-28,59.03434667688146,59.20968786297766,58.66930446617257,59.11359786987305,27612000
2018-10-01,59.431586244814724,59.927389909909955,58.95658545142478,59.204734802246094,27152000
2018-10-02,58.98927795156686,59.93036512062912,58.77480997615373,59.44248580932617,33758000
2018-10-03,59.684691950546274,59.75452989536454,59.131433794223106,59.583152770996094,25124000
2018-10-04,59.20572387815147,59.31370230614334,57.236676365562055,57.86145782470703,44190000
2018-10-05,57.827280942407384,58.12446535635185,56.71878077326257,57.32454299926758,23686000
2018-10-08,56.965933994730975,57.852041740569106,55.839302759781035,56.90946960449219,38648000
2018-10-09,56.769788889706504,57.175941753052754,56.34491533408532,56.40673065185547,26174000
2018-10-10,56.02337737009394,56.077366592868536,53.549309049477564,53.553768157958984,53514000
2018-10-11,53.1436485837728,54.80095175045008,52.91234178952627,53.45965576171875,58980000
2018-10-12,54.880191058794,55.22690554617681,53.810420985407625,54.98321533203125,42026000
2018-10-15,54.9252667265554,55.149937733497794,53.93910861010042,54.10008239746094,27448000
2018-10-16,54.7112944191325,55.68358396592995,54.60777509942442,55.5379638671875,38570000
2018-10-17,55.79453074600432,55.919842997354834,54.59241588512512,55.26108169555664,29344000
2018-10-18,55.5657068329672,55.5657068329672,53.34920129309685,53.88809585571289,41890000
2018-10-19,54.15555580849982,54.9970876656627,53.87719412661484,54.30860900878906,25352000
2018-10-22,54.63550693215657,55.08970479957643,54.0381641626387,54.54139709472656,30284000
2018-10-23,53.53741072587527,54.874746238254225,52.99802119217054,54.666717529296875,36974000
2018-10-24,54.694460338891645,54.78708130497895,51.94500072539665,52.04257583618164,39648000
2018-10-25,53.086683279018274,55.02779713591722,52.975734631267954,54.2645263671875,50916000
2018-10-26,51.36499207850177,54.80738553005992,51.21936819788347,53.07083511352539,83752000
2018-10-29,53.61567376893827,54.33733880133056,49.32431909859423,50.52544403076172,77614000
2018-10-30,49.94988927578623,51.38777001974072,49.56800451738336,51.324371337890625,64254000
2018-10-31,52.49330432305461,54.08472965171263,52.35411969843363,53.33334732055664,50596000
2018-11-01,53.285300066905144,53.690213486786426,52.62455857624017,52.99802017211914,29640000
2018-11-02,53.18277231859752,53.6406848900756,52.235740979569,52.39324951171875,36780000
2018-11-05,52.25506348060409,52.426935645595194,50.58290172130593,51.51655960083008,48828000
2018-11-06,51.486333165261506,52.717919681856074,51.416495232779376,52.29517364501953,24666000
2018-11-07,52.948484663116155,54.25906914944725,52.79493644321543,54.15653991699219,41168000
2018-11-08,54.05699780515209,54.15061262500358,53.10724176881843,53.61220932006836,29764000
2018-11-09,53.19565131312628,53.273413617395434,52.16144440914736,52.80732727050781,26864000
2018-11-12,52.57156351419379,52.607720077378936,51.06631983731127,51.44424057006836,29436000
2018-11-13,51.6750549890578,52.33455703608497,51.07374807802619,51.31645202636719,30274000
2018-11-14,52.00740160795821,52.23345946140914,51.066314537366615,51.69337463378906,31318000
2018-11-15,51.74538290277626,53.08964884474052,51.10494927273672,52.736000061035156,36722000
2018-11-16,52.47349472236984,52.849431539673894,51.956888162254025,52.57651901245117,33162000
2018-11-19,52.36402532565818,52.541841685852404,50.336231058790446,50.52147674560547,37172000
2018-11-20,49.53086466400012,51.10297609207868,49.33373052269405,50.80677795410156,48982000
2018-11-21,51.35162556322066,51.93608997517024,51.18866782335384,51.39372634887695,30686000
2018-11-23,51.01678983919763,51.392730426536765,50.640305089535126,50.713661193847656,13830000
2018-11-26,51.430366637024264,51.97322518049078,51.210449503645144,51.939048767089844,38856000
2018-11-27,51.561627848651476,52.38285191875493,51.43730565406873,51.73052978515625,36064000
2018-11-28,51.945980762703655,53.832115112114174,51.30207811699088,53.801902770996094,49508000
2018-11-29,53.29917459659095,54.198901680122326,53.29521052509496,53.904441833496094,29378000
2018-11-30,53.94257805448163,54.26452943310714,53.38832982095668,54.208065032958984,51604000
2018-12-03,55.63009248311599,55.70488078772288,54.665477910892825,54.80242919921875,39824000
2018-12-04,54.63848130788326,54.70287384529929,52.00641366757461,52.04801940917969,46904000
2018-12-06,51.22779148078337,53.05746167646101,51.05492925303526,52.93511962890625,55384000
2018-12-07,52.50320633548786,53.258552701937965,50.942488462136545,51.34269714355469,42024000
2018-12-10,51.26691219031035,51.930627639307254,50.68443185126799,51.489803314208984,36154000
2018-12-11,52.32886149586989,52.532431101864624,51.50417218894095,52.094085693359375,27894000
2018-12-12,52.898962827070235,53.5750580442172,52.64090518853224,52.68498611450195,30476000
2018-12-13,52.90242846854944,53.481443622351065,52.2020613399527,52.596824645996094,26596000
2018-12-14,52.00641595250843,52.63149595600438,51.55122795748323,51.616111755371094,33732000
2018-12-17,51.38876280190596,52.16342694140586,49.922154748146795,50.349605560302734,47708000
2018-12-18,50.82312093576387,51.9816462144762,50.59280047071842,50.9528923034668,43850000
2018-12-19,51.21442290377699,52.60177996816346,49.92959131936467,50.67057418823242,49586000
2018-12-20,50.42885047884901,51.22579872060955,49.35056281254782,49.99694061279297,53470000
2018-12-21,50.288689550400136,50.72059953452689,48.22771237517033,48.5174674987793,91920000
2018-12-24,48.238110799698276,49.706204147589304,48.050389903140946,48.353023529052734,31806000
2018-12-26,48.98651674660587,51.512094835666275,48.68883730335032,51.485347747802734,47466000
2018-12-27,50.380318743955364,51.704775889852336,49.382272092288254,51.704280853271484,42196000
2018-12-28,51.98857416659642,52.282788317130375,51.17032424392709,51.36745834350586,28296000
2018-12-31,52.05495539668231,52.14113710185784,50.69929593682571,51.294654846191406,29866000
2019-01-02,50.35159250805892,52.12232327735694,50.30899668782744,51.801856994628906,30652000
2019-01-03,51.56162581087445,52.35312876211376,50.22775932426602,50.32632827758789,36822000
2019-01-04,51.14507687333723,53.03963093516442,50.88890111906312,53.0331916809082,41878000
2019-01-07,53.072317197816105,53.19614434770419,52.24316881852243,52.91827392578125,39638000
2019-01-08,53.30065500193787,53.7191913831198,52.52896485060376,53.30907440185547,35298000
2019-01-09,53.57505553382476,53.623595565333495,52.81970915794911,53.22883605957031,23986000
2019-01-10,52.882119594721516,53.054981819552694,52.389289935890126,53.014366149902344,29128000
2019-01-11,52.660226236835456,52.68969791819784,51.932121905744474,52.3635368347168,30416000
2019-01-14,51.854849818458824,52.08318636280273,51.57425857837832,51.7443962097168,22886000
2019-01-15,52.01582355703506,53.495805172832405,51.87565264098455,53.35216522216797,29272000
2019-01-16,53.493333022785066,54.10627897523315,53.46064171543603,53.541378021240234,26636000
2019-01-17,53.46707424229154,54.0777905639352,53.17137496149174,53.983680725097656,24854000
2019-01-18,54.48394778144499,54.89762827402524,54.033215126833255,54.397762298583984,39112000
2019-01-22,53.88958085863202,54.06343316120021,52.67458732905491,53.023780822753906,32270000
2019-01-23,53.36206851288924,53.73751022823097,52.490324381044516,53.273902893066406,19340000
2019-01-24,53.318983853715274,53.46732854418974,52.53738539691339,53.191192626953125,27226000
2019-01-25,53.7409845743556,54.18676308236625,53.58347604222835,54.03767395019531,22382000
2019-01-28,53.498781196696775,53.64192611625165,52.69093067511488,53.00198745727539,25686000
2019-01-29,53.1307672452726,53.253109298286304,52.29790789521667,52.533424377441406,20436000
2019-01-30,52.920261760539795,54.038171447753314,52.842000637991994,53.942081451416016,25596000
2019-01-31,54.632538886450675,55.34231542950684,54.25659833716889,55.29476547241211,30766000
2019-02-01,55.09812575326549,55.72221562637417,54.726149279254116,55.01639938354492,29244000
2019-02-04,55.11100714592342,56.108558654785156,54.93071559815715,56.108558654785156,51530000
2019-02-05,55.71429842229967,56.80447097067917,55.33825957752831,56.76187515258789,71044000
2019-02-06,56.44388047562965,56.811892877939876,55.11645332391667,55.23830032348633,42112000
2019-02-07,54.6900015185157,54.72368290060788,53.7905200492846,54.42005920410156,40896000
2019-02-08,53.84005059191052,54.42996415148229,53.81776260883254,54.2392692565918,21516000
2019-02-11,54.33287587649472,54.778404957599214,54.130296355210824,54.236785888671875,21304000
2019-02-12,54.820761991134525,55.73683661667462,54.77370706436661,55.54242706298828,32182000
2019-02-13,55.72172162151328,56.204151706923845,55.40026531710847,55.482486724853516,20996000
2019-02-14,55.377972412052394,55.882195395831964,55.001291228345856,55.557273864746094,18952000
2019-02-15,55.97383263752186,56.05258500742312,55.01144769031146,55.160037994384766,28996000
2019-02-19,54.97926222223435,55.56818571061238,54.97926222223435,55.40324783325195,20928000
2019-02-20,55.47406667230351,55.643463629818186,54.7454674087451,55.1674690246582,21756000
2019-02-21,55.02085578999427,55.07534003380002,54.11345014707496,54.3338623046875,28302000
2019-02-22,54.52852494318401,55.040676149557356,54.26601197544763,54.99758529663086,20990000
2019-02-25,55.27644474418294,55.40225205332234,54.84403974731927,54.94954299926758,28262000
2019-02-26,54.768751403005844,55.45029582014418,54.4799863749466,55.23335266113281,29426000
2019-02-27,54.82818656986952,55.37451039604099,54.533477341557955,55.2789192199707,19368000
2019-02-28,55.043644349132684,55.853474982814035,55.02928073201756,55.47060012817383,30850000
2019-03-01,55.71726147709184,56.61228369410514,55.709832150654734,56.51421356201172,29006000
2019-03-04,56.81139990684942,57.3706060071734,56.00404824875872,56.85152053833008,28920000
2019-03-05,56.96346696430526,57.93179631590392,56.77203140385696,57.55635452270508,28864000
2019-03-06,57.57912670998896,57.8305447859795,57.23241221963647,57.34980010986328,21986000
2019-03-07,57.24380711000642,57.295071733541185,56.21306923738623,56.62863540649414,23332000
2019-03-08,55.80790819360274,56.81586308124507,55.63801996165556,56.58009719848633,24248000
2019-03-11,56.685594764942586,58.257706105697814,56.685594764942586,58.23640441894531,34384000
2019-03-12,58.36023084108541,59.43703354919473,58.36023084108541,59.100223541259766,40262000
2019-03-13,59.46897948597821,59.483097474176006,59.03781401023083,59.10616683959961,28718000
2019-03-14,59.16510806438616,59.33202985026275,58.66831433577378,58.7213134765625,23456000
2019-03-15,59.10913081950399,59.26713436881268,58.57568556372546,58.66731643676758,49236000
2019-03-18,58.609867339386426,58.94172319328544,58.31867627908106,58.65741729736328,25852000
2019-03-19,58.88277723144019,59.43702916085189,58.73715714485206,59.380069732666016,30414000
2019-03-20,59.30577392425041,60.78129635976038,59.24732560645837,60.62428665161133,44548000
2019-03-21,60.22952328024401,61.011616716276095,60.088362298314976,60.99923324584961,24080000
2019-03-22,60.740686456631366,60.92295814813619,59.5769576245694,59.70945358276367,34284000
2019-03-25,59.28497575859991,59.753934080526186,58.79511631354956,59.0903205871582,29936000
2019-03-26,59.36422089018044,59.57720374230155,58.28395293946707,58.67524719238281,38024000
2019-03-27,58.71883459607147,58.82081589535083,57.4245899911584,58.10068893432617,28004000
2019-03-28,58.027381525155775,58.02862100586541,57.427612681161044,57.876312255859375,19234000
2019-03-29,58.19381128004019,58.396394600537405,57.5984523481874,58.11505889892578,25398000
2019-04-01,58.64949946784987,59.27160550408504,58.5454813251907,59.16115188598633,25050000
2019-04-02,59.20522623314337,59.50389952484874,58.7292353956469,59.4613037109375,16558000
2019-04-03,59.807526210204855,60.24438651153211,59.461801758426574,59.73025894165039,20286000
2019-04-04,59.7312515499765,60.213186649443706,59.6416008062493,60.18000030517578,19000000
2019-04-05,60.17949987068706,60.240423372656636,59.68617141670343,59.791175842285156,18144000
2019-04-08,59.82783097548614,59.867456570267315,59.430097475933024,59.62723159790039,17204000
2019-04-09,59.23890963475674,59.5504576654593,59.094279609781246,59.30082321166992,17528000
2019-04-10,59.470714632155904,59.62450849986199,59.26045636887106,59.54402160644531,14492000
2019-04-11,59.63317551154071,59.83129592662898,59.44347071719712,59.665863037109375,14204000
2019-04-12,59.932342036824714,60.34592427427141,59.83872722784973,60.32215118408203,18668000
2019-04-15,60.328595115066705,60.63568405973798,59.8882657552034,60.482139587402344,23748000
2019-04-16,60.67530040900912,60.96357036229859,60.43359033845363,60.780799865722656,17126000
2019-04-17,61.07154755895617,61.44599920150456,60.814975062009296,61.23698043823242,24438000
2019-04-18,61.377656652880866,61.517332542767804,61.15130023807032,61.23847579956055,26636000
2019-04-22,61.21965146834355,61.868504570675576,60.839255555376766,61.85612487792969,16146000
2019-04-23,61.94775967312829,62.854670475492576,61.734281758992616,62.63425827026367,26398000
2019-04-24,62.61295464955512,62.80562967283747,62.16123191762101,62.21076202392578,20376000
2019-04-25,62.64514796877128,62.775811164647564,62.014127528495955,62.579769134521484,22146000
2019-04-26,62.85466416598077,63.056253624033346,62.42473438245249,63.01217269897461,24828000
2019-04-29,63.10232191491716,63.8586584248875,62.72068651454436,63.77494812011719,49988000
2019-04-30,58.69406502073966,59.080900133748564,58.19875645516379,58.866432189941406,124140000
2019-05-01,58.845138718546764,58.845138718546764,57.811430661927844,57.85600662231445,52784000
2019-05-02,57.84015517992375,58.15863747807752,57.20823920012011,57.5850715637207,38896000
2019-05-03,58.131893324287105,58.78322534862486,57.90157663700852,58.71388244628906,39614000
2019-05-06,57.76586367428864,58.9838274069866,57.76586367428864,58.91151428222656,31278000
2019-05-07,58.46969457127707,58.96351807623187,57.50730954019056,58.1541862487793,31028000
2019-05-08,58.050663328016626,58.46741607013031,57.74010536990497,57.766357421875,26186000
2019-05-09,57.40775675286362,57.93427158611442,57.002593895785814,57.57368469238281,23714000
2019-05-10,57.63361979676244,58.07989337424407,56.5890132792104,57.667301177978516,26290000
2019-05-13,56.56225886308006,56.85845318588658,55.57907101756706,56.07041931152344,37212000
2019-05-14,56.32699433778584,56.485987988428256,55.45227985151992,55.496360778808594,36732000
2019-05-15,55.369060610682574,58.01698056927239,55.30942571859938,57.6643180847168,45786000
2019-05-16,57.679186023620645,58.85059370586829,57.59646956946878,58.39590072631836,30628000
2019-05-17,57.87532886602412,58.45384899624346,57.456297422972675,57.569725036621094,24172000
2019-05-20,56.68807282755262,56.801848101160374,56.041351015235904,56.408226013183594,27066000
2019-05-21,56.88569335451031,57.094613868001765,56.363142663085505,56.94215774536133,23196000
2019-05-22,56.799519791808116,57.38249524946214,56.75692019542167,57.030826568603516,18290000
2019-05-23,56.489949057093554,56.76102879571074,55.93143825862133,56.50332260131836,23978000
2019-05-24,56.82972630629218,56.94884871728307,56.052091972601275,56.14174270629883,22240000
2019-05-28,56.16799715631317,57.03909517569713,56.124407489419795,56.1754264831543,27300000
2019-05-29,55.847037619961306,55.92529874085745,54.89109182121785,55.29922866821289,30764000
2019-05-30,55.253663557431885,55.629604166510504,55.08426657215619,55.37303161621094,19038000
2019-05-31,54.547835472965254,54.95943752236625,54.49285619241573,54.66373825073242,30156000
2019-06-03,52.77512846382252,52.77512846382252,50.76912728866004,51.32535934448242,102612000
2019-06-04,51.655739803415656,52.30707189045972,51.1995617136518,52.158477783203125,56670000
2019-06-05,52.08368614335131,52.1832451785894,51.04106353739963,51.6220588684082,43368000
2019-06-06,51.75925086245443,51.88307800575335,51.200048571641034,51.727054595947266,34064000
2019-06-07,52.03861287377513,53.04359376167272,51.92815548088093,52.8018798828125,36048000
2019-06-10,53.14561873771718,54.12038718008884,53.11302946441998,53.512149810791016,29284000
2019-06-11,54.18577693816216,54.582516626989026,53.37460850572694,53.429935455322266,28734000
2019-06-12,53.39427455324955,53.5393996264785,52.87617909991564,53.346229553222656,21220000
2019-06-13,53.67362174125095,54.1951824059431,53.50075951905199,53.92771530151367,21154000
2019-06-14,53.81131521373947,54.121873156808235,53.50184559521384,53.75831985473633,22230000
2019-06-17,53.804385930300555,54.44333452700149,53.804385930300555,54.11246871948242,18832000
2019-06-18,54.963901664124954,55.29575752374036,54.43392160601064,54.66225814819336,27734000
2019-06-19,54.761317646877714,54.83066054861615,54.161004620868674,54.5993537902832,26776000
2019-06-20,55.474063991893935,55.48050324505961,54.718717677914185,55.049583435058594,25240000
2019-06-21,54.941614119857064,55.6781377821573,54.88415587228249,55.567684173583984,38952000
2019-06-24,55.45524982857167,55.57362780732961,55.02928409654227,55.25267028808594,27912000
2019-06-25,55.11101296966886,55.19471949862695,53.681551386214736,53.807857513427734,30938000
2019-06-26,53.81528483908258,54.13574732435018,53.10897347440349,53.483428955078125,36218000
2019-06-27,53.69146111754431,53.84500559752106,53.26004617336076,53.29570770263672,20086000
2019-06-28,53.314517552504824,53.54285407094334,53.16493340140807,53.53839874267578,33864000
2019-07-01,54.38488710364868,54.85939284459029,54.172051626641874,54.382408142089844,28726000
2019-07-02,54.59490224781904,55.06693286047275,54.393312768324485,55.041175842285156,19832000
2019-07-03,55.34627851167463,55.80939463546071,55.17044606987585,55.55282211303711,15340000
2019-07-05,55.36559645338017,56.11252344804477,55.28337504179388,56.04862594604492,25286000
2019-07-08,55.73063775314208,55.770758385212446,55.03918887175297,55.29377746582031,24728000
2019-07-09,55.06841448744236,55.87205154281431,54.83908785791267,55.713802337646484,26608000
2019-07-10,56.03030320319215,56.566722535811095,56.01791973176192,56.488956451416016,24190000
2019-07-11,56.626152283442075,57.11254643087773,56.44437563559689,56.673702239990234,23910000
2019-07-12,56.66280711809014,56.828735038473,56.40474950450239,56.70787811279297,17280000
2019-07-15,56.80496587172539,57.00110993957077,56.435468312533565,56.977333068847656,18076000
2019-07-16,56.76236802575133,57.385467882170786,56.712837918721206,57.137813568115234,24776000
2019-07-17,57.00853663376992,57.37456892010255,56.75097781256478,56.77970504760742,23400000
2019-07-18,56.55136675678114,56.84186250414218,56.10509321756258,56.77871322631836,25814000
2019-07-19,56.87083914688063,57.01695427921099,55.95104994385099,55.97482681274414,32944000
2019-07-22,56.1407553629323,56.42803526550066,55.68457730923279,56.36958694458008,26030000
2019-07-23,56.66330639136615,56.80694634338647,56.05902927559265,56.772769927978516,21874000
2019-07-24,56.06397942684194,56.66330235568001,55.82078046512619,56.35670471191406,31796000
2019-07-25,56.35720828979541,56.54938828997416,55.520139231678456,56.07488250732422,44196000
2019-07-26,60.62775435729383,62.683780867246995,60.62577421119176,61.93388366699219,96116000
2019-07-29,61.47027323363483,61.78330635290012,60.83528500137457,61.389041900634766,44474000
2019-07-30,60.69561307667335,61.16417460248931,60.5911036846224,60.6822395324707,29066000
2019-07-31,60.576243391989316,61.12108209711164,59.821588559521764,60.263206481933594,34510000
2019-08-01,60.13195662617002,61.12653800838806,59.72035449871005,59.8833122253418,33970000
2019-08-02,59.473685755602745,59.778798313007506,58.88922143523257,59.13935470581055,32902000
2019-08-05,57.95308980556229,58.21065240912404,56.47211806124959,57.07540512084961,51950000
2019-08-06,57.6197418560964,58.44443107810785,57.45579408467125,57.94862747192383,34188000
2019-08-07,57.257680608621044,58.36940050819623,56.94187372218537,58.14874267578125,28886000
2019-08-08,58.58658572137335,59.685181345118686,58.10069037297113,59.674781799316406,29360000
2019-08-09,59.33747725303469,59.629212479089965,58.624874067607735,58.84315872192383,21314000
2019-08-12,58.40728218702352,58.69208688934795,57.835794666792836,58.18439483642578,20060000
2019-08-13,58.02342660321736,59.67379154193816,58.02342660321736,59.301815032958984,25888000
2019-08-14,58.26364425090739,58.560337397292294,57.48254464501079,57.66828536987305,31574000
2019-08-15,57.629159578438845,58.24037101533716,57.5603117076262,57.81539535522461,24374000
2019-08-16,58.42412637642897,58.58113986652429,58.04075649507712,58.32754135131836,26266000
2019-08-19,58.946186532141354,59.78325555363726,58.946186532141354,59.36026382446289,24632000
2019-08-20,59.201752910730534,59.24187353658875,58.55091601980708,58.57964324951172,18310000
2019-08-21,59.09774906802355,59.387504156585585,58.81442945445169,59.003639221191406,14814000
2019-08-22,59.14331309258872,59.33856532157554,58.37608206332179,58.9184455871582,18950000
2019-08-23,58.54498865057212,59.143816655354385,56.84905374803006,57.024391174316406,33740000
2019-08-26,57.320092235414144,57.92486447638342,57.10710934828495,57.89613723754883,24522000
2019-08-27,58.47266905094953,58.565290009222274,57.52761784855871,57.844120025634766,21544000
2019-08-28,57.54049667019366,58.26909598472239,57.32206840992101,58.00162887573242,16040000
2019-08-29,58.50188672248713,59.241879373030656,58.50188672248713,59.0828857421875,21768000
2019-08-30,59.36274338838079,59.36274338838079,58.6347901945186,58.84762191772461,22596000
2019-09-03,58.299306565149124,58.78768084958333,57.614293204716404,57.87135696411133,29598000
2019-09-04,58.28345877171329,58.61878367097928,58.00063797619777,58.51625442504883,21378000
2019-09-05,59.01750638772304,60.08291568504942,59.01750638772304,60.000694274902344,28162000
2019-09-06,59.83972339798961,60.03214901751433,59.561951209918206,59.68122100830078,21442000
2019-09-09,59.63515633832731,60.427649344440674,59.07149490833009,59.65546417236328,29438000
2019-09-10,59.19680920014923,59.93234280046735,59.16857700191875,59.73421859741211,25202000
2019-09-11,59.60593103984149,60.55642756236902,59.54599761381849,60.436065673828125,26140000
2019-09-12,60.6406314010936,61.51039166091169,60.57723271721456,61.13346481323242,34518000
2019-09-13,60.989828786457736,61.46185557973998,60.77486200080512,61.39647674560547,26028000
2019-09-16,60.8991848018238,61.39647354864594,60.70551593442179,60.98734664916992,21066000
2019-09-17,60.942769133815766,61.17061063087517,60.610418250216064,60.880855560302734,19102000
2019-09-18,60.79962771684802,61.20082648699606,60.25577906750553,61.042327880859375,22702000
2019-09-19,61.02499325268969,61.638184798081056,61.02301310657381,61.354373931884766,19920000
2019-09-20,61.077502033030136,61.58271900147943,60.580213207951566,60.919498443603516,45400000
2019-09-23,60.724832727766625,61.37319073864038,60.63419192036209,61.12256622314453,21248000
2019-09-24,61.41826573813028,61.7521055145757,59.96602133158638,60.36623001098633,31664000
2019-09-25,60.22060988910079,61.8293727479273,59.93679903189984,61.741207122802734,29060000
2019-09-26,61.51534996613593,61.66592421234962,61.035296777164476,61.487117767333984,30760000
2019-09-27,61.56735673180523,61.617381873521204,60.15275395191091,60.67976379394531,27078000
2019-09-30,60.475699344250735,60.72483877502187,60.046268353739706,60.37812423706055,28082000
2019-10-01,60.37812255094945,60.98388479179583,59.614356736736276,59.68964385986328,25470000
2019-10-02,59.287450128916895,59.287450128916895,58.01500216536769,58.27949905395508,32302000
2019-10-03,58.4464185366872,58.8951672802714,57.57615939651169,58.83424377441406,32424000
2019-10-04,59.035340182585635,60.00366565602695,58.90061466685214,59.8828125,23248000
2019-10-07,59.65496969396423,60.338690712635255,59.62277342533654,59.81742858886719,16858000
2019-10-08,59.3176672959846,59.73818383735155,58.89269164679222,58.89863586425781,20786000
2019-10-09,59.404831073334954,59.85060953415879,59.31963945191494,59.55144500732422,17354000
2019-10-10,59.36670634661145,60.18000232163567,59.30528780055594,59.86647033691406,16932000
2019-10-11,60.53711179982287,60.84321063556689,60.117585361628365,60.2022819519043,25454000
2019-10-14,60.04824564793539,60.74118343329034,60.01951841314089,60.28599166870117,17350000
2019-10-15,60.44746631373789,61.78133286178912,60.44746631373789,61.567359924316406,27634000
2019-10-16,61.47622209518479,62.148357051630974,61.341500349297384,61.59856414794922,21892000
2019-10-17,61.95964118026736,62.573573391657305,61.91060611151327,62.065635681152344,19048000
2019-10-18,62.08495652213319,62.35390874827976,61.47176494566879,61.6901969909668,27056000
2019-10-21,62.02551107438501,62.14284983997683,61.447981089991664,61.722877502441406,20544000
2019-10-22,61.80708669665984,61.9432935412506,61.48662045404873,61.55695343017578,20476000
2019-10-23,61.53515785022872,62.403432989895485,61.53515785022872,62.36579132080078,18230000
2019-10-24,62.45346096678799,62.607009205901626,62.09758260637831,62.45792007446289,20562000
2019-10-25,61.96459216412046,62.88438138182676,61.91407198527355,62.66297912597656,24262000
2019-10-28,63.17413479932124,64.35594191090583,63.02999981460541,63.89480972290039,52264000
2019-10-29,63.212769355327964,63.47825252510061,62.270790447668084,62.53865432739258,37728000
2019-10-30,62.06068498528015,62.872495813004214,62.012639986915495,62.472782135009766,28178000
2019-10-31,62.472279029733805,62.78878117841272,61.95532489040749,62.414329528808594,29114000
2019-11-01,62.6565356047694,63.13302146288395,62.43364825449609,63.08943557739258,33402000
2019-11-04,63.22365539226731,64.09935975119386,63.218950656569795,63.96265411376953,30020000
2019-11-05,64.03795714405977,64.33712548649453,63.95568282676631,63.995361328125,25654000
2019-11-06,63.868060193953454,64.07955792653799,63.52332584302511,63.98395919799805,23060000
2019-11-07,64.10678531359801,65.56596372815555,64.10505457558759,64.82894897460938,40600000
2019-11-08,64.65164546301534,65.28167961889818,64.60632127654154,64.95328521728516,25028000
2019-11-11,64.54762006736382,64.70835199422221,64.26182907276078,64.3499984741211,20238000
2019-11-12,64.39012309476615,64.88543173395665,64.18060548466423,64.3306884765625,21718000
2019-11-13,64.09641005658301,64.60310836400122,64.06867289105902,64.29106903076172,16534000
2019-11-14,64.26629190157658,65.23214217581871,64.17466101832676,64.9577407836914,23870000
2019-11-15,65.3282284479677,66.11775497995413,65.09741295678056,66.11725616455078,35652000
2019-11-18,65.98601256026029,66.1499112412667,65.2569181279996,65.41542053222656,29748000
2019-11-19,65.7621257807411,65.7621257807411,65.02411323647416,65.15586853027344,25384000
2019-11-20,64.97160827740933,65.13308087621205,63.95177258645489,64.54118347167969,26172000
2019-11-21,64.463417097479,65.0137087262464,64.04339942189262,64.45697784423828,19910000
2019-11-22,64.66848662220676,64.82252991091798,63.96465798397095,64.15930938720703,27714000
2019-11-25,64.34950106514198,64.95030911540157,64.29749577935247,64.72148132324219,20724000
2019-11-26,64.87850112611147,65.12318525450006,64.64224395689365,65.06127166748047,21394000
2019-11-27,65.13309022708343,65.29951321496556,64.86710820108271,65.03353118896484,19912000
2019-11-29,64.74277630748091,64.89557253119091,64.58675289934573,64.63578796386719,11740000
2019-12-02,64.4396413082603,64.67886861146712,63.449024270825454,63.890838623046875,30218000
2019-12-03,63.37819697918947,64.3138839328112,63.34996478462989,64.15632629394531,22876000
2019-12-04,64.73733496049257,65.66801878384935,64.63133667702651,65.40748596191406,30750000
2019-12-05,65.77699275228925,65.84425726574649,65.20441302874754,65.78343200683594,24254000
2019-12-06,66.04642872980365,66.56947450373256,66.04642872980365,66.40206146240234,26296000
2019-12-09,66.27427240095948,67.3347313190839,66.26436411276336,66.54768371582031,27086000
2019-12-10,66.44565060625399,66.86542648983318,66.17521704847374,66.6021728515625,21882000
2019-12-11,66.90825741558984,66.92608628559331,66.50358968070368,66.61998748779297,17008000
2019-12-12,66.66556742681301,67.1527060685632,66.39612394349852,66.88003540039062,25620000
2019-12-13,66.7651262296334,67.01986221387254,66.56303794947999,66.75918579101562,30992000
2019-12-16,67.18860756248498,67.59377416313903,66.99890654816991,67.419921875,27946000
2019-12-17,67.5051209554608,67.60963035448829,66.9321935977317,67.1202621459961,37080000
2019-12-18,67.19356734752355,67.38524851319647,66.91619573723274,66.99642944335938,30452000
2019-12-19,66.95680612585042,67.26785531094468,66.81638203558285,67.16582489013672,29398000
2019-12-20,67.52790745541391,67.54226729467315,66.81713320113207,66.84635925292969,66300000
2019-12-23,67.15739981663347,67.35205116966155,66.6937887392719,66.80919647216797,17662000
2019-12-24,66.79236779694094,66.87953957120025,66.50904819388398,66.54768371582031,6950000
2019-12-26,66.67695630550098,67.42769615001863,66.59275475508197,67.38177490234375,13350000
2019-12-27,67.51005891303089,67.58633987705416,66.83247868241773,66.96026611328125,20768000
2019-12-30,66.86665129908239,67.01524536908646,66.07514470382696,66.1801528930664,21018000
2019-12-31,65.88149944834886,66.27229869766421,65.83072607949103,66.2237548828125,19236000
2020-01-02,66.44814042113774,67.76516460860621,66.44814042113774,67.7270278930664,28132000
2020-01-03,66.76066651036017,67.98110920711733,66.64595407204618,67.39466094970703,23728000
2020-01-06,66.86665756457604,69.16983941312115,66.86665756457604,69.0564193725586,34646000
2020-01-07,69.24118148912744,69.4913072214151,68.8667222193911,69.01333618164062,30054000
2020-01-08,68.9509250603575,69.91678300491422,68.88951029262246,69.55718994140625,30560000
2020-01-09,70.3620719484611,70.69689809293314,69.8518970301663,70.3254165649414,30018000
2020-01-10,70.70828582458674,71.07328274095644,70.25211147832754,70.8157730102539,36414000
2020-01-13,71.13276381761857,71.35020201556078,70.63200599067879,71.28630828857422,33046000
2020-01-14,71.27539880125317,71.41358578042015,70.74839278192954,70.87271118164062,31178000
2020-01-15,70.83952188548358,71.39352437531501,70.83952188548358,71.28480529785156,25654000
2020-01-16,71.69295461340606,71.9183209490057,71.37000939323862,71.9039535522461,23474000
2020-01-17,72.45919689586063,73.36982231998442,72.22690004442423,73.32499694824219,47924000
2020-01-21,73.26208248215858,73.89260781286409,72.86979440647241,73.52360534667969,40734000
2020-01-22,73.85052085360856,74.45548575652512,73.54986361326971,73.60038757324219,32216000
2020-01-23,73.68409053692113,74.0743909230073,73.40968915592059,73.63504791259766,27024000
2020-01-24,73.97879896316432,74.07315822047792,72.57509447765393,72.64741516113281,35692000
2020-01-27,70.87865693592971,71.22884044556933,70.39324911251462,71.02229309082031,35104000
2020-01-28,71.47302897824414,72.11693163815444,70.95146457385889,71.94654083251953,31548000
2020-01-29,72.25561941174888,72.58400622511809,71.65827283940682,72.24720001220703,21554000
2020-01-30,71.32245998290716,72.18033183855457,71.14612872639563,72.1090087890625,26788000
2020-01-31,72.75587533243763,72.8167988305319,70.75631337147726,71.03864288330078,48344000
2020-02-03,72.41411662211624,73.80098222926158,72.26503127126502,73.59988403320312,60736000
2020-02-04,72.16993786165452,72.78560463955192,70.64587520062506,71.67462921142578,78660000
2020-02-05,72.43490921238318,72.50524217424741,70.85685400377268,71.73206329345703,39724000
2020-02-06,71.83610229161559,73.40474092744408,71.79845683869266,73.11894989013672,33588000
2020-02-07,72.67664018285075,73.59494440636026,72.62958525383137,73.26754760742188,23446000
2020-02-10,73.02433655966655,74.76682721341174,73.02433655966655,74.72621154785156,28398000
2020-02-11,74.88125837699666,75.7638972599813,74.57555250571313,74.73167419433594,26892000
2020-02-12,75.01349677805787,75.32133391835748,74.69798846107702,75.20121765136719,23352000
2020-02-13,74.92485152090961,75.64255637785347,74.5241514924198,75.02243041992188,18590000
2020-02-14,75.06897785644782,75.32357025146484,74.65985091589516,75.32357025146484,23956000
2020-02-18,75.03925445530408,75.86294989290256,74.91988641040446,75.27056121826172,22414000
2020-02-19,75.53802199079261,75.88652010284356,75.35624157850381,75.6182632446289,18986000
2020-02-20,75.38596543823225,75.76438494741576,74.63409190054291,75.19527435302734,21932000
2020-02-21,74.69402805308226,74.90131611593871,73.32747770090143,73.55878448486328,34634000
2020-02-24,70.63645220333734,71.17436418431564,69.90736542912502,70.4125747680664,57342000
2020-02-25,70.97772659751868,71.23231141848851,68.47146619521945,68.77112579345703,49566000
2020-02-26,69.15202320552625,70.12085136853511,68.30306191615959,69.00540924072266,44048000
2020-02-27,67.46400658189613,67.94168285886117,65.240566846494,65.28614044189453,59566000
2020-02-28,63.275680187476226,66.42782365753519,62.95372880843212,66.33817291259766,75782000
2020-03-02,66.94640288522864,68.89098945088219,65.71828909144158,68.8038101196289,48630000
2020-03-03,69.31447338778082,69.8459385222767,65.97510079269846,66.44020080566406,48046000
2020-03-04,67.3238228759295,68.75328406884188,66.52538577338458,68.6755142211914,38266000
2020-03-05,66.87657903983784,67.30799398166944,64.64273209110996,65.33319854736328,51226000
2020-03-06,63.25387834067293,64.69819456673619,62.46089032959387,64.31136322021484,53212000
2020-03-09,59.69954603776629,62.149341994627406,59.43703307962272,60.207733154296875,67308000
2020-03-10,62.40888069879221,63.45646105990464,60.36672289176392,63.41881561279297,52228000
2020-03-11,61.89871571945203,62.456432925319966,59.24237623849774,60.20030212402344,52170000
2020-03-12,55.77174807275581,59.133408838909006,55.14270780818934,55.222450256347656,84534000
2020-03-13,58.39688514705662,60.41576123261493,55.33305498239505,60.414276123046875,74002000
2020-03-16,54.28581535155542,57.07276859103872,53.217931013595,53.70779037475586,85048000
2020-03-17,54.14267507673881,56.012465734786765,52.305080685860155,55.464656829833984,77230000
2020-03-18,52.32985642642988,54.805904723212265,51.37737580469215,54.32545471191406,84668000
2020-03-19,54.139706140807945,57.355247938074974,52.50806201181498,55.24127197265625,73022000
2020-03-20,56.253184853314295,56.662806768520255,52.774635205800415,53.11293029785156,72036000
2020-03-23,52.56809993222134,53.06340858614178,50.20131496227977,52.335304260253906,80882000
2020-03-24,54.6706783813013,56.21752772806036,54.0193463441892,56.19078063964844,66890000
2020-03-25,55.795036008551804,56.906011454881444,53.79101457700341,54.60728454589844,81630000
2020-03-26,55.06840889952835,57.94961961758625,54.16347838714766,57.542476654052734,71434000
2020-03-27,55.75540228895835,56.993673754482685,54.77667355046997,55.01441955566406,64170000
2020-03-30,55.7242032111647,57.04123099604961,54.30960409655867,56.80298614501953,51482000
2020-03-31,56.82674970714459,58.21410636995611,56.37304690910335,57.594970703125,49728000
2020-04-01,55.57362192030363,55.95451661177193,54.35764221183238,54.762306213378906,46884000
2020-04-02,54.39776204921216,55.81434498734818,54.30563612835293,55.516170501708984,39298000
2020-04-03,55.425780526117386,55.64990739266088,53.483925855233785,54.37894821166992,46268000
2020-04-06,56.366116817158606,59.17253535813751,56.016428331636995,58.78916549682617,53294000
2020-04-07,60.47717794685871,60.67530213819292,58.55686709192078,58.76885986328125,47746000
2020-04-08,59.75898692279128,60.3815879656905,58.8505910774046,59.94621276855469,39502000
2020-04-09,60.62973301674415,60.703535025189225,59.27531311613736,60.00415802001953,43508000
2020-04-13,59.89172965774922,60.452915948084915,58.822756783947845,60.30679702758789,34796000
2020-04-14,61.6703788320828,63.50202903851045,61.26620608370756,62.866050720214844,49408000
2020-04-15,61.696126967487004,63.422281349713884,61.438073147099146,62.531219482421875,33434000
2020-04-16,63.10727579486563,63.349975970982136,61.54804289228388,62.58076095581055,50362000
2020-04-17,63.6397255853922,64.11422753458004,62.96511551603414,63.56047439575195,38980000
2020-04-20,62.95372052029718,63.47875019107461,62.4767396217254,62.73628234863281,33910000
2020-04-21,61.764981754878164,62.12507359097444,59.91797780427195,60.246368408203125,43060000
2020-04-22,61.6926730139725,63.677520215036395,61.51733181991914,62.5678825378418,41848000
2020-04-23,62.980962352482294,64.0587512911337,62.68972217499375,63.21672821044922,31324000
2020-04-24,62.46683086353142,63.41930754398968,61.88633065625085,63.36532211303711,32792000
2020-04-27,64.1919998007768,64.19942912772107,62.85466426723278,63.1954345703125,32012000
2020-04-28,63.79228211363711,63.79822255204563,61.03192816857222,61.104736328125,59026000
2020-04-29,66.44367392830185,67.3614793082127,65.64523660592087,66.44466400146484,75872000
2020-04-30,65.62245363108484,67.00634154208466,65.50406809564436,66.80029296875,53378000
2020-05-01,65.80174123335473,66.96918077821141,64.93495130585826,65.41094207763672,41450000
2020-05-04,64.79776662454285,65.76015556389694,64.34059465613201,65.7175521850586,30080000
2020-05-05,66.26834141781165,68.05243817242103,66.24555461905224,66.92164611816406,33030000
2020-05-06,67.44568745998859,67.91276013626181,66.73244178676438,66.7329330444336,24308000
2020-05-07,67.65618188161211,68.23371190660852,67.12768692567515,67.98407745361328,27952000
2020-05-08,68.50762339113597,69.28179252302826,68.12871259649536,68.76716613769531,27738000
2020-05-11,68.26740288154986,70.16195697894585,68.21152798998887,69.50468444824219,28242000
2020-05-12,69.6958726999192,70.08617313014014,68.09354893417215,68.14159393310547,27812000
2020-05-13,68.20647018693798,68.62411472796708,65.79679117951973,66.8334732055664,36252000
2020-05-14,66.12469533829504,67.23418944333098,65.57441117273986,67.17029571533203,32062000
2020-05-15,66.8666684149434,68.07918303480133,66.32182587140124,68.01528930664062,34154000
2020-05-18,67.44865774546122,68.9630615427515,67.07717625344415,68.54774475097656,36448000
2020-05-19,68.69916638171739,68.9469643113756,68.02989959716797,68.02989959716797,25612000
2020-05-20,68.82708712139264,69.85931759578088,68.71168693165905,69.6760482788086,33108000
2020-05-21,69.73945805588353,70.1104407205916,69.01878307741232,69.48189544677734,27700000
2020-05-22,69.1802599477536,69.97522824806919,68.93854605146902,69.85932922363281,26188000
2020-05-26,71.18921498841847,71.37396562314146,69.94400553553683,70.18621063232422,41212000
2020-05-27,70.19760341264302,70.41999192098187,68.91177837608546,70.22682189941406,33716000
2020-05-28,69.18767423884233,71.36603882027146,69.14507842796779,70.1718521118164,33844000
2020-05-29,70.18225603742725,70.9564251232419,70.00444345669682,70.775634765625,36418000
2020-06-01,70.254072833918,71.22339204523202,70.23475507459572,70.91927337646484,24342000
2020-06-02,70.8563700044183,71.30512250999173,70.27586976108624,71.28580474853516,25562000
2020-06-03,71.24024152409602,71.64896788590269,70.81809249182767,71.1451416015625,25124000
2020-06-04,70.84892744749965,71.27291293168804,69.5774773680862,69.94647979736328,29686000
2020-06-05,69.99552018557767,71.57456562256118,69.64038630737782,71.24468994140625,34698000
2020-06-08,70.44971768403248,71.72018540676757,70.44971768403248,71.6518325805664,28084000
2020-06-09,71.58991327914178,72.71129556830853,71.48342375635235,72.12484741210938,28184000
2020-06-10,72.2922669780442,73.02131593243051,72.13030312566039,72.60481262207031,30504000
2020-06-11,71.44728090853677,72.04140035442931,69.44226948758737,69.53340911865234,39826000
2020-06-12,70.75433782601439,71.17584441739757,68.65076516125544,69.99601745605469,38928000
2020-06-15,68.8875222234068,70.57156847031459,68.74487612533689,70.3263931274414,30078000
2020-06-16,71.58299463665368,72.06839497271181,70.6260549877578,71.45916748046875,34184000
2020-06-17,71.67909619897803,72.31507088283355,70.89749761189809,71.87523651123047,30992000
2020-06-18,71.77813957771545,71.88958703322878,70.68103286828745,71.12432861328125,31638000
2020-06-19,71.52255159739978,71.71077126489993,70.40067803395391,70.91431427001953,63158000
2020-06-22,70.77958463456343,71.95594237205123,70.49280360076297,71.911865234375,30848000
2020-06-23,72.09910030520709,73.10462908489873,71.58398267555215,72.53348541259766,28596000
2020-06-24,72.3898511099253,73.07882860965927,70.81675346126384,70.92671203613281,35120000
2020-06-25,70.8241793630583,71.46807449615841,70.3338211287437,71.39031219482422,24610000
2020-06-26,70.89796357510677,70.99999397694252,66.96521307305903,67.35700225830078,85354000
2020-06-29,67.27182198995959,69.12526900128799,66.71856764895634,69.09406280517578,36204000
2020-06-30,68.86968803089401,70.26695308524504,68.54872299831463,70.0173110961914,40848000
2020-07-01,69.8930019987709,71.47303775845423,69.82959953063742,71.22736358642578,35504000
2020-07-02,71.6681830013701,73.45178824987387,71.64242598665834,72.5478515625,37182000
2020-07-06,73.30865260573653,74.62270643291379,72.95202976247596,74.08332061767578,31280000
2020-07-07,73.80099197844591,75.12841558896689,73.48151576946636,73.562255859375,29164000
2020-07-08,74.01497118149184,74.5875433686698,73.5845462995376,74.09818267822266,24994000
2020-07-09,74.61575447894113,75.42162090078645,73.7061193496208,74.84062194824219,28466000
2020-07-10,74.6009098494811,76.46722781535294,74.12491899550255,76.36370849609375,37126000
2020-07-13,76.77284855560754,78.11671804151135,74.55599899688363,74.85798645019531,36928000
2020-07-14,73.81634009140583,75.43302357944671,73.47903505014406,75.31563568115234,31700000
2020-07-15,75.44195140845014,76.04622859208759,74.1972404755685,74.9719009399414,32214000
2020-07-16,74.29628637469574,75.22201973541121,73.61820730189592,75.1878433227539,30386000
2020-07-17,75.36715504665901,75.4572970478226,74.21803536652837,75.06649780273438,29134000
2020-07-20,75.05213050081394,77.77781665635418,74.47460049880196,77.55146026611328,31146000
2020-07-21,78.60498193669973,78.60498193669973,76.98482188544176,77.18988037109375,24324000
2020-07-22,77.29291008393331,77.76345175176102,76.57966447645106,77.68865966796875,18640000
2020-07-23,77.61338939856616,77.85608582128717,74.66243458579083,75.07294464111328,32552000
2020-07-24,74.24329898583373,75.16981845813517,73.72173452528179,74.88422393798828,30880000
2020-07-27,75.06898313997172,76.32558254437629,75.04966537569386,75.7921371459961,24920000
2020-07-28,75.54346871754097,75.6078536868574,74.1803801929415,74.31311798095703,34044000
2020-07-29,74.60933981358544,75.84424074415364,74.3621767284515,75.38697052001953,22130000
2020-07-30,74.14770019971996,76.17202934635144,73.91094424724213,75.85404205322266,33428000
2020-07-31,74.54444986481914,74.73960008025148,72.01936282610693,73.4522933959961,68798000
2020-08-03,73.63455523247282,73.82425624137073,72.59440419460088,73.03077697753906,46604000
2020-08-04,73.13577802981918,73.58106147220656,72.24818892185418,72.56121826171875,38070000
2020-08-05,72.77568837583422,73.42504024270451,72.48642833718426,72.98916625976562,39590000
2020-08-06,72.89703590537803,74.41465897476638,72.61223500636427,74.30123138427734,39908000
2020-08-07,74.29630427524609,75.13064880959523,73.38691823646691,74.02339172363281,31556000
2020-08-10,73.66130447803019,74.49812780168995,72.96291754806892,74.10311889648438,25786000
2020-08-11,73.92184241134159,74.79160272846515,73.20661663253647,73.32152557373047,29088000
2020-08-12,73.5820674979322,74.90979346809875,73.56571995317098,74.62419891357422,28740000
2020-08-13,74.80843883369869,76.14131901792614,74.69278923130442,75.21013641357422,29104000
2020-08-14,75.07194042881795,75.38101704621597,74.43893609845551,74.67916107177734,27096000
2020-08-17,75.0228999529165,75.56477217788633,74.69104412176317,75.18685150146484,27566000
2020-08-18,75.593013937101,77.39048794594513,75.47067566278254,77.19880676269531,40542000
2020-08-19,76.9367797106904,77.94572463411679,76.47317610500714,76.65049743652344,33212000
2020-08-20,76.44839588457268,78.5494968514482,76.18836192870758,78.34542846679688,34138000
2020-08-21,78.11166728067089,79.13646107452145,77.66465300473622,78.27957916259766,28930000
2020-08-24,78.95120691894152,79.95124126573035,78.28700387401308,78.66492462158203,28198000
2020-08-25,78.36128991740918,79.82492777235713,78.36128991740918,79.65652465820312,44942000
2020-08-26,79.64562214748537,82.18258976254306,79.4276851603764,81.84380340576172,79868000
2020-08-27,81.90819669784462,81.9735793121767,80.5248000393572,80.94977569580078,37232000
2020-08-28,80.9081610313318,81.58574129678516,80.77244545207905,81.44903564453125,29980000
2020-08-31,81.62139849316573,81.62510937709935,80.75064826962117,80.94232940673828,36468000
2020-09-01,81.0636954940438,82.5050454561324,80.84526722465928,82.25640106201172,36506000
2020-09-02,82.90351545523254,85.84589156464904,82.53475482086186,85.60319519042969,50224000
2020-09-03,84.68359599012982,84.68359599012982,79.99529846835945,81.32173919677734,62156000
2020-09-04,80.45100638458469,81.48372832407682,76.65461977427822,78.80559539794922,52172000
2020-09-08,75.95607094208492,77.45958382111198,75.68364969029649,75.90059661865234,52218000
2020-09-09,77.14581257860169,77.71392562506236,76.08193740419422,77.1175765991211,35494000
2020-09-10,77.29982832888699,78.46088152867938,75.57442601807804,75.88225555419922,32372000
2020-09-11,76.07940997007096,78.02101892792562,74.16553061726401,75.32257843017578,31942000
2020-09-14,76.22823391222946,77.46625590687101,75.0759023543534,75.25123596191406,33932000
2020-09-15,76.07941817941894,77.2468581071124,75.87312017422485,76.34886169433594,26622000
2020-09-16,77.04722533000808,77.36719271319366,75.27798013521331,75.33147430419922,26234000
2020-09-17,74.09818338135946,74.70731270507935,72.81037775842621,74.07489776611328,37596000
2020-09-18,74.1977321112776,74.4450387889138,71.18229417461951,72.31456756591797,62078000
2020-09-21,71.32740575488428,71.73851278331297,69.66762773079654,70.88658142089844,57776000
2020-09-22,71.82421197441498,72.78659327692685,71.05351185078658,72.58550262451172,31664000
2020-09-23,72.2546454058839,72.36261629331767,69.7246077231488,70.0965805053711,33148000
2020-09-24,69.88952891281068,71.50814719874674,69.83108437142835,70.74443054199219,29004000
2020-09-25,70.95940533626168,71.81975624334059,70.003954500656,71.57012176513672,26460000
2020-09-28,73.01889148777396,73.14717018713014,71.78512444613715,72.53893280029297,40158000
2020-09-29,72.82968000414657,73.14038910002505,72.25586089501572,72.77717590332031,19564000
2020-09-30,72.65185688017957,73.78859669075756,72.30911024500735,72.7905502319336,34032000
2020-10-01,73.5171652334951,74.24873846185527,73.26654073247077,73.80543518066406,35590000
2020-10-02,72.41560372941342,73.46417419825345,71.86531207302946,72.2367935180664,25682000
2020-10-05,72.62263605993948,73.71231335930901,72.52654608023242,73.60384368896484,22266000
2020-10-06,73.08675074558228,73.64050392401876,71.74991020308546,71.9901351928711,24908000
2020-10-07,72.52755006150349,72.75885684087167,71.12632450353446,72.32942962646484,34924000
2020-10-08,72.56716523520562,73.80097756349203,72.56716523520562,73.5993881225586,23756000
2020-10-09,74.03376631360821,75.11452535021476,73.77373235943031,75.05014038085938,28706000
2020-10-12,76.42611686962633,78.94525563021479,75.90951037356474,77.72134399414062,49652000
2020-10-13,78.44351990759567,78.75407789702726,77.42665429984525,77.84667205810547,32020000
2020-10-14,78.18892469900375,78.63936262818515,76.79908875294954,77.6683578491211,38586000
2020-10-15,76.6316731067601,78.01630923255895,76.52667245342056,77.22505187988281,30800000
2020-10-16,77.55790911814259,78.31474068300344,77.41674433750296,77.91254425048828,28694000
2020-10-19,78.28152896790807,78.6624198097671,75.68313951590075,76.01053619384766,32142000
2020-10-20,75.6361072350789,78.13493843203791,75.56775440049603,77.06655883789062,44834000
2020-10-21,77.92839489395483,80.1771004767322,77.84419332741882,78.91802215576172,51366000
2020-10-22,78.90514381052147,80.33857326438611,78.50642396011347,80.00869750976562,28672000
2020-10-23,80.54064231948178,81.3474989351438,80.2652508606544,81.28014373779297,27516000
2020-10-26,80.48815058425403,81.143442929409,78.08540190827267,78.77635955810547,37066000
2020-10-27,79.03490605262144,79.58840977144571,78.39645255773641,79.46037292480469,24580000
2020-10-28,77.25526827972978,77.3350107325722,75.02043899145382,75.11949920654297,36680000
2020-10-29,75.40379138452815,78.93782285304137,75.39785094668758,77.62673950195312,40062000
2020-10-30,82.82104335433546,83.55855705382335,79.47028106805962,80.2900161743164,86582000
2020-11-02,80.64416523757775,82.25936742951225,80.04335715267963,80.53866577148438,50708000
2020-11-03,80.82345803105521,82.30542343592738,80.07257459892989,81.73631286621094,33234000
2020-11-04,84.71164631139965,87.73724174908199,84.50113862711713,86.63591766357422,71418000
2020-11-05,88.21446157266435,88.84052781185318,86.7042601419666,87.34123229980469,41316000
2020-11-06,86.87465385484843,87.78998015545677,86.2010338577638,87.26099395751953,33218000
2020-11-09,88.70481414375496,90.05007397585732,87.17530247764049,87.32290649414062,45366000
2020-11-10,85.74237723889385,87.32291177141175,85.05934773590631,86.20301818847656,52722000
2020-11-11,86.67901334254991,87.38334078843953,86.54849751862652,86.81324005126953,25280000
2020-11-12,86.5616141630538,87.58392878115055,86.46106506957015,86.67107391357422,24950000
2020-11-13,87.05692528180825,88.21644440173901,86.40906230123475,88.01732635498047,29998000
2020-11-16,87.75383170893204,89.10949122815698,87.5552124586297,88.23329162597656,24936000
2020-11-17,88.01336267756409,88.41258127094943,87.52102431799987,87.67704772949219,22942000
2020-11-18,87.4333687091907,87.84150558725096,86.48782616372267,86.51952362060547,23470000
2020-11-19,86.10345071560369,87.64930986514707,86.03534729816273,87.36846923828125,24998000
2020-11-20,87.43236131887839,87.86773645944443,86.27582005129763,86.29216003417969,46270000
2020-11-23,86.65918425897607,86.87216330041768,85.08013890236306,85.92909240722656,43232000
2020-11-24,85.7131577961424,87.74887651700217,85.57397317238342,87.61415100097656,31560000
2020-11-25,87.81277638527405,88.09262698307991,87.00294945955578,87.74046325683594,20916000
2020-11-27,87.82267734681433,89.35367039850763,87.7904810778508,88.81824493408203,17698000
2020-11-30,88.22358631009511,88.56441334086064,86.92667355392312,87.21098327636719,36476000
2020-12-01,87.88607917299112,90.38540922067412,87.63842484800139,89.06144714355469,34738000
2020-12-02,89.06144332132237,90.9213296406741,88.63413986595882,90.5399398803711,24440000
2020-12-03,90.34478543005763,91.4934062070678,90.2774226737015,90.48149108886719,24546000
2020-12-04,90.37003613185911,90.79798194546811,89.99707337803159,90.54190826416016,27564000
2020-12-07,90.09663786363483,90.75886829122885,89.44184432107828,90.12041473388672,26418000
2020-12-08,89.65581205432487,90.24028016556197,88.96758277128306,90.07434844970703,21926000
2020-12-09,89.75040899915994,90.85296483351547,87.56114605569205,88.3694839477539,30152000
2020-12-10,87.65970653122251,88.22980716552216,86.19953786876239,87.9336166381836,27256000
2020-12-11,87.32588569143383,88.38535462990626,87.17432136725435,88.25260925292969,24414000
2020-12-14,87.91729231349952,89.02628768236002,87.0363841170031,87.17729949951172,32004000
2020-12-15,87.39323418886659,87.73994867160688,86.67651961420185,87.55915832519531,29646000
2020-12-16,87.81226709139446,87.81821508734866,86.98015228255343,87.32290649414062,30270000
2020-12-17,87.5958226699138,87.75799059183448,86.11732615475636,86.57498931884766,32494000
2020-12-18,86.88605707737568,86.93212193309111,85.2039907462803,85.7384262084961,80328000
2020-12-21,84.87162893265678,86.22580709475749,84.15293410763198,86.15249633789062,36568000
2020-12-22,85.90779802971178,86.05515262664048,84.8253082000506,85.3664321899414,18734000
2020-12-23,85.5947918958825,86.57946127382756,85.44272874291589,85.80628967285156,20676000
2020-12-24,85.9360483977898,86.48089092084216,85.64430937389822,86.12673950195312,6936000
2020-12-28,86.75999261613448,88.6963035237167,86.49747964554915,87.97126770019531,27860000
2020-12-29,88.55078472958255,88.78110142793108,86.98064972656664,87.11091613769531,25988000
2020-12-30,87.27387283383547,87.42667662562766,85.47045101238538,86.15991973876953,26122000
2020-12-31,85.956849218887,87.12131871598497,85.956849218887,86.77212524414062,20238000
2021-01-04,87.05246980092558,87.20651307877078,84.59128417911548,85.6012191772461,38038000
2021-01-05,85.44073436452197,86.56359812560888,85.0947605179091,86.22926330566406,22906000
2021-01-06,84.33272036817857,86.57993654196915,84.1529200985368,85.95040130615234,52042000
2021-01-07,86.186659224898,88.58098061049446,86.03757388851244,88.5240249633789,45300000
2021-01-08,88.5601918300445,89.64293120256025,87.84471666110147,89.51266479492188,41012000
2021-01-11,88.46559269516516,88.87397898518316,87.20008267488619,87.50717163085938,24194000
2021-01-12,86.87317517314399,88.06786092424251,85.45610085330779,86.50813293457031,27140000
2021-01-13,86.11337112998345,87.42370646031036,86.0851351513585,86.8969497680664,21882000
2021-01-14,86.85831890461613,87.91778790034647,85.85680320003058,86.192626953125,23590000
2021-01-15,86.09404006038862,86.97618752176771,85.26984587808644,85.99497985839844,26844000
2021-01-19,86.7904523299065,89.61494931492143,86.25600939337305,88.70283508300781,34692000
2021-01-20,90.71379130622599,94.29239913735232,90.42007214343953,93.45978546142578,49806000
2021-01-21,94.00957438164875,95.83527663247308,93.47018107575144,93.67523956298828,41278000
2021-01-22,93.89465492068044,94.65099512424678,93.20518621341837,94.16063690185547,25442000
2021-01-25,95.13243932482027,95.57375494239577,92.50037167264861,94.07891845703125,38546000
2021-01-26,93.55588018243706,95.34691492694208,93.32828428621032,94.96255493164062,26262000
2021-01-27,93.24334320047934,93.61333580313486,89.60133267416211,90.68061065673828,54966000
2021-01-28,91.33193048244368,94.05067853886315,91.26754550524531,92.28144073486328,35462000
2021-01-29,91.44240308986268,91.99268727466487,89.66077773982866,90.92579650878906,32252000
2021-02-01,91.80890706870552,95.21772074060894,91.6781494166152,94.17549133300781,32044000
2021-02-02,95.22605427162425,96.87048254984762,94.82634437939886,95.47123718261719,45474000
2021-02-03,102.67747368898596,104.83206155165581,99.97209535038894,102.5323486328125,82364000
2021-02-04,102.47390038433662,102.95236260695384,101.17123640262363,102.15095520019531,37046000
2021-02-05,102.52889049477095,104.1391424218775,102.00039550041834,103.91575622558594,30702000
2021-02-08,104.30754564007876,105.18112269144135,102.62795080285397,103.66364288330078,24838000
2021-02-09,102.95187840518545,104.26890231450864,102.95187840518545,103.19804382324219,17798000
2021-02-10,103.72802686908662,104.4293840412495,102.18662671878029,103.78597259521484,22710000
2021-02-11,103.99054262945208,104.1153598581978,102.89144814017878,103.81124114990234,18914000
2021-02-12,103.53188522949146,104.4516782694478,103.17923025510832,104.2183837890625,17114000
2021-02-16,104.23077045099544,106.62410214356812,104.23077045099544,105.09954071044922,22676000
2021-02-17,104.01479965861996,105.68200697440233,103.96130548660665,105.4170150756836,21418000
2021-02-18,104.529432330147,105.63619794542146,104.19856654821936,104.86673736572266,22432000
2021-02-19,104.96927777356667,105.52699126533682,103.88653076154691,104.07128143310547,29148000
2021-02-22,102.380292095676,103.58983643269784,102.13957585067232,102.2752914428711,27350000
2021-02-23,100.30049401497206,103.12375162754503,99.16177393902302,102.57147979736328,33348000
2021-02-24,101.13359777248125,104.05344415968692,100.95033600433453,103.77557373046875,24966000
2021-02-25,102.40257873658554,103.7612159715272,100.11623546538218,100.6150131225586,36568000
2021-02-26,101.56404153264756,102.57892707380643,99.85720815866358,100.887451171875,41670000
2021-03-01,101.86119594985988,103.34712168144253,101.34508828202175,103.0989761352539,28090000
2021-03-02,102.83547573707564,104.23125195721857,102.59129047664355,102.8181381225586,22692000
2021-03-03,102.39069084591472,103.44610119982863,99.55703364799646,100.38469696044922,29684000
2021-03-04,100.21927278895768,103.48186621018365,100.06572075323939,101.49320220947266,42360000
2021-03-05,102.68341836427362,104.91181588553374,101.36069585468113,104.43780517578125,43904000
2021-03-08,104.07078294653516,105.44179230406374,100.1320833130643,100.2588882446289,32948000
2021-03-09,102.52886343320888,102.92709190572295,101.43076680461981,101.67198181152344,33946000
2021-03-10,102.6160373300581,102.77651983297996,100.71455320671274,101.78739166259766,25372000
2021-03-11,102.7299826952009,105.28775713824704,102.64677120969161,104.74638366699219,24782000
2021-03-12,103.27184130258576,103.53237410535107,101.41691304636922,102.12866973876953,34516000
2021-03-15,102.1474964149677,102.38326229444606,101.21681258965202,102.35503387451172,25962000
2021-03-16,102.97415906369072,105.18174975814435,102.52887562430092,103.6443099975586,29832000
2021-03-17,102.82754856431438,104.49921507062761,101.73638227961261,103.57299041748047,25980000
2021-03-18,102.08310888692422,102.80130486930945,100.72348159527917,100.85572814941406,27228000
2021-03-19,101.14449857935955,101.69181249327993,99.93743321478854,101.20146179199219,46298000
2021-03-22,101.1340953570411,101.93401391958564,100.35298818246116,100.97311401367188,39096000
2021-03-23,101.6224478493286,102.64288043985279,101.00430227398338,101.68486022949219,27340000
2021-03-24,102.29955377217328,102.93552832276949,101.11997621822368,101.2935791015625,23080000
2021-03-25,101.28119911285019,101.97759834805306,99.59318504792009,101.2589111328125,28378000
2021-03-26,100.98649184655261,101.5872999195931,99.7561409084256,100.82254028320312,29870000
2021-03-29,100.44264259955706,101.95581437800386,99.83539525356622,101.83297729492188,24596000
2021-03-30,101.91617189190566,102.56750383466797,101.24255197166359,101.81265258789062,20732000
2021-03-31,101.98998097137691,103.68428305690595,101.87234367278401,102.46102142333984,29198000
2021-04-01,103.9132640891107,106.14166147271744,103.86075998825868,105.88459014892578,33980000
2021-04-05,106.63697695635824,110.81589402118773,106.57159434431752,110.23340606689453,43298000
2021-04-06,110.08233153844665,110.8332225477374,109.70094181693005,110.19377899169922,27060000
2021-04-07,110.26213920322398,111.69209189973374,110.22251360736453,111.4285888671875,25798000
2021-04-08,112.82933151129839,113.1287417197648,111.82484563244525,112.2092056274414,27166000
2021-04-09,111.7762781668045,113.37811035067114,111.62837941050054,113.22158813476562,20888000
2021-04-12,112.24931577329811,112.69855954191371,110.87309908255013,111.68169403076172,31318000
2021-04-13,112.01254770084196,112.79215836432199,111.74606691614697,112.2998275756836,23310000
2021-04-14,112.69063948203909,112.8308066220862,111.40432293213085,111.68416595458984,20220000
2021-04-15,112.78078564773774,114.24774146324742,112.23694075200237,113.75555419921875,27472000
2021-04-16,114.06957080751235,114.23995406179557,113.15077548104162,113.81002807617188,22596000
2021-04-19,113.5237482971809,114.83483183459491,113.3189392031358,114.03986358642578,24688000
2021-04-20,114.3117839451799,114.39648432065614,112.51975919914653,113.60547637939453,21774000
2021-04-21,113.19040211287532,113.68917977967232,111.86891904537848,113.58863067626953,23930000
2021-04-22,113.58565265597397,114.10731533543296,111.76391071604854,112.33203125,21096000
2021-04-23,113.10223584114662,115.19986811817817,112.84170302717473,114.67880249023438,28670000
2021-04-26,114.9081249605377,115.9646235744196,114.6064852308119,115.24542999267578,20834000
2021-04-27,115.7040950097201,115.77590931697583,114.13247872508548,114.27364349365234,31972000
2021-04-28,119.22796093671906,121.46839045889924,117.62836564895197,117.87899017333984,59728000
2021-04-29,119.38571750769212,120.68292477714773,118.98699016342879,120.35453796386719,39554000
2021-04-30,119.09646747989059,120.21834122608809,118.98105972246542,119.37532043457031,39142000
2021-05-03,119.00880237085305,119.8498354971322,118.10634692055096,118.63484191894531,33788000
2021-05-04,117.3752555965314,117.8467873115517,114.50048415921802,116.60802459716797,35120000
2021-05-05,117.30988149293232,117.99241973205076,116.46736709520931,116.73136138916016,21806000
2021-05-06,116.4292325407918,118.01768777597013,116.0180271945759,117.95032501220703,20618000
2021-05-07,118.8740573744812,119.68686194629024,118.37874880208753,118.80917358398438,23272000
2021-05-10,117.63034557714771,117.78438885227844,115.64119055466674,115.98443603515625,26006000
2021-05-11,113.51780090067813,115.01065723565979,113.07895668809385,114.35487365722656,32110000
2021-05-12,112.02444039157079,113.19633917155694,110.45629323268196,110.90355682373047,34934000
2021-05-13,111.99372955294699,112.76200356035673,111.08385242705742,112.03732299804688,26670000
2021-05-14,113.51631221983952,114.96806163123468,113.09480562163392,114.72139739990234,26624000
2021-05-17,114.38260217344323,115.07702122190634,113.67331691468281,114.98143005371094,19842000
2021-05-18,115.74895873127784,116.05823184111104,114.07748876660222,114.09086608886719,17302000
2021-05-19,112.15768927778359,114.75112155952337,112.11410338732067,114.35240173339844,19350000
2021-05-20,115.30981321695857,116.90965773280473,114.96557014361822,116.69915008544922,23832000
2021-05-21,117.18952526130238,117.33861061848496,116.0196065271224,116.15482330322266,22832000
2021-05-24,117.23954286079652,119.78939658530939,116.89827753660227,119.20443725585938,21244000
2021-05-25,119.86467665069618,120.50313013741425,119.02215475881128,119.32330322265625,18838000
2021-05-26,119.50978519782561,121.0011147823661,119.49393647193567,120.53482818603516,21856000
2021-05-27,120.70373432498475,120.85529863595572,118.9731244407191,118.9983901977539,38962000
2021-05-28,119.961765279858,120.26786413057245,119.25495891658758,119.44664764404297,24108000
2021-06-01,119.96373939579667,120.75480018185358,119.11577586335859,120.35057830810547,19166000
2021-06-02,120.62300324212612,120.9543602863621,119.0820943570141,119.92808532714844,17158000
2021-06-03,118.6274009626226,119.35674469731066,118.0236226753668,119.10240173339844,18346000
2021-06-04,119.98950189455789,121.54174751737558,119.75422727962719,121.43778228759766,25948000
2021-06-07,121.41599436760812,122.24216878200954,120.90844965422167,122.1475601196289,23850000
2021-06-08,122.83159176801445,123.55448873885777,122.25406171514412,122.97770690917969,25060000
2021-06-09,123.80237518386858,124.07479640810284,123.19958701404605,123.40117645263672,20126000
2021-06-10,123.53046067457505,124.97923984163275,123.5299618591513,124.89701843261719,31234000
2021-06-11,125.0614640413615,125.16399328665935,123.74245243314114,124.51712036132812,25240000
2021-06-14,124.49035915981554,125.2253938510283,123.8736948694436,125.16645050048828,22550000
2021-06-15,125.33487404024432,125.67168026457448,124.46956531041735,124.85045623779297,22182000
2021-06-16,125.06294537204691,125.33635669284119,122.98507677336352,124.51712036132812,26316000
2021-06-17,124.34525967554013,126.0030578105874,124.33733153251845,125.185302734375,25756000
2021-06-18,124.52603366623312,125.2031227288176,123.43387724833232,124.38932800292969,53306000
2021-06-21,124.56022121803731,125.84480714559565,123.96015374127494,125.26851654052734,26256000
2021-06-22,125.2635405545286,126.0758463473817,124.84401411442883,125.8078842163086,20984000
2021-06-23,125.36261871603384,126.59692245501034,125.06741065771449,125.27494812011719,19694000
2021-06-24,125.86138925644981,126.3388690199886,125.7687682946731,126.0877456665039,18934000
2021-06-25,125.76579845687505,126.30865327872074,125.25761130968938,125.8034439086914,33484000
2021-06-28,125.80838028679946,126.14221627702328,124.79180960239013,125.62957763671875,28110000
2021-06-29,125.58302860140779,125.80839494022611,124.26005662008276,124.83610534667969,20950000
2021-06-30,124.47456264664523,124.61964235165466,123.58692063194204,124.14018249511719,24006000
2021-07-01,123.6783125821556,125.27593532654844,123.6783125821556,125.18281555175781,17120000
2021-07-02,125.64939450176263,127.63905591850657,125.57955278257305,127.5112533569336,21160000
2021-07-06,128.23488916773533,128.66582032825923,127.2041551596633,128.55337524414062,21350000
2021-07-07,129.11802622408055,129.41411093577634,128.542468864103,128.85699462890625,16680000
2021-07-08,127.04664654990749,128.81242278820338,126.83861030234576,127.96495056152344,19780000
2021-07-09,127.7346555137779,128.63116295629254,127.73365788283529,128.35873413085938,15106000
2021-07-12,128.61531349356753,129.5430347413049,128.38401425881597,129.33895874023438,16944000
2021-07-13,129.6534651035785,130.80308349697663,129.411252426755,129.76541137695312,16618000
2021-07-14,130.66389921206246,131.74812744098404,130.66042261971276,130.84320068359375,17912000
2021-07-15,131.25679802610372,131.35090788299476,129.37265097316254,130.0348663330078,16586000
2021-07-16,130.40584942411863,130.94275622457238,129.5940348539618,130.60842895507812,14856000
2021-07-19,129.92489226710458,130.01552551507453,127.33096145470806,128.04122924804688,25710000
2021-07-20,128.78417781820215,130.7627818166856,127.97623298846494,129.8713836669922,19084000
2021-07-21,129.55986220085978,131.37293545154012,129.3761016106948,131.35633850097656,14742000
2021-07-22,131.40536840826422,132.25185820060335,131.15771410284677,132.0775146484375,13608000
2021-07-23,133.9909009282256,137.50611430765082,133.43665643129634,136.52291870117188,26378000
2021-07-26,136.95284247523585,138.40211305365082,136.359463676685,138.33425903320312,23052000
2021-07-27,138.69730157241472,138.69730157241472,133.83238514540915,135.51295471191406,42164000
2021-07-28,137.26187385047064,138.36541965345575,135.0706385260533,135.10183715820312,54688000
2021-07-29,135.10097232109823,135.86464364294756,134.86064908872257,135.25936889648438,19284000
2021-07-30,134.23952743972478,134.49743012641346,133.54925759502157,133.95223999023438,23954000
2021-08-02,134.21324979932078,134.74421605199342,133.4058945031739,134.71351623535156,20140000
2021-08-03,134.72392541869297,135.05627249737321,132.92447163561351,135.0012969970703,19064000
2021-08-04,134.9711168099896,135.25690786331432,134.14444347702678,134.752197265625,16528000
2021-08-05,134.75218940266873,135.6650368398209,134.32771254800318,135.65513610839844,11866000
2021-08-06,135.01616894101804,135.79385241463325,134.76999597261639,135.75021362304688,13560000
2021-08-09,135.66403957913369,137.02365926340025,135.14867255446313,136.7071533203125,12374000
2021-08-10,136.78392719161042,137.251498635096,135.93893385654005,136.80076599121094,16034000
2021-08-11,136.98553543262972,137.5449796544486,136.06129083121075,136.39759826660156,15204000
2021-08-12,136.4208676944611,137.1192546536368,135.49564063623666,137.0910186767578,14646000
2021-08-13,137.05932354401912,137.37285172514433,136.7101376163278,137.1073760986328,12580000
2021-08-16,136.70518878571932,137.6863890641422,134.888155151949,137.6125946044922,18040000
2021-08-17,136.89436991406862,137.41693195246424,135.50405046338483,136.01223754882812,21272000
2021-08-18,135.8289577023927,136.99641245207994,135.14098546859628,135.28858947753906,14934000
2021-08-19,134.19644400444878,136.1623210773477,134.08599416921112,135.62887573242188,18296000
2021-08-20,135.7967469365347,137.31388622908165,135.1865295064505,137.13804626464844,15564000
2021-08-23,137.69427432147296,140.8429476275929,137.4460759225479,139.7755584716797,21090000
2021-08-24,140.2154197671746,141.6656877326024,140.0272000923035,141.06239318847656,15126000
2021-08-25,141.54236144434125,141.96833472577316,141.10302595501088,141.60873413085938,12838000
2021-08-26,141.2803086157374,141.79176058709933,140.75826059780007,140.78945922851562,14922000
2021-08-27,140.7790706966977,143.65037280898562,140.68743982741907,143.19419860839844,24562000
2021-08-30,143.34676220125567,145.1150174974122,143.243250445019,144.10458374023438,16916000
2021-08-31,144.515704349843,144.7410631170688,143.6394972494487,144.09716796875,26756000
2021-09-01,144.28338720609943,145.44290631615738,144.24822827701595,144.4735870361328,15824000
2021-09-02,144.58009196647632,144.95207226654313,142.75439711489065,142.86582946777344,21844000
2021-09-03,142.79349943258188,144.01295195623482,142.15852253002703,143.41659545898438,19104000
2021-09-07,143.39134480648235,144.45577160266708,143.1848049842317,144.15362548828125,15170000
2021-09-08,144.02931829677888,144.1853417396368,142.84701974707738,143.52410888671875,15486000
2021-09-09,143.52410043933492,144.3027211612906,143.07882449385977,143.55381774902344,14798000
2021-09-10,144.07884217524253,144.64894290784207,140.41158108872995,140.5894012451172,32896000
2021-09-13,141.85738115538052,142.8380825336339,140.94749645340823,142.118896484375,20176000
2021-09-14,142.80839170438603,143.36957428946246,141.5646783202324,142.06048583984375,18916000
2021-09-15,142.41013752786978,144.2155318928405,140.92123398427032,143.8435516357422,20648000
2021-09-16,143.75935905126585,143.83761260930956,142.07070259184707,143.0188751220703,20292000
2021-09-17,142.4492675126516,142.89603988413543,139.7379485757569,140.1361846923828,60040000
2021-09-20,137.69598892898438,138.05489418830052,135.76705454758903,137.71263122558594,34918000
2021-09-21,138.80230222543835,139.49038025205144,137.6021675386125,138.33621215820312,18130000
2021-09-22,138.73645076364733,140.25505664187386,138.16313041292912,139.61611938476562,22068000
2021-09-23,140.2808142258073,140.91774110803297,139.77262707958363,140.49578857421875,17272000
2021-09-24,139.62351027317592,141.56264738634488,139.52890162856403,141.294677734375,14950000
2021-09-27,140.2570197627032,141.162944105782,139.18170980254297,140.17332458496094,18844000
2021-09-28,137.7834468615805,138.29659183777184,134.42673684279183,134.9062042236328,42190000
2021-09-29,135.82324536155946,136.10933872839055,132.99038140224647,133.2588348388672,26338000
2021-09-30,133.0646746336686,134.3178049967403,131.7521096471502,132.01512145996094,35294000
2021-10-01,132.3013640015041,135.78486352229885,132.12602285568855,135.18206787109375,28388000
2021-10-04,134.4262768714456,134.42677568696072,129.93581867929976,132.5099334716797,31530000
2021-10-05,132.74271622733653,136.07317105674346,132.74271622733653,134.8992919921875,24126000
2021-10-06,133.36234703364204,136.55857506432176,133.22464373757725,136.06524658203125,19764000
2021-10-07,137.56009374706767,138.8394193700456,137.26290554023643,137.8795623779297,18250000
2021-10-08,138.59328054801568,139.00041969822385,138.12109889684794,138.7418670654297,18924000
2021-10-11,138.48830114027544,139.44291302951464,137.50412309758036,137.54473876953125,16584000
2021-10-12,138.3273272925598,138.38429806885048,134.9716140400104,135.43026733398438,22536000
2021-10-13,136.4575230812708,137.25001988635486,135.6912821069375,136.60610961914062,16380000
2021-10-14,138.63885156701008,140.32241405134343,138.03161182088988,140.0851593017578,21426000
2021-10-15,140.86575582414662,140.86575582414662,139.74091198418432,140.34568786621094,21250000
2021-10-18,139.88852304186835,141.65702022281212,139.88852304186835,141.61912536621094,16564000
2021-10-19,141.9470399323344,142.75487913436461,141.75336349165607,142.47256469726562,15316000
2021-10-20,142.8693015886863,142.8943179395068,140.5804793182386,141.07875061035156,17940000
2021-10-21,140.85783200993617,141.50916398091582,140.30803164371565,141.44081115722656,14850000
2021-10-22,139.03408264852487,140.23025689237122,135.88342907090944,137.32427978515625,30182000
2021-10-25,137.50808620248054,137.8996714719555,135.4654368011644,137.47093200683594,21082000
2021-10-26,139.28673820899482,139.51803743160832,137.70124567474082,138.3614959716797,28258000
2021-10-27,138.58981788759397,147.71885048713247,138.58981788759397,145.05360412597656,51850000
2021-10-28,145.9169090252203,146.0412349821857,143.40520726654378,144.7578887939453,32418000
2021-10-29,144.1546369024575,147.21861857639638,143.80445331642204,146.8793182373047,28954000
2021-11-01,146.7747945828507,147.00710653567856,142.2323242527015,142.4250030517578,32272000
2021-11-02,143.45068167797768,145.54197285358507,143.2838657114717,144.49440002441406,21150000
2021-11-03,144.90253717113723,145.53208763594128,143.69250154462776,145.41270446777344,17886000
2021-11-04,145.81886148026874,148.54305901684705,145.2591602951634,147.28794860839844,24700000
2021-11-05,147.95214569982681,149.1579790764332,147.2572202397007,147.8406982421875,20408000
2021-11-08,148.59257859193494,149.61737219654893,147.72083062719759,147.95016479492188,18388000
2021-11-09,148.34097419895747,148.9675317549672,146.1229837287374,147.84814453125,16876000
2021-11-10,146.62103484167773,147.3048051196692,143.9614713773563,145.25027465820312,22708000
2021-11-11,145.72673421139575,147.10889143080982,145.3181136434497,145.37110900878906,12464000
2021-11-12,146.4444190952987,148.4533905911516,145.07984152782964,148.24139404296875,17048000
2021-11-15,148.5925853896901,149.0651147691525,147.25772503652405,147.986328125,16248000
2021-11-16,147.7708723852173,148.42666354503405,146.95807528378438,147.67726135253906,17254000
2021-11-17,147.8288315772887,148.22210978583558,147.16908009875667,147.66339111328125,15290000
2021-11-18,147.74658374013416,150.1874689075731,147.60047617312338,149.294921875,26658000
2021-11-19,149.5831890327412,150.42521965301378,148.48112443479025,148.54551696777344,19766000
2021-11-22,148.7330074965468,149.33010468783317,145.62617334884243,145.69850158691406,24608000
2021-11-23,145.73265207380757,146.30819428965694,143.5300044297912,145.37998962402344,18126000
2021-11-24,144.9768519939162,145.62074721084508,143.83665048202883,145.3408966064453,16464000
2021-11-26,143.654851560764,143.93370449834487,141.14859125240906,141.46607971191406,16992000
2021-11-29,142.94458558456645,145.4840400932715,142.94458558456645,144.74305725097656,26276000
2021-11-30,144.08551516554573,145.2526978246825,140.73300717957628,141.11538696289062,41590000
2021-12-01,142.85940004961728,145.1245968331311,140.17235650560812,140.28924560546875,28476000
2021-12-02,140.49332564591063,143.3175737660145,139.65921540488705,142.42750549316406,21250000
2021-12-03,143.1397331668498,143.85049983273555,139.82561844901312,141.18325805664062,26688000
2021-12-06,142.22689527814825,142.9970966118126,139.32735646610536,142.44729614257812,22198000
2021-12-07,144.58056676244024,146.9085230587461,144.33539144183715,146.64749145507812,23258000
2021-12-08,146.93971569789656,147.75697177176409,145.81883222180997,147.3250732421875,18964000
2021-12-09,146.78568971426267,148.20128254499494,146.14477235496187,146.7163543701172,18580000
2021-12-10,147.70102936779358,147.99820243288718,145.97487105067788,147.28001403808594,21634000
2021-12-13,147.05118352663467,147.16857142589689,144.98673759339562,145.3280029296875,24104000
2021-12-14,143.41165603658698,144.0773478916751,140.907859579903,143.6102752685547,24778000
2021-12-15,143.01143313187276,146.13311059569537,141.36652133171734,145.9857635498047,27280000
2021-12-16,146.68761610606654,147.15766649757558,142.74050485308464,143.47950744628906,27400000
2021-12-17,141.3754489062902,143.10467592395102,140.45764352792176,141.46311950683594,43404000
2021-12-20,139.35961654007806,141.2724072681838,138.9340514389347,141.06536865234375,20264000
2021-12-21,141.80685826347187,143.33444283981544,140.40514145644568,142.86732482910156,19548000
2021-12-22,142.7479683013872,145.92090350714074,142.61224513674858,145.5702362060547,18438000
2021-12-23,145.7094054455835,147.17859849686056,145.57206490972433,145.7619171142578,13818000
2021-12-27,146.07988357352966,147.03384541817155,145.86838582939268,146.67474365234375,13256000
2021-12-28,146.98232068113117,146.98232068113117,144.56621004964364,145.0738983154297,18624000
2021-12-29,145.05560479460277,145.8027699353156,144.13928074048275,145.12989807128906,17022000
2021-12-30,145.07587935348607,145.68263538415957,144.39086976732577,144.63258361816406,12978000
2021-12-31,144.17841208384232,144.99170804904173,143.32004133807928,143.322021484375,17298000
2022-01-03,143.11990862264852,144.18433538158806,142.156046075459,143.71328735351562,25214000
2022-01-04,144.1848095077643,145.23436231810493,142.4667232244526,143.0614471435547,22928000
2022-01-05,142.8282050949877,142.9441116824536,136.23316863816723,136.36195373535156,49642000
2022-01-06,136.2073958716746,138.3753687840335,135.48028920340528,136.26039123535156,29050000
2022-01-07,136.61107296752402,136.95753809161016,134.51492949134396,135.71902465820312,19408000
2022-01-10,133.83138774873436,137.3391635017329,131.8912678957252,137.27378845214844,34096000
2022-01-11,136.88396612726763,139.0128043882695,135.52980327738888,138.7037353515625,23502000
2022-01-12,140.22629531521568,141.47422541557756,139.78794246561122,140.31890869140625,23642000
2022-01-13,140.50967314383476,141.84205481241108,137.61063277220225,137.82559204101562,26566000
2022-01-14,136.2098392018031,139.875617939803,136.2098392018031,138.47488403320312,23826000
2022-01-18,135.31833927620755,136.1024016813675,134.34456070503649,135.01173400878906,27382000
2022-01-19,135.6536547359598,137.10094516641507,134.22864473010338,134.37921142578125,20796000
2022-01-20,135.2331339192317,136.61801190912172,131.89524224567631,132.25384521484375,21930000
2022-01-21,131.7639688260025,133.49606759994563,128.78123397248427,128.87136840820312,41920000
2022-01-24,124.845023198201,129.55145319453223,123.47247946146736,129.1487579345703,55148000
2022-01-25,127.2304176203604,128.12494483906062,125.1922199922635,125.5463638305664,36008000
2022-01-26,129.36716198109596,131.56137522236108,125.96043438096751,128.02735900878906,39630000
2022-01-27,130.128457703501,131.36570133373033,127.73514131601222,127.90948486328125,30248000
2022-01-28,128.78023907929025,132.11911310155227,127.48699204244063,132.03887939453125,30518000
2022-01-31,132.9388379157508,134.56890616981397,131.0328945160561,134.42526245117188,34056000
2022-02-01,136.54175934357374,136.90332502948286,133.3056557609533,136.5848388671875,51204000
2022-02-02,150.43857909127897,150.67287116707107,144.1917477259499,146.64749145507812,89750000
2022-02-03,143.93174579807715,147.71858678878192,140.87074181977695,141.3120574951172,56930000
2022-02-04,141.67510055723542,143.17910466034238,138.50562730751008,141.6741180419922,49224000
2022-02-07,142.36059944277,142.49680627757638,137.3976129699976,137.63436889648438,44610000
2022-02-08,137.68713912732386,138.52504328789385,135.5887585349214,137.90679931640625,34256000
2022-02-09,139.5281973967331,140.8415180922941,139.0598852394002,140.12579345703125,28628000
2022-02-10,138.19110282180137,140.10398444051702,136.7547108693581,137.30201721191406,33018000
2022-02-11,137.4481213420089,137.97636681732862,132.03786404513627,132.87147521972656,38808000
2022-02-14,132.11415930869555,134.88888827575943,132.05126321499705,134.030517578125,26792000
2022-02-15,136.18163777809553,136.60611461523334,134.2677735684878,135.1454620361328,26578000
2022-02-16,135.1504052839188,136.65168865411354,133.55863981289852,136.19749450683594,25610000
2022-02-17,134.87250967575426,135.55553906550784,130.96155537059394,131.0670623779297,30968000
2022-02-18,131.78924060454113,132.56836005792587,129.0844064367034,129.24334716796875,31858000
2022-02-22,128.76537798764434,130.66315906516436,126.54242971480438,128.18833923339844,38906000
2022-02-23,129.84862215686778,130.5128175621825,126.30716115679272,126.38789367675781,26432000
2022-02-24,123.82714157395895,131.788734008022,123.5938546855945,131.4286346435547,43166000
2022-02-25,132.27266265431172,134.11868795849307,130.52868289966915,133.25733947753906,26236000
2022-02-28,132.03393321148147,134.36783037928484,131.57899837822447,133.6253662109375,29676000
2022-03-01,133.21820298500376,134.83389644795633,132.12703663763762,132.9091339111328,24640000
2022-03-02,133.3452466661467,134.34304380806253,132.18052774091933,133.48715209960938,23966000
2022-03-03,134.7026643120506,135.43107099552927,132.17906595917302,133.04783630371094,19780000
2022-03-04,132.1309950182178,132.93983171854495,129.18488556059754,130.88230895996094,24446000
2022-03-07,130.6663849691592,130.6663849691592,125.22393051883887,125.27791595458984,39178000
2022-03-08,125.06591236664585,130.01503775994485,124.67981413771209,126.08426666259766,35250000
2022-03-09,130.16710449534062,132.9393545706195,128.86741813130783,132.60997009277344,32258000
2022-03-10,130.22903254670246,132.28555823823615,130.16811659088464,131.43710327148438,24266000
2022-03-11,132.74221915311998,132.94083840512357,129.0739603954156,129.25128173828125,26600000
2022-03-14,129.34785703405717,129.79660952547343,125.22689343399742,125.55181121826172,30254000
2022-03-15,126.54290829108926,129.2926052140725,125.38041912656699,128.44390869140625,30292000
2022-03-16,129.77086496542103,132.51586160589233,127.98874845157232,132.43612670898438,32058000
2022-03-17,132.07006503474898,133.4752582095279,131.47370856685797,133.33755493164062,23994000
2022-03-18,132.62777751090496,135.62884718691643,131.68471417846303,135.5178985595703,45900000
2022-03-21,135.5635085887547,136.29161293035932,133.34848062233652,135.19796752929688,26632000
2022-03-22,135.2192359352419,140.17232150063538,135.2192359352419,138.96128845214844,29776000
2022-03-23,137.83298526614772,138.7111573134221,136.87010529672716,137.2039337158203,25302000
2022-03-24,137.96573051096806,140.06979427567927,136.74419209074932,139.986083984375,20544000
2022-03-25,140.42396600600733,140.62754318684057,138.38873836002355,140.1936492919922,19270000
2022-03-28,139.36447410748482,140.64435885634197,138.5161704925118,140.61810302734375,23774000
2022-03-29,141.81726120155872,142.8098585504785,141.14709512024376,141.90591430664062,28678000
2022-03-30,141.5294852002809,142.13426115793771,140.83407598488577,141.3061065673828,21046000
2022-03-31,141.11192088148096,141.30608098569843,138.30897150308778,138.3391876220703,29516000
2022-04-01,138.69632393349826,139.62750662206838,137.49470767760775,139.37985229492188,23480000
2022-04-04,139.50318600167162,142.69223440166004,139.50318600167162,142.2947540283203,19076000
2022-04-05,142.05402011660883,142.24272350740603,139.62105538795242,139.73944091796875,19256000
2022-04-06,137.8557753305864,138.5363258442118,135.13812307739963,135.88890075683594,23574000
2022-04-07,135.33613462064372,136.409479584938,133.59191315407128,135.1845703125,19448000
2022-04-08,134.97158657454725,134.97158657454725,132.4975226629916,132.7530975341797,16434000
2022-04-11,131.65300913313143,131.69184115492027,128.4013072291769,128.57862854003906,24188000
2022-04-12,131.18099579068945,131.18099579068945,126.37898260567084,127.16999053955078,23004000
2022-04-13,127.41960836640263,129.42981924510642,127.2334746503783,129.06353759765625,19542000
2022-04-14,129.42363633418316,129.48381160784925,125.91883098590422,126.05899810791016,23484000
2022-04-18,126.2145433390454,127.50432889133236,125.39079499910768,126.76036834716797,14918000
2022-04-19,126.87527463781521,129.675503492585,126.25564763203315,129.30625915527344,22720000
2022-04-20,130.0522021408439,130.68569781180835,126.69406290208674,127.0422134399414,22610000
2022-04-21,128.13634822246297,129.08485336267037,123.48044258048512,123.76524353027344,30158000
2022-04-22,123.82714178794984,124.27490417901595,118.02262359169654,118.4916763305664,46410000
2022-04-25,118.30891816348213,122.12131168565129,117.65486530906098,122.09357452392578,34522000
2022-04-26,121.59825461619049,121.59825461619049,118.04377168120237,118.38468933105469,49394000
2022-04-27,113.29986045893739,116.39751931003829,112.06282845764721,113.9412841796875,62238000
2022-04-28,116.01613075098064,119.30844857270853,114.06352534176813,118.29108428955078,36790000
2022-04-29,116.47481054953148,117.84383992830944,113.61786743046616,113.88780975341797,33694000
2022-05-02,112.83773461991564,116.23852197985732,112.33548797410022,116.05773162841797,30280000
2022-05-03,115.66940395068494,118.18062190248317,115.53269830851619,117.02110290527344,21216000
2022-05-04,116.89630944777548,121.98758290668431,114.65256188684725,121.42491149902344,33232000
2022-05-05,119.09249581776977,120.09574970521541,114.10177177724174,115.65109252929688,43090000
2022-05-06,114.4351075179598,116.39603411777144,113.07201877142754,114.57479095458984,35310000
2022-05-09,112.24040267360182,114.47860278256285,111.49545956504701,112.02296447753906,34520000
2022-05-10,114.95170884068119,115.59611032966141,112.31944480835779,113.5093765258789,31158000
2022-05-11,112.6435933040638,115.57631092039426,112.58365986791193,112.89173889160156,36502000
2022-05-12,110.88771112790492,113.77882263620674,109.08032902699648,112.09923553466797,41464000
2022-05-13,113.76792007057603,116.97702629134577,112.93035610453695,115.42225646972656,29738000
2022-05-16,114.30138830603516,115.51340408884457,113.26222719920841,113.71543884277344,23282000
2022-05-17,116.1275795955794,116.1275795955794,114.25531367808662,115.60651397705078,21576000
2022-05-18,114.15627032061992,114.61011684840574,111.08980958615454,111.34638214111328,27982000
2022-05-19,110.79162389086598,112.52173499130521,109.43150535944521,109.7063980102539,29192000
2022-05-20,111.03383127778392,111.49397340910022,105.37492878150505,108.28734588623047,37586000
2022-05-23,109.07092720105182,110.95459053495313,108.13009316508278,110.61876678466797,31558000
2022-05-24,105.3793848876092,105.39671494488388,101.24900418508004,104.93212127685547,60386000
2022-05-25,104.1554778942511,105.54501902966742,103.23346287798768,104.846435546875,37900000
2022-05-26,105.05546208434271,107.93296236763226,104.49823983644556,107.27989196777344,30288000
2022-05-27,108.75837245345899,111.80897637312877,108.5221153343495,111.74063110351562,29924000
2022-05-31,112.01800255392446,115.34102770577404,111.51625470996261,112.968994140625,51302000
2022-06-01,113.85312580108882,116.29747257179137,112.48507913325244,113.06607818603516,28630000
2022-06-02,113.11659047398837,116.79177905848809,112.2448425770273,116.64120483398438,27472000
2022-06-03,114.90417647686414,115.27268774175782,112.60148555510584,113.48908233642578,25052000
2022-06-06,115.64713735225111,118.278215077218,115.43494427844135,115.9126205444336,23786000
2022-06-07,114.56291153649504,116.64384875837851,114.04531490677465,116.12957000732422,26414000
2022-06-08,115.77986586900373,117.53276360475454,115.60179633331214,116.13796997070312,22544000
2022-06-09,115.249888186568,117.23954194965701,113.78922061263992,113.8397445678711,23142000
2022-06-10,111.72304630811999,112.43208220290695,109.82081368652611,110.38199615478516,31324000
2022-06-13,106.43785569380009,108.19372378819978,105.58795734097741,105.87370300292969,36756000
2022-06-14,105.88707630468825,107.43986610942027,105.35412223367373,106.18822479248047,25480000
2022-06-15,107.87772111240264,111.01154428170518,107.1043002020683,109.354736328125,33192000
2022-06-16,107.13476323923703,108.26505642498276,104.799883593683,105.63546752929688,35314000
2022-06-17,105.5354100866007,108.22443341931663,104.6374591622363,106.85342407226562,43516000
2022-06-21,108.67268816652572,111.61580488416277,108.26802038772875,110.96398162841797,39010000
2022-06-22,110.1199811497727,112.70202359664117,109.68539199344151,110.98280334472656,23922000
2022-06-23,111.89020910456965,112.13440192650603,109.98723583182,111.62720489501953,24710000
2022-06-24,112.53708032855961,117.52434264100104,112.53708032855961,117.42578125,39122000
2022-06-27,117.81905391619644,118.13110075177562,114.91233552658976,115.52825164794922,32840000
2022-06-28,115.25930728284985,116.75068236052458,111.38896792813222,111.51527404785156,28232000
2022-06-29,111.09622820545708,112.59800268594144,110.50730859564202,111.20321655273438,18628000
2022-06-30,109.46270751348976,110.28522395878973,106.30313487705281,108.34628295898438,38046000
2022-07-01,107.32050310770569,108.77606931608774,106.10006792989606,108.05752563476562,31028000
2022-07-05,106.50572201782421,112.9824703022841,105.25258424049078,112.81842803955078,36398000
2022-07-06,113.02150903592005,115.260298636884,111.19728798820898,114.13248443603516,28852000
2022-07-07,114.91951730622282,118.73735210628865,114.44995818767552,118.18656921386719,32184000
2022-07-08,116.44705422571595,119.30497938995858,116.41138892313104,119.04098510742188,29082000
2022-07-11,117.53673209737251,117.67987700808571,115.14389184096514,115.42919158935547,26718000
2022-07-12,115.74223246535686,116.7437480592528,113.53959196571581,113.77189636230469,24970000
2022-07-13,111.58213897974365,114.07651103664408,110.77379341044492,111.1343765258789,38958000
2022-07-14,109.78613374045253,110.93674216150598,108.29971674375753,110.39437866210938,32366000
2022-07-15,111.90308345629647,112.93085480375355,110.77328924344448,111.70892333984375,34330000
2022-07-18,112.37560798179953,113.72284786327623,108.27445372894836,108.87873077392578,33354000
2022-07-19,110.68166488465091,113.73276016642387,109.46320238336368,113.54454803466797,30992300
2022-07-20,112.9897925390232,115.23849775818908,112.19730333386991,113.62378692626953,26780100
2022-07-21,114.01013576388797,114.12901255479245,110.85998016192252,113.96060943603516,27267800
2022-07-22,110.76091105785883,112.11805939590145,106.5904133892172,107.3432846069336,44455300
2022-07-25,107.85839860339372,109.54245238726337,106.00594926628945,107.19468688964844,28289900
2022-07-26,106.42200977364399,106.72909869775042,103.77706357217386,104.45068359375,36626600
2022-07-27,108.57164227173404,113.326607796316,107.40271368781319,112.53411102294922,41474600
2022-07-28,111.74161822571973,113.62378477597008,110.80151746577926,113.51481628417969,23303800
2022-07-29,112.3359955482848,115.8031558580602,112.16759243282718,115.54559326171875,31336200
2022-08-01,114.44599543786038,116.02108059936654,113.61388067918458,114.39646911621094,22856200
2022-08-02,113.35632961370194,115.98146677741089,113.18792649894796,114.81253814697266,17911000
2022-08-03,115.24839617899248,118.2994988301089,115.0601840588624,117.6655044555664,25302800
2022-08-04,117.19001768822275,118.37875530413633,116.60554961063515,117.75466918945312,15757700
2022-08-05,115.83287403422081,117.7447656074011,115.61493703243708,117.11077117919922,15615700
2022-08-08,118.00232522372816,119.72599705948134,116.7244281110425,117.0315170288086,17061100
2022-08-09,116.88292994973635,117.09095867017304,115.46634694673517,116.39752960205078,15424300
2022-08-10,118.46790784813172,120.6373619442976,118.2400701234898,119.5179672241211,20497000
2022-08-11,120.93455203839767,121.1921070739895,118.42829168090373,118.69575500488281,16671600
2022-08-12,120.02318896492967,121.49920654296875,119.27031774296331,121.49920654296875,16121100
2022-08-15,121.06332383028867,122.10347488527627,120.42932944406303,121.72703552246094,15525000
2022-08-16,121.17229971628936,122.07177732269624,120.39466911794457,121.36051940917969,15626200
2022-08-17,119.7953477006933,121.00390198879865,119.07219376249894,119.19107055664062,17589200
2022-08-18,119.10191938606305,120.54821971383026,118.42829933060062,119.72600555419922,15652000
2022-08-19,118.74529129076835,118.87406881116894,116.56592882787774,117.01171112060547,20187000
2022-08-22,115.01066047947332,115.40690888850654,113.59407751870114,113.99032592773438,19316000
2022-08-23,113.24735578501333,114.84225005042003,113.22754676683722,113.69313049316406,14390700
2022-08-24,113.37613263256989,114.63125045789964,112.71242093932909,113.62378692626953,16051200
2022-08-25,114.06958021405151,116.67490091475575,113.97051999855968,116.59564971923828,14874700
2022-08-26,114.72338529854608,115.50597386023215,110.17645559047558,110.25570678710938,31698700
2022-08-29,109.74056910356815,110.90949766882622,108.77966923749042,109.30469512939453,20386100
2022-08-30,109.98821710610038,110.32503085537395,107.77914517128218,108.87873077392578,20548200
2022-08-31,110.58259619413002,110.72128199860758,108.02680954175109,108.12586975097656,25898000
2022-09-01,108.17538666949918,110.1764374877613,107.17486881817696,109.51272583007812,22784400
2022-09-02,110.2953083437952,110.62717173537544,107.11542824275082,107.66027069091797,20618100
2022-09-06,107.12039542963448,107.85840042311229,105.51064244369697,106.47154235839844,20565100
2022-09-07,106.748924824028,109.94861454438549,106.60528107984426,109.44340515136719,22987200
2022-09-08,108.15558742055852,109.54245302779312,107.04609342320893,108.3933334350586,21660700
2022-09-09,109.01742995484592,110.94913054386977,108.9678960698721,110.73119354248047,21732900
2022-09-12,110.93922751344282,111.58313025957273,109.88917561095438,110.82035827636719,19732900
2022-09-13,107.8683030681779,108.34380263535282,104.01480288037723,104.32189178466797,33015000
2022-09-14,104.45068984011637,105.10449332373364,103.5195071657719,104.87665557861328,22115800
2022-09-15,104.02471849253132,105.2134561574525,102.3406646497816,102.92513275146484,26494900
2022-09-16,102.00385041153488,103.05390218507657,100.89931439175419,102.65765380859375,64540100
2022-09-19,101.57788144126945,103.04399056164478,101.40947834300358,102.8755874633789,19738600
2022-09-20,101.91470879247856,102.20198872681526,100.17122772298828,100.87456512451172,24001700
2022-09-21,101.28069680072322,102.51896825657354,99.05180818019264,99.07162475585938,26596800
2022-09-22,98.51687928627727,100.72595900738936,98.47726124843804,99.62637329101562,21272700
2022-09-23,99.1211506209882,99.17068450211681,97.09038997747113,98.239501953125,25657000
2022-09-26,97.68476075161935,99.49759200539826,97.45691547471984,97.88288116455078,22437900
2022-09-27,98.97257018525428,99.51740512215923,96.42667667159682,97.16963958740234,24225000
2022-09-28,97.10030428442653,100.44859559073068,96.88237482729265,99.79478454589844,24617000
2022-09-29,98.36829307577436,98.36829307577436,95.61437085262851,97.16963958740234,21921500
2022-09-30,96.8130177987503,98.56046639817657,95.12896410204054,95.24784088134766,26277800
2022-10-03,96.30780064453597,99.03199781021215,96.10967267961954,98.3682861328125,24840000
2022-10-04,100.09197116950875,101.75620850706582,100.09197116950875,101.4491195678711,22580900
2022-10-05,99.74525161801725,101.77601241115954,98.80416071189889,101.26089477539062,18475500
2022-10-06,100.5476460698133,102.75672575717738,100.5476460698133,101.28070068359375,17156200
2022-10-07,99.70561815812377,100.46839004200572,98.27912703648478,98.63574981689453,24249900
2022-10-10,98.91312408855445,99.05180988937803,96.95170630101549,97.78382110595703,16529900
2022-10-11,97.32814055982091,99.18059745719076,96.33752335310518,97.13002014160156,21617700
2022-10-12,97.34795305165851,98.71302953653806,96.75358421798532,97.37767791748047,17343400
2022-10-13,95.02990526351539,99.58674272643009,94.37609430464643,98.7744369506836,32812200
2022-10-14,99.68084893618308,100.33961023608971,96.1195791363689,96.26817321777344,22624800
2022-10-17,98.58622415619125,100.81511294069348,98.57632342543869,99.83440399169922,23311600
2022-10-18,102.96475957138577,103.24213119264235,99.70562790600144,100.43868255615234,21610500
2022-10-19,99.75514048122952,100.70514193196685,98.70013839281224,99.34899139404297,21573700
2022-10-20,99.87402611164903,102.0335719166636,99.03200300059768,99.58674621582031,25125100
2022-10-21,97.53617139858714,100.66652546799186,97.30833366843497,100.52783966064453,28988700
2022-10-24,101.13211244781581,102.132637996624,99.35891420325058,102.00386047363281,24680800
2022-10-25,102.3307542309172,104.1138605594847,102.05337508140714,103.9454574584961,29910200
2022-10-26,95.8521360591316,97.61543371737304,93.68268166321337,93.93033599853516,71504300
2022-10-27,93.42510997789125,94.27704141340243,91.03772634698002,91.73115539550781,54036500
2022-10-28,91.66181010440452,95.95118447840119,91.45675161443324,95.67381286621094,35696900
2022-10-31,94.88130640412197,95.4459578593751,93.4944409266099,93.77182006835938,29868700
2022-11-01,94.69310196408313,95.26271143354583,89.58152074032226,89.65086364746094,43220600
2022-11-02,90.05701831934972,90.4433584443446,86.19360951159102,86.25304412841797,43553600
2022-11-03,85.5348422886558,85.73792062602622,82.66700129764128,82.70662689208984,48510400
2022-11-04,84.70769089002968,85.9162452545137,83.09297978825064,85.88652038574219,40173300
2022-11-07,86.52050077290173,88.10549430530716,86.14406896575055,87.8182144165039,26899900
2022-11-08,88.32342943598707,89.55674296071261,86.82759541120427,88.07577514648438,30172000
2022-11-09,87.71420184146105,88.65033483243785,86.54032282869277,86.57994842529297,26743900
2022-11-10,91.47359138482928,93.66286211386723,90.79007063548187,93.28642272949219,42371200
2022-11-11,93.82135202215322,96.44648905543495,93.27651710893466,95.82240295410156,30569100
2022-11-14,94.60394897243503,96.2681862828489,94.2205790623495,95.12897491455078,24170100
2022-11-15,97.74420543160815,99.47778567564986,96.10968540423539,97.79373931884766,31831000
2022-11-16,97.10029547184165,98.91312677764634,96.98340638988796,98.06119537353516,24660200
2022-11-17,96.26819110874484,98.54661395955775,96.18893990955945,97.5758056640625,21818700
2022-11-18,98.08103140728842,98.22962552963402,95.83232566505868,96.88238525390625,24969900
2022-11-21,96.64461067495252,97.79373024354157,94.77234478975949,94.93084716796875,18696900
2022-11-22,95.25776573581659,96.63273551077009,93.52418541459032,96.41678619384766,18868900
2022-11-23,96.42666744629246,98.13944832726328,96.42666744629246,97.89278411865234,17568900
2022-11-25,97.54111635800585,98.01166556165165,96.61489171931007,96.68423461914062,8567800
2022-11-28,96.2879842118094,96.91207785495956,94.99027816037248,95.3469009399414,19974500
2022-11-29,95.09925311235163,95.48559322349578,93.50435878365514,94.54450988769531,20220000
2022-11-30,94.22751418144841,100.49811553955078,93.78173189069354,100.49811553955078,39888100
2022-12-01,100.44858106412133,101.62741033967845,99.72542721527932,100.32970428466797,21771500
2022-12-02,98.43763381693057,100.20093122246512,98.23950584238152,99.8839340209961,18821500
2022-12-05,98.8784686268217,100.79531069174779,98.42278557387486,98.93295288085938,19955500
2022-12-06,98.73481459612192,99.26974879152498,95.85212247167208,96.39695739746094,20877600
2022-12-07,95.86202777090084,96.39696199179919,94.1334055100061,94.25723266601562,26647900
2022-12-08,94.79216078768113,94.97047218317412,92.91989491390945,93.0684814453125,25593200
2022-12-09,93.0189532571783,93.60341375647901,92.14720531542916,92.19673919677734,21885300
2022-12-12,92.21656804713618,92.99420631625162,91.03773850717893,92.68215942382812,27380900
2022-12-13,97.14983218212974,98.86360332849071,94.48506939467835,94.9506607055664,34788500
2022-12-14,94.64356334838182,96.3078004614711,93.05857742110847,94.41571807861328,26452900
2022-12-15,92.66233219567073,93.14773249910652,89.58151215221808,90.34428405761719,28298800
2022-12-16,90.344290675144,90.88913318877286,89.16546128045319,90.00748443603516,48485500
2022-12-19,90.02729359040407,90.34429081031426,88.09064259701094,88.31352996826172,23020500
2022-12-20,87.89746729180382,88.93761081487412,87.21393900677946,88.78901672363281,21976800
2022-12-21,88.88808823243967,90.06196724283612,88.07578239830113,89.40320587158203,20336400
2022-12-22,88.09559654086367,88.3432508651596,86.12427023565485,87.431884765625,23656100
2022-12-23,86.79789178341471,89.25461849004179,86.79789178341471,88.96733856201172,17815000
2022-12-27,88.4720296372785,88.66024934488985,86.71368995629567,87.10498046875,15470900
2022-12-28,86.6789929569728,87.68941903514983,85.55959839731092,85.64875030517578,17879600
2022-12-29,86.21341143233604,88.52650162637678,86.17378583844429,88.11539459228516,18280700
2022-12-30,86.54526311854787,87.99652113856311,86.21340728819155,87.8974609375,19190300
2023-01-03,88.98714536421187,90.69100816654367,88.1847402886243,88.85836029052734,20738500
2023-01-04,90.15607771935055,90.38391545367004,86.97619726505098,87.87765502929688,27046500
2023-01-05,87.24365404064392,87.382339840107,85.74781999465304,85.95584869384766,23136100
2023-01-06,86.5403127243882,87.63989833877639,84.7671071620668,87.33280944824219,26612600
2023-01-09,88.35809494680885,89.97775607675524,87.74886752570953,87.96680450439453,22996700
2023-01-10,85.90634217838978,88.6354903958848,85.88652559800614,88.40269470214844,22855600
2023-01-11,89.21499314204658,91.58256792482686,88.8979959029491,91.39435577392578,25998800
2023-01-12,91.53302295089831,91.75095992547948,89.72019181631008,91.04762268066406,22754200
2023-01-13,90.66921486537584,92.10759454808127,90.07682617750174,91.92928314208984,18630700
2023-01-17,91.90945057374074,92.09767023559759,89.9876510388484,91.29527282714844,22935800
2023-01-18,92.0679579934433,92.70987293236342,90.54240671437998,90.91883850097656,19641600
2023-01-19,90.53251734975836,93.51427763470218,90.5226090602533,93.02887725830078,28707700
2023-01-20,95.0497229395953,98.48716603618865,95.01010490012398,98.34848022460938,53704800
2023-01-23,98.19987523450496,100.44858039453432,97.82344343879225,100.26036071777344,31791800
2023-01-24,98.61595810897582,100.14150214451361,97.77392733321493,98.27914428710938,27391400
2023-01-25,96.28798667920529,96.80311184414239,94.36817463921253,95.82240295410156,31000900
2023-01-26,97.35785108087683,98.27912532122151,95.9115509668169,98.22959899902344,24542100
2023-01-27,98.12063975144311,100.62690013656659,98.04138855909059,99.76506042480469,29020400
2023-01-30,97.81849118621005,98.47625485357534,96.60497915616513,97.03094482421875,24365100
2023-01-31,96.94180998343994,98.97257847996043,96.87246707446565,98.93295288085938,22306800
2023-02-01,98.80415653038904,101.23117318342346,97.49654214036654,100.47830200195312,26392600
2023-02-02,105.78801676233323,107.79896856541116,105.54036245047024,107.77915954589844,46622600
2023-02-03,102.53878781561836,107.00646591669134,102.33075911191999,104.23274230957031,36823400
2023-02-06,101.72152265298743,103.71761566494783,101.2509810043121,102.49916076660156,25573000
2023-02-07,102.65766509956207,107.65037705363507,102.57643375776922,107.02629089355469,33738800
2023-02-08,101.72648453672416,102.60813325613503,97.53122001379495,99.06172180175781,73546000
2023-02-09,99.59665292142579,99.66599582222673,92.97932980772705,94.56431579589844,97798600
2023-02-10,94.84169592676011,96.10968483130799,93.64304992924812,93.96995544433594,49325300
2023-02-13,94.118543237017,94.45534946066388,93.16755162236697,94.10863494873047,43116600
2023-02-14,93.77184017373116,94.28200749453609,91.7806972223718,94.05911254882812,42513100
2023-02-15,93.85106954661521,96.42667270386573,93.47463773890783,96.18892669677734,36964500
2023-02-16,94.64356350923454,96.96160401472227,94.07891203550221,94.88130950927734,35642100
2023-02-17,94.17797607874601,94.8515960711722,92.57317350795762,93.70247650146484,31095100
2023-02-21,92.36513905951767,92.53850008034338,91.13677593484323,91.18630981445312,28367200
2023-02-22,91.07140511245964,91.49341054328214,90.01739294521383,90.93866729736328,29891100
2023-02-23,91.26555931390718,91.26555931390718,89.16545570074126,90.21550750732422,32423700
2023-02-24,88.78902170716957,89.28433033390158,88.0262497474386,88.51165008544922,31295600
2023-02-27,89.24469986611625,89.60132266252468,88.76920784277796,89.25460815429688,22724300
2023-02-28,88.69986471506775,90.5919396310369,88.68004813875699,89.4527359008789,30546900
2023-03-01,89.31404448660686,90.3442796557573,89.00694803555935,89.66075897216797,26323900
2023-03-02,89.01686887487216,91.61228885439786,88.9277093901223,91.44387817382812,23328600
2023-03-03,91.86983621643438,93.22698448949603,91.79059258505562,93.13782501220703,30242500
2023-03-06,93.47464278698598,95.3964426390775,93.41520817145646,94.68319702148438,28288200
2023-03-07,94.52469426691607,95.18840599710096,92.9634850798182,93.28642272949219,24101500
2023-03-08,93.51922079524584,95.33700255213206,93.51922079524584,93.76192474365234,25395200
2023-03-09,93.60342757235006,95.02001062897094,91.48846505561781,91.79060363769531,24438900
2023-03-10,91.63209980699753,92.30571987005327,89.94805342826326,90.15608215332031,32850100
2023-03-13,89.7152530727326,92.20665483541744,89.09611729556816,90.79998016357422,31508600
2023-03-14,92.1967331414563,93.9402213526361,91.90945327568512,93.36566162109375,32303900
2023-03-15,92.66234379396325,96.33753309560915,92.16703514051538,95.64410400390625,38367300
2023-03-16,95.66389647417597,101.01323051750785,94.97046750244047,100.12167358398438,54499500
2023-03-17,99.89383180205508,102.51896881430096,99.80467988449725,101.4986343383789,76140300
2023-03-20,100.11177025293952,101.61751260584101,99.84430693854495,100.9736099243164,26033900
2023-03-21,101.02315563076222,104.9658082543916,100.90427883389015,104.84693145751953,33122800
2023-03-22,104.15350017764068,106.50126585121976,103.23222580525498,103.24213409423828,32336900
2023-03-23,104.8964541466262,106.09609011835958,104.4209621255232,105.26298522949219,31385800
2023-03-24,104.74786028221999,105.163925248846,103.757243085337,105.06485748291016,25236200
2023-03-27,104.33179922212746,104.41105040897882,101.66703663727131,102.09300231933594,25393400
2023-03-28,102.03357001316778,102.03357001316778,99.33909006182299,100.4089584350586,24913500
2023-03-29,101.75620691898655,101.85526713416691,100.08206131854173,100.94390106201172,26148300
2023-03-30,100.48822341793344,100.65662654855721,99.34901198770665,100.36934661865234,25009800
2023-03-31,100.75567096542196,103.21240486055075,100.48820765625435,103.02418518066406,28108000
2023-04-03,101.7066711011724,103.96527721875935,101.4193911921376,103.9256591796875,20719900
2023-04-04,103.8563030878386,105.10448286962652,103.61855707724403,104.13368225097656,20377200
2023-04-05,105.12430656598292,105.54036400215539,103.12523561053581,103.96527862548828,21864200
2023-04-06,104.77759019752285,108.60137364225946,103.83155640459167,107.87822723388672,34684200
2023-04-10,106.38239197784861,106.95695182969529,104.60918609165235,105.94651794433594,19741500
2023-04-11,105.91679499368567,106.21398319303734,104.29218330159891,105.12430572509766,18721300
2023-04-12,106.38237980559623,106.57753000207927,103.98508801119472,104.23274230957031,22761600
2023-04-13,105.47101062135101,107.24916661619966,105.44129331569145,107.17487335205078,21650700
2023-04-14,106.67956384192118,108.55182966027229,106.58049608017252,108.43295288085938,20758700
2023-04-17,104.44078449826728,105.70877346041875,104.33181598828766,105.42149353027344,29043400
2023-04-18,105.99603985661791,106.04557373948775,103.79686847464231,104.13368225097656,17641400
2023-04-19,103.23716741816799,104.73300149980426,102.82606793284053,104.03461456298828,16732000
2023-04-20,103.66808538447006,105.8850855196044,103.65817709686712,104.90635681152344,22515300
2023-04-21,105.094578871281,105.63942137385126,104.49525967626343,104.91627502441406,22379000
2023-04-24,105.0549603433844,106.31304090099133,104.37143203567285,105.77810668945312,21410900
2023-04-25,105.6096981039833,106.43191217678698,103.57892986302183,103.62846374511719,31408100
2023-04-26,104.56954876564586,106.01584896451445,102.30103448042442,103.46996307373047,37068200
2023-04-27,104.24266500688978,108.12588312831221,103.44025982992804,107.35320281982422,38235200
2023-04-28,106.78853245205691,107.27393274236552,105.04504414111227,107.20458984375,23957900
2023-05-01,106.70928725558902,107.66027887190182,106.49135025976138,106.69937896728516,20926300
2023-05-02,106.6498558595265,106.71919876412683,103.51950174828887,104.9856185913086,20343100
2023-05-03,105.22336593894492,107.1154409642003,104.62899709805146,105.12430572509766,17116300
2023-05-04,105.1639225738608,105.30260837327201,103.71761485232813,104.22283172607422,19780600
2023-05-05,104.33180000644055,105.44129395727278,103.75625016115525,105.21839904785156,20710600
2023-05-08,104.80235954897896,107.4027300634408,104.79740918309653,107.22441864013672,17266000
2023-05-09,107.75933802752267,109.5573106677053,106.71423657706914,106.9272232055664,24782400
2023-05-10,107.53151080227988,112.4449716971355,107.46216789367989,111.22650909423828,47533500
2023-05-11,114.77291118074716,117.32870541035075,113.85163686811376,115.80315399169922,57115100
2023-05-12,115.90220975529907,117.15038951500426,115.4564350485947,116.8135757446289,31293800
2023-05-15,115.39699568116487,117.68036863282822,115.38709495077313,115.86258697509766,22107900
2023-05-16,115.73381198342743,120.06280441118102,115.73381198342743,118.96321868896484,32370100
2023-05-17,119.05236652680533,121.13266098022471,118.33912098670523,120.34017181396484,26659600
2023-05-18,120.4194293237731,122.7374775963557,120.35008641925792,122.36103820800781,27014500
2023-05-19,123.0346578764427,125.29227389565587,121.56854859729152,122.09357452392578,30268900
2023-05-22,122.3511230855772,125.85790861102,122.29168091883487,124.68898010253906,29760200
2023-05-23,123.75780555281351,124.24320585856513,121.89544796088221,122.13319396972656,24477900
2023-05-24,120.73642613546046,121.59826585253842,119.61703137836264,120.4986801147461,23087900
2023-05-25,124.03518184544043,124.79796134112611,121.74685847400266,123.1832504272461,33812700
2023-05-26,122.90093000914023,124.81777194551871,122.13320013838957,124.25312042236328,25154700
2023-05-30,125.10503981599243,125.19419173105679,121.73694002039555,123.47052001953125,27230700
2023-05-31,122.5393460560212,123.72809124466792,121.94497724060263,122.21244812011719,41548800
2023-06-01,122.3412394315221,123.86679101639086,122.14311898997981,123.20307922363281,25017700
2023-06-02,123.32193810586685,125.5557848193269,123.18325229687537,124.05500030517578,19367500
2023-06-05,123.44081291675552,126.78909641386399,123.21296762974485,125.44185638427734,22672500
2023-06-06,125.41214796038678,127.67076174019569,124.78806178572192,126.7098617553711,19450100
2023-06-07,126.3779891497654,128.33446421064335,121.47938728633264,121.78648376464844,34179300
2023-06-08,121.43480327037882,122.56906414739055,120.86520142829093,121.51900482177734,24815000
2023-06-09,121.41004372111246,123.11886446702421,121.27135791532972,121.7171401977539,20304500
2023-06-12,122.23720916341954,123.57949882884037,121.20201597708433,123.1832504272461,22255700
2023-06-13,124.4710511262937,124.67907982874053,122.68298680046688,123.26249694824219,19287700
2023-06-14,122.63841467613788,123.6191236062879,121.0138030423867,123.21296691894531,24659600
2023-06-15,122.71766620349834,124.97627995557372,121.98461153082506,124.60974884033203,24517100
2023-06-16,125.51119434044871,125.51119434044871,122.62850226160668,122.89596557617188,56699200
2023-06-20,122.37589560654726,124.00050715916728,121.67750868849163,122.68793487548828,22698000
2023-06-21,122.07872103325005,122.25208208027158,119.726004994641,120.12225341796875,22612000
2023-06-22,119.52787571778317,122.7721410215676,118.47781633998908,122.70775604248047,20781900
2023-06-23,120.89492204825538,122.28178761748559,120.71661065281421,121.86572265625,29573100
2023-06-26,120.32632418897589,121.56855610488792,117.87355025532553,117.97261047363281,23185000
2023-06-27,116.73432088877621,118.77003942667461,115.81305419824126,117.89334869384766,27221700
2023-06-28,116.85320321565794,120.13214370700794,116.49658042144236,119.94393157958984,19753100
2023-06-29,118.96321579995345,119.77552915862908,118.09147538564636,118.88397216796875,18517500
2023-06-30,119.96374608710555,120.88502042134824,119.74580908535634,119.83496856689453,23871800
2023-07-03,119.19106410203034,119.88449313578016,118.58183662539231,119.4288101196289,13888300
2023-07-05,118.9334994562491,122.21244755079375,118.9334994562491,121.47938537597656,17830300
2023-07-06,119.50806920020263,120.01328613403254,118.13111177242764,119.79534912109375,17732500
2023-07-07,119.75572696553303,120.60765846361748,118.96323008802783,119.01276397705078,20997700
2023-07-10,117.95280791213055,117.95280791213055,115.54560744217643,115.77345275878906,32960100
2023-07-11,115.66446176468737,117.11571227692745,114.74318750320144,116.60554504394531,18286600
2023-07-12,118.1806376787771,119.82505833822478,117.88344948887458,118.49763488769531,22059600
2023-07-13,120.39962080015377,124.15901142905346,119.92412119737055,123.65875244140625,31535900
2023-07-14,123.95593258167851,125.89754146610137,123.72809484873932,124.52058410644531,20499800
2023-07-17,124.8772139761707,126.0857682871298,123.33185341215618,123.8865966796875,20675300
2023-07-18,123.73304292834666,123.81724448529563,122.14310651910569,122.91578674316406,21045800
2023-07-19,123.61911810060245,124.29273808150839,121.32088655830144,121.62797546386719,22313800
2023-07-20,120.97418037126181,123.52996711289927,117.57140500406632,118.40847778320312,27541700
2023-07-21,119.73591077731537,120.16187650085963,117.9527966885696,119.18115997314453,56514600
2023-07-24,120.78200090025031,122.19263586902922,120.24111868377832,120.7364273071289,22276100
2023-07-25,120.73642834674882,122.52945071802773,120.38971381897993,121.63789367675781,31820800
2023-07-26,129.13684937644874,130.13736723384093,127.50233716192945,128.44342041015625,46216900
2023-07-27,130.56337339802033,132.3464877009232,127.9679455899422,128.65147399902344,35931600
2023-07-28,129.74117094272177,132.81209113857594,129.69163704621644,131.76202392578125,26971000
2023-07-31,131.76198570252512,132.57429904582148,130.89025286253175,131.86105346679688,18381900
2023-08-01,129.62721909086318,131.67284617913032,129.52320850951978,130.6525115966797,22154300
2023-08-02,128.6217362988588,129.19629610069853,126.65041014599166,127.43299865722656,22705800
2023-08-03,127.16553448776851,128.5524077392288,126.57612355894139,127.5617904663086,15018100
2023-08-04,128.38398253626707,130.692107083457,127.11103593174671,127.33391571044922,20521900
2023-08-07,128.29483386230604,130.82091085828932,128.215582668891,130.70204162597656,17621000
2023-08-08,129.75103492313426,130.70203407354293,128.90901938354088,130.60296630859375,16836000
2023-08-09,130.9497007247325,131.22707235401643,128.28989574515143,128.9288330078125,17745200
2023-08-10,130.73177766688823,131.40242757214946,128.81493544307864,128.98829650878906,17855700
2023-08-11,127.98971917028504,129.2161097919863,127.54196430800741,128.94863891601562,15205500
2023-08-14,128.63163056035964,130.6722992739293,128.37406045222042,130.59304809570312,17526200
2023-08-15,130.35529032501864,130.7515462032728,128.6009114482804,129.0476837158203,14769200
2023-08-16,128.0669932016916,129.66980811759802,127.25469494008578,127.89859008789062,17548400
2023-08-17,129.2260155501174,131.2478656937124,128.63165427725878,129.23593139648438,23665600
2023-08-18,127.84905759078886,128.6118370920849,125.80838851061189,126.90797424316406,23627200
2023-08-21,126.65042254918149,128.04718903699768,125.96690173931839,127.72028350830078,21851100
2023-08-22,127.91840132878252,129.72131673680184,127.71532299294735,128.47314453125,15557900
2023-08-23,129.62225651190874,132.81204485527684,129.28543520242425,131.96011352539062,26497000
2023-08-24,133.4628839711207,133.7036001939468,129.07741983949816,129.1962890625,18680400
2023-08-25,128.91893310388318,130.16710544367007,126.8386307552848,129.46377563476562,20678100
2023-08-28,130.8407084443908,131.98982790868803,129.62225364318147,130.5534210205078,16715500
2023-08-29,131.75009725777056,136.0067761345469,131.73226082885307,134.21871948242188,30803300
2023-08-30,134.297977788526,135.96220738849482,133.7541178338768,135.64520263671875,21773400
2023-08-31,135.7641063373974,137.10143064616634,135.5362685868286,136.06129455566406,28147900
2023-09-01,137.13111400558475,137.27971563573772,134.6644871705852,135.51641845703125,16671600
2023-09-05,135.1598209783245,136.0810877719375,134.28807295507104,135.4272918701172,17730200
2023-09-06,135.72943858328787,136.19007203339427,133.42625621713438,134.09986877441406,15814300
2023-09-07,133.3371098316722,135.2985280769736,132.70311529199788,134.92208862304688,16976000
2023-09-08,134.59515128811034,136.22472078011262,134.59515128811034,135.9126739501953,17810700
2023-09-11,136.09097856682294,136.96668672125486,135.26876458090237,136.44760131835938,17180800
2023-09-12,135.84335637202796,136.34856575781552,134.6546035091528,134.79330444335938,15212900
2023-09-13,134.62489084872672,136.40800508900293,133.66399081690068,136.2098846435547,16394900
2023-09-14,137.0915214274124,138.24064107190486,135.773998663306,137.68589782714844,19064600
2023-09-15,137.49767372434079,138.0524169513221,135.89286354272275,137.0023651123047,48958800
2023-09-18,136.33862078166217,138.6170277596683,136.33862078166217,137.65614318847656,16233600
2023-09-19,136.95281453377933,137.86913837747238,136.20985170629046,137.52737426757812,15479100
2023-09-20,137.52740175424057,137.53730248563028,133.2578436041093,133.32717895507812,21473500
2023-09-21,131.14780639864367,131.94030315696347,129.86000105582627,130.12747192382812,22058400
2023-09-22,130.4444517474799,131.76197429703106,129.28543156079593,130.01849365234375,17348700
2023-09-25,129.54301260248351,130.97940448749364,128.80995044912356,130.92987060546875,14650000
2023-09-26,129.68568086847202,130.17207132569553,126.98724018155733,128.23541259765625,20378800
2023-09-27,128.22551123571347,130.48411756743448,128.16607661366098,130.2265625,18764200
2023-09-28,129.46375123222626,132.92099523762442,129.46375123222626,131.880859375,18201400
2023-09-29,132.82197217305605,133.62436978432208,130.08787380955317,130.61289978027344,23237300
2023-10-02,130.91500804175138,134.08993781634936,130.82585612614085,133.90171813964844,19210400
2023-10-03,133.66396632424824,133.97107034138332,131.56882070200768,132.0492706298828,19628700
2023-10-04,132.4058978199694,135.28859748317626,132.17804498203125,134.9914093017578,22848000
2023-10-05,134.85269028502276,135.21921371964694,133.19340387010186,134.71400451660156,15922900
2023-10-06,133.67388182797617,137.88004446092162,133.67388182797617,137.42831420898438,20826700
2023-10-09,136.69527452571924,138.656692373109,135.41736985749054,138.19110107421875,16599100
2023-10-10,138.20102512626954,139.41949538589523,137.13115654289223,137.89393615722656,19554900
2023-10-11,138.53782014767333,140.8855780523298,138.5279043017716,140.37045288085938,20146300
2023-10-12,140.82615847036712,141.0440954848037,138.14157894650953,138.97369384765625,18173100
2023-10-13,139.33030921323473,140.01383752955854,136.67546225689128,137.2797393798828,19438700
2023-10-16,138.41893522915194,139.58291344634492,138.01279367058098,139.17181396484375,17345600
2023-10-17,138.71613031936417,139.9246845562857,137.22922195040533,139.66712951660156,17424000
2023-10-18,139.42939909534047,140.65777011336382,137.40358832555634,137.9731903076172,18304900
2023-10-19,138.4882930055606,139.68198859217338,137.29955534213997,137.6759796142578,21831200
2023-10-20,137.28964893965883,137.73542370465316,134.9666501456587,135.45701599121094,24970300
2023-10-23,134.95178066317303,137.71561119250603,133.84229420542695,136.60610961914062,20780700
2023-10-24,137.8543136630059,139.38977357427794,137.44815692290805,138.8052978515625,26535200
2023-10-25,128.5523951209474,128.87930060279749,124.9069160543069,125.48147583007812,58796100
2023-10-26,123.30214159739944,124.28285064843567,121.17231280348399,122.28180694580078,33907400
2023-10-27,122.86626606686177,123.27242279936934,120.32037983446801,122.24217987060547,37367700
2023-10-30,123.29220947699953,125.36260324879596,122.71764971661497,124.57010650634766,24165600
2023-10-31,125.0852439400071,125.37252386576891,122.76225270531386,124.12435150146484,21123400
2023-11-01,124.16395950571554,126.54144236018726,123.75286000770987,126.37303924560547,26536600
2023-11-02,128.34435864256244,128.8693845355232,126.90796676341274,127.3735580444336,24091700
2023-11-03,127.87878534027605,129.50339712938865,127.79953414134123,129.1467742919922,19529400
2023-11-06,128.99817409429366,130.32559752587517,128.71088663909498,130.2166290283203,15360400
2023-11-07,130.74165742217266,132.02946284074213,129.909542579018,131.15771484375,19223800
2023-11-08,131.11809411469258,132.2870151633801,130.91997369642914,132.0096435546875,15093600
2023-11-09,132.1087050640518,132.70308140630735,130.27605727177917,130.45437622070312,17976500
2023-11-10,130.29586400713043,133.01016026220108,129.64205310315018,132.8021240234375,20872900
2023-11-13,132.108691055927,132.85165384715734,131.52423062124046,132.3860626220703,16409900
2023-11-14,134.3772082190257,135.95230095040276,133.83238088766527,134.15927124023438,22317300
2023-11-15,135.3579579086558,135.55607836110713,134.0602515621348,135.10040283203125,15840900
2023-11-16,135.6749561257981,137.57693958493655,134.8032080386685,137.39862060546875,17615100
2023-11-17,136.526884173432,136.70518803275948,134.20882819283102,135.65513610839844,25565300
2023-11-20,134.228623837986,137.12618202513994,134.21872310810755,136.62591552734375,19569400
2023-11-21,136.6457539408558,137.66113063572993,136.41295826875415,137.31936645507812,17648100
2023-11-22,137.79487169600367,139.77610628478521,137.69580392031648,138.70623779296875,17306400
2023-11-24,138.23071780931295,138.36644095174992,136.18014805991362,136.92311096191406,8828600
2023-11-27,136.2792229161765,138.3198920413351,136.24949049218026,136.7547149658203,17886400
2023-11-28,136.33866499374736,137.3589996121621,135.75418929391265,137.31936645507812,17046900
2023-11-29,137.68094584917378,138.35951628020874,135.01618289746708,135.1201934814453,21014700
2023-11-30,135.12017854499595,135.6749368680035,131.54404988777304,132.6634521484375,29913500
2023-12-01,132.06910705566406,132.247410916008,130.91205164724198,132.06910705566406,24268000
2023-12-04,130.06208331653545,130.21661026756993,128.1858422596925,129.40431213378906,24117100
2023-12-05,129.14674586615268,132.28700024410944,128.51275152983993,131.14779663085938,19235100
2023-12-06,131.6530317451178,132.05918846161356,130.0779538823605,130.1968231201172,16360600
2023-12-07,135.31829224779324,138.686384101146,134.9517536683354,137.1509246826172,38419400
2023-12-08,134.3871248501399,136.69526460038568,134.2979729352816,135.35792541503906,23016100
2023-12-11,132.5643787389368,133.52526335550306,131.64309703724103,133.4361114501953,24502900
2023-12-12,132.01953914872738,133.27761192530005,131.58366522604024,132.3860626220703,26584000
2023-12-13,133.28261467035554,133.51541036118795,131.70257872705886,132.7130126953125,25414500
2023-12-14,133.5054868608946,133.76799981935181,129.83029032687446,131.95021057128906,29619100
2023-12-15,131.67281686441657,133.56489906330162,131.38554456993202,132.5841827392578,58594000
2023-12-18,132.60402891819217,137.0816232295836,132.51487699127028,135.9027862548828,25699800
2023-12-19,136.70517722624174,137.46795672284853,136.16033472866548,136.8042449951172,20661000
2023-12-20,139.01332112156283,141.7355384249343,138.10195506140403,138.349609375,33507300
2023-12-21,139.44919364634666,140.69736593194963,139.15498322712807,140.4695281982422,18101500
2023-12-22,140.79644456018505,141.90593112183532,140.7221361686718,141.3809051513672,18513500
2023-12-26,141.6384677605592,142.59442501338597,141.16297565388854,141.47998046875,11170100
2023-12-27,141.48987249822855,141.97528042277108,139.72755740731566,140.1129150390625,17288400
2023-12-28,140.519065837848,140.93512327749826,139.50665184355572,139.95440673828125,12192500
2023-12-29,139.3600421945444,140.1079631342926,138.58736186717886,139.60769653320312,14881000
2024-01-02,138.2901672103764,139.29564306407252,136.4476186131637,138.2505340576172,20071900
2024-01-03,137.29954896746202,139.76617610352244,137.13113074294253,139.04302978515625,18974300
2024-01-04,138.53781119026326,139.31543414671305,136.71506418959441,136.74478149414062,18253300
2024-01-05,137.05387038448754,137.50756566769752,135.56596449733863,136.10089111328125,15439500
2024-01-08,136.7051806048661,139.32040954224743,136.5863113717732,139.21144104003906,17645300
2024-01-09,138.74585365352706,141.46015043912683,138.47838275587108,141.22239685058594,19579700
2024-01-10,141.1827710497498,143.16894830599284,141.1233364347866,142.4507598876953,16641900
2024-01-11,143.53550325064757,145.28394224550686,140.88064092785189,142.32199096679688,17471100
2024-01-12,142.98567984569513,143.38193578626883,142.01487924362206,142.88662719726562,13998700
2024-01-16,142.08420868813738,144.4715996157822,141.71372489258854,142.72811889648438,19198900
2024-01-17,141.56910246431514,142.06441104606785,139.191612202531,141.54928588867188,17884500
2024-01-18,142.09413321638348,144.21901133722204,142.00498129636424,143.6295928955078,18876800
2024-01-19,144.9322634357476,146.6509851343153,144.43201195503786,146.58164978027344,27181000
2024-01-22,147.31469867612847,148.60744693870615,146.19529634072023,146.32408142089844,21829200
2024-01-23,146.3339889997547,147.46329211893962,145.80896303916296,147.28497314453125,14113600
2024-01-24,148.87985080859985,150.14785471795085,148.43407609630034,148.93930053710938,19245000
2024-01-25,150.3162435979108,153.30789634477043,149.80111847558626,152.1984100341797,21495100
2024-01-26,151.43564935372194,152.6640201462737,151.36631400854955,152.34701538085938,19494500
2024-01-29,152.19840851580327,153.7437687517426,151.48516300450555,153.38714599609375,20909300
2024-01-30,152.56495195789267,153.58528648087807,151.34153909180176,151.6139678955078,26578900
2024-01-31,144.0258404758438,144.22396090148592,140.22187388728463,140.4695281982422,43908600
2024-02-01,142.34178755987563,143.2630542982646,140.92519710700438,141.37098693847656,25526900
2024-02-02,139.56807687396912,142.53002817165768,136.87359649130914,142.19320678710938,42136100
2024-02-05,142.68849594311138,145.29382403630342,142.55972598473414,143.5701446533203,29254400
2024-02-06,144.5904967936803,145.36317701983353,143.1640055713607,144.045654296875,21517700
2024-02-07,144.74899817356433,145.62074625344073,143.8475478989148,145.30374145507812,21436100
2024-02-08,145.59099928454006,146.2249936364928,145.0461568456078,145.83865356445312,18241300
2024-02-09,146.56182611886717,149.2810808786973,146.04670089187476,148.81053161621094,21877700
2024-02-12,148.13690074859878,149.17705191114663,147.16610005084343,147.33450317382812,17236100
2024-02-13,144.69948520932553,146.65098750456298,143.74848589167817,144.9966583251953,18138500
2024-02-14,145.9872676798523,146.44295829189622,144.18929484934188,145.75942993164062,16651800
2024-02-15,143.10457221532477,143.4017452929063,140.5487779387875,142.58944702148438,26724300
2024-02-16,142.8568945229861,143.12435024903024,140.1921321823184,140.42987060546875,21865100
2024-02-20,139.61759615248047,141.98417311935427,139.4789103435764,140.8657684326172,18625600
2024-02-21,141.30163410988504,142.62905750483318,140.57848780004295,142.49037170410156,16440800
2024-02-22,144.7489635084719,144.82821468908315,142.65876085615395,143.95648193359375,23024700
2024-02-23,143.60978341257933,144.58554200485867,143.43146444811418,143.92677307128906,14519400
2024-02-26,142.1040489304408,142.49038907354614,137.43824990337026,137.44815063476562,33513000
2024-02-27,138.10196357718695,139.1718320917672,137.2004981923618,138.78549194335938,22364000
2024-02-28,137.79484681434053,137.9731506396367,135.35792205930264,136.1405029296875,30628700
2024-02-29,137.05189995694508,138.63687845719483,136.27921972600421,138.46847534179688,35485000
2024-03-01,138.30008235208325,138.68642249583968,136.6804285024159,136.78443908691406,28551500
2024-03-04,135.25885153232505,135.34801855876523,131.61338787736167,132.94081115722656,43571500
2024-03-05,131.4945297992263,132.76251857926212,130.31569293756363,132.52476501464844,28447600
2024-03-06,132.98045256927287,133.47576114766846,130.71193081547483,131.3162078857422,23175200
2024-03-07,132.63373013191645,134.54562909907744,131.41527526498456,133.9710693359375,24107300
2024-03-08,133.7680159870441,137.68095145260222,133.53522030777614,135.01123046875,26495200
2024-03-11,135.78391831457228,138.6666031218925,135.78391831457228,137.63636779785156,22536400
2024-03-12,136.95282632957588,138.963778013267,136.91320829290248,138.30996704101562,19019700
2024-03-13,138.7458281839085,140.85584743746412,138.69629430593625,139.4491729736328,19637000
2024-03-14,140.964819715736,143.37201207066147,140.15746434147835,142.9856719970703,36117900
2024-03-15,142.06441507069204,142.98568180335442,139.8058090831637,140.83604431152344,41039500
2024-03-18,147.96847112254733,151.4950655736742,146.75001632412258,147.08682250976562,47676700
2024-03-19,147.5821563779367,148.2161508249336,145.6306391504141,146.5321044921875,17748400
2024-03-20,147.39392503607218,148.35482491953593,146.27948069742166,148.27557373046875,17730000
2024-03-21,148.90959852124163,149.88534204242256,146.6212598806409,147.34442138671875,19843900
2024-03-22,148.83036487522398,151.1285894025203,148.68176319459516,150.34600830078125,19252900
2024-03-25,149.5336453539935,150.0348943320068,147.40382467608796,149.7317657470703,15114700
2024-03-26,149.8209511385386,151.76255239057298,149.61291487515402,150.27662658691406,19312700
2024-03-27,150.71745211106605,151.25733664964437,148.72135913735718,150.51437377929688,16622000
2024-03-28,150.57380484924053,151.23751651726764,149.91009318121343,150.83135986328125,21105600
2024-04-01,150.40540536545728,155.52689427384934,150.22708641635938,155.03158569335938,24469800
2024-04-02,153.29802992061946,154.52640083624334,152.02014023160498,154.4075164794922,17598100
2024-04-03,153.46640964513813,155.08112046379227,152.68580888035737,154.90280151367188,17266200
2024-04-04,153.62491105852698,154.71458086566568,150.454939168168,150.51437377929688,24184800
2024-04-05,150.2568311202864,153.38718554753095,149.66345230006024,152.49563598632812,16297300
2024-04-08,152.56991093612692,155.18513979920064,152.54515155180928,154.6749725341797,16641500
2024-04-09,155.87362328240752,158.3897843327099,155.17027841585247,156.6562042236328,21521500
2024-04-10,156.39866211004795,156.67603374116098,154.73441720774957,156.18072509765625,16339200
2024-04-11,156.8543172782929,159.60823177018526,156.44816061548406,159.2813262939453,17841700
2024-04-12,157.90934444137733,160.18280925821207,157.1119047959072,157.6963653564453,16989800
2024-04-15,158.77612463959565,159.32096712626364,154.68487073998384,154.86318969726562,21140900
2024-04-16,154.17964737511164,155.7547249622682,153.59518690424738,154.53627014160156,15413200
2024-04-17,155.71512419993348,157.1921318238018,154.67001516620363,155.4080352783203,16237800
2024-04-18,155.45259068920427,156.9979509392356,154.7443030938761,155.98257446289062,14016100
2024-04-19,156.2698782912665,156.50763188369746,152.46591150609328,154.25892639160156,21479900
2024-04-22,154.5461872329796,157.69139993331558,154.19948027494195,156.46798706054688,17243900
2024-04-23,157.10200225421266,158.97426844520484,156.4828664091012,158.41952514648438,16115400
2024-04-24,157.59731979510667,159.87574285640176,157.3298639782215,159.58847045898438,19485700
2024-04-25,151.921057643129,156.79489255740702,151.33461696427005,156.46798706054688,36197800
2024-04-26,174.33872530224235,174.76468343989305,169.79178089681855,172.060302734375,56500800
2024-04-29,169.16771253211903,169.77198966109145,165.49251587250913,166.3246307373047,35914600
2024-04-30,165.80952692011977,168.27615429945635,162.9565442864945,163.09523010253906,29420800
2024-05-01,164.62075672347748,167.22608475980573,163.35276793457385,164.01649475097656,25223200
2024-05-02,165.1061811258291,166.948729881098,164.13538041861608,166.87939453125,17041100
2024-05-03,167.9492310462724,168.25633507102046,163.43201909707656,167.40440368652344,22767100
2024-05-06,167.63223416853893,168.305846570366,166.31471155431106,168.23651123046875,15147900
2024-05-07,168.5238132370895,171.8423872973761,168.40494399597333,171.3569793701172,21102400
2024-05-08,169.14790516603964,170.29602723892506,168.9220475640983,169.55406188964844,14569900
2024-05-09,169.54414997900344,170.8220547994191,168.33559562718406,169.97012329101562,11937700
2024-05-10,168.0978536495563,169.73236616380805,166.33455604808472,168.6922149658203,18740500
2024-05-13,164.29091039165286,169.3460274192772,164.20472112247393,169.29649353027344,19648600
2024-05-14,169.98001199669102,171.15884895445868,168.82099161649467,170.3168182373047,18729500
2024-05-15,170.6833429409853,172.4129627119268,170.41587207031947,172.24851989746094,20958200
2024-05-16,172.9617519134225,174.685415995492,172.4169094846464,173.78395080566406,17247300
2024-05-17,173.9028313171143,175.82957367648538,173.33817232634283,175.62649536132812,16546400
2024-05-20,175.6463341238882,178.26156293932945,175.56214012624636,176.78555297851562,17495100
2024-05-21,176.7260895351035,178.13277915817855,175.6463204936608,177.8553924560547,14706000
2024-05-22,176.7261053422267,177.17387532816645,175.1213102888138,176.32986450195312,16189400
2024-05-23,177.1025316748099,178.22193388376758,172.90230954547957,173.4174346923828,14928400
2024-05-24,174.86377207586722,175.64041266226198,173.55614996905837,174.67555236816406,11403600
2024-05-28,174.09109462959486,176.83509374436014,174.03164489280522,176.34970092773438,15655300
2024-05-29,175.15104356722625,176.55771832877022,174.60620102545417,175.73550415039062,15023800
2024-05-30,175.03217075698623,175.03217075698623,171.6046282950818,171.93153381347656,18826300
2024-05-31,171.7730157210335,172.7834494932143,169.36582319051846,172.32777404785156,28085200
2024-06-03,172.24853584916212,174.20995381257922,170.8319452920798,172.78346252441406,20742800
2024-06-04,172.81317356775273,173.54623576304297,171.5947186014631,173.48680114746094,14066600
2024-06-05,174.87861600867805,176.30014931265117,173.64528728094336,175.40859985351562,15233900
2024-06-06,175.7652088075795,177.0332127751608,175.5472869221787,176.6765899658203,14255800
2024-06-07,176.78557724070373,177.73656142285856,174.14061563975937,174.2991180419922,14716300
2024-06-10,174.993292108109,176.9966199846976,172.94038911897798,175.17181396484375,17099800
2024-06-11,176.25284247435036,176.91730950630006,173.99166611305787,176.71896362304688,14402400
2024-06-12,178.26607059153048,180.57683704990706,176.3123327518906,178.07763671875,18600400
2024-06-13,176.37183944312906,177.03630644669272,175.20158818895368,175.2809295654297,15956900
2024-06-14,174.40027314562312,177.25450485101587,174.40027314562312,176.89747619628906,12361600
2024-06-17,175.51893405561157,178.43466525175728,175.0329889448005,177.3040771484375,15272900
2024-06-18,177.31399518368275,177.43301481580414,174.17016688697768,174.99331665039062,15640300
2024-06-20,175.25119060510713,177.264430882862,175.0032544612179,176.24293518066406,16753200
2024-06-21,177.01648889952872,181.0052734656417,176.59003087704022,178.77186584472656,58903200
2024-06-24,179.78344561482618,180.57684425844877,178.74211084087284,179.2974853515625,18198300
2024-06-25,179.64954385680153,184.21652258877137,179.60986560636093,184.0479278564453,18797000
2024-06-26,182.67935179918732,184.39506571535532,182.4710939081309,183.83969116210938,13375700
2024-06-27,184.11241684477437,185.95209870409715,183.91901939836825,185.3173828125,13025700
2024-06-28,184.18679238674952,185.03969327426924,181.811560038065,181.90577697753906,23032400
2024-07-01,182.9570070748589,183.8099078846836,181.2214543331195,182.96693420410156,11815900
2024-07-02,181.95538060956795,185.40664753555623,181.54876169697152,185.0694580078125,12555500
2024-07-03,184.7620044399909,186.07109931845915,183.85454974288865,185.84300231933594,7409100
2024-07-05,185.77361071378607,190.6728164574961,185.77361071378607,190.37530517578125,14303400
2024-07-08,189.78518951937897,190.09659268843953,187.7570738560168,188.90748596191406,12097600
2024-07-09,190.16699590230527,191.26783283331068,188.65954012002334,188.86781311035156,10198500
2024-07-10,189.17523789486057,191.71410105164816,189.046306284724,191.06947326660156,12052900
2024-07-11,189.76039490846063,190.82156882026595,185.27772052447233,185.75375366210938,16452000
2024-07-12,185.37688073451943,187.13227274248968,184.60332123259764,185.238037109375,14449100
2024-07-15,184.95043570609326,188.33227292186797,184.95043570609326,186.6363983154297,12186000
2024-07-16,187.4000399036815,188.76863696877504,183.5917296746389,183.96859741210938,12760100
2024-07-17,183.15537228923426,183.70083480656157,180.120636452785,181.1123809814453,17376600
2024-07-18,182.02479193525036,182.53059135155584,176.73880668776354,177.74046325683594,17877200
2024-07-19,178.8809477154139,180.4677449427541,177.38341899256622,177.90904235839844,14485900
2024-07-22,180.84460504534024,182.77850368060703,180.39830794020088,181.8363494873047,16303900
2024-07-23,182.32232909448425,183.6909415259907,181.81654478114677,182.08432006835938,23772600
2024-07-24,173.94206456862884,176.48092802824482,172.13709747551619,172.93048095703125,31250700
2024-07-25,172.81147992480655,173.753634177603,167.65441152750262,167.7635040283203,28967900
2024-07-26,167.37672883593643,168.4378876156856,164.4957121822535,167.28746032714844,25150100
2024-07-29,169.09245071142888,170.73875034436742,168.3188911504715,169.71725463867188,13768900
2024-07-30,170.41144150567678,171.52219038750997,168.71555192883207,170.44119262695312,13681400
2024-07-31,173.47595791742435,174.45779048698722,170.30237832823988,171.72056579589844,15650200
2024-08-01,170.56021554246618,174.2296671803092,169.10234991111668,171.02633666992188,17177800
2024-08-02,166.80152299678684,168.80485128155743,165.01637972980424,167.00978088378906,18907800
2024-08-05,156.0708189326366,164.5700761153893,155.30718660333892,159.31382751464844,34907800
2024-08-06,159.61634639981284,161.00974639137516,156.82458285104568,159.2146759033203,36146500
2024-08-07,161.8923771012282,163.42956896497205,158.91714361090573,159.4229278564453,19334200
2024-08-08,161.00377470159287,164.13372637630385,160.69237150691217,162.4874267578125,15733600
2024-08-09,160.31056416574077,164.1535745881054,159.60145525783068,164.02464294433594,13549200
2024-08-12,164.62464302754404,165.32382479919448,162.19983530552577,162.59652709960938,12435000
2024-08-13,163.82132056032702,165.1651301842023,163.40975323179993,164.56016540527344,12717600
2024-08-14,162.85437853273427,163.598186942123,158.2130061890819,160.69236755371094,22515900
2024-08-15,160.8708708322116,162.17005361574226,160.1568136311717,161.82293701171875,18392500
2024-08-16,162.060967661464,165.57173643087194,161.73369017004822,163.37998962402344,16853100
2024-08-19,165.62134452770331,167.079210268004,164.71885332983692,167.00978088378906,13100800
2024-08-20,167.3469852706508,169.00319689731114,167.26764388859974,167.56517028808594,12622500
2024-08-21,165.61143883637203,167.24781139927487,165.19490791368443,166.24615478515625,15269600
2024-08-22,167.64447524856783,168.02134298224763,163.66758545000854,164.12379455566406,19123800
2024-08-23,165.17505039415624,166.56348664853118,164.29239838969926,166.0477752685547,14281600
2024-08-26,166.76680397289232,167.98169710252634,164.94696119389417,166.5436553955078,11990300
2024-08-27,166.2262959634789,166.85604827207698,164.78826946752432,165.00645446777344,13718200
2024-08-28,165.4031130479292,166.0080776758928,161.9320079999322,163.14193725585938,15208700
2024-08-29,164.68910008363676,166.24614631482842,160.64476284105854,162.05105590820312,17133800
2024-08-30,162.8642809945831,163.91552773038342,162.06097038072892,163.74693298339844,18498800
2024-09-03,161.9667579039917,162.0312237187241,156.551826193132,157.30059814453125,26533100
2024-09-04,156.7700138440623,159.07581685402644,156.14026151415925,156.5072021484375,17410700
2024-09-05,156.47744219764513,159.6857361825102,156.219594081725,157.29067993164062,14139500
2024-09-06,157.3799414071602,157.90556479583213,150.68070228493102,150.8740997314453,24999100
2024-09-09,152.562272560741,153.56524758085047,147.17000331520651,148.5006866455078,28057700
2024-09-10,150.3974168852189,151.2415154318112,148.50367287097507,148.96742248535156,20401800
2024-09-11,150.03991402805664,151.4202528590637,147.66652524228942,151.09254455566406,18991500
2024-09-12,153.73406214572904,154.52850514563386,152.43316912034558,154.458984375,20980800
2024-09-13,155.27530779796513,158.16805732227857,155.02506024998843,157.26934814453125,16733900
2024-09-16,157.22959319202178,158.13327224174085,156.514596048589,157.885009765625,14157600
2024-09-17,158.97736422601716,160.46693916382722,158.30209752752506,159.16604614257812,12064800
2024-09-18,159.73211330170113,160.50669116096248,158.55038126820853,159.6923828125,16756500
2024-09-19,163.67450479376214,163.8433214718444,161.3924718207304,162.10548400878906,17548200
2024-09-20,163.37656640532563,163.60496362923405,162.0458680833983,163.4957275390625,46362700
2024-09-23,164.19088868852813,165.4520664721991,161.81749971766186,161.93667602539062,15648400
2024-09-24,163.10846190958097,163.40637993905065,160.9038897053418,162.50270080566406,18774100
2024-09-25,161.83735826815212,163.0756856672283,161.64370624656462,161.8572235107422,13607900
2024-09-26,163.883048016864,164.34978275109546,162.36368265742664,162.69139099121094,18234500
2024-09-27,162.77083659265259,165.80956730740832,162.69139077068456,164.1412353515625,13604300
2024-09-30,163.63476124205198,166.1968318013202,163.49573486221908,166.02801513671875,14070100
2024-10-01,167.68642563088636,169.25544646816078,164.7469909281875,167.24948120117188,18629500
2024-10-02,166.59404043064046,167.70626658686254,165.09454058467676,166.1471710205078,12745000
2024-10-03,164.6675584435498,166.74302930903772,164.22067382089543,166.0478973388672,11004300
2024-10-04,168.16308180894134,168.37162897421945,165.7996331346512,167.3885040283203,11422100
2024-10-07,167.96446960927054,168.71918212379873,162.98929476522028,163.2474822998047,14034700
2024-10-08,164.28024263747596,164.94559942494973,163.16803156481424,164.54837036132812,11723900
2024-10-09,163.70925019047905,165.10448419999233,160.00020790951473,161.92672729492188,19666400
2024-10-10,160.98332761418612,163.16903454921285,160.5165929265873,162.04588317871094,12900500
2024-10-11,162.1948398652816,164.12135907053835,161.3706066407265,163.37657165527344,10946000
2024-10-14,163.76388370945972,166.4550407990706,163.63478235697784,165.19387817382812,9981800
2024-10-15,165.9783581807865,167.9148024377489,164.8959374362202,165.74002075195312,14829300
2024-10-16,164.87610452970287,166.1174171369269,164.0677663663121,165.5811767578125,9968500
2024-10-17,166.21671730551623,166.76288269468188,163.22762704560125,163.3666534423828,15113400
2024-10-18,163.72415144272233,165.21372646812054,163.60499028956752,163.9029083251953,13091300
2024-10-21,163.43616763074567,165.06476899287256,163.16306979442774,164.64768981933594,11384000
2024-10-22,163.5553376368578,166.3060904749423,163.52554734804474,165.66061401367188,11958600
2024-10-23,165.27328197731924,166.43516365531642,162.49572441056486,163.3368377685547,12754300
2024-10-24,163.4460856988094,163.9028953376067,161.63874269063112,163.38650512695312,12764400
2024-10-25,164.21571577585414,166.23656097372537,164.08164433049168,165.8294219970703,14566400
2024-10-28,169.40440658674908,169.4203018125172,164.6377632544694,167.1700439453125,20858300
2024-10-29,168.20776917936732,170.66557399607956,167.4878170193665,169.95057678222656,28916100
2024-10-30,181.14224467839952,182.51264330298125,174.52355828845648,174.9158172607422,49698300
2024-10-31,173.50569741909058,177.17997939292334,171.3607057798754,171.48980712890625,32801900
2024-11-01,170.3478023173175,172.61197041713035,169.12635497415204,171.45008850097656,21752900
2024-11-04,170.0498798587331,170.72514655525302,168.30707233770866,169.49375915527344,16194000
2024-11-05,169.64271819785193,170.90091073860066,169.18590857136215,170.21868896484375,12518300
2024-11-06,174.13133696324593,177.3984650474971,173.82347871124938,177.0906219482422,27061500
2024-11-07,177.8651713960591,181.31105582329207,177.64669920190826,181.0131378173828,16730400
2024-11-08,180.7350810045214,181.08265452908716,178.321977031457,178.60995483398438,15021500
2024-11-11,178.8185180961797,180.81951321011272,178.73907227904024,180.70530700683594,12503400
2024-11-12,180.11942467364923,182.7460311715292,179.73213575648364,182.0459442138672,14065800
2024-11-13,180.88403174881137,181.3458114646272,178.86814168046988,179.23558044433594,13969700
2024-11-14,178.50074568886524,179.19092274384312,174.80659830717403,176.117431640625,17925800
2024-11-15,174.41929495538076,174.65763240156934,171.54441106873682,172.68145751953125,21708900
2024-11-18,173.73904972169086,175.68046412411874,173.20776438043342,175.57122802734375,18662800
2024-11-19,174.0171059990693,178.91780500479192,173.89892978378998,178.3319091796875,15392900
2024-11-20,177.58713975122382,177.8651925490767,174.11146462532136,176.09756469726562,15729800
2024-11-21,174.23558364168912,174.3597148874668,164.1610874916067,168.06378173828125,38839400
2024-11-22,165.9982494063908,167.09556546498456,164.55832986954186,165.412353515625,24497000
2024-11-25,166.822462243513,169.2752967688321,166.23655127207525,168.25244140625,21395700
2024-11-26,168.3120526288106,170.30310760657719,168.25245689956185,169.43418884277344,14937500
2024-11-27,169.4937557036227,169.95056534111978,168.49078072383793,169.63279724121094,12433400
2024-11-29,168.8780648887557,169.6824328896008,167.57717193403198,169.30508422851562,9250700
2024-12-02,169.13628474793555,172.39348756411434,169.08662921695452,171.7777862548828,16593400
2024-12-03,171.9167855175737,173.10845746208255,171.3110245017857,171.81748962402344,15721500
2024-12-04,171.57915722079017,175.20378322521432,171.54936693658033,174.86614990234375,18239800
2024-12-05,176.0876314261641,176.47492031599185,172.80062323234267,173.09854125976562,16145500
2024-12-06,172.6715211180443,175.6099554026444,172.34381283336626,175.2633819580078,13319500
2024-12-09,174.6917355263814,177.00319305958448,174.37856747396037,176.0686798095703,19887800
2024-12-10,183.46037868240086,186.93502097230706,181.60623390102847,185.44375610351562,34317400
2024-12-11,185.61276627052226,195.74342814716454,185.1753261438476,195.56448364257812,41664500
2024-12-12,195.1568449966555,195.55948525527148,192.1544277958035,192.5023956298828,25197800
2024-12-13,191.5878055861328,193.2083033512462,190.14623718210743,190.2655487060547,18883200
2024-12-16,193.2331290648332,199.4715807984867,192.97960919222217,197.0060272216797,32248600
2024-12-17,197.37388435833452,201.69855874967328,195.54460300716545,195.9720916748047,24129500
2024-12-18,195.68378656433057,197.53295569027495,188.17775002520415,189.0426788330078,27638400
2024-12-19,192.15446060359778,193.46678105568805,188.4163618820712,188.59530639648438,26981200
2024-12-20,185.92095620072337,193.00446431173899,185.28468379825043,191.83631896972656,45319700
2024-12-23,192.90007065896705,195.34575159445106,190.51405305794893,194.84866333007812,15235900
2024-12-24,195.02763817013016,196.5189031952909,194.06129831246653,196.41949462890625,6809800
2024-12-26,195.59432052891566,197.00604955835706,194.72937652367543,195.9522247314453,7907900
2024-12-27,195.325875923865,195.6539560190793,190.85406852813938,192.91001892089844,14693000
2024-12-30,189.75350202582882,192.6515198316402,189.25143804188258,191.56787109375,12209500
2024-12-31,191.3243380041181,192.12464294802623,188.4760163615914,189.3310089111328,14355200
2025-01-02,190.36992956654223,192.074938998145,187.6110952404203,189.51991271972656,17545200
2025-01-03,191.60268502117808,193.36734236035045,190.23569224099563,192.0053253173828,12875000
2025-01-06,194.01357127083,198.39789403056898,193.92409901122687,196.80722045898438,19483300
2025-01-07,197.115396695384,200.96285524330096,194.79896342089748,195.56448364257812,16966800
2025-01-08,192.82055000594426,196.48906411509944,192.6217177184147,194.25216674804688,14335300
2025-01-10,194.2819870451236,196.46917250517149,190.48424036657397,192.0450897216797,20753800
2025-01-13,190.23569853047633,191.36905924799188,187.56136104854926,191.1702117919922,13169100
2025-01-14,191.37902272349532,192.1445430619706,188.53567663623465,189.93746948242188,13651200
2025-01-15,193.21825698760236,196.6481637332541,192.20419245734536,195.8329315185547,12894900
2025-01-16,194.68461566190362,195.83288833874076,193.1685025238946,193.27786254882812,13449600
2025-01-17,196.8966548903714,197.65222355396767,194.17260587410223,196.39956665039062,22109100
2025-01-21,199.34233330457158,202.65294301529255,198.27857229123785,198.46746826171875,19005200
2025-01-22,199.3821341970215,200.94298368051403,198.03998962458544,198.8651580810547,15477400
2025-01-23,198.81541967388551,200.7640123616864,195.67383334528745,198.41775512695312,15170800
2025-01-24,198.68619333405513,201.39035481466857,198.6205682144805,200.7242431640625,12732400
2025-01-27,193.05916920062347,197.5130764167893,191.57784050708574,192.64161682128906,24970200
2025-01-28,193.51647302871834,196.08145052889157,191.48835939854465,195.92239379882812,15939200
2025-01-29,196.22061899239122,197.30428295094978,194.05332141513438,196.03172302246094,12287800
2025-01-30,198.5966999658122,202.05445798297524,198.31038270511974,201.4499969482422,14571500
2025-01-31,202.5286774076379,205.87408704488215,202.39446903114003,204.4027099609375,17060300
2025-02-03,201.03743281638208,204.02493858094894,200.48567204298956,201.4599609375,16719500
2025-02-04,203.30911370100517,207.48465236650173,203.07050585700244,206.50042724609375,28285400
2025-02-05,191.97548414445492,193.4170370048808,188.80405874956048,192.17431640625,43666400
2025-02-06,189.87779852054558,192.70125648659283,189.38071020948382,192.1842803955078,20816600
2025-02-07,191.61759623747585,191.89098872436244,184.0220879020144,186.05020141601562,29565700
2025-02-10,187.95902691273864,188.88361904571371,186.5174738664176,187.10403442382812,16606000
2025-02-11,185.74697399362034,187.70052718523775,184.9963658779389,185.98060607910156,13028100
2025-02-12,184.1513264064333,185.74201502607886,182.56065295671868,184.35015869140625,17632300
2025-02-13,184.84726253065554,186.89527923087283,183.80338915429653,186.78591918945312,12729300
2025-02-14,185.74203892226876,187.05434430786647,185.02623046833077,185.78179931640625,12714200
2025-02-18,186.34846661531262,186.68648302267232,182.51094428547782,184.718017578125,19796000
2025-02-19,185.100809341509,186.26897014238486,184.41980064502283,186.04031372070312,13120500
2025-02-20,185.4139317306536,186.0303163544152,183.52500230110178,185.55311584472656,12063800
2025-02-21,186.1993227149874,186.37828238556153,180.075206586273,180.5225830078125,19520800
2025-02-24,182.7296431829172,184.01212418928057,179.82664963206346,180.1348419189453,18734000
2025-02-25,179.1058981142685,179.70737075655097,175.74061552224094,176.3371124267578,20832500
2025-02-26,175.91458447117037,177.04296944267318,172.57911108041964,173.68264770507812,23637200
2025-02-27,174.9154073382038,175.5616159638333,168.7634399356988,169.21878051757812,25930500
2025-02-28,169.30826963485202,171.49545501262114,167.40938878204497,171.2170867919922,30049800
2025-03-03,172.7182775916385,173.98088598321118,166.6637464002058,167.6778106689453,24122000
2025-03-04,166.9620248616134,174.14494187665298,166.5643451095785,171.60482788085938,30711400
2025-03-05,171.3165279429297,174.72654657749794,169.93460783360612,173.97097778320312,18848000
2025-03-06,171.5451740798285,175.7008249551531,171.5034112600148,173.1955108642578,19082400
2025-03-07,172.2331715986705,175.86985968593854,171.246943901138,174.7265625,16395300
2025-03-10,169.36182521393604,169.6504582133615,164.78837800630745,167.02284240722656,28990700
2025-03-11,165.89812941502797,167.86387115101326,162.47427853978863,165.201416015625,23705900
2025-03-12,167.67976266502805,168.73478811622195,164.703782325335,168.207275390625,19880100
2025-03-13,167.19204575431883,167.33138844365692,163.30039807808535,163.95729064941406,15206200
2025-03-14,164.53952948667705,167.46075932186233,163.7382977482921,166.83370971679688,18611100
2025-03-17,166.54012924096332,167.6698150410797,165.03223622585048,165.78868103027344,17839100
2025-03-18,165.1815278017784,165.6592719835434,158.05511001359008,161.90695190429688,24616800
2025-03-19,163.14611853678477,167.34433550634267,162.285185705191,165.50003051757812,24955700
2025-03-20,163.0565577933523,166.24652621104303,162.37477329109817,164.27581787109375,19981500
2025-03-21,162.61360628106317,165.68910776767459,162.26524201975786,165.4701385498047,29882100
2025-03-24,168.47101484373093,169.70022234031205,166.65457855113803,169.1328887939453,18742800
2025-03-25,170.37702844452903,172.09892436483815,169.74999395051958,171.97947692871094,13841600
2025-03-26,170.49644639938967,171.13344359547185,166.07825887588766,166.35595703125,22498000
2025-03-27,165.92800127409646,166.65457272830486,163.08141639132555,163.31033325195312,21571200
2025-03-28,161.59840838616628,163.04160374290367,154.61034611854916,155.3279571533203,34866500
2025-03-31,154.08383965471086,156.39296466071943,151.49604442998103,155.49717712402344,33591600
2025-04-01,154.57154116136496,159.32911851839256,154.52675406421983,158.13475036621094,20111400
2025-04-02,156.22375603174365,159.52319363822656,155.79576513095012,158.11483764648438,17113300
2025-04-03,152.11810272786587,153.9614053357211,151.46616116764272,151.9140625,28416100
2025-04-04,149.19685355200627,152.3718925544074,146.84792306646924,147.0469970703125,39832200
2025-04-07,142.7173827311291,154.2032439874377,141.99081128205492,148.53994750976562,47823000
2025-04-08,152.85459260048862,153.71554044279486,144.52884166582717,145.8924102783203,35304400
2025-04-09,145.64360348412563,161.11070245214586,145.1260384248715,160.30450439453125,46479500
2025-04-10,158.0152716519422,159.27931849658606,151.48604620394914,154.64117431640625,35270500
2025-04-11,154.8552057124171,159.11014693870695,154.8552057124171,158.6522979736328,22582000
2025-04-14,161.54862623422963,163.2605591927985,159.16983796544804,160.7125701904297,18255900
2025-04-15,160.81211180180208,161.28985595667177,156.90552022558768,157.93565368652344,15690800
2025-04-16,154.7407260447459,157.43800553301546,153.18804608752285,154.7705841064453,16921500
2025-04-17,155.87539559829563,156.3332445748774,150.1921726117417,152.64064025878906,19513400
2025-04-21,150.25687128716692,150.35142688970782,147.7039003929934,149.1570587158203,16147800
2025-04-22,150.3613735543542,153.88476156699772,150.16229955740712,153.17808532714844,15910300
2025-04-23,157.16929002372433,159.26939318494132,155.61660999689363,156.9801788330078,18575700
2025-04-24,157.78137744424328,160.95144985460644,157.34842039253306,160.7125701904297,30787500
2025-04-25,166.3161914075629,167.4508434109615,162.23541717071424,163.08143615722656,35148100
2025-04-28,163.48949220916532,164.1762580227603,159.62770264005619,161.6581268310547,20871200
2025-04-29,161.2848909145351,161.91690684173818,158.6423459835853,161.29981994628906,15955200
2025-04-30,159.11013240173494,160.61702290537067,156.41781914111445,160.1352996826172,20639500
2025-05-01,161.75765988968448,163.17099717012874,160.17510667583406,162.02638244628906,21904300
2025-05-02,164.1812565746755,165.9180665402802,162.89233278164554,165.03224182128906,16844900
2025-05-05,163.74329957171147,166.31618064829416,163.6985124782238,165.27110290527344,15309300
2025-05-06,163.19093592694404,165.95789484431552,162.36482730237398,164.42510986328125,10691900
2025-05-07,165.29102614754913,166.2067088999558,148.7887957909686,152.08326721191406,78729800
2025-05-08,155.18860992261867,156.67162611025773,153.3771550610159,155.0194091796875,38387500
2025-05-09,154.8203479455657,155.69620970774426,153.10841491932555,153.6558380126953,22871000
2025-05-12,158.35372244289658,159.687433316715,157.1493914562774,158.8314666748047,31884900
2025-05-13,159.16984852493763,161.29980964671026,156.84082859675152,160.1352996826172,24944300
2025-05-14,160.5533262016121,167.55034873147363,160.17510384198286,166.02752685546875,31769200
2025-05-15,166.35597366807417,166.72423320018453,163.07145037749441,164.62413024902344,22717600
2025-05-16,168.13757130343112,169.8495042959519,166.1668633933294,166.6446075439453,36271400
2025-05-19,164.9376750070703,167.16219187311862,164.63907918324355,167.0825653076172,21374700
2025-05-20,166.9730668506949,168.88405870282836,163.48948463137373,164.54452514648438,33563300
2025-05-21,164.176282210037,173.7113480680947,164.11656607609436,169.26231384277344,45567600
2025-05-22,172.53686279442678,177.2944397456995,171.07375699694188,171.17327880859375,45024100
2025-05-23,169.48127577267374,170.401939963591,168.46605597804407,168.7945098876953,24963600
2025-05-27,170.49647322110334,173.47243808300968,170.4068990358155,173.1638946533203,24341300
2025-05-28,173.16390313629066,175.6521763198277,172.20343333237676,172.5667266845703,25999200
2025-05-29,174.17913655336469,174.57725421917192,170.97423922580555,172.14871215820312,21174700
2025-05-30,171.60126135487872,172.62642860716718,167.73447542600755,172.03919982910156,36258300
2025-06-02,168.2171798434688,170.25955599166764,167.85886797207934,169.57080078125,24742900
2025-06-03,168.07289021454937,169.00350186826327,165.89812689813073,166.92330932617188,25386700
2025-06-04,167.49063462315237,168.78453964888584,167.0079090431092,168.59542846679688,18508700
2025-06-05,170.81495011044433,171.55148434300833,168.55560929262847,169.01344299316406,25375400
2025-06-06,171.49179703297156,175.00523767988767,171.49179703297156,174.09950256347656,22258100
2025-06-09,175.25543303476854,177.29328513918813,175.04617537618503,177.00929260253906,18817600
2025-06-10,177.13882860396632,181.80747007624,175.85833047408428,179.38096618652344,32908000
2025-06-11,180.59671363135325,181.1149008238415,177.3780046582877,178.1652374267578,18994400
2025-06-12,176.85980538741683,177.50754313515816,175.49459761391958,176.35159301757812,17345900
2025-06-13,172.97344543515567,177.71980213740534,172.96348585303443,175.26541137695312,20873200
2025-06-16,175.29029918164258,177.62211840792526,175.205604729001,177.3181915283203,18132500
2025-06-17,176.38149522016678,178.09049871380665,175.32520169296626,176.61068725585938,17656100
2025-06-18,176.66052685976126,177.20263227861145,172.2360391794903,173.37205505371094,32531800
2025-06-20,174.2539521007736,174.75220488614175,165.68898550385754,167.1438751220703,55402600
2025-06-23,166.73533632586918,167.89127134915032,162.75927322090135,165.42990112304688,36975600
2025-06-24,167.0990386554203,168.65857234811688,166.32675289967696,167.1538543701172,27310300
2025-06-25,168.06065967222042,172.75420763569656,167.97198138041517,170.8907470703125,23627400
2025-06-26,172.7791033897063,174.03968225902344,170.26293304440085,173.82044982910156,25909100
2025-06-27,174.01976935040764,178.2150492077925,172.1064805158956,177.6470489501953,74053100
2025-06-30,180.1532826357005,180.9455028250064,174.88674647847466,176.7701416015625,43964600
2025-07-01,176.1871802959817,176.60073867022177,174.04968655010248,176.2918243408203,25778500
2025-07-02,175.92808916249717,179.30624272713206,175.4746772644932,179.13185119628906,19325900
2025-07-03,179.19165303442563,180.13833035952575,177.56734396141616,179.91909790039062,13287400
2025-07-07,179.50554374189957,179.70982922930475,176.02276128420107,176.93954467773438,20991400
2025-07-08,178.15525775698654,178.16521733833608,173.31224026426824,174.54791259765625,24108600
2025-07-09,175.49459788389882,179.6500243179422,173.27239470332444,177.0391845703125,31288000
2025-07-10,176.05262604369958,178.96242029860198,175.12588322109465,178.07553100585938,24693700
2025-07-11,177.2883092697916,181.9718823987629,176.92059543078196,180.67642211914062,23975700
2025-07-14,181.433768736665,184.08446188433334,180.07950896609893,182.17117309570312,20990400
2025-07-15,183.2972355836639,184.7620999768528,181.75264892082558,182.46017456054688,23911600
2025-07-16,183.67591925515674,184.68737182964134,182.44024683877208,183.12783813476562,21152600
2025-07-17,182.4751278326058,184.53987842754478,180.86576581979972,184.05458068847656,21654400
2025-07-18,185.96786919122337,186.70528880516724,184.08447422572183,185.29025268554688,21033400
2025-07-21,186.44621980294906,190.59167189766498,186.39639147758976,190.4820556640625,24665000
2025-07-22,191.74760448667308,192.68432217748722,187.83631699088667,191.43869018554688,26212900
2025-07-23,191.6878103452721,192.68431590639216,189.51542031518696,190.8407745361328,34068100
2025-07-24,197.41770214566804,198.27469747057043,191.2792247117379,192.5248565673828,45252100
2025-07-25,192.25583429143327,194.59264133655842,191.45864190870907,193.40182495117188,31101800
2025-07-28,193.73065611914654,194.1392270618731,191.18457642041753,192.74411010742188,25553500
2025-07-29,192.62452404731144,195.97278327208934,192.3156097625871,195.7435760498047,31891600
2025-07-30,195.61403012946238,197.78640479239016,194.87661059515094,196.7500457763672,21150500
2025-07-31,195.91301755048985,196.1422095932519,191.40880773936362,192.1860809326172,27852000
2025-08-01,189.11682024801593,190.94839487682364,188.040592439686,189.28622436523438,21236700
2025-08-04,190.5069538404437,195.39481240520576,190.25284005640523,195.0659637451172,23386000
2025-08-05,194.86168632686167,198.00566028809703,193.99473131794437,194.63748168945312,19010200
2025-08-06,194.56774036099296,196.69030239431797,193.78747164401724,196.23190307617188,15383700
2025-08-07,197.01912725959122,197.67680939407114,194.53782286185907,196.5906219482422,14660600
2025-08-08,197.2881658746856,202.71911811806808,197.20844360548665,201.38380432128906,24379900
2025-08-11,200.85068021299142,201.453577052842,199.10182321335924,200.92543029785156,16690200
2025-08-12,201.38880766764058,204.41320592136896,200.69622895218865,203.44659423828125,19854000
2025-08-13,204.26370895749864,204.71213342614624,197.94586724734532,202.32052612304688,19573000
2025-08-14,201.85218124035592,204.70218799640963,201.61800180530457,203.1077880859375,17777100
2025-08-15,204.0046312263668,206.60551149620102,201.37884439828326,204.1939697265625,21111400
2025-08-18,204.3533991529899,205.41965217794632,202.69919630107242,203.57611083984375,13000200
2025-08-19,203.19247366390698,203.57612284690558,200.2278634142443,201.7824249267578,13476600
2025-08-20,200.97524690476376,201.4635401343835,196.7700071614555,199.49046325683594,13971700
2025-08-21,200.01860195304562,202.64937608548374,199.69971286767444,199.9189453125,11768900
2025-08-22,203.24728495854538,208.49885842163522,201.42367792095183,205.9976348876953,25723700
2025-08-25,206.27666709708765,210.35237150780927,205.2303331359361,208.4291229248047,22788800
2025-08-26,207.64185814620384,207.73155520253275,205.72856930049986,207.22332763671875,23051000
2025-08-27,205.7385523382657,208.83768535452884,205.66878964781978,207.48243713378906,15249000
2025-08-28,207.11371487678497,212.1560306489815,206.87456327049478,211.6278839111328,20915700
2025-08-29,210.53173166779874,214.58750134679244,210.23277696190144,212.78382873535156,24682200
2025-09-02,208.25972012691918,211.6269105102409,206.23681488493534,211.24923706054688,28900100
2025-09-03,225.68858374527093,230.99000082919665,224.3333355227648,230.29244995117188,72250300
2025-09-04,229.35074868981005,231.95661634798014,225.9676078680863,231.8470001220703,32196000
2025-09-05,231.84699723571583,235.3048728944503,231.56797688332244,234.3482208251953,26127700
2025-09-08,235.176069121861,237.77927409843213,233.1214351593297,233.55032348632812,23128800
2025-09-09,233.5802333270953,239.96356332431338,232.77234478890696,239.3152618408203,22854800
2025-09-10,238.62704313060215,241.44967622986556,237.49001206049766,238.9362335205078,19990100
2025-09-11,239.51472794030667,241.93840867163294,235.96399982803078,240.15306091308594,21308600
2025-09-12,240.1730341935375,241.79180949842942,237.87901963957447,240.75152587890625,14536600
2025-09-15,244.5017334154348,252.09192002372458,244.3421463515694,251.1044921875,29935200
2025-09-16,251.67299984881066,252.57065039424796,249.0648031527778,250.76536560058594,24493500
2025-09-17,250.80527148599066,251.29398591562855,245.9379728428333,249.199462890625,20491300
2025-09-18,251.20421145277663,253.47827360666602,249.45876807559475,251.67298889160156,21166400
2025-09-19,252.7402035288209,256.0316294149524,251.41167099400812,254.57542419433594,41616800
2025-09-22,254.11661969570483,255.64263476673196,250.1569552980815,252.22157287597656,20079000
2025-09-23,252.99454665422067,254.10664896096625,250.43622281690818,251.68296813964844,17521100
2025-09-24,251.49346693354067,252.3013707076246,246.57631055836268,247.18472290039062,16958500
2025-09-25,244.20250250428535,246.67106439463024,241.02080592350646,245.92800903320312,17379800
2025-09-26,247.1398431834199,249.4687549961362,245.99782017089643,246.53640747070312,16594600
2025-09-29,247.62853910804674,250.99275763588014,242.56675636243932,243.72373962402344,23157200
2025-09-30,242.42714861718656,243.04055283667657,238.94723441776998,242.91587829589844,22541200
2025-10-01,240.5520170820688,246.50647383318537,238.57717679457582,244.90066528320312,23967700
2025-10-02,245.0004090126156,246.9902096188018,242.47200592025078,245.78834533691406,20657500
2025-10-03,244.5914640019609,246.47454850023001,241.83865598978608,245.80828857421875,19941400
2025-10-06,245.14004171894078,251.54332362465843,245.05027971172038,250.85511779785156,18309000
2025-10-07,248.2818428345659,250.8950313756526,246.16736764080673,246.48654174804688,13811200
2025-10-08,245.5589405203656,246.6161780535455,244.45183013355197,244.8208770751953,14136500
2025-10-09,244.42193124361881,244.9156375347494,239.0559343585388,241.57936096191406,19375700
2025-10-10,241.52949732922676,244.20251217081324,236.06874637094003,236.8716583251953,22449100
2025-10-13,240.4024201210286,244.3521160200063,240.12315038483473,244.00302124023438,12465000
2025-10-14,241.12553086042945,247.3791942753546,240.5500221552741,245.54898071289062,17705400
2025-10-15,247.4390649191735,252.1018803924799,246.1474233328444,251.05462646484375,16048100
2025-10-16,251.80765043526415,256.9093227130063,250.01732592289974,251.22418212890625,18946000
2025-10-17,250.6955469064635,254.21635435848526,247.94272358894355,253.12918090820312,17653800
2025-10-20,254.5654364809263,257.2085456318224,253.9370872026182,256.35076904296875,13726800
2025-10-21,254.58541599658278,254.71508239098986,244.03296088432552,250.6855926513672,27836400
2025-10-22,254.34602082199066,256.5103689312859,249.79890066139356,251.8724822998047,19650200
2025-10-23,253.0394305257291,255.1938101204011,252.10986560348542,253.06935119628906,13241300
2025-10-24,256.63006195911686,261.8265187219791,255.43320463333282,259.83172607421875,18406000
2025-10-27,264.66906450793664,270.0949027524646,264.25017511211036,269.2271728515625,22987700
2025-10-28,269.4965207359285,270.67344118837195,266.474410847092,267.7311096191406,20101200
2025-10-29,267.9105747492433,275.251426501587,267.7310507410197,274.4535217285156,26287900
2025-10-30,290.9604231806981,291.16986786182446,279.7197788678697,281.1659851074219,48570000
2025-10-31,282.4675852354643,285.53958266171765,276.80040349040513,281.0862121582031,29932800
2025-11-03,281.6846328038066,285.1954562782319,279.6399524426705,283.38018798828125,19691800
2025-11-04,276.34362454597147,281.1002201991536,276.1441330989918,277.3360290527344,18123700
2025-11-05,278.65259251636934,285.95354098255586,277.1564980161567,284.00860595703125,20063200
2025-11-06,284.99097590459235,288.05798125824947,280.8867004645741,284.5970153808594,23103800
2025-11-07,283.4699770706741,283.75923050317454,275.0220296937051,278.97174072265625,21991100
2025-11-10,284.5222572296142,290.7011038949957,282.8017426024981,289.8333740234375,19508200
2025-11-11,287.44961632749596,291.57882104509525,287.1304422169043,290.9803771972656,14156700
2025-11-12,291.32448864864017,291.5987665424673,283.63956357930414,286.6816101074219,16998800
2025-11-13,282.2481764589157,282.77183386526696,277.2761705293256,278.39324951171875,18060200
2025-11-14,271.18706777703,278.4231831170557,270.7033451608753,276.25885009765625,18330500
2025-11-17,285.65428912783767,293.753142069015,283.4899562408604,284.85638427734375,34286100
2025-11-18,287.733833156719,288.6813717384641,278.28352834766366,284.218017578125,29702200
2025-11-19,286.9359321190704,303.45780311135775,286.92098700343485,292.22711181640625,43123600
2025-11-20,303.94652354072593,306.09094982911483,288.41708705833827,289.2249755859375,34801400
2025-11-21,296.09702112488975,303.16855691484756,293.59354678656,298.8697814941406,43670600
2025-11-24,310.2001804554149,318.9672705318274,308.5943568566186,317.6407470703125,55311800
2025-11-25,325.9490780871528,327.8142346184234,316.9884919655877,322.7973327636719,50899300
2025-11-26,319.94480413858264,324.1438343045713,316.37413855144814,319.44610595703125,29839600
2025-11-28,322.5878475117523,326.0288765967423,316.1147558768091,319.2864685058594,19695800
2025-12-01,316.64840936950344,318.7977972663103,313.1625140286565,314.2995300292969,28520600
2025-12-02,316.074918306478,317.7705043898054,313.4019032153631,315.19720458984375,24668200
2025-12-03,315.2071415472906,321.2015028617585,313.4616980772452,319.7851867675781,32285100
2025-12-04,322.20388293552287,322.2577279658905,314.76827689346993,317.5610046386719,20831600
2025-12-05,319.166818659222,322.98683312727684,319.14688169077886,321.2513732910156,15719900
2025-12-08,320.403043168378,320.60266476152293,311.30085894777966,313.8359069824219,22006900
2025-12-09,312.4885127250747,318.0865669575506,312.00943921410266,317.1294250488281,14151300
2025-12-10,316.0016267903938,321.24137338326307,314.78400826858893,320.3730773925781,22764500
2025-12-11,320.4729139059438,321.3611599424593,309.2748247845509,313.0873718261719,25912100
2025-12-12,314.1802189956657,315.52259342996393,306.36049881521853,309.9135437011719,21264800
2025-12-15,312.0144499599341,312.089315669705,305.1428864733599,308.7159118652344,22028900
2025-12-16,305.4023959664794,311.23598216657655,303.2366204759254,307.1290283203125,21285200
2025-12-17,308.4065328006047,308.591169070691,296.86911118460773,297.4779052734375,29120400
2025-12-18,302.4681139491161,304.66382947833944,300.0428671086399,303.1567687988281,21040500
2025-12-19,302.67772596688684,308.38655646357074,301.7495494955294,308.0072937011719,45234400
2025-12-22,310.6171789054146,311.09125731474336,305.9912213847692,310.7219543457031,14091400
2025-12-23,310.52736990444623,315.6822608427996,310.14311205446296,315.0634765625,13961400
2025-12-24,315.5325403622241,315.6722815564747,312.7080808664876,315.0534973144531,6138200
2025-12-26,315.30299560343127,315.9417297925357,313.107280201565,314.3448486328125,6730900
2025-12-29,312.20909029163147,314.35488539053074,311.29087359000175,313.7760314941406,12317700
2025-12-30,312.79794162030095,317.0795721576331,312.6382504312045,313.9356994628906,11052500
2025-12-31,312.7579808925778,314.7740553087677,311.5902829688425,313.1871337890625,10821500
2026-01-02,316.9697181445929,322.2833250716048,310.04327007273696,314.70416259765625,22043700
2026-01-05,317.0745544967522,318.6265102988649,314.6333171160729,316.7002868652344,19934000
2026-01-06,316.6903191733393,320.9320192989023,311.73002392583226,313.9356994628906,18989900
2026-01-07,313.95562824700045,325.8273854451667,313.8857576523943,321.8002624511719,24681800
2026-01-08,328.62196948450037,329.89447335434147,321.36115298521435,325.3733215332031,21789600
2026-01-09,326.8504208902603,330.8326493583836,325.6128522863612,328.4972229003906,17917700
2026-01-12,325.86232626979785,333.7868214187856,324.87426954465906,332.0801696777344,23893800
2026-01-13,334.6252012455833,340.533652963087,333.69702483355974,335.77294921875,24616700
2026-01-14,334.3307737284099,336.37179333071197,330.49331209176444,335.6531982421875,17839300
2026-01-15,337.39476742326053,337.4696331305968,330.6429953834895,332.50933837890625,16424900
2026-01-16,334.2808511502121,334.58524815858055,327.5290794041564,329.69482421875,21868600
2026-01-20,320.61263654973726,327.44926518874206,320.2633444355967,321.5308532714844,27169900
2026-01-21,320.46790194530246,332.075193401848,318.9159461737911,327.7386779785156,22791700
2026-01-22,333.6122075514552,334.55533885366424,328.237714508904,330.1938781738281,19902100
2026-01-23,332.0053289537661,333.3776436010331,327.3294811195345,327.78857421875,19110600
2026-01-26,327.5590193697648,335.6930958758863,326.85038410942377,332.9384765625,18502500
2026-01-27,334.9745081044956,337.55445098362367,333.0981749349566,334.3457336425781,16080900
2026-01-28,335.9525720752588,336.9705994660165,331.4813411943579,335.62322998046875,17538500
2026-01-29,339.68526736580145,341.62148078193684,326.08188329121094,337.9985656738281,24548300
2026-01-30,333.8067770205355,339.62540784172523,331.99035470516736,337.86883544921875,21740200
2026-02-02,335.8927112324276,344.4909069913211,335.3537877732415,344.2264099121094,22775200
2026-02-03,347.8343462589151,349.46613230539276,337.92871203784927,340.03460693359375,25786500
2026-02-04,343.0836637706283,343.57769218022526,328.7267474096597,332.6889953613281,36991100
2026-02-05,312.58832571781494,331.9943514032643,306.3205919137922,330.6828918457031,51842000
2026-02-06,326.7106939215237,329.99427710367667,319.52474328598663,322.468994140625,33877000
2026-02-09,320.6125864988262,327.09989155297563,317.07952229138544,323.76641845703125,26103300
2026-02-10,320.2832668922667,321.0018619516342,314.0454731331654,318.0077209472656,25281900
2026-02-11,318.3370577122542,320.4180076051008,309.52431623884706,310.7219543457031,24008100
2026-02-12,311.73999925160183,315.8619384029345,307.5481894975059,308.76580810546875,28194000
2026-02-13,307.38349146877795,308.28675324576824,303.3064779914855,305.4223327636719,20236000
2026-02-17,300.05287197489616,304.2945718277402,296.32015539296833,302.2286071777344,23750800
2026-02-18,301.8413545520827,305.312558820846,301.3902414542153,303.3464050292969,15847700
2026-02-19,301.9291552023174,305.43230977647397,300.08279269375015,302.9671325683594,13448600
2026-02-20,304.2047225672987,316.1413869760977,303.8254902805923,314.2850036621094,33663100
2026-02-23,318.5167618057492,318.83111861665543,309.3846065978814,311.081298828125,17641200
2026-02-24,310.0333532174093,311.7599551374298,305.4922208213915,310.31280517578125,15040700
2026-02-25,311.51041374389916,313.0474145977459,308.7557943748189,312.41864013671875,20209100
2026-02-26,312.1940640599869,312.3886905221432,301.8193771399453,306.55010986328125,22380000
2026-02-27,303.3464148812802,311.47050181769043,302.9980974445939,310.82177734375,33389200
2026-03-02,302.37332936708367,307.5382412711325,300.472050901588,305.7616882324219,21854400
2026-03-03,297.8371870350295,303.3463952862195,296.1195399332786,302.9671325683594,20361100
2026-03-04,302.0938707396737,304.8634452287617,300.2125422923677,302.8573913574219,20015600
2026-03-05,302.60786282017983,302.7775137538454,297.48787683289373,300.32232666015625,22643900
2026-03-06,295.49376168334754,299.7434414135461,294.6733760668109,297.7174072265625,17598000
2026-03-09,293.767375323397,306.116910762739,293.562614480994,305.6275329589844,19632700
2026-03-10,305.49271258949307,308.763613346832,304.9284162970701,306.54638671875,14386400
2026-03-11,305.91713959275074,310.68019119538684,305.4577230867673,308.0345153808594,13376700
2026-03-12,305.82727461717786,308.2542606438264,300.46399119329936,302.8310241699219,15610200
2026-03-13,306.2717359478951,306.87599078081115,299.40532844427173,301.0832214355469,16857500
2026-03-16,303.22053786280765,305.18807678811424,301.4327666412709,304.0395202636719,14822000
2026-03-17,304.2892189952314,309.6624691533072,303.96961163491477,309.0232849121094,14423600
2026-03-18,307.5201496654937,310.361594931591,305.1631140493195,305.9171447753906,13848400
2026-03-19,302.8310001898149,306.2966641518849,300.62377106936094,305.3478698730469,15399700
2026-03-20,303.68996449812437,303.98957735043507,296.37910610738646,298.41656494140625,34763500
2026-03-23,300.15439329182226,302.99084017304216,297.6575178175684,298.6462707519531,22204100
2026-03-24,295.8397487360015,296.72865092553167,288.4939615019366,288.8385314941406,27411200
2026-03-25,291.78482506894824,294.29169748272534,287.01080098274167,289.22802734375,22343000
2026-03-26,285.8322994704729,286.15690545146185,278.701208978821,280.38909912109375,29281200
2026-03-27,277.0532503980168,278.74114037593404,273.1381673747319,273.4178161621094,25703300
2026-03-30,275.09575829416775,275.91474077551857,271.19563997145974,272.79864501953125,22752300
2026-03-31,277.19310671220813,286.6911992803939,276.41408286624596,286.5014343261719,31625100
2026-04-01,289.61756909440663,297.6125381560208,289.1081967827348,294.5314025878906,24403600
2026-04-02,288.62878513074605,295.53015206261153,287.2105770401045,294.0919494628906,13433400
2026-04-06,294.33167205129627,298.0519918583719,293.42280578612184,297.2879638671875,10121700
2026-04-07,299.7648689383856,303.71991079083256,295.05573540607026,303.55010986328125,17317700
2026-04-08,317.4327530191293,318.9908313249149,312.3141583995082,314.34661865234375,20887500
2026-04-09,312.79856070776304,317.03325157397484,309.08320894494693,315.9745788574219,14606800
2026-04-10,317.82725226048,319.1006525244326,314.14686063137765,315.32537841796875,11997600
2026-04-13,315.02579393429113,319.03076141415403,313.2979451571623,318.81103515625,12212800
2026-04-14,321.66246745802493,330.2267621317319,320.7486025423289,330.16680908203125,18557500
2026-04-15,330.14685460330224,334.5813078078266,328.24923537132423,334.0519714355469,15104100
2026-04-16,335.4302323654359,336.9583188228773,331.23546968882624,332.35406494140625,13949600
2026-04-17,334.0120100263651,339.56005987223585,332.87345068872924,338.9757995605469,19683800
2026-04-20,338.1368586712675,338.736114875454,334.2117777769726,334.9808044433594,12897300
2026-04-21,335.1655737838469,336.7486147792797,329.2180298167751,330.0569763183594,14623800
2026-04-22,334.4664465111555,337.6075046924567,332.5438342262756,337.3078918457031,12954200
2026-04-23,339.15058148804525,339.7348417693475,334.64121010205224,337.3278503417969,13442100
2026-04-24,337.29789419762056,343.26043367654364,333.63246781962283,341.89215087890625,18260900
2026-04-27,343.450196392644,350.46141126755776,340.3840262069447,348.0843811035156,17443000
2026-04-28,346.4864121575793,349.4626680694681,343.84969715649703,347.065673828125,18502300
2026-04-29,345.04821614604305,352.9583003423895,342.00200987129386,346.87591552734375,22232200
2026-04-30,370.7909735772954,382.1517559747558,362.6361704694042,381.4626159667969,44570500
2026-05-01,377.5075868797166,382.9108287658787,374.790985294204,382.74102783203125,28047900
2026-05-04,381.8421704714008,383.69983114852914,376.29908876692156,379.16552734375,18275000
2026-05-05,381.39267881426673,388.4738130501776,379.87458970251373,383.7896728515625,15432500
2026-05-06,389.1030369756247,395.884558500187,386.61615904923497,394.6461181640625,23097300
2026-05-07,396.56371815865646,396.8583628534845,389.8221548835096,394.805908203125,15153600
2026-05-08,393.7772172111193,397.87209899004927,393.17799149471085,396.5537414550781,13762500
2026-05-11,390.2016738093907,393.8371082756565,385.74725695697055,386.28656005859375,16314900
2026-05-12,384.5187887999489,385.9569913834255,379.2453894870127,383.34027099609375,17103900
2026-05-13,381.4276665623016,399.4301315305828,381.10306057880194,398.541259765625,18160100
2026-05-14,393.29780382620385,398.6051571358411,392.23711953366563,396.673583984375,13805400
2026-05-15,392.7235199243029,395.38519749544696,389.27285171330357,392.8283996582031,15801900
2026-05-18,391.634898087386,403.9644697672297,390.4114230717487,392.61865234375,18592800
2026-05-19,392.8084097005491,392.87134973339226,382.5212956642759,384.4189147949219,25559400
2026-05-20,384.5587544417425,390.2116837741044,379.5250453065923,384.4189147949219,16488100
2026-05-21,381.53252556471057,388.19417149055084,379.0056890963861,382.9906921386719,16837600
2026-05-22,382.78097806913,384.3889511209622,377.7872275040344,378.90582275390625,13382800
2026-05-26,380.51878298329893,384.90830910477644,378.66612108623275,384.3589782714844,16150900
2026-05-27,382.2866080465696,389.2379004154365,381.5225495671766,384.3489990234375,16893100
2026-05-28,383.38020511983143,389.5125454657543,380.7734819456893,385.63739013671875,20795400
2026-05-29,380.7485234460665,381.1729800584733,373.8321605255771,375.9595031738281,48018600
2026-06-01,372.10935069961397,374.13181366493154,369.2479107833004,372.11431884765625,19091900
2026-06-02,362.70607391258903,369.327791659083,354.5562697999374,357.9420471191406,34648600
2026-06-03,357.8871235224977,362.0469263972766,353.9370801226873,355.2354431152344,43031000
2026-06-04,354.9957405886508,369.3977000679035,354.3565258898294,368.8084411621094,37746200
2026-06-05,362.9258262647788,368.73855932280804,361.1780135413787,365.3028564453125,23411500
2026-06-08,362.24981828077506,363.1442571559153,357.65782862747085,360.9356994628906,18739000
2026-06-09,364.6482797949098,369.4521374448322,354.48986610072376,362.0549621582031,19873600
2026-06-10,360.8157242279003,366.07232109037716,352.5810804263011,353.09075927734375,19878600
2026-06-11,352.8209417182837,357.7777458079135,343.4070701526502,356.32867431640625,28771800
2026-06-12,360.86573789984163,364.536359142257,353.11076253886233,357.9276428222656,17637100
2026-06-15,365.75252721660206,370.4095073574076,364.41340030023304,366.8717956542969,17268600
2026-06-16,367.2266013966779,373.35763104091177,365.0830039564481,370.8592529296875,16492800
2026-06-17,366.8118520127541,369.9098468851114,359.9962998909028,361.8650817871094,16003500
2026-06-18,363.6539274832002,368.76059754193386,356.3766390201627,367.2215881347656,29339100
2026-06-22,356.9033012075861,357.96761267730585,340.7188011752651,348.5537109375,32211200
2026-06-23,339.88433941168455,348.49373995052684,339.4945778178738,345.8554382324219,21820900
2026-06-24,348.49376737145667,352.6010863494152,341.27845016274597,344.816162109375,23898400
2026-06-25,336.70141725436105,342.96733825321974,335.68205951925677,341.9679870605469,27687600
2026-06-26,340.75879772927055,343.8967447726341,333.47351863030514,334.4728698730469,82484600
2026-06-29,339.7294576614939,351.74164828387563,338.5901826377179,351.0520935058594,25565700
2026-06-30,350.73228111168817,355.1594300113185,347.8841241530446,353.1007385253906,21278400
2026-07-01,354.3849069025458,359.3267057787508,353.00082626467815,357.6578063964844,19546800
2026-07-02,355.9189342572474,360.75579054789137,350.09273000877016,355.94891357421875,15532900
2026-07-06,357.9626023000986,365.4427312238338,353.9601959550584,364.6632385253906,22652700
2026-07-07,366.99673922381135,370.6493972962346,362.18489104489277,363.38409423828125,16443900
2026-07-08,361.9749936432444,364.7432160166469,354.4698867861636,358.4772644042969,14710400
2026-07-09,350.8571960498755,356.4985529081466,348.43378166816143,356.00885009765625,17217400
2026-07-10,354.72371263228024,355.4492242741649,350.47247486186035,354.7996520996094,11618500
2026-07-13,353.7603277468189,355.5191956490239,349.5930502483258,350.4425048828125,10583500
2026-07-14,348.61366275331056,357.64780598014937,348.61366275331056,357.09814453125,11252600
2026-07-15,355.7790193018334,371.89855853141523,355.4392435642338,369.96978759765625,20258200
2026-07-16,371.92854815951733,374.1071264480638,351.44184863462243,353.5804443359375,23603700
2026-07-17,345.54566774331437,347.9441351207845,340.90369220643186,345.89544677734375,22023900
2026-07-20,349.9428256585718,359.25675573174533,349.77792416999904,351.14202880859375,13203300
2026-07-21,350.3325529143338,350.5124288101904,345.78551717054967,345.96539306640625,17419500
2026-07-22,346.95474121510307,349.2232879506103,341.41835754275996,341.68817138671875,23273800
2026-07-23,321.4213273153947,324.2395049836125,314.685710070931,318.1334533691406,46751900
2026-07-24,318.0934691145268,323.7698070080797,317.29400036782914,318.8829650878906,21630800
2026-07-27,324.5292940321348,329.8868386688282,324.199521560133,326.3581237792969,21419600
2026-07-28,327.58731223420995,334.99250831020606,324.329448050025,332.38421630859375,20986900
2026-07-29,333.283631777109,341.75814109954746,330.1936273144943,335.54217529296875,20242900
2026-07-30,332.86388415722257,335.23237211850426,329.6060199848839,333.4635009765625,17309500
2026-07-31,339.84937966618537,358.6471738383599,338.9399663883276,356.4186096191406,30514500
2026-08-03,365.0629711921722,375.8559821561161,363.0243167582418,372.22833251953125,27165400
2026-08-04,366.28218773035394,377.423971487155,365.9224359403464,375.1064758300781,19983300
2026-08-05,379.75346630804506,381.5622895893216,354.92958548595794,359.8963623046875,29436300
2026-08-06,358.5591986622751,361.7251424499833,355.5991148729006,356.38861083984375,16513400
2026-08-07,355.04948481096045,357.31800100269635,352.59108945584387,353.24066162109375,14516700
2026-08-10,354.0101628240319,355.6990688085296,351.2419709519004,355.609130859375,12789500
2026-08-11,353.7703291556578,354.7696803679619,342.3477521184886,342.7774658203125,18390200
2026-08-12,345.1059286112164,345.2758317303664,339.59952436320935,342.1478576660156,15608800
2026-08-13,344.3464540526557,345.605615839876,342.17784850602186,343.71685791015625,14997800
2026-08-14,344.03664221382707,347.8341644460391,341.84806072016346,343.3171081542969,10946800
2026-08-17,343.8367771438159,344.82612508896136,339.349699940568,341.2284851074219,12606100
2026-08-18,339.67445211423,342.16785888071183,337.30099310528044,341.0585632324219,14254300
2026-08-19,339.5895440280784,343.337111195774,337.83067607808385,341.47833251953125,13360500
2026-08-20,339.4696143612764,340.5788795634708,335.9519090875298,337.9805908203125,14187700
2026-08-21,340.0592118507386,343.06726860468655,337.5908132631171,341.52825927734375,15363900
2026-08-24,340.5189163609649,347.8541504711519,339.39964790241993,344.3664245605469,16450600
2026-08-25,345.74554715649305,346.47508453547886,341.9230164927531,343.11724853515625,14031000
2026-08-26,342.95734444236746,342.96835414056403,336.7913644922452,338.8800048828125,16176400
2026-08-27,336.08178643402755,338.59016763122645,335.1823764801491,337.4908752441406,17936100
2026-08-28,337.3909315893229,345.20586500548376,337.06115912446904,342.65753173828125,17841900
2026-08-31,339.7993771115657,340.40899718997184,333.2136564976735,335.1923828125,23202000
2026-09-01,332.03443367755335,333.73334290375817,329.0763626874036,331.8145751953125,16313400
2026-09-02,330.5553891400064,336.2916858306205,329.30620012604203,333.5634460449219,12995900
2026-09-03,336.29167599230016,340.6288564621656,336.09179355680203,338.8599853515625,12858300
2026-09-04,339.17999267578125,340.17999267578125,333.75,335.30999755859375,12700500
2026-09-08,331.989990234375,336.4800109863281,330.3900146484375,335.3800048828125,14150300
2026-09-09,329.1199951171875,329.3399963378906,325.6300048828125,328.3800048828125,19326900
2026-09-10,326.0799865722656,330.8900146484375,325.6510009765625,330.3900146484375,16418900
2026-09-11,332.7300109863281,339.95001220703125,332.54998779296875,335.45001220703125,15820700
2026-09-14,339.1099853515625,346.45001220703125,338.739990234375,345.7099914550781,22484400
2026-09-15,343.3399963378906,344.3599853515625,339.17999267578125,341.42999267578125,13361000
2026-09-16,343.3599853515625,344.70001220703125,337.45001220703125,339.3599853515625,12869700
2026-09-17,345.0,345.9649963378906,340.5,343.67999267578125,15315700
2026-09-18,351.2200012207031,355.1300048828125,343.8699951171875,344.4100036621094,34108900
2026-09-21,346.19000244140625,353.29998779296875,344.79998779296875,350.8699951171875,18252200
2026-09-22,353.239990234375,359.9800109863281,345.739990234375,347.4100036621094,20165100
2026-09-23,346.29998779296875,346.3299865722656,334.20001220703125,334.9800109863281,23283400
2026-09-24,333.0,339.30999755859375,332.80999755859375,339.010009765625,15965000
2026-09-25,338.92498779296875,343.6000061035156,337.9100036621094,341.0799865722656,13858700
2026-09-28,337.6000061035156,340.1099853515625,336.6000061035156,339.1600036621094,13870800
2026-09-29,338.5400085449219,339.6400146484375,335.0199890136719,337.32000732421875,14002300
2026-09-30,340.6499938964844,349.05499267578125,337.7200012207031,340.739990234375,24240100
2026-10-01,347.7550048828125,350.093994140625,332.6499938964844,334.92999267578125,20045000
2026-10-02,338.1000061035156,342.7799987792969,337.9599914550781,340.3500061035156,17497900
2026-10-05,339.2099914550781,344.989990234375,339.1499938964844,343.8299865722656,13982200
2026-10-06,344.6400146484375,345.6700134277344,341.70001220703125,344.5899963378906,13177400
2026-10-07,343.67999267578125,347.6099853515625,340.2799987792969,347.3699951171875,11344700
2026-10-08,349.6449890136719,353.5299987792969,343.510009765625,344.8599853515625,13987000
2026-10-09,348.0,351.05999755859375,346.8800048828125,347.8599853515625,11129700
