timestamp,open,high,low,close,volume
2000-01-03,23.159917712489616,23.353563105314933,22.346609544642824,22.578983306884766,12019200
2000-01-04,22.00566229015104,22.180928631708618,21.557760011582147,22.083559036254883,11723400
2000-01-05,21.888816811605157,22.609356768911386,21.499336669145713,21.94723892211914,8714550
2000-01-06,21.84987050654694,22.726202211354973,21.7330262792392,22.258825302124023,8369250
2000-01-07,22.628836249460534,22.901472229318518,22.12250999456494,22.667783737182617,6571950
2000-01-10,22.667773662439796,22.86251458030058,22.27829360961914,22.27829360961914,4723500
2000-01-11,21.810920734226645,21.947237796500364,21.26564713642808,21.752498626708984,8405550
2000-01-12,21.71355050177886,22.083557796371238,21.65512839120645,21.888816833496094,7271850
2000-01-13,22.161449423905744,22.589876947301025,21.9861831326347,22.219871520996094,6918900
2000-01-14,23.03778708613342,23.60253358250342,22.68725440916555,23.018312454223633,9731850
2000-01-18,23.037790077781654,23.21305643902538,21.88882052102724,22.122509002685547,5296650
2000-01-19,22.511996755467365,23.485698417272495,22.511996755467365,23.09621810913086,15734700
2000-01-20,23.485687391063834,23.68042834515748,22.66777787993226,23.076732635498047,7770300
2000-01-21,23.018299053751104,23.057246511995405,22.62881912260704,22.72618865966797,5160600
2000-01-24,23.174095897288797,23.2325179892844,22.49250541830702,22.745668411254883,6459150
2000-01-25,22.745667098206468,23.602523803710938,22.745667098206468,23.251991271972656,7579950
2000-01-26,23.485693718395613,24.615188703796477,23.368849471040413,24.439922332763672,8386650
2000-01-27,24.751499756238033,25.394142959674515,24.47886383998965,25.140981674194336,8165850
2000-01-28,24.79045405199687,24.79045405199687,23.875172963543665,23.8946475982666,7500000
2000-01-31,23.9335902245916,25.394142959674515,23.9335902245916,25.140981674194336,7160250
2000-02-01,25.686252465115338,26.328895642492686,25.335719822909514,26.09520721435547,9651000
2000-02-02,25.861523490099806,26.23153082958376,25.355199064675617,25.666784286499023,7126200
2000-02-03,26.017310401171322,26.44573796687536,25.004660023968796,25.919939041137695,9200250
2000-02-04,25.7057440171548,25.958907241927573,25.41363328968713,25.472055435180664,5115150
2000-02-07,25.60837173461914,25.978377429413904,25.47205281485663,25.60837173461914,4684200
2000-02-08,26.192580338908897,26.835223559408583,26.173105707623613,26.50416374206543,6318600
2000-02-09,26.465210055873403,26.913112207183907,25.68624816485865,25.822566986083984,9818550
2000-02-10,25.90046501159668,26.095204156960644,25.35519148219537,25.90046501159668,6880500
2000-02-11,25.9394213998635,26.484695116683696,25.54994119236429,25.744680404663086,7052550
2000-02-14,25.627832821164965,25.997840128910596,24.63465690612793,24.63465690612793,5904750
2000-02-15,24.946250093264492,25.70573780102196,24.80993119244327,25.257835388183594,8965500
2000-02-16,25.23835005850162,25.6083573280424,24.61518151555507,24.770973205566406,4829700
2000-02-17,25.12151380475058,25.39414979437752,24.245181927840676,24.420448303222656,5716200
2000-02-18,24.323078054766977,24.478869790077077,23.232530558891114,23.290952682495117,8121300
2000-02-22,23.680429898602384,24.57623442381553,23.407792188405896,24.069910049438477,7068600
2000-02-23,24.10886001586914,24.673608343157504,23.855698694024124,24.10886001586914,4452900
2000-02-24,24.069917357095484,24.167286978640707,23.2520075439903,23.680437088012695,5199900
2000-02-25,23.875181411383405,24.53729961432467,23.329909275222153,23.64149284362793,4644300
2000-02-28,23.914126360498067,25.004672218076124,23.797282097796774,24.28413200378418,6051000
2000-02-29,24.20623478112246,25.238358412004132,24.20623478112246,24.80992889404297,6166950
2000-03-01,24.887820322040923,25.549938201904297,24.576235122769674,25.549938201904297,4866300
2000-03-02,25.082558860443577,25.277298031051938,24.848870429392555,25.102031707763672,3583800
2000-03-03,25.549926024901932,25.666770196078463,24.732016826666204,25.27728843688965,5981400
2000-03-06,25.842039691146827,26.289941809150612,25.62782416187915,25.997831344604492,5691450
2000-03-07,25.99784050255106,26.231528956506576,25.238353027195636,25.49151611328125,4566900
2000-03-08,25.160462511626303,25.374678169395647,24.49834625007157,24.615190505981445,5247750
2000-03-09,24.537275947071798,25.316237682548866,24.32306222754834,25.27728843688965,3979500
2000-03-10,24.92677915320617,25.413630914450405,24.225713472807538,24.517824172973633,5311350
2000-03-13,24.186750237779815,25.296770176228648,24.030958560017176,24.946237564086914,4723350
2000-03-14,25.082567529620956,25.218884639581244,24.45939697616704,24.615190505981445,4129650
2000-03-15,24.264646206293754,26.23152298503622,24.050430650331986,25.90046501159668,8861700
2000-03-16,26.46521030146056,28.1594511375364,26.23152191027768,28.081554412841797,15634950
2000-03-17,27.808936049724704,28.743690202656627,27.57524751149172,28.354209899902344,11889150
2000-03-20,28.042611089330155,28.198402778859368,26.32889537290402,26.971538543701172,8076150
2000-03-21,26.932601333858685,28.82158408968085,26.640490690324427,28.665790557861328,8345550
2000-03-22,28.23735983093284,28.704736811401233,27.65313860534734,28.529470443725586,8604150
2000-03-23,28.354211611665804,30.905311047086805,28.33473697133667,30.69109535217285,10431450
2000-03-24,30.223702276355883,31.392144420619676,29.91211889315302,29.97054100036621,9489000
2000-03-27,29.912132580445544,30.18477039412909,29.152644839145168,29.503177642822266,4828950
2000-03-28,29.21106387497199,29.834232643337444,29.016322854838226,29.36685562133789,7325700
2000-03-29,29.366851866589684,29.44474862126394,27.828403887809912,28.159461975097656,9088350
2000-03-30,27.8673519594916,28.276306810050176,26.776806285635946,27.107864379882812,8017200
2000-03-31,27.419449589036216,27.536293831911507,26.79627910510021,27.16628646850586,6805050
2000-04-03,27.399966252301887,28.977363030152954,27.361018778013335,28.821571350097656,8509500
2000-04-04,28.658711186801156,28.77616492117329,25.996425943632158,27.170963287353516,12638700
2000-04-05,26.3879313697524,27.22968167585007,26.3879313697524,27.05350112915039,7310700
2000-04-06,27.24925967607348,27.64077143034076,27.19053282332332,27.386289596557617,4853400
2000-04-07,27.640769618149324,27.640769618149324,26.936047431350605,27.05350112915039,4914150
2000-04-10,26.7794493654941,27.89525975572302,26.661995640206847,27.601625442504883,7864950
2000-04-11,27.24926090793301,27.523318969089342,26.62284171434651,26.936050415039062,8217150
2000-04-12,27.542899595223545,28.482529432160806,27.092660895758332,27.19053840637207,9133350
2000-04-13,26.936047084962176,27.17095447754092,26.38793103041256,26.466232299804688,6781050
2000-04-14,25.683209750546062,25.800663450941546,23.7256474798876,24.70442771911621,13084500
2000-04-17,24.273771770637673,24.880614855167458,23.471170077366594,24.62613296508789,8708700
2000-04-18,24.508683108802995,25.35043378939328,24.449956233775673,25.21340560913086,6833400
2000-04-19,25.291700841698912,25.370003920335037,23.686501171170114,24.430374145507812,9057150
2000-04-20,24.46951626543615,24.489092476326736,23.88224786072808,24.21503448486328,4540650
2000-04-24,23.803966489464475,23.940994703580976,23.314575145927485,23.412452697753906,7792800
2000-04-25,23.725648897397974,24.606551702994434,23.569044551581275,24.449947357177734,6327150
2000-04-26,24.66529511609194,24.66529511609194,23.862694840667576,23.940996170043945,5500500
2000-04-27,23.529899564549076,23.647353309117875,22.96220706320051,23.13838768005371,9298200
2000-04-28,23.255842853614713,23.392872828098973,22.472817244307816,22.59027099609375,8603250
2000-05-01,22.707708758158773,23.60818748517602,22.414074585457577,23.09922218322754,8439750
2000-05-02,23.11879937638663,24.117155683468027,22.98177127413689,23.843097686767578,8411250
2000-05-03,23.549476580186326,24.038867796460348,23.255842208862305,23.255842208862305,9320550
2000-05-04,23.52989753260352,23.62777683942634,22.825175126047654,22.942628860473633,6172200
2000-05-05,22.551109730113637,22.786017123135654,22.0812949440696,22.60983657836914,14505150
2000-05-08,22.433672696352005,22.923064059380067,22.335795140627397,22.55112648010254,5497650
2000-05-09,22.6294156553548,22.766443790489575,22.19875144958496,22.19875144958496,6378000
2000-05-10,22.14002109916052,22.14002109916052,21.53317642211914,21.53317642211914,6616050
2000-05-11,21.9442684856425,22.140025274684763,21.454879201339036,21.924694061279297,7853100
2000-05-12,21.650640632571708,22.82517813148522,21.33743182766277,22.433666229248047,12221850
2000-05-15,22.78601310001546,23.54946199254175,22.570681958498074,23.373281478881836,6703200
2000-05-16,23.999715352149163,24.019291574304756,23.079661586067893,23.255842208862305,7925100
2000-05-17,22.9426379852061,23.471180000334417,22.883911094636286,23.17754554748535,4350600
2000-05-18,23.099233316408917,23.92140939623803,23.099233316408917,23.529895782470703,5156250
2000-05-19,23.373287588929472,23.47116508025989,22.62941471197538,22.70771598815918,5114550
2000-05-22,22.942621454416606,22.942621454416606,22.0812949440696,22.60983657836914,4164600
2000-05-23,22.531533687207578,23.353709569009087,22.531533687207578,22.903470993041992,5208750
2000-05-24,22.707724381593867,23.001358756322247,22.081304979573993,22.433666229248047,8573100
2000-05-25,22.55111636100352,23.099234369956257,21.846393974722158,22.00299835205078,7721400
2000-05-26,22.042148186468538,22.316206262466753,21.728937676612368,22.081298828125,6163950
2000-05-30,22.43365887233189,23.02092742919922,22.277054521234405,23.02092742919922,4197750
2000-05-31,22.864333724108374,23.608206978432705,22.864333724108374,23.39287567138672,4983150
2000-06-01,23.76481440351186,24.50868954397634,23.627786187270353,24.156328201293945,8779650
2000-06-02,25.800663073490732,25.800663073490732,25.05678845373436,25.27212142944336,8867400
2000-06-05,25.21339356784704,25.409148529649123,24.821880059840584,24.861032485961914,4890450
2000-06-06,24.861045307387702,24.861045307387702,23.96056592521583,24.117170333862305,5546850
2000-06-07,24.254183438929115,24.567393830536705,23.999699883735396,24.0780029296875,5901150
2000-06-08,24.33250304821901,24.33250304821901,23.608204308678122,23.9605655670166,3975150
2000-06-09,24.117155032153654,24.62612217368187,22.355349831942732,22.962194442749023,10294950
2000-06-12,23.197101801538007,23.373282321549688,22.639196821501017,22.830059051513672,5142600
2000-06-13,22.727290483764172,22.786017332559428,22.374929390992637,22.63920021057129,5649900
2000-06-14,22.962215137838868,23.66693785306666,22.668580673160623,23.52012062072754,5920600
2000-06-15,23.402641633408628,23.432005048256066,21.905107476189254,22.93282699584961,9911800
2000-06-16,21.96384577902016,22.051936069577728,20.730581711214217,21.347213745117188,16619900
2000-06-19,21.317847427368164,22.25747706604004,21.20039372253418,22.02256965637207,7731000
2000-06-20,22.551103375570403,22.81537411825287,22.316196048741546,22.521739959716797,5643600
2000-06-21,22.404296550344913,22.52175026751579,21.787664535197806,22.081298828125,4059300
2000-06-22,22.19874853458045,22.22811195856799,21.61148005482964,21.787660598754883,3268600
2000-06-23,21.905115951538086,22.580474754333498,21.817025672912596,22.02256965637207,3662500
2000-06-26,21.875743540138515,22.756645964573625,21.875743540138515,22.345558166503906,3195000
2000-06-27,22.727283870692048,22.90346436581369,22.46301312800958,22.521739959716797,5146100
2000-06-28,22.60983827224169,22.991562814500316,21.934479466707195,22.10331916809082,4898400
2000-06-29,22.28683725492222,22.96219595961683,21.905112769660047,22.374927520751953,4679500
2000-06-30,22.40429734860217,22.668568221652524,21.43530414741754,21.64084815979004,6995300
2000-07-03,21.703522199713447,22.708862465095272,21.703522199713447,22.501880645751953,2746100
2000-07-05,22.915860245989254,23.50723728459543,22.413189763174007,22.59060287475586,5083900
2000-07-06,22.620180509984493,22.79759369045496,22.058372105161347,22.708887100219727,3497600
2000-07-07,22.827159229140456,23.98034473423952,22.827159229140456,23.684656143188477,6245000
2000-07-10,23.743780373328892,24.12817532333297,23.507229634864846,23.53679847717285,3393600
2000-07-11,23.8324872074527,24.571708274681384,23.566367623250375,23.980331420898438,4641900
2000-07-12,24.453435202316832,24.68998596606355,23.89162713841838,23.92119598388672,4531400
2000-07-13,24.305587552451147,24.512569441583945,23.950761456794925,24.009899139404297,4588500
2000-07-14,24.33516109784444,24.956106885274252,24.128179168701173,24.837831497192383,4532300
2000-07-17,25.429221121756523,25.429221121756523,24.512586406902507,24.616077423095703,5069900
2000-07-18,24.24645031888061,24.364725686289784,23.71421116553933,24.09860610961914,3273200
2000-07-19,24.128175634344174,24.36472637585735,23.714211836696112,23.980331420898438,4287100
2000-07-20,24.009900463629293,25.192654181049456,23.891625091887274,24.276020050048828,6117400
2000-07-21,25.074390480324073,25.42921676070602,24.423875632957177,24.94872283935547,5470100
2000-07-24,24.808260467991683,24.896967001250296,24.00990166866418,24.394296646118164,3232600
2000-07-25,24.423863476078683,24.483001160040132,24.069037372309985,24.246450424194336,2697100
2000-07-26,24.128176377694817,24.128176377694817,23.004560320890402,23.359386444091797,4654000
2000-07-27,23.359394527616956,23.83249618893578,22.88629286629813,23.595945358276367,3556100
2000-07-28,23.684642614320268,23.7142114565354,22.73843966343606,22.88628387451172,2880800
2000-07-31,23.181967511530054,23.566362380981445,22.82714147819031,23.566362380981445,3650700
2000-08-01,23.59594228712179,25.251797886218057,23.47766688718634,24.423870086669922,10556800
2000-08-02,24.571702356906304,24.778684205881447,23.980325645548753,24.33515167236328,6692900
2000-08-03,24.128177813629605,24.571710494027208,23.655076287872163,23.773351669311523,5914200
2000-08-04,24.542147917173473,24.956111857945075,23.95077085892833,24.80826759338379,8546500
2000-08-07,25.103952899696946,25.60662333467321,24.86740210676694,25.340503692626953,6924000
2000-08-08,25.458768715368254,25.488337552436043,24.89696081108022,25.310924530029297,3458500
2000-08-09,25.281361815749957,25.3700683484368,24.660416086942064,24.749122619628906,6305600
2000-08-10,24.749130566148875,25.16309451827084,24.483010882641896,24.54214859008789,4979200
2000-08-11,24.394296396237152,24.80826021387027,24.27602101977055,24.60127830505371,4492200
2000-08-14,24.95610809326172,25.074383487068644,24.394299972678812,24.95610809326172,4970100
2000-08-15,25.074377411956235,25.25179045968234,24.42386290362718,24.512569427490234,7236200
2000-08-16,24.246448961735958,24.512568523511106,23.684640997988417,23.83248519897461,5305600
2000-08-17,23.684642994006964,24.187313319722467,23.684642994006964,23.980331420898438,4514400
2000-08-18,24.03946798070898,24.24644986984178,23.773348408966818,24.009899139404297,3694100
2000-08-21,24.128174951471436,24.42386336999437,23.950761900357673,24.09860610961914,3502300
2000-08-22,24.33516227577535,25.310934274682502,24.128180336613227,24.95610809326172,7456800
2000-08-23,25.0448149910456,25.724898515005517,24.956108444442133,25.695329666137695,6868200
2000-08-24,25.25179134064437,25.961443556306506,25.074378286728837,25.19265365600586,4508200
2000-08-25,25.133518296845104,25.399637902341112,24.542141395742867,24.630847930908203,4746600
2000-08-28,24.60128302704256,25.222228872677046,24.60128302704256,24.92654037475586,5261600
2000-08-29,25.103956810824844,25.16309451827084,24.4238731751959,24.54214859008789,7020300
2000-08-30,24.83782754817479,25.488342079198418,24.749121021217025,25.19265365600586,8367100
2000-08-31,25.39963601686277,26.759802788429347,25.310929488282344,26.434545516967773,8450600
2000-09-01,26.818934471308193,26.878072143791783,26.079713565263315,26.641521453857422,5478500
2000-09-05,26.700669267767108,27.232908522274094,26.582393877876665,27.02592658996582,4851200
2000-09-06,27.08506751060486,27.55816912651062,26.375415086746216,26.493690490722656,6821900
2000-09-07,26.75980661633754,27.11463278141605,26.464118145438782,27.085063934326172,3495800
2000-09-08,26.907652117754964,27.5877356328191,26.848514420792863,27.351184844970703,4496500
2000-09-11,27.203340530395508,27.617304408031963,26.730238955953848,27.203340530395508,5219500
2000-09-12,27.321608476808088,27.410314997836686,24.601275165264425,24.98567008972168,7314600
2000-09-13,23.8324872074527,24.216882162411615,23.477661095182935,23.980331420898438,42585300
2000-09-14,24.601276092529297,24.601276092529297,23.62550432443619,23.655073165893555,20361300
2000-09-15,23.80292370725831,23.80292370725831,22.915858227484705,23.24111557006836,14822300
2000-09-18,23.241112165003013,23.241112165003013,22.028789520263672,22.028789520263672,15120400
2000-09-19,22.087921600341797,22.590591837565103,21.9696462504069,22.17662811279297,15642000
2000-09-20,22.14706411412967,22.265339489906065,21.5852560791918,21.99921989440918,12493000
2000-09-21,21.999227251325337,22.028796105157763,21.11216163635254,21.11216163635254,12166800
2000-09-22,21.17129753758668,22.501895846513214,21.082590983658243,22.35405158996582,17425600
2000-09-25,22.472316153506014,23.034124057343668,22.23576545715332,22.23576545715332,11709900
2000-09-26,22.413185927081788,22.679305548907298,21.64439590847476,21.792240142822266,8176500
2000-09-27,21.96965385531331,22.20620463706635,21.407845748649848,21.526121139526367,7879200
2000-09-28,21.437407175699867,22.26533462524414,21.348700663248696,22.17662811279297,9307900
2000-09-29,21.940091686739166,22.53146882115262,21.85138511657715,21.85138511657715,8576500
2000-10-02,22.058367990192615,22.472332000732422,21.910523700714112,22.472332000732422,7138200
2000-10-03,22.53147198682163,22.768022873822378,22.02880135194503,22.117507934570312,9742300
2000-10-04,22.09129069763937,22.24015384250217,21.644701263050973,21.704246520996094,6363900
2000-10-05,21.734030464698158,22.121074842836617,21.079032286309996,21.168350219726562,9189200
2000-10-06,21.198107038225444,21.436288016183035,19.888111659458705,20.42401885986328,13400700
2000-10-09,20.543122199456725,20.60266748119428,19.977442022949944,20.0369873046875,6499500
2000-10-10,20.036986846105975,20.24539532741763,19.173580280671988,19.4415340423584,11926200
2000-10-11,19.114023481096538,19.501067570277623,18.518571036202566,19.381977081298828,16885900
2000-10-12,19.114033022793855,19.173578297008167,17.833809627186167,18.0124454498291,14847200
2000-10-13,18.042225202425257,19.114040560985174,17.982679904727483,18.90563201904297,14143700
2000-10-16,19.143803299697467,19.381984367189812,18.459032730656965,18.84607696533203,8405600
2000-10-17,19.0544839824444,19.292665032224953,17.9826692584319,18.07198715209961,8318700
2000-10-18,15.958137900142347,18.161313655012744,15.422230284092791,17.565860748291016,29641500
2000-10-19,18.161318244750387,19.114043136278276,18.161318244750387,18.548362731933594,14981100
2000-10-20,18.42926058629437,18.756759562787483,18.161306878254546,18.280397415161133,7559300
2000-10-23,18.191079512481192,18.459033220521015,18.071988975574605,18.280397415161133,5240100
2000-10-24,18.191083619449515,19.20335341169384,18.161310978501152,19.08426284790039,10595900
2000-10-25,19.08426368534565,19.739261814951895,18.935400474071503,19.05449104309082,9256100
2000-10-26,19.381990107893944,19.50108067691326,18.51858348250389,19.05449104309082,10398700
2000-10-27,19.29266877963288,20.453801622851525,19.203350868616063,20.3347110748291,9867500
2000-10-30,20.394266768864224,20.930174508775984,20.394266768864224,20.840856552124023,7884900
2000-10-31,21.34698705620818,21.882894681050228,21.019487952138043,21.67448616027832,13186900
2000-11-01,21.67448364758785,21.823346859453153,21.198121369618885,21.76380157470703,8789400
2000-11-02,21.763804097751997,22.15084849347125,21.614940868629205,21.67448616027832,6435700
2000-11-03,21.70425782022597,21.70425782022597,21.019486997365615,21.168350219726562,5879800
2000-11-06,21.37675970203274,21.763804097751997,21.22789647290995,21.67448616027832,4568100
2000-11-07,21.49583298705715,21.614923474520072,21.25765201213131,21.40651512145996,4101800
2000-11-08,21.406531696511138,21.406531696511138,20.602670283707518,20.75153350830078,5754400
2000-11-09,20.51335613855897,21.108809146935137,20.2751749352085,21.01949119567871,6306500
2000-11-10,20.78130865166657,21.227898379137915,20.394264221191406,20.394264221191406,4465600
2000-11-13,19.947651486722226,20.30492285663367,19.411744431855062,20.066741943359375,6041800
2000-11-14,20.394259941560406,20.572895795063125,19.888125023302702,20.275169372558594,6506300
2000-11-15,20.036979833263562,20.394251390468856,19.352209348620082,19.411754608154297,8300500
2000-11-16,19.4713077545166,19.888124740087296,19.32244454538421,19.4713077545166,6940400
2000-11-17,19.501072074336584,19.53084470345771,18.637665829823973,18.87584686279297,8358900
2000-11-20,18.93540066760788,19.024718595285275,18.161311961070453,18.369720458984375,7421300
2000-11-21,18.36971878889882,18.726990467127,17.982674470818292,18.429264068603516,6202100
2000-11-22,18.25062775333258,18.280400392408165,17.62540233274533,17.833810806274414,6600100
2000-11-24,18.071992270862715,18.667445063971865,18.012446991551798,18.637672424316406,3835500
2000-11-27,18.786536098661877,19.143807783580964,18.667445537022182,18.756763458251953,10451600
2000-11-28,18.78653340276919,19.114032400281808,17.83380904636885,18.101762771606445,13168300
2000-11-29,17.804033471096485,18.369713464325304,17.714715577428777,18.07198715209961,9867200
2000-11-30,17.71472397497145,18.220858945684917,16.881089905561026,17.565860748291016,15472400
2000-12-01,17.684953066571875,18.429269273077423,17.65518041831165,17.77427101135254,9448300
2000-12-04,17.804033471096485,18.280395570657596,17.56585242131593,18.07198715209961,6819200
2000-12-05,18.399494303877884,19.73926330658744,18.131540503335973,19.679718017578125,13818600
2000-12-06,19.649943025919278,20.602667536266882,18.60790059272659,19.08426284790039,19776900
2000-12-07,18.786534782421835,19.262896995605274,18.25062729259047,18.667444229125977,9650300
2000-12-08,19.203354254364967,19.47130803465843,18.875855189561843,19.05449104309082,8411700
2000-12-11,19.173582402397603,20.30494285471299,19.084264471951652,20.245397567749023,9131000
2000-12-12,20.245398477066395,20.811078728631486,19.97744467369346,20.483579635620117,7843400
2000-12-13,20.930160701944587,21.28743229287394,20.781297539057356,21.1981143951416,10288900
2000-12-14,20.15606525966099,20.930153438023158,19.709475925990514,20.42401885986328,16122600
2000-12-15,20.00720892047475,20.930160522460938,19.94766365583048,20.930160522460938,11412000
2000-12-18,20.95992949514678,21.614927291870117,20.870611613775417,21.614927291870117,13271000
2000-12-19,21.317204601761354,21.88288461214329,20.93016038413161,21.34697723388672,13078000
2000-12-20,21.346989237028975,21.346989237028975,20.602673015375245,20.721763610839844,6853300
2000-12-21,20.691987389845472,21.793575207722135,20.691987389845472,21.52562141418457,8796400
2000-12-22,21.64471563835667,22.09130536954697,21.436307097134527,21.734033584594727,7098600
2000-12-26,21.73402429278431,22.03175065295944,21.52561584066172,21.793569564819336,4832200
2000-12-27,21.466069905263073,22.150840512504473,21.346979364873263,22.09129524230957,7452200
2000-12-28,22.00198499880205,22.597437908106574,21.88289441694115,22.359256744384766,6397400
2000-12-29,22.35925788302205,22.656984352835927,21.108806709803773,21.64471435546875,9657000
2001-01-02,21.25766637650403,21.34698430245573,20.632440894842148,20.95993995666504,7803200
2001-01-03,20.843582424116722,24.412483587382752,20.72361935980526,24.29252052307129,21303200
2001-01-04,24.712371275975155,25.91200094956618,24.38247311573762,24.95229721069336,26409800
2001-01-05,24.352491308141637,24.712380342252104,23.182851947282618,23.482759475708008,16215700
2001-01-08,23.51275599910523,24.052589682758157,23.18285763687289,23.632719039916992,9938300
2001-01-09,23.93261914136933,23.99260064297677,22.97291511565026,23.362794876098633,7285100
2001-01-10,23.752673770459882,24.802350010316065,23.48275702306829,24.442461013793945,10857000
2001-01-11,24.532434525170448,26.03197208783368,24.532434525170448,25.97199058532715,16077700
2001-01-12,25.912011561332246,25.942002315454157,25.132251954162527,25.58211326599121,8946800
2001-01-16,25.672078976479877,26.241903159369034,25.19222703299427,25.522125244140625,10508500
2001-01-17,25.40216295449239,25.941996405709464,25.0122832397245,25.432153701782227,10317300
2001-01-18,24.712380966612955,24.892325488214503,24.262519662609076,24.682390213012695,13565600
2001-01-19,24.35249209787112,24.8023534050978,23.902630790644437,24.26251983642578,10789100
2001-01-22,24.262508535267973,25.04226777125928,24.022582616501417,24.41246223449707,10581500
2001-01-23,24.052578525935292,24.98229166097768,24.052578525935292,24.80234718322754,8794600
2001-01-24,25.28221099477419,25.672090879628357,25.072275672160405,25.552127838134766,9316500
2001-01-25,25.432154103920514,25.852024572617314,24.832339148639367,25.46214485168457,8347100
2001-01-26,25.642092714672682,26.15193549379483,25.31219444582894,26.001981735229492,7967800
2001-01-29,26.003181275441857,26.871714123037968,25.998383560478455,26.449443817138672,9494400
2001-01-30,26.43984932457794,26.95809045840965,26.214320087883422,26.862119674682617,9452800
2001-01-31,27.106836148199605,27.50991183989926,26.151930008527746,26.38705825805664,13130800
2001-02-01,26.38706480121594,26.79973602294922,25.67688216267428,26.79973602294922,9174100
2001-02-02,26.39184980564871,26.55020178311752,26.051155456565976,26.21910285949707,7075200
2001-02-05,26.156733897473156,26.367869966607017,25.768054916549943,26.199920654296875,5273700
2001-02-06,25.916809984282025,26.132743785954336,24.952308110799592,25.086666107177734,7560200
2001-02-07,25.120250259639825,25.67208076529546,24.89472107521998,25.110654830932617,7988800
2001-02-08,25.110658298671733,25.45615052503382,24.726775199728984,24.79875373840332,5730800
2001-02-09,24.80355544728889,25.240220803682377,24.496450383076844,24.92831802368164,5490500
2001-02-12,25.177837458555867,25.480142929813137,24.798753902609434,25.216224670410156,5246300
2001-02-13,25.21142637899084,25.76805466682987,24.520438276507736,24.53963279724121,7334700
2001-02-14,24.832329640302877,24.89471088430344,24.424456359082985,24.56361198425293,6835100
2001-02-15,24.654804059735593,25.312200994836612,24.42447524664525,24.525243759155273,7408400
2001-02-16,24.18453381187147,24.952296034586,24.11255530265282,24.947498321533203,7364800
2001-02-20,24.947521316764266,25.24022967551484,23.815069621562504,23.9686222076416,9073500
2001-02-21,23.4887573934796,24.040586133418117,22.557843277469008,22.720993041992188,9835100
2001-02-22,22.912936809499307,23.176855087280273,21.780485608339827,23.176855087280273,12409800
2001-02-23,22.577028274536133,23.152850837632133,22.16915495052493,22.577028274536133,9708100
2001-02-26,23.032901391213436,23.65670877112736,22.461878036532863,23.29681968688965,8783500
2001-02-27,23.488757068465254,23.88703329869338,22.481066714298375,22.84095573425293,11744300
2001-02-28,22.980110274478932,23.032894283423506,21.737293613882937,22.389892578125,10510600
2001-03-01,21.881243466337217,22.193147898731414,21.48776509867995,22.12596893310547,10551800
2001-03-02,21.88126306536804,22.840967617892797,21.68452370532011,21.97723388671875,7559700
2001-03-05,22.02520836439724,22.529052617336486,21.737296055224686,22.43787956237793,5988200
2001-03-06,23.152859917409735,23.488756696817344,22.79297090314948,23.013702392578125,6844500
2001-03-07,23.224844090478083,24.208540602158426,23.042499766450067,24.11256980895996,7296600
2001-03-08,24.112561004592596,24.563621188289183,23.89662725636392,24.107763290405273,7064400
2001-03-09,23.800668550388853,23.896639357142618,22.93693495058676,23.488765716552734,6377600
2001-03-12,22.792978005491186,22.96092553228271,21.828475952148438,21.828475952148438,8549500
2001-03-13,22.4330866911655,22.936931052890355,21.881256018972685,22.744991302490234,7065900
2001-03-14,21.593353271484375,22.05881058331579,20.820790783781558,20.99353790283203,16205000
2001-03-15,21.54536009717298,22.049204437828234,21.4733815497263,21.71810531616211,8561300
2001-03-16,21.718103364566744,22.025210219650763,21.17107231069796,21.39180564880371,10739300
2001-03-19,21.305424800628256,21.785276694061416,20.465683987120222,21.665313720703125,9742500
2001-03-20,21.814080184160833,21.814080184160833,20.39371813677611,20.436904907226562,10213200
2001-03-21,20.53287130356203,20.696021086850426,19.218075775827245,19.290054321289062,12026300
2001-03-22,19.218072482855355,19.22287202799199,18.032839272234966,18.67104148864746,15668200
2001-03-23,19.338038019762724,20.105802428661843,19.102911530964583,20.014629364013672,10763200
2001-03-26,20.225768010845062,20.628843873247725,19.98584194585516,20.206573486328125,8319900
2001-03-27,20.206564424747942,20.825573834146514,19.72191296573426,20.806379318237305,12254000
2001-03-28,20.48968599379782,20.80158877508204,20.1297969019764,20.417707443237305,7315300
2001-03-29,20.5376733002127,20.753607151120207,20.163389178966902,20.633644104003906,6688200
2001-03-30,20.705626701057334,21.593352690584904,20.585663630554084,21.545368194580078,8463000
2001-04-02,21.353409432840028,21.78527687266639,20.945536052273802,21.40139389038086,8743100
2001-04-03,21.17105260620756,21.209441613797214,19.91384189546445,19.96182632446289,9050300
2001-04-04,20.02957121690186,20.19890259624573,18.970034785775987,19.58930778503418,11634000
2001-04-05,19.98120150735708,20.789159056249844,19.96184881078576,20.561769485473633,8644900
2001-04-06,20.126332819131104,20.561759042976593,19.11034075759001,19.54092788696289,9789600
2001-04-09,19.303874661630196,20.116669500787772,19.303874661630196,19.555452346801758,7386400
2001-04-10,20.029574324666154,20.953643950120828,19.947326323670765,20.94880485534668,7962300
2001-04-11,21.40841913204471,22.158318190154127,21.311657546513942,21.645484924316406,9898000
2001-04-12,21.408428156350965,22.13413758537981,21.287476584846157,21.95029067993164,6740700
2001-04-16,21.950293972418397,22.43893942811509,21.78096248514219,22.0131893157959,6377000
2001-04-17,21.795472816051447,22.245412809695292,21.660007646549907,21.95029067993164,5115500
2001-04-18,22.714691508761348,24.24835560505183,22.49697844501747,23.754873275756836,15206700
2001-04-19,23.706516222195802,23.943582196470828,23.319471428499472,23.60975456237793,11593500
2001-04-20,23.604901575240465,23.604901575240465,22.884029627973117,23.125932693481445,8496300
2001-04-23,23.198509909205125,23.319461470936567,22.6131047933628,22.884035110473633,5135800
2001-04-24,23.125938307938497,23.416223164367477,22.90822512701036,22.932416915893555,6179000
2001-04-25,22.985642065674938,23.029184717039413,22.264771537676957,22.971128463745117,8079600
2001-04-26,23.10174873194744,23.658126664768602,22.85984560386422,23.464603424072266,7012500
2001-04-27,23.933889907961735,24.22417284853602,23.73069037310059,24.117734909057617,6371800
2001-04-30,24.209665699671838,24.383836248609313,23.101748921044113,23.213024139404297,7737700
2001-05-01,23.459763779851144,23.575876235961914,23.00498476429036,23.575876235961914,8051200
2001-05-02,23.827451475926928,24.127410754396184,23.367835291540462,23.982269287109375,6753000
2001-05-03,23.512975919871455,23.774231659010294,23.372673552325477,23.706499099731445,7494000
2001-05-04,23.343650726458606,24.480594635009766,23.31462168809149,24.480594635009766,8223200
2001-05-07,23.73071006590383,24.161297584825146,23.51783585586842,23.803281784057617,10128700
2001-05-08,23.58554790157298,23.696823085588463,22.98079026307111,23.101741790771484,8695500
2001-05-09,22.85984230041504,23.03401282275768,22.738890753851997,22.85984230041504,6490800
2001-05-10,23.222695867769787,23.667796652693166,22.86467849442242,22.98563003540039,5905800
2001-05-11,22.99047586839653,23.125941043409036,22.424421531027175,22.46796417236328,5675600
2001-05-14,22.44860997517816,23.116261248670448,22.42441818704096,23.04852867126465,5469800
2001-05-15,22.93240764928633,23.188824266779985,22.748560832394876,22.87434959411621,5821200
2001-05-16,22.927574211128896,23.53717102177826,22.54536689205538,23.372676849365234,9348000
2001-05-17,23.251717981161466,23.58554347049119,23.154956408065264,23.314611434936523,7818200
2001-05-18,23.60974558044255,23.60974558044255,23.169481949058614,23.30010986328125,5556700
2001-05-21,23.454930585340666,23.948413261903394,23.077562239676386,23.914546966552734,6909900
2001-05-22,24.11772798898036,24.48058248337168,24.049995445319055,24.199975967407227,8750800
2001-05-23,24.093560629081807,24.098399727061345,23.41139361440165,23.667810440063477,6283400
2001-05-24,23.682314256692607,24.141930523523463,23.682314256692607,23.87099838256836,5418700
2001-05-25,23.82744855583162,24.035485310157867,23.51297387727138,23.561355590820312,3857900
2001-05-29,23.706502515859643,23.924215663181336,23.27107622121626,23.866159439086914,5391800
2001-05-30,23.866167011473223,24.14193647038696,23.41138788264556,23.522663116455078,5402700
2001-05-31,23.488803981781828,23.79360257765855,23.150139080316055,23.779088973999023,5875300
2001-06-01,23.827452673253113,23.827452673253113,23.416218187680368,23.653282165527344,6006400
2001-06-04,23.585557215141527,23.94841194152832,23.411386651183935,23.94841194152832,4271200
2001-06-05,23.948409680238704,24.14677017144397,23.464603424072266,23.464603424072266,6758900
2001-06-06,23.00499542445644,23.029185376890922,22.380884685541407,22.6614933013916,12689200
2001-06-07,22.25509004583071,22.298632687134663,21.53421783881511,22.076082229614258,11970800
2001-06-08,21.843849713763365,21.843849713763365,21.19071026495776,21.384233474731445,7355600
2001-06-11,21.408435242794514,21.65517571828553,21.292320883661894,21.374568939208984,6247800
2001-06-12,21.093944734846005,21.118136515746617,20.561758775360303,21.040727615356445,8116400
2001-06-13,21.214894372371578,21.582588000740156,20.924611483089944,21.239086151123047,7347500
2001-06-14,21.11814227312421,21.451967901021646,20.953648084252805,21.089113235473633,6765500
2001-06-15,21.23910348663012,21.790642533779472,20.973008467764114,21.722909927368164,16099300
2001-06-18,21.529363332125477,21.72288643738506,21.214888747471928,21.437440872192383,7108600
2001-06-19,21.722903689401964,21.964806840305886,21.360048963046083,21.5390567779541,5717600
2001-06-20,21.553556135588533,22.255075178818124,21.529366205595792,22.061552047729492,7645800
2001-06-21,22.10994356558349,22.850166456194433,21.87771681255994,22.796947479248047,7181900
2001-06-22,22.54536601705882,22.550205112115737,22.134131524773508,22.206703186035156,7293900
2001-06-25,22.255090273121336,22.42442174349133,21.79547390923543,22.168004989624023,4647300
2001-06-26,21.311651099808472,21.80513337572224,21.28746117213659,21.6164493560791,6830700
2001-06-27,21.38423492394566,21.69870785417216,21.287473312501263,21.297149658203125,6571400
2001-06-28,21.480993525908627,21.930933387350525,21.43745089913767,21.771276473999023,4913000
2001-06-29,21.650334881858477,21.766449221769413,21.28748010730219,21.514869689941406,6180700
2001-07-02,21.6745208259848,22.206708837673457,21.33101881248248,22.158327102661133,5128300
2001-07-03,22.29967440745177,22.426403979400938,22.099830405169914,22.250932693481445,3057900
2001-07-05,22.32405448302012,22.42153981059395,21.909744165053812,22.19244956970215,4379000
2001-07-06,22.070589685499822,22.070589685499822,21.397944942381354,21.69527244567871,5037300
2001-07-09,21.641662335283804,21.641662335283804,21.134740085988156,21.441818237304688,4892200
2001-07-10,21.202972935080496,21.227343796463703,20.447465075935895,20.476709365844727,8433400
2001-07-11,20.452332280632167,20.564439696381644,19.843051634573936,20.496200561523438,8240300
2001-07-12,20.691174284404283,21.115233158452387,20.54982070659583,20.735042572021484,7200400
2001-07-13,20.613186273022755,20.91051556920675,20.574191413481202,20.73991584777832,5728800
2001-07-16,20.910524058171227,20.9543923632759,19.935674486403393,20.08190155029297,7292100
2001-07-17,20.17450473560046,20.82278037306473,19.7894388393342,20.618061065673828,6459800
2001-07-18,19.984413399723184,21.24197006225586,19.86255722045658,21.24197006225586,10179800
2001-07-19,21.36382081112146,21.568538247751576,20.934886648506644,21.30045509338379,8137100
2001-07-20,21.178600977920112,21.373569718275647,20.934888657942615,21.15423011779785,4094700
2001-07-23,21.154229474639884,21.300456490305113,20.959258880834653,20.96413230895996,4128000
2001-07-24,20.842265230014284,21.124972256937813,20.739906558628764,20.803272247314453,5781100
2001-07-25,21.03237289270944,21.03237289270944,20.325606828690518,20.9105167388916,7438000
2001-07-26,20.813034576140208,21.198100526404165,20.59369309438367,21.076244354248047,5522800
2001-07-27,20.861762037280833,21.558779014187323,20.852013327048585,21.549030303955078,6060000
2001-07-30,21.25171768545046,21.50030534135553,21.227346820595283,21.35407829284668,6203600
2001-07-31,21.202965464655243,21.4954194169687,20.98362407073171,21.105480194091797,8469900
2001-08-01,21.05674917642837,21.373574142351657,20.959263856383576,21.20297622680664,8843900
2001-08-02,21.22734709197338,21.56854478244124,21.20297622680664,21.20297622680664,4944500
2001-08-03,21.207853961930578,21.324836741610966,20.978765551597878,21.115243911743164,5896700
2001-08-06,21.115232139648086,21.23708828166331,20.749663713602413,20.842273712158203,5036000
2001-08-07,20.774040168645534,20.97388422103254,20.622939701827107,20.84715461730957,4686600
2001-08-08,20.64243294325167,20.832530116414,20.384098476762222,20.51082992553711,5489800
2001-08-09,20.496212120957043,20.54008042658912,20.086775221517016,20.423099517822266,5501900
2001-08-10,20.423100559526198,20.657064248371515,20.047783227614506,20.593698501586914,4708300
2001-08-13,20.379226383624122,20.657058300339628,20.252494926546213,20.53032684326172,4209300
2001-08-14,20.530332754802313,20.75454958356826,20.47184229743551,20.593698501586914,4620700
2001-08-15,20.505967041686816,20.64244542965031,20.47672087596096,20.54496192932129,4808900
2001-08-16,20.56931902787931,20.59368988663892,20.120887417317704,20.5595703125,6343100
2001-08-17,20.398722776497227,20.442591073496523,19.994161245839415,20.21837615966797,4967800
2001-08-20,20.13064091224679,20.306114111981717,19.89667726572615,20.028282165527344,5850000
2001-08-21,19.935669654836666,20.203752850225143,19.691957320960313,19.69683074951172,7114200
2001-08-22,19.83818915735101,20.130643285130162,19.78944556313582,20.08190155029297,5342100
2001-08-23,19.94052941814282,20.08188292117216,19.789427205313917,19.847919464111328,4557900
2001-08-24,19.643201367917452,20.057513190213843,19.42386003368717,19.950279235839844,11913100
2001-08-27,19.877175893134964,20.22812222309056,19.760195022734706,20.033151626586914,5481500
2001-08-28,19.935670540592287,20.081897575539557,19.570102023535295,19.73582649230957,6436800
2001-08-29,19.63345103990155,19.726062850821684,19.214265826661148,19.28738021850586,6178300
2001-08-30,19.131424104491593,19.2532803089788,19.06805835753237,19.126550674438477,7395300
2001-08-31,19.063175236992862,19.496982806947084,19.063175236992862,19.20452880859375,4918600
2001-09-04,19.253272517822673,19.828433719004018,19.0388063540886,19.41412353515625,6377800
2001-09-05,19.496993103305588,19.496993103305588,18.56601175699787,18.69274139404297,10440300
2001-09-06,18.5221313893729,18.5221313893729,17.790994624002913,18.005460739135742,11279200
2001-09-07,17.54728904930321,18.132199056155514,17.52779161522001,18.034713745117188,8777400
2001-09-10,17.69350900643439,18.210179646636753,17.493665035489713,18.161436080932617,9263700
2001-09-17,17.059864558226675,17.459552664840626,16.572439856563054,17.181720733642578,20453200
2001-09-18,17.108604053723532,17.498545251709228,16.767408294552197,16.981874465942383,13190400
2001-09-19,17.05986826713214,17.303580670948314,16.089892081817414,16.626060485839844,13595900
2001-09-20,16.15813068296677,16.445711350528526,15.256393809042988,15.383124351501465,12567200
2001-09-21,14.25717010232845,15.52447429736205,14.154811378613582,15.02242660522461,19319400
2001-09-24,15.426994389534892,15.93879097591848,15.402623521954771,15.880300521850586,13583500
2001-09-25,15.865677110327816,16.392096794865537,15.66095958370409,16.20687484741211,11045500
2001-09-26,16.440834793208584,16.45058351026591,15.62196115416958,15.885170936584473,8319900
2001-09-27,15.841298568140896,16.27998142608644,15.451359282954401,16.14350128173828,6552000
2001-09-28,16.377476033512085,17.06474507389711,16.226375503247876,16.64556121826172,10302300
2001-10-01,16.718662378144312,16.879513378735925,16.37746480728888,16.57243537902832,8583800
2001-10-02,16.767398875039586,17.18170884092844,16.48469185125556,17.05497932434082,10114000
2001-10-03,16.991008388129195,17.365085377842288,16.882722103749245,17.064838409423828,15753100
2001-10-04,17.301090776229685,17.32570077058459,16.759661512310725,16.813804626464844,11926300
2001-10-05,16.98115683977735,17.00084558819197,16.27237879545244,16.444650650024414,9235900
2001-10-08,15.996737207799058,16.292060835971228,15.775243547859011,15.967204093933105,7810600
2001-10-09,15.84907944742427,16.34128687201743,15.78509195649291,16.21823501586914,7750700
2001-10-10,16.095182483622846,16.671064244947512,16.021350621986347,16.434804916381836,8522700
2001-10-11,16.513559101909916,16.956546545349052,16.213312265536985,16.44957160949707,10665500
2001-10-12,16.23792349786622,16.28714348847148,15.75555857734769,16.188701629638672,8231000
2001-10-15,15.799858173370122,16.661221198844682,15.676807251399236,16.513559341430664,8377100
2001-10-16,16.73505375362742,16.98115748529841,16.46434002431382,16.705520629882812,8870300
2001-10-17,17.473359961244437,17.842515453383406,17.015607000782364,17.030372619628906,14314100
2001-10-18,17.054993440104628,17.227265342480266,16.735057761266543,16.803966522216797,6970300
2001-10-19,16.808879881568032,16.818722375164498,16.242840741058185,16.67106056213379,7393000
2001-10-22,16.67599339545943,17.561966667086708,16.67599339545943,17.379850387573242,7499100
2001-10-23,17.670248052465208,17.91635177532616,17.483208697356616,17.601337432861328,8313200
2001-10-24,17.694853054174793,17.916346717749033,17.58656684584475,17.827749252319336,7721100
2001-10-25,17.79330752721581,18.46270836261499,17.522591814138227,18.44794273376465,7579000
2001-10-26,18.447935078637446,18.7432606764588,18.211675726953818,18.482389450073242,6616600
2001-10-29,18.26089097905909,18.398710306635273,17.54719186097722,17.576723098754883,7740200
2001-10-30,17.37491983112454,17.753919732334936,17.00576430265466,17.478282928466797,9263400
2001-10-31,17.72438306356889,17.896656735584944,17.35030636247477,17.404449462890625,6379000
2001-11-01,17.76376607565516,18.009869788602654,17.30601301936303,17.886817932128906,8193300
2001-11-02,17.763762899695493,17.955723461054593,17.62102232107699,17.739152908325195,6018900
2001-11-05,17.96556858082773,18.251049749946045,17.85236111371524,17.89665985107422,6622200
2001-11-06,18.0197154027996,18.654663476539348,17.93111790983022,18.477468490600586,9947800
2001-11-07,18.566058170047416,19.171472865467877,18.47746071436426,18.994277954101562,8817300
2001-11-08,19.023814829975883,19.506177807697426,18.99920296037641,19.097644805908203,6771400
2001-11-09,19.09764556058228,19.343749245325924,18.71372441322127,19.2206974029541,4529500
2001-11-12,19.07795606127744,19.196086651439995,18.33472378887538,19.097644805908203,5311200
2001-11-13,19.614471946768806,19.683382587402328,19.181330614238778,19.36836814880371,7900400
2001-11-14,19.639071643803298,19.6882916218091,19.073032508627566,19.516019821166992,5773200
2001-11-15,19.496339537933476,19.5849370388818,19.269924536675596,19.466806411743164,5273100
2001-11-16,19.46680264245186,19.46680264245186,19.102570211409517,19.39789390563965,5616600
2001-11-19,19.491410814466835,19.806425103839334,19.476645194422936,19.73751449584961,4777500
2001-11-20,19.61446285219013,19.678450335726602,19.33390480280526,19.39297103881836,5442300
2001-11-21,19.392971169564543,19.486489894115966,18.92537379156322,19.117334365844727,4915600
2001-11-23,18.99920202660095,19.388046264648438,18.99920202660095,19.388046264648438,3129700
2001-11-26,19.388054958979275,19.452042465767775,19.176405563744282,19.43727684020996,6817800
2001-11-27,19.516029007029836,19.83596276989853,19.324066496161393,19.589859008789062,7612900
2001-11-28,19.437278584434534,19.511108596471605,18.31012275101287,18.45778465270996,18051800
2001-11-29,18.408556898208772,18.74817931695839,17.9655695019074,18.733413696289062,11981900
2001-11-30,18.85646923017794,18.87615610238005,18.511923618736866,18.56606674194336,7271300
2001-12-03,18.162460471028464,18.251057985726,17.783460408738534,17.99018669128418,11064300
2001-12-04,18.21168479040689,18.43809988041477,17.847450268444472,18.319971084594727,8180500
2001-12-05,18.556230068396562,19.447124775049165,18.521775680715155,19.205944061279297,9551300
2001-12-06,19.31913152580801,20.15588409480677,19.26991155959335,19.87532615661621,10875900
2001-12-07,19.81134975776145,19.81134975776145,19.54063603721714,19.575090408325195,5674700
2001-12-10,19.575086013101885,19.575086013101885,18.905683734523187,19.0385799407959,6631800
2001-12-11,19.077956685847216,19.417580970169336,18.83185300277187,18.949983596801758,6604900
2001-12-12,19.07304674470707,19.07304674470707,18.541461572885773,18.88600730895996,6770500
2001-12-13,18.40856071980738,18.65466446270522,18.113235101756445,18.2559757232666,8901400
2001-12-14,18.014787815867706,18.206750254848792,17.42414051249262,17.739152908325195,14055500
2001-12-17,17.768690703873318,18.260898223400254,17.625951950203742,18.064016342163086,8043900
2001-12-18,18.187058535043104,18.38394031141482,18.07385109116449,18.305187225341797,8069500
2001-12-19,18.31011478431863,19.171477693334484,18.137841075942177,18.703880310058594,10382500
2001-12-20,18.13785328747929,18.43810028975799,17.79330939400216,17.975425720214844,19306500
2001-12-21,17.975420334990222,18.000030337490948,17.23710899423137,17.596420288085938,18511200
2001-12-24,17.601333576931957,17.74407415555046,17.52258047797381,17.739152908325195,3508600
2001-12-26,17.739156909838226,18.08862374794465,17.7194681612519,17.872053146362305,5315500
2001-12-27,17.842519735176825,18.132922200454253,17.71454662667837,17.87697410583496,6687800
2001-12-28,17.99018669128418,18.128006090604188,17.89174479966215,17.99018669128418,5924400
2001-12-31,17.94095693477854,17.980332543456043,17.79821636337607,17.891735076904297,6298000
2002-01-02,18.130224456554302,18.130224456554302,17.72777156446388,18.0606632232666,7929300
2002-01-03,18.135198948934367,18.632053714658596,18.05570226223251,18.542619705200195,10348200
2002-01-04,18.890419043054862,19.427021222145413,18.890419043054862,19.377336502075195,10432900
2002-01-07,19.4021809731017,19.71520005058272,19.327653884887695,19.327653884887695,9453000
2002-01-08,19.37733919518581,19.402181558673576,19.019603095839344,19.17859649658203,7604000
2002-01-09,19.30279755050357,19.675438444492823,19.07424492374073,19.233238220214844,6189600
2002-01-10,19.079222255801625,19.47173604927161,19.059347611857472,19.4468936920166,6870400
2002-01-11,19.501543676343335,19.52141831586563,18.741356720439896,19.049406051635742,7788900
2002-01-14,18.706583674431723,18.78111075601136,18.40846966206133,18.53765296936035,7333000
2002-01-15,18.537653783195736,19.024571273224893,18.537653783195736,18.81589126586914,8475900
2002-01-16,18.632054303905484,18.637022017765606,17.936456851752784,18.140167236328125,15076200
2002-01-17,18.383630092983378,18.483001445529144,18.135202659294414,18.309101104736328,11503100
2002-01-18,17.961308023880026,18.13520650621001,17.638351533437135,17.84206199645996,11283800
2002-01-22,17.886768770983636,17.976202766466574,17.69796345881408,17.76752281188965,7824300
2002-01-23,17.563819089766845,18.060673965238056,17.384952926691998,17.762561798095703,8666100
2002-01-24,18.01098604872824,18.13023203169477,17.837087631225586,17.837087631225586,7715600
2002-01-25,17.613495665863997,17.896702631682345,17.26569707238625,17.38494300842285,13942200
2002-01-28,17.46443890862443,17.504186288676653,16.61978575982976,17.047080993652344,13716200
2002-01-29,16.92287952432474,17.216024007560364,15.750301591382238,15.924200057983398,17854300
2002-01-30,15.660868309885299,16.64464088711439,15.10439034683137,16.426025390625,22844200
2002-01-31,16.450868535095253,16.942753899235232,16.406151511505136,16.917911529541016,12247600
2002-02-01,16.91790361824871,16.91790361824871,15.924194132356272,15.978848457336426,13705300
2002-02-04,15.983812288710304,16.073246272347195,15.178908331328257,15.183876991271973,12660000
2002-02-05,15.188855521695537,15.188855521695537,14.060994568756348,14.418730735778809,28714800
2002-02-06,14.54293697058858,14.93048302139302,14.35910031873062,14.627402305603027,19514500
2002-02-07,14.905650940607687,15.337915234862647,14.682065797428267,14.940430641174316,17090600
2002-02-08,15.02489013068741,15.601241664777936,15.02489013068741,15.462122917175293,15573300
2002-02-11,15.511801580322999,15.874506189175003,15.273311579631972,15.819851875305176,12952700
2002-02-12,15.700614193471779,15.745331207904622,15.427343444418234,15.645959854125977,7807600
2002-02-13,15.650926132832677,15.993755261035163,14.90564393603112,15.029857635498047,20457300
2002-02-14,14.905639274336217,15.298154896777747,14.607526299314488,15.009978294372559,17197200
2002-02-15,15.009975702940189,15.104378334061629,14.557838132159674,14.930479049682617,16647400
2002-02-19,14.557841793386205,14.781426779200451,14.383943412947454,14.423691749572754,13378500
2002-02-20,14.806268435812099,14.855954091168861,14.105703443539397,14.612495422363281,14369600
2002-02-21,14.547918631760025,14.980182066663232,14.35911315056877,14.478358268737793,9669400
2002-02-22,14.135515678488913,14.135515678488913,13.26602000980761,14.006333351135254,25756700
2002-02-25,13.812564391858578,14.433632951702496,13.787722028534986,14.408790588378906,11513000
2002-02-26,14.40879352950397,14.52306994039927,14.165334718071357,14.38891887664795,10028100
2002-02-27,14.503196235218857,14.68206337254501,14.16036605485735,14.38891887664795,10123500
2002-02-28,14.413755923798396,14.65721462934445,14.344196564406722,14.533000946044922,8056800
2002-03-01,14.706898579555276,14.781426591321036,14.433627939514036,14.736709594726562,9530300
2002-03-04,15.029856271010178,16.222308435775965,14.905642582820011,16.14777946472168,16655600
2002-03-05,16.157710085378216,16.833432572114894,16.05337108545997,16.152740478515625,16766900
2002-03-06,16.644641672201992,17.101747339699802,16.48067862058779,16.917911529541016,15044900
2002-03-07,17.116654277797387,17.31539513070244,16.744013046330178,16.917911529541016,12092200
2002-03-08,17.26569845577241,17.37997479364919,16.97752185954835,17.260730743408203,11721000
2002-03-11,17.63833860682839,18.130225503338977,17.404816334254186,18.03582191467285,16507800
2002-03-12,17.886776417699352,18.110361501990802,17.568789584640864,18.010990142822266,13336300
2002-03-13,17.886764639426975,18.060662981948155,17.36009810938459,17.573745727539062,10128600
2002-03-14,17.39488012543744,17.608527772425006,17.24085639994643,17.44456672668457,8074400
2002-03-15,17.449534742541207,17.92154703817094,17.315383759866435,17.891735076904297,11626800
2002-03-18,17.891743096343067,18.08551808840496,17.424700199261466,17.55885124206543,8641100
2002-03-19,17.762561124736372,17.93149185180664,17.668159384301845,17.93149185180664,7615100
2002-03-20,17.7377225006404,17.742690216299728,17.464452650946967,17.484325408935547,8460200
2002-03-21,17.48431275551772,17.51909242601673,16.992427761117547,17.285572052001953,6479800
2002-03-22,17.290556977448535,17.65823058277757,17.141500827583382,17.489299774169922,7176700
2002-03-25,17.489285926126556,17.946391343156492,17.36507225036621,17.36507225036621,8444900
2002-03-26,17.489291292537647,17.926524096072573,17.43960466977751,17.464448928833008,9780000
2002-03-27,17.48929154599359,17.881807342408187,17.464449181928934,17.638347625732422,6541200
2002-03-28,17.81224289742463,17.99608052853613,17.519098504824463,17.712873458862305,6425000
2002-04-01,17.712877351025533,17.861933436972606,17.389920918681067,17.693002700805664,4588500
2002-04-02,17.57873264464674,17.737726113043013,17.48929858175488,17.54395294189453,5126800
2002-04-03,17.65431609120837,17.739603640866886,17.348289473835003,17.56401252746582,5978700
2002-04-04,17.483738535696826,17.659329605209777,17.117508358180004,17.278047561645508,6825900
2002-04-05,17.36835650491738,17.694452939883114,17.36835650491738,17.48876190185547,5999500
2002-04-08,17.32822066963432,17.65431515358233,17.18273138980067,17.548961639404297,5735300
2002-04-09,17.558996371430332,17.78475527896161,17.483742764326998,17.654315948486328,5537600
2002-04-10,17.654315105257684,17.754652605343434,17.308152739429403,17.579063415527344,9663300
2002-04-11,17.45865267564893,17.548956206639478,16.605787057281606,16.786394119262695,12118300
2002-04-12,16.90680210061584,17.237914461269092,16.85663240125726,17.197778701782227,6738500
2002-04-15,17.809839484421506,17.86000728083795,17.182732460322157,17.257986068725586,11163000
2002-04-16,17.533912636095632,17.80983934173293,17.22286809049243,17.749637603759766,14282300
2002-04-17,18.03559957066641,18.85334771921697,17.940278071975797,18.697824478149414,19356200
2002-04-18,18.567379149306888,18.898491496271124,18.246300741799537,18.692800521850586,10163900
2002-04-19,18.813213759338858,19.03897270720674,18.712876236533237,18.94365119934082,6647600
2002-04-22,18.697818895509872,18.758020619912283,18.27138507039883,18.3616886138916,8053500
2002-04-23,18.40182437267875,18.487109989433968,18.161015561290796,18.3616886138916,7383300
2002-04-24,18.411853276589845,18.411853276589845,17.995453505064177,18.0054874420166,7354700
2002-04-25,17.75967022301639,17.834921911433568,17.252966717625792,17.574045181274414,10939400
2002-04-26,17.9352620339302,17.985429833548523,17.443610325310896,17.55398178100586,7525800
2002-04-29,17.759669773317995,17.7847536688219,17.057309216537387,17.227882385253906,8569000
2002-04-30,17.40849019838303,18.035597180213987,17.232899095203184,17.609163284301758,9882800
2002-05-01,17.779731710563976,17.985422669108925,17.257980295523353,17.809833526611328,6543700
2002-05-02,17.809841471704942,18.20115568599792,17.8048254570151,18.186105728149414,7680200
2002-05-03,18.211179449213848,18.26636514884852,17.569022756253055,17.900135040283203,7122800
2002-05-06,18.035598395853025,18.035598395853025,17.17771644619202,17.257986068725586,6321700
2002-05-07,17.528890495454263,17.829902940534303,17.373369216918945,17.373369216918945,8673800
2002-05-08,18.311526592036678,18.637623036584515,18.06068376200878,18.5172176361084,10199300
2002-05-09,18.18609840937684,18.351655534199875,17.80983430435525,17.945289611816406,8214200
2002-05-10,18.030582519282444,18.06068434882425,17.55899867246802,17.59913444519043,5472400
2002-05-13,17.734584997102044,18.281422371566872,17.609163598497986,18.23125457763672,5811000
2002-05-14,18.512194198163385,18.9285921338687,18.426906674989237,18.858356475830078,8431300
2002-05-15,18.682774461448798,19.033952885677316,18.512201263775427,18.542301177978516,8716400
2002-05-16,18.587451320940612,19.06405302943216,18.477081788981845,18.97876739501953,5798700
2002-05-17,19.064042361764276,19.440306355746465,18.863367466129386,19.11421012878418,7433100
2002-05-20,18.963717425770856,19.028937096949278,18.702840654836066,18.79314422607422,4149000
2002-05-21,19.02391140516645,19.390143468942025,18.712866961046913,18.823238372802734,6318700
2002-05-22,18.82324342705619,18.908529058110847,18.48209707528029,18.843311309814453,5234100
2002-05-23,18.843309776380647,19.395163110873582,18.83327583581806,19.24967384338379,6222500
2002-05-24,19.06404826379298,19.420244495730756,18.818221536223753,18.96371078491211,4945900
2002-05-28,18.938633097092143,19.013886709347098,18.53728496388305,18.66270637512207,4890600
2002-05-29,18.61253525587806,18.81321026420776,18.411862161327072,18.547317504882812,5388600
2002-05-30,18.311513823643605,18.451985098101083,17.58406974104471,18.06568717956543,9332200
2002-05-31,18.065696757288528,18.436944925747106,17.99546108282359,18.03559684753418,7764000
2002-06-03,18.060676799497596,18.18609816616077,17.343266429081964,17.388418197631836,7325800
2002-06-04,17.513843090957543,17.88509125309907,17.097445064952755,17.383405685424805,9405000
2002-06-05,17.38339961837565,17.63424231466518,17.16767474646442,17.408483505249023,7263200
2002-06-06,17.49376608154285,17.50881794208917,16.756289983210454,16.901777267456055,7494700
2002-06-07,16.430193768851982,17.05228439025385,16.304772442372197,16.901777267456055,9275100
2002-06-10,16.881713424912373,17.10747030984052,16.645920689177515,16.997100830078125,5536800
2002-06-11,17.047279305057714,17.348291863590767,16.45027403032462,16.520509719848633,6525300
2002-06-12,16.4803680790482,16.711144865894077,15.918480849125107,16.640907287597656,9581500
2002-06-13,16.615828579719636,16.781385766695255,16.304784005322354,16.385053634643555,6041300
2002-06-14,16.22952387870464,16.801446911144012,15.677670637766521,16.555620193481445,9795700
2002-06-17,16.85663703897747,17.804824523054233,16.841587081918416,17.799806594848633,10245100
2002-06-18,17.79980955398824,17.905163098473928,17.44862915859009,17.569034576416016,7572900
2002-06-19,17.408486425218367,17.634245272501627,17.18272757793511,17.36333465576172,6437800
2002-06-20,17.358316571350134,17.358316571350134,16.560636594058842,16.746261596679688,8559200
2002-06-21,16.455286198818968,16.881720078620813,16.450270185216418,16.550607681274414,12353700
2002-06-24,16.17935969421718,17.007141653386235,15.878348159691095,16.64592742919922,10176300
2002-06-25,16.70613288698766,17.23290247219674,16.405122242233613,16.520509719848633,6963000
2002-06-26,15.426829466253103,16.043902415249825,15.125817968216671,15.798076629638672,19122800
2002-06-27,16.079021286752564,16.555622935843136,15.752925874848652,16.415151596069336,9726800
2002-06-28,16.380034771650042,17.017173767089844,16.32986506593683,17.017173767089844,7830000
2002-07-01,16.851613083427793,16.896764847106596,15.727837874187673,15.732854843139648,10082100
2002-07-02,15.732856769869166,15.996592830524662,15.215528566439676,15.839365005493164,12179600
2002-07-03,15.575626395786065,15.798787715771024,15.215526076320812,15.697351455688477,8979400
2002-07-05,15.976303841630719,16.58492532731038,15.79878916102605,16.52913475036621,4612400
2002-07-08,16.529143716228656,16.711730454448066,16.12846747788667,16.371915817260742,7585700
2002-07-09,16.361761900526034,16.61028301680211,15.849506695421862,15.859650611877441,7100300
2002-07-10,16.027027545361335,16.103105013366307,15.24596308982064,15.291609764099121,8858000
2002-07-11,15.215527589982308,15.67199322420634,14.83513940023275,15.504622459411621,11589300
2002-07-12,15.595914779205922,15.697352010249169,15.053227818091942,15.32203483581543,7531200
2002-07-15,15.012652471453983,15.261172612673107,14.424318878490935,15.25610065460205,11558500
2002-07-16,14.657623552626895,14.956862315491124,14.419247320928744,14.454750061035156,14886800
2002-07-17,14.713425878333453,15.139461034671923,13.962792876166773,14.272174835205078,16035100
2002-07-18,13.998293312841769,14.302604226303535,13.648335713991848,13.795419692993164,9790100
2002-07-19,13.465745950519475,13.79541659709025,13.110717437302691,13.237513542175293,12270800
2002-07-22,13.166510889283424,13.516468511227831,12.38544715947773,12.436165809631348,16705900
2002-07-23,11.994909227886437,12.182567855896268,10.042249361166007,10.184261322021484,44908600
2002-07-24,9.641573251037967,12.020267788233323,9.240897206654143,11.81739330291748,46819400
2002-07-25,12.04562721345245,12.933199744969999,10.650870378210588,11.335569381713867,33168200
2002-07-26,11.76667656321497,11.81739422110736,10.676229505736924,11.28485107421875,18050500
2002-07-29,12.045630332739625,12.791191104025911,11.792038115208264,12.730329513549805,18354600
2002-07-30,12.476728838373491,12.933194327028534,12.070980984942546,12.623811721801758,16052300
2002-07-31,12.578168570521072,12.7303244205942,12.228212146844893,12.659317970275879,13790900
2002-08-01,12.65931606450414,12.821615806957814,12.29921577822491,12.68974781036377,12536300
2002-08-02,12.441232365497326,12.628890031934745,11.807251932494804,12.096346855163574,13448400
2002-08-05,11.60437644356629,11.868112513673482,11.20877330578279,11.335569381713867,14479200
2002-08-06,11.91883372524711,12.491951687240553,11.792037621787035,11.994911193847656,14504500
2002-08-07,12.385440482291683,12.45137401478113,11.756532074623484,12.192710876464844,10715900
2002-08-08,12.831758707678928,13.389661470486056,12.5883105459592,13.379517555236816,16995400
2002-08-09,12.983921932392567,13.59254268347777,12.81655110492194,13.364310264587402,12011100
2002-08-12,13.085353182757853,13.090425141311993,12.684678130752518,12.912910461425781,9748200
2002-08-13,12.654250485464743,13.075213476098963,12.324579869316958,12.375298500061035,11024300
2002-08-14,12.375296014587922,12.750612258911135,11.85289683476241,12.750612258911133,15345800
2002-08-15,12.740468948624171,12.973773242267589,12.22821273348604,12.573098182678223,13570400
2002-08-16,12.573105482064477,12.710044575610313,12.268794558026848,12.60860824584961,9678900
2002-08-19,12.669463874344883,13.871491118743563,12.598458380266223,13.800484657287598,13035800
2002-08-20,13.699048661771524,13.749767287478335,13.338947289892769,13.460672378540039,9419200
2002-08-21,13.440385188642676,13.699049321565989,13.176649096166665,13.6331148147583,9146800
2002-08-22,13.3896687518379,13.668620768625114,13.014352389910632,13.536752700805664,11966500
2002-08-23,13.338945982053646,13.404880479221038,12.88248033020194,13.03970718383789,9148500
2002-08-26,13.059995070342572,13.567179344918983,13.009276449409485,13.435311317443848,8705300
2002-08-27,13.693975751645098,13.896849273008833,13.288228708917627,13.567179679870605,9691100
2002-08-28,13.389668465673685,13.567183205766694,13.20708273268381,13.32880687713623,7982600
2002-08-29,13.136071902437523,13.587466543472642,13.014347798328998,13.491101264953613,6932700
2002-08-30,13.313593840073004,13.815706405956147,13.237516354462416,13.389671325683594,7594200
2002-09-03,13.009279283037074,13.01435124297286,12.552813529968262,12.552813529968262,11007600
2002-09-04,12.557887950160554,13.060000473644482,12.299223747024415,12.877413749694824,9968900
2002-09-05,12.491949701382593,12.649177541190216,12.16735203768722,12.223142623901367,11126100
2002-09-06,12.69989849976413,12.74554420814694,12.121707595925765,12.126779556274414,11131700
2002-09-09,11.766676912429606,12.121705365099539,11.198630033829431,11.964478492736816,23679300
2002-09-10,12.121707003869675,12.136922884172442,11.533373175447304,11.741318702697754,11271200
2002-09-11,12.177499268651461,12.177499268651461,11.614524196102355,11.655098915100098,6951000
2002-09-12,11.604376760038138,11.614520678559815,11.087049491337648,11.163126945495605,11703100
2002-09-13,11.163128846189247,11.411649088020848,11.03126078508682,11.1783447265625,10826400
2002-09-16,10.955177656854476,11.107332512450617,10.782734971244462,11.010967254638672,10109200
2002-09-17,11.259492557793443,11.360928843771024,10.823313722695552,10.929821968078613,10284400
2002-09-18,9.666932184452817,10.442924487411524,9.535064154496466,10.366847038269043,46143600
2002-09-19,10.143685644384796,10.316128377729518,9.890093503275176,10.077752113342285,18650600
2002-09-20,10.204551694004602,10.397281361896052,10.092970494413821,10.23498249053955,16576500
2002-09-23,9.920524900983988,10.04224902013613,9.641573915515826,9.763298034667969,13813500
2002-09-24,9.768369320671747,9.788656188776987,9.382909152899785,9.453914642333984,18935000
2002-09-25,9.651719747880286,9.788658804470476,9.291618310859052,9.580713272094727,16291400
2002-09-26,9.580711681297439,10.00167463637748,9.535065014220793,9.773442268371582,16468700
2002-09-27,9.77343924828644,10.016887419215882,9.261183117345093,9.3017578125,14082400
2002-09-30,9.306828345981714,9.890089862336433,9.058308255269768,9.631425857543945,19837400
2002-10-01,9.712580969089265,10.194406531206647,9.524923284703204,10.011819839477539,15851400
2002-10-02,9.877636747609358,10.213084979728741,9.335760499976857,9.41833209991455,15141200
2002-10-03,9.423493788526235,9.629922806783904,9.08288566231828,9.093207359313965,21175900
2002-10-04,9.098369362796344,9.356405942373831,8.535850524902344,8.535850524902344,21502400
2002-10-07,8.541005311821719,8.902256702163596,8.334576367768152,8.654541969299316,19884300
2002-10-08,8.902260779708016,8.979671546143566,8.174597803417518,8.566813468933105,22978300
2002-10-09,8.282970146249117,8.571971696237819,7.87527304273766,7.973326683044434,27852900
2002-10-10,7.9784941446043405,8.43779961099343,7.916565400624784,8.231369972229004,22442500
2002-10-11,8.48424296890882,9.2119060408647,8.463599570168672,8.871297836303711,19016500
2002-10-14,8.778406183059369,9.046764511819156,8.670030287689157,8.711316108703613,10441300
2002-10-15,9.444137830106746,9.660888582814017,9.29447713513319,9.604121208190918,20045700
2002-10-16,9.366729179054245,9.537033310152264,9.289318389342707,9.438980102539062,15243300
2002-10-17,10.115034772760907,10.19244555479176,9.557675764074668,9.697015762329102,13722500
2002-10-18,9.69185709648517,10.058268673362136,9.438981293218308,9.789910316467285,10505200
2002-10-21,9.640252793200462,10.651756344596151,9.573162689370555,10.460809707641602,18375700
2002-10-22,10.311141749246206,10.512410955845825,10.228570120401246,10.275016784667969,11149300
2002-10-23,10.166641455426275,10.244052231110958,9.758943194178766,10.202766418457031,13235400
2002-10-24,10.445320218650213,10.775606712731992,10.1408369877943,10.166641235351562,15584100
2002-10-25,10.073747803480593,10.527891727914339,10.06858695402515,10.512410163879395,9805800
2002-10-28,10.83753823673024,11.152343233830898,10.811734967994477,10.966556549072266,15491700
2002-10-29,10.734322896468145,10.837537937221938,10.269857181739235,10.558857917785645,13296300
2002-10-30,10.579494941312557,10.940746381821478,10.496923352224401,10.863334655761719,9994100
2002-10-31,10.86333861446088,10.930428670250096,10.53821298698891,10.708517074584961,9821000
2002-11-01,10.708522136765756,11.240078047793581,10.584664649448284,11.1058988571167,9145800
2002-11-04,11.53423241842302,11.90064379727762,11.353606661040233,11.35876750946045,13636400
2002-11-05,11.260714534634856,11.658091045527822,11.245232972087916,11.596161842346191,10929600
2002-11-06,11.843872785361704,11.859354341522787,10.961387663937261,11.384567260742188,17198700
2002-11-07,10.940749461376994,10.997516829646871,10.326622233382308,10.631105422973633,19726200
2002-11-08,10.631106908485943,10.90462504342445,10.321462826815207,10.424677848815918,12928700
2002-11-11,10.434995873443222,10.734318178883301,10.321460165976692,10.53821086883545,8165400
2002-11-12,10.481449626865308,10.785932986875377,10.476288775164752,10.600147247314453,9326300
2002-11-13,10.57950086008219,10.889144984560659,10.373071771873722,10.811734199523926,10768000
2002-11-14,11.054284197598605,11.327803254285532,11.054284197598605,11.312320709228516,10599200
2002-11-15,11.317483313851909,11.53423405663012,11.074928325307644,11.400054931640625,12308100
2002-11-18,11.477466462761226,11.560038086035442,11.1987874802936,11.29684066772461,9986300
2002-11-19,11.178143839957167,11.405216291203821,11.162661291804655,11.327805519104004,8207300
2002-11-20,11.50842461550084,12.282533921054641,11.431013881811635,12.24124813079834,19718200
2002-11-21,12.411559746603517,12.84506130218506,12.261899034310465,12.845061302185059,20578600
2002-11-22,12.545735736953926,13.046327232092093,12.545735736953926,12.896665573120117,14654500
2002-11-25,12.901823685156455,13.01535937922666,12.648948059047113,12.876020431518555,10104600
2002-11-26,12.850217981261833,12.881182086801221,12.437359959632756,12.483806610107422,9448600
2002-11-27,12.669598936234467,13.00504736380078,12.59218813923135,12.999886512756348,11766600
2002-11-29,13.108258630266613,13.263081175516676,12.958597919289511,12.989562034606934,4637400
2002-12-02,13.41274023069211,13.49015100159505,12.79861294411026,13.015363693237305,12493900
2002-12-03,12.953432405155821,12.958593253239018,12.592180913981032,12.700556755065918,12677900
2002-12-04,12.705721556813677,13.005043948461969,12.411559030523064,12.747007369995117,9266800
2002-12-05,12.747010146173192,12.752170012654641,12.148365232497415,12.184490203857422,11451300
2002-12-06,11.849040616010278,12.747008881785263,11.766468979854437,12.60766887664795,13236200
2002-12-09,12.313504531776285,12.385754451088276,11.916128006897685,12.003860473632812,9414800
2002-12-10,12.00902505980984,12.488973351635533,12.00902505980984,12.46316909790039,8975700
2002-12-11,12.313506694746552,12.54057819085162,12.230935062648074,12.43220329284668,6803600
2002-12-12,12.432204977749851,12.772813252400672,12.318669214310122,12.46316909790039,8396500
2002-12-13,12.359953700838421,12.411560234070928,12.13288121415559,12.18964958190918,8218200
2002-12-16,12.282531253258714,12.814086548642996,12.15351306368948,12.798604011535645,7942600
2002-12-17,12.798611770028694,13.20630996869203,12.726361855057982,12.912148475646973,11435100
2002-12-18,12.617987877472387,12.685076948370124,12.334147077627904,12.385754585266113,14182700
2002-12-19,12.390912585778402,12.483805881304638,11.797428845209911,12.039982795715332,13923400
2002-12-20,12.282545150445644,12.834744453430178,12.210295197524884,12.834744453430176,15517500
2002-12-23,12.592187176253692,12.896670474268287,12.540579654087697,12.752169609069824,9285700
2002-12-24,12.695402730172026,12.70056358102894,12.40124112164947,12.488973617553711,3772400
2002-12-26,12.48896652655473,12.839895326589303,12.483805678628048,12.617984771728516,5838500
2002-12-27,12.617985710192869,12.623145574172224,12.215448400952704,12.282537460327148,7220200
2002-12-30,12.390914043426575,12.437360696653606,12.184485020379336,12.380592346191406,7389700
2002-12-31,12.380593736069159,12.46316535455776,12.225772197485867,12.385754585266113,6215300
2003-01-02,13.218096061617558,13.348968299851395,12.982525633406276,13.317559242248535,16739100
2003-01-03,13.348970197200284,13.605479700780338,13.191923888388361,13.579305648803711,12525700
2003-01-06,13.610722476133942,14.710050260440092,13.589782423824945,14.647231101989746,22932400
2003-01-07,14.647228449958225,14.809510830540114,14.458773005682291,14.57394027709961,17837500
2003-01-08,14.265080923379022,14.265080923379022,13.87769902913012,14.013806343078613,15857300
2003-01-09,14.0556882663019,14.338371976366588,14.0556882663019,14.291257858276367,11205600
2003-01-10,14.055685758454091,14.495416783187231,14.00333663675225,14.181323051452637,8725900
2003-01-13,14.343601788953366,14.495414114087232,14.244138575882083,14.280783653259277,9290600
2003-01-14,14.395949639083184,14.526821908529396,14.207493251568266,14.443063735961914,8216900
2003-01-15,14.422134703790235,14.469248836637039,14.03998762490121,14.176095008850098,8147800
2003-01-16,14.176092242969869,14.301729573222755,13.877703458809675,14.01904582977295,7734500
2003-01-17,13.793942299612553,14.050451919034817,13.626425894967525,13.710184097290039,9809500
2003-01-21,13.882937828140975,13.924816936281866,13.228576139391608,13.307099342346191,10367800
2003-01-22,13.307093305577727,13.307093305577727,12.877832392248807,12.930181503295898,16066100
2003-01-23,13.139582747629333,13.22334096287747,12.825488941210475,13.15528678894043,8020000
2003-01-24,13.008706501403871,13.155282834792603,12.333404970658181,12.464277267456055,11709500
2003-01-27,12.432871762216449,12.616093229986552,12.071663839867009,12.19206714630127,8787500
2003-01-28,12.354340269649704,12.537561614450162,12.165883915171976,12.307226181030273,10567800
2003-01-29,12.144950811572693,12.385755383580001,11.91461526556134,12.301997184753418,9989200
2003-01-30,12.30199124623042,12.485212592146075,11.951253583526514,12.061186790466309,9122100
2003-01-31,11.909378242758246,12.296760096551685,11.883204184472383,12.218236923217773,9560900
2003-02-03,12.301998687828261,12.495690170328032,12.218240478767985,12.343877792358398,7833000
2003-02-04,12.349111914889896,12.349111914889896,11.909380849788802,12.066427230834961,8152200
2003-02-05,12.171121906763247,12.401457396615125,11.925082382508084,12.008840560913086,8414600
2003-02-06,11.867507953811732,11.898917046749506,11.621468228591214,11.679051399230957,8906400
2003-02-07,11.830855104956962,11.851794151953277,11.412063181791108,11.506291389465332,9526700
2003-02-10,11.51676175360422,11.673808105399191,11.391124472472972,11.569110870361328,9080900
2003-02-11,11.752333279670811,11.752333279670811,11.48535366012344,11.516762733459473,12582400
2003-02-12,11.51676351936411,11.631930795106209,11.26025390625,11.26025390625,9567700
2003-02-13,11.255023363899884,11.27072840711515,10.919990429789427,11.14509105682373,10872500
2003-02-14,11.150318511914097,11.49058725869271,11.082265361644165,11.438238143920898,8881000
2003-02-18,11.558643596128643,11.966965605767392,11.553408583360335,11.778509140014648,9225300
2003-02-19,11.778509140014648,11.857032334586094,11.673810881601659,11.778509140014648,8084700
2003-02-20,11.830853736086807,11.935550955907201,11.715685496265301,11.877967834472656,7140000
2003-02-21,11.82561619685791,12.092595697802064,11.595280764939739,11.97742748260498,8525100
2003-02-24,11.98266874599442,11.98266874599442,11.616226866012841,11.673810005187988,7695700
2003-02-25,11.516764030262477,11.804682731628418,11.370186674062124,11.804682731628418,10674500
2003-02-26,11.699984844428993,11.830857155891339,11.569112532966647,11.69474983215332,6608100
2003-02-27,11.726157327774839,12.040251032670204,11.626694104888095,11.862264633178711,8760600
2003-02-28,11.851792120592007,12.040248503639605,11.783738981422681,11.872732162475586,7684900
2003-03-03,12.118776384758373,12.213004612989852,11.8622667626152,11.961730003356934,8083200
2003-03-04,11.961728686739493,11.987902747933262,11.726158142089844,11.726158142089844,7706700
2003-03-05,11.731393727501741,11.940789222717285,11.69998465283853,11.940789222717285,7670600
2003-03-06,11.736628243764574,11.794212376944333,11.495822685584493,11.516762733459473,10613600
2003-03-07,11.35448340865192,11.935555863541072,11.291664252148882,11.668577194213867,9272100
2003-03-10,11.448710464074491,11.616226866180085,11.176495811414645,11.223609924316406,8585100
2003-03-11,11.281189992517712,11.412062270846114,10.820520012131286,10.862399101257324,12601900
2003-03-12,10.731526822928924,10.993271379585726,10.537835411673342,10.862399101257324,16405900
2003-03-13,11.124141605272783,11.39635613360077,11.029913422507244,11.3701810836792,12988100
2003-03-14,11.396358854547534,11.569110231371063,11.077030158595198,11.129379272460938,13848700
2003-03-17,11.12415039072325,11.867505421477713,10.998513047304069,11.809921264648438,15267800
2003-03-18,11.977433309570445,12.04025245737335,11.752333776261537,11.940789222717285,9193900
2003-03-19,11.961723908594726,12.223468409883557,11.883200757903284,12.212998390197754,11398700
2003-03-20,11.925081666568028,12.385751620138532,11.909376634631371,12.31769847869873,10698200
2003-03-21,12.506156020479699,13.034880204900967,12.4381028673355,12.904007911682129,18484800
2003-03-24,12.432869579079702,12.58468193952455,12.27582320483982,12.370050430297852,10964200
2003-03-25,12.338639085230799,12.80454410844381,12.338639085230799,12.637027740478516,9397300
2003-03-26,12.511392424428948,12.746962977830243,12.500922400171898,12.652734756469727,6461300
2003-03-27,12.56897892642273,12.783609471730282,12.396227487553809,12.62656307220459,7552700
2003-03-28,12.626559296986162,12.872598848940086,12.500921016758245,12.799310684204102,7736700
2003-03-31,12.432873000099429,12.616094486112038,12.380523861456288,12.411932945251465,9251900
2003-04-01,12.642259217750288,12.773131468448481,12.432863816328386,12.684138298034668,9689000
2003-04-02,13.167300028989509,13.443388829522783,13.071731763592725,13.331892013549805,13884500
2003-04-03,13.485865136051796,13.533649779290094,13.220395345922087,13.241633415222168,10313700
2003-04-04,13.454011707937871,13.618602726845872,13.321276786598853,13.581437110900879,10113600
2003-04-07,14.04866010508129,14.192014027627874,13.592052777517592,13.613289833068848,12796300
2003-04-08,13.724778296208669,13.857513094019804,13.51240282224808,13.79910945892334,8949700
2003-04-09,13.830970307894262,14.022108806874046,13.581429166315704,13.661069869995117,10140100
2003-04-10,13.661072188595623,13.751331938134525,13.49117172186043,13.655762672424316,7215900
2003-04-11,13.804428492315076,13.942472898760649,13.496483589532444,13.586743354797363,8002200
2003-04-14,13.793803503723765,14.122986332792944,13.740709368365975,14.091130256652832,10041200
2003-04-15,14.07520271359986,14.547738425260631,13.953086902469666,14.266341209411621,13327300
2003-04-16,14.62206732433587,14.707017522700761,13.93715521074691,14.069890022277832,18636300
2003-04-17,14.069897309772351,14.584908280694895,14.069897309772351,14.499958038330078,11055000
2003-04-21,14.499959951530291,14.728264137766915,14.42031921539091,14.574292182922363,8337900
2003-04-22,14.505273760630653,15.29106434502122,14.42563300092801,15.227352142333984,13899900
2003-04-23,15.264514556782137,15.763598098886675,15.211420390568975,15.630863189697266,15108200
2003-04-24,15.253892151702889,15.31760533962303,15.030897513012542,15.1636323928833,12139800
2003-04-25,15.264503805897391,15.269813320047882,14.680470414264931,14.845061302185059,11300700
2003-04-28,14.866309688146178,15.34946467199597,14.866309688146178,15.296370506286621,9481100
2003-04-29,15.23265452352162,15.529980359675953,15.20079742441861,15.471576690673828,12232300
2003-04-30,15.471579588355517,15.742358905325162,15.29636956122068,15.583077430725098,14738100
2003-05-01,15.583073574941348,15.6945703770359,15.23265360737752,15.545907974243164,10261200
2003-05-02,15.476881943632298,15.954727158987037,15.445025865991703,15.853849411010742,10634900
2003-05-05,15.92818518419861,16.432578120106264,15.92818518419861,16.11932373046875,13997200
2003-05-06,16.06093058306612,16.485682061179684,15.912267059382671,16.30516242980957,12208100
2003-05-07,16.167106967690778,16.453813749593312,16.013134038147697,16.363554000854492,10721500
2003-05-08,16.16710160049068,16.20957670269696,15.83260928451566,15.906940460205078,10890100
2003-05-09,15.970662117004393,16.02375627618243,15.70519233380107,15.970662117004395,8820500
2003-05-12,15.97065696341037,16.453811731915568,15.806066034488712,16.427265167236328,8801900
2003-05-13,16.427272224224367,16.485674894145195,16.119327283297142,16.31046485900879,7476000
2003-05-14,16.315766467009038,16.443191793271005,16.076844360025273,16.18834114074707,7515000
2003-05-15,16.35293746476594,16.64495482005375,16.33170040971394,16.480363845825195,10648700
2003-05-16,16.480363005620895,16.724594696044925,16.406030785011477,16.591859817504883,9273900
2003-05-19,16.591858069812094,16.591858069812094,16.05029957936863,16.15117835998535,8306200
2003-05-20,16.151176995574264,16.34762502410753,15.954728967041003,16.15648651123047,8688400
2003-05-21,15.981283080889506,16.246752896144525,15.89102330319532,16.220205307006836,8389500
2003-05-22,16.14055651681302,16.29452941897528,16.071534844845218,16.18834114074707,8651800
2003-05-23,16.220199738143158,16.464432410922864,16.12463148811976,16.406028747558594,5751600
2003-05-27,16.29984173508883,17.064393824039797,16.193653438613428,17.01660919189453,11224800
2003-05-28,17.096251688506456,17.430744128547712,17.027228988891157,17.282079696655273,12017300
2003-05-29,17.38826396345267,17.46259514946578,17.090937194027322,17.133413314819336,9548300
2003-05-30,17.30331474698165,17.558165410339583,17.213053997770047,17.44666862487793,10683100
2003-06-02,17.706828954702523,18.35988622760865,17.69090142012492,18.009464263916016,13337100
2003-06-03,18.009458701101718,18.253692299633347,17.913891497782,17.95636558532715,11581300
2003-06-04,17.86610443323173,18.492612835238855,17.733369636626357,18.41827964782715,13171500
2003-06-05,18.418287893807708,18.7368527635074,18.269625503171753,18.63597297668457,10380500
2003-06-06,18.99170407106569,19.38990865230739,18.58818896119842,18.65190315246582,11835400
2003-06-09,18.370503985284724,18.466073247406438,17.839564540329985,17.924514770507812,10274000
2003-06-10,18.051933832019905,18.232453251355,17.982911164969668,18.094409942626953,10879300
2003-06-11,18.211229068287153,18.47139038049973,18.00416293477815,18.338655471801758,9252300
2003-06-12,18.577572169110876,18.64659283905399,18.17405705458635,18.423599243164062,9632500
2003-06-13,18.50323894510764,18.609427239739002,18.23246071790226,18.423599243164062,6746500
2003-06-16,18.556329512954292,19.087268829345703,18.503234366091498,19.087268829345703,9417400
2003-06-17,19.108506991138682,19.220003762092695,18.91736851214737,19.16160011291504,9515500
2003-06-18,18.90144581617669,19.023563686259727,18.47669461167103,18.62004852294922,11336300
2003-06-19,18.71562001397209,18.74216658764056,18.07849211905999,18.290868759155273,10874200
2003-06-20,18.503236856676654,18.67313729876114,18.35988500428346,18.4766902923584,14781400
2003-06-23,18.34396148953503,18.450149807169016,17.844879029641106,17.97230339050293,9876500
2003-06-24,17.919209172645527,18.28024821578353,17.786474289885188,18.211225509643555,8236100
2003-06-25,18.21122077496753,18.48730950237445,17.94044257569956,18.046630859375,8978200
2003-06-26,18.05193809899893,18.264314651489258,17.786468421072477,18.264314651489258,6316400
2003-06-27,18.26432542534348,18.285561472821012,17.945760408691218,17.998855590820312,6674600
2003-06-30,18.18468377298333,18.301491148987903,17.860810248879098,18.147518157958984,7847900
2003-07-01,18.14751498434953,18.345935821533203,17.723857969351382,18.345935821533203,10439900
2003-07-02,18.362023748568344,18.506815936915018,18.254768533065956,18.431737899780273,7459100
2003-07-03,18.12605485534438,18.415643211490035,18.07242829119398,18.30302619934082,4376600
2003-07-07,18.490727166273217,18.89829654949227,18.44782631030029,18.80712890625,9773400
2003-07-08,18.80713271969925,19.00555356596834,18.715967103694638,18.98410415649414,6165500
2003-07-09,19.02699995722923,19.370214966151973,18.984099103975296,19.1235294342041,9640700
2003-07-10,19.01091380527025,19.107443289416175,18.61943402877755,18.774951934814453,7622500
2003-07-11,18.882209927246755,19.289779374977535,18.866122359425873,19.177160263061523,6973600
2003-07-14,19.56327296119388,20.142449794654357,19.18788079643869,20.00301742553711,12088000
2003-07-15,20.131722434433236,20.314055639884312,19.847495880048516,19.99765396118164,11553500
2003-07-16,20.517841674429004,20.517841674429004,19.305863373855065,19.439931869506836,14435700
2003-07-17,19.439933407188658,19.439933407188658,18.673061387743786,18.79104232788086,12002000
2003-07-18,18.892931282806376,19.037725496860787,18.68914660609393,18.94655990600586,7596000
2003-07-21,18.823219431005533,18.82858331742233,17.965181719412456,18.463916778564453,11938000
2003-07-22,18.501455458822175,18.801769675193857,18.372748781599103,18.737415313720703,9538500
2003-07-23,18.823206421757043,18.839296024164184,18.555069566485734,18.694501876831055,7764200
2003-07-24,18.95728651069473,18.962650396703914,18.512180120918934,18.544357299804688,8595200
2003-07-25,18.63551907843284,19.04308636535396,18.48536303257601,19.021636962890625,8693400
2003-07-28,19.021640073103427,19.209335161114332,18.85539439106303,19.032365798950195,8228700
2003-07-29,19.080623817844913,19.08598565601712,18.63551555782638,18.898290634155273,9207500
2003-07-30,19.037721381094443,19.080624270378852,18.785672020854435,18.801761627197266,5860400
2003-07-31,19.118165642491356,19.203969385960416,18.75886106028038,18.79640007019043,8761300
2003-08-01,18.812494394276076,18.817856234583306,17.82038618814184,17.89010238647461,20439300
2003-08-04,17.890093602489344,18.126053328891388,17.375271265400098,18.08851432800293,15744400
2003-08-05,18.045620137216602,18.072433426911445,17.55224701479544,17.568334579467773,12309200
2003-08-06,17.69703511660496,17.841829285772935,17.428898220898827,17.691673278808594,12232200
2003-08-07,17.568327686423665,17.73993717372891,17.439623128097317,17.616592407226562,9218200
2003-08-08,17.815016005346756,17.82574172666166,17.514701945695904,17.691673278808594,6296700
2003-08-11,17.69168632678115,18.061714779299024,17.664870980855948,17.81502914428711,6982000
2003-08-12,17.949090904881825,18.115334530712616,17.857923263796607,18.04025650024414,8519300
2003-08-13,18.126061732421622,18.142151344349017,17.76675911570451,17.927640914916992,6716000
2003-08-14,17.927647496486966,18.20651033883506,17.80966651241405,18.179697036743164,6993000
2003-08-15,18.233310897715228,18.233310897715228,17.954448250263486,18.05097770690918,3542300
2003-08-18,18.286947040679518,18.286947040679518,18.050987159604883,18.260133743286133,7126400
2003-08-19,18.31374996014927,18.4531802394425,18.14214251837818,18.3351993560791,8275200
2003-08-20,18.59798291504999,18.785678001114515,18.26012971441084,18.678424835205078,9319200
2003-08-21,18.796400269474713,19.000184929520284,18.43709772917693,18.555076599121094,8675600
2003-08-22,18.678417934228325,18.8500253911485,18.136780236174697,18.190406799316406,8131400
2003-08-25,18.083153977753497,18.16895770765947,17.84183034810474,18.09387969970703,6126200
2003-08-26,17.965175889194132,18.5336269672228,17.69703893562407,17.90082359313965,9840600
2003-08-27,17.77747933653019,17.91154780197696,17.729214607140456,17.836467742919922,6019800
2003-08-28,17.83647018091052,18.270852804792018,17.761392157313825,18.185049057006836,5600000
2003-08-29,18.21185552527899,18.394188676764106,18.115326089450285,18.351287841796875,5862800
2003-09-02,18.4585512151481,18.785678702261237,18.276220008007616,18.60870933532715,8424200
2003-09-03,18.60869816497311,18.791031308386476,18.528256290102977,18.694501876831055,7478400
2003-09-04,18.699871811935587,18.742774709304904,18.53899003824614,18.597980499267578,6254600
2003-09-05,18.49608312274631,18.603336239561685,18.319111797701208,18.3351993560791,6752900
2003-09-08,18.415659595067012,18.66234528277958,18.372756669000072,18.581905364990234,5748400
2003-09-09,18.501446406117413,18.5872501337082,18.345926510570916,18.372739791870117,5257900
2003-09-10,18.19040994824613,18.37810704317874,17.782842678937588,17.90082359313965,9825500
2003-09-11,18.099247466590253,18.31375788448347,17.975904692304688,18.061708450317383,6717500
2003-09-12,17.97590702146622,18.30303453056438,17.93300411403941,18.233318328857422,6251300
2003-09-15,18.233323136851162,18.34594022995801,18.0831670127087,18.217235565185547,5058200
2003-09-16,18.17432261129796,18.5979794941718,18.163596887535284,18.555076599121094,6846900
2003-09-17,18.55508211175481,18.683788789422476,18.512181249681085,18.58725929260254,7692500
2003-09-18,18.69987907211678,19.236153223103855,18.565810534370012,19.166439056396484,14752000
2003-09-19,19.03772763901207,19.198609435267564,18.82858109930762,19.032365798950195,12211800
2003-09-22,18.77494677562613,18.801762104971473,18.53362517729732,18.764223098754883,9198100
2003-09-23,18.7642282980373,19.016275688798263,18.560443603737028,19.010913848876953,8583700
2003-09-24,19.037726148268217,19.171794642270108,18.656972116276343,18.699872970581055,11445500
2003-09-25,18.76958724820149,18.898293889449985,18.463911276674306,18.490724563598633,8682300
2003-09-26,18.5121706811242,18.614061960387634,18.20113091433781,18.3351993560791,10336800
2003-09-29,18.447836789617217,18.66234528277958,18.297678594107037,18.581905364990234,6481500
2003-09-30,18.55508388509765,18.608712524969246,18.158242178665017,18.41029167175293,9570000
2003-10-01,18.608708824713702,19.02700190391933,18.53363078954582,18.97337532043457,11368400
2003-10-02,19.032939974183684,19.087086912244427,18.832591759097717,18.962547302246094,7329000
2003-10-03,19.31991107682071,19.384887777311118,18.951706331421608,19.04375648498535,11020900
2003-10-06,19.06001254503256,19.336165221046215,19.016693344166708,19.249528884887695,7475700
2003-10-07,19.249519533820155,19.579821050461636,19.043757560809166,19.54191780090332,11345300
2003-10-08,19.60148472775666,19.606898593577263,19.254939479204882,19.282012939453125,9122600
2003-10-09,19.520263907467037,19.574412898046717,19.217037822511962,19.330747604370117,9138000
2003-10-10,19.330742458713612,19.406548959773424,19.184543321424446,19.2332763671875,5649300
2003-10-13,19.254944594589436,19.747689138074342,19.254944594589436,19.731443405151367,7584400
2003-10-14,19.763931450157525,19.915544509887695,19.574415125494813,19.915544509887695,7239600
2003-10-15,20.002177608090175,20.02383720328804,19.63397275201725,19.81807518005371,7431100
2003-10-16,19.790997721991477,20.029249089907022,19.763924266248058,19.948026657104492,6902200
2003-10-17,19.828906826844523,19.99134967483212,19.579827655558688,19.67729377746582,5893700
2003-10-20,19.574411963582158,19.818075180053714,19.47694585076446,19.81807518005371,7403400
2003-10-21,19.818082368920436,19.980527326257462,19.682712948188538,19.855985641479492,7525900
2003-10-22,18.98962434552572,19.17372686138683,18.783862224134204,18.94089126586914,19397500
2003-10-23,18.789265043023416,19.16829961293718,18.789265043023416,18.95170783996582,10030800
2003-10-24,18.951712812215195,19.00585973687813,18.75136671227501,18.827173233032227,7625600
2003-10-27,19.08708350628628,19.103327171691276,18.838004330736073,18.924640655517578,9827700
2003-10-28,18.951716608441117,19.325335420829752,18.946302741119478,19.249528884887695,11744200
2003-10-29,19.24952400519457,19.520262745255177,19.146644027577697,19.455286026000977,7608300
2003-10-30,19.574412033456227,19.601485494763857,19.346990414212218,19.406553268432617,6897700
2003-10-31,19.439043045043945,19.5852401521054,19.390309987499215,19.439043045043945,6287600
2003-11-03,19.612320699440083,19.899303186451725,19.520268426928467,19.877643585205078,8157200
2003-11-04,19.655632347215114,19.90471149527248,19.64480254961618,19.81807518005371,6485500
2003-11-05,19.796423804303213,19.89388994741903,19.65563845732555,19.78017807006836,5912300
2003-11-06,19.785588467055057,19.785588467055057,19.55275297538158,19.661048889160156,9049600
2003-11-07,19.67729346183705,19.753099985310445,19.5040208180199,19.514850616455078,6347600
2003-11-10,19.49861246195403,19.547345541060523,19.3036822111017,19.433635711669922,4639500
2003-11-11,19.249525718725344,19.58524120792446,19.238695920290166,19.514850616455078,4123200
2003-11-12,19.547345541060523,19.639397830738858,19.363243027277505,19.433635711669922,7141100
2003-11-13,19.39030782779453,19.493187797564463,19.282011926915782,19.417381286621094,4597500
2003-11-14,19.33074398541397,19.476943134249627,19.005856299477262,19.200788497924805,7224800
2003-11-17,19.060011515704332,19.249527845324714,18.989618850885442,19.173721313476562,5762000
2003-11-18,19.17913137535184,19.249524026204774,18.848831847198426,18.892148971557617,6955200
2003-11-19,18.8921605008181,19.027529953607655,18.789280460304653,18.821767807006836,9797800
2003-11-20,18.810926601349394,19.065419585806584,18.653897652796108,18.75136375427246,7517200
2003-11-21,18.870485408708504,19.027514340834127,18.81633849825178,18.95170783996582,6834200
2003-11-24,19.0437609429736,19.146642980536996,18.946296902208488,19.097909927368164,7258700
2003-11-25,19.032935179399008,19.298258000859008,19.00585965161623,19.23869514465332,5539000
2003-11-26,19.114159231382637,19.303677634340527,19.06001229657933,19.227869033813477,3922400
2003-11-28,19.114159257605888,19.21704132567574,19.08708579016709,19.16830825805664,2447600
2003-12-01,19.282016195824088,19.33074925873007,19.146646806148908,19.30908966064453,6957000
2003-12-02,19.330751234137374,19.43904717005886,19.265774498813755,19.39031410217285,6301200
2003-12-03,19.390318888299703,19.487785048129368,19.292852728470038,19.384902954101562,7612400
2003-12-04,19.30367287392927,19.33074633465443,19.07625125957808,19.162887573242188,6089700
2003-12-05,19.043763495045607,19.130401881687398,18.870490852907682,18.9300537109375,6769400
2003-12-08,18.805510235771685,19.20620442875524,18.805510235771685,19.200788497924805,6070400
2003-12-09,19.20079430181739,19.222453900541442,18.789272253925535,18.859664916992188,7684300
2003-12-10,18.821749012917927,18.97877791709341,18.680965831445608,18.77301597595215,6405900
2003-12-11,18.854254909321188,19.02211375382133,18.708055670351456,18.94089126586914,7650900
2003-12-12,19.03834766970073,19.043761535522364,18.897564437039478,19.000444412231445,5457900
2003-12-15,19.222452388497185,19.254941784027636,19.011276481481406,19.092496871948242,8140500
2003-12-16,19.16830678031785,19.35240923651111,19.124987583296843,19.34157943725586,7330600
2003-12-17,19.346992924507745,19.357822723550512,19.103327609977832,19.30908966064453,7282300
2003-12-18,19.35239628503201,19.35239628503201,19.054582168755484,19.30366325378418,7733000
2003-12-19,19.35781982847295,19.37406349182129,19.135814145230853,19.37406349182129,12023200
2003-12-22,19.36864441088494,19.552746786362885,19.30366770941393,19.547330856323242,8872000
2003-12-23,19.52568242592901,19.65022202240118,19.487779160288483,19.585243225097656,7058300
2003-12-24,19.59065874689435,19.628562011740144,19.509436284754496,19.56358528137207,2007000
2003-12-26,19.63938959405787,19.661049190259842,19.558167141086866,19.612316131591797,1347300
2003-12-29,19.639394788664028,19.785594003337753,19.617735186733103,19.78017807006836,5532000
2003-12-30,19.785587852829604,19.86139437044944,19.774758055230674,19.81807518005371,5358700
2003-12-31,19.926372958407967,19.948032555636242,19.818077037839466,19.888469696044922,6141100
2004-01-02,19.98137883133601,20.26011157978019,19.96498131563576,20.014169692993164,9280500
2004-01-05,20.03603145303685,20.145339188813317,19.83927794561354,19.97591209411621,9715400
2004-01-06,20.303835793168986,20.533380167474245,20.271042846180364,20.478727340698242,21209800
2004-01-07,20.495124271136476,20.81758097639723,20.489659822007788,20.77932357788086,14472600
2004-01-08,20.82304535437243,21.189225990898837,20.80118547306052,21.134571075439453,11834300
2004-01-09,20.98701391503462,21.391449978756143,20.95968540718734,21.183765411376953,10569000
2004-01-12,21.041653464215113,21.396902993013942,20.9979295471877,21.200149536132812,7044400
2004-01-13,21.205627585138203,21.28760893971391,21.014340537624825,21.260282516479492,7205200
2004-01-14,21.35865441848154,21.49528858824704,21.276673082673447,21.435169219970703,8672300
2004-01-15,21.77947930619945,21.834134208665915,21.150963564370183,21.27120018005371,50329900
2004-01-16,21.31493633185826,21.467965976825205,21.28760990738167,21.462501525878906,18767200
2004-01-20,21.533551462222515,21.599135296615394,21.249352066690044,21.364124298095703,18914100
2004-01-21,21.36411752793954,21.916118621826172,21.298533714329768,21.916118621826172,20679600
2004-01-22,21.883325411250542,22.1511271709535,21.724829300887457,21.828670501708984,15683600
2004-01-23,21.828673423424448,22.019962505116048,21.517147694391273,21.642850875854492,10503600
2004-01-26,21.560864002029906,22.014488184705424,21.49528020986971,22.003557205200195,12289900
2004-01-27,21.94345074696272,21.981708151627767,21.8013500283164,21.877864837646484,9141000
2004-01-28,21.861472853484322,21.9598496481148,21.28214307231288,21.38051986694336,14578500
2004-01-29,21.407836536235152,21.53354178255103,20.987005210251475,21.342252731323242,12886900
2004-01-30,21.34226377607329,21.38598772522301,21.172838685299723,21.254817962646484,8622300
2004-02-02,21.369579076041727,21.533541715115373,21.238411466628683,21.320390701293945,8810200
2004-02-03,21.369581182283987,21.402374130305187,21.18375864657405,21.38597869873047,6921800
2004-02-04,21.3805079001153,21.44062725039274,21.23294279076286,21.27120018005371,7851100
2004-02-05,21.375055009766037,21.424243406146278,21.101786604291906,21.293073654174805,6487100
2004-02-06,21.314931875535827,21.76309181484707,21.265743487812784,21.713903427124023,7312300
2004-02-09,21.77948480754365,21.806813308115547,21.59366226196289,21.59366226196289,6090000
2004-02-10,21.549936467721796,21.702966035517544,21.489817113267325,21.57726287841797,7191400
2004-02-11,21.631918005923456,22.07461128439497,21.59912506182976,22.0090274810791,11688200
2004-02-12,21.98171271385204,22.080089513371952,21.85054295286795,22.0582275390625,8121300
2004-02-13,22.118333011830778,22.216709749464094,21.861460187469195,21.94890594482422,6907200
2004-02-17,22.091004015316642,22.304154998579342,21.99809381237525,22.2221736907959,8309400
2004-02-18,22.227649141478455,22.265908632955487,22.052757544178995,22.123807907104492,7170700
2004-02-19,22.26044105057665,22.47359004445344,22.118342416282854,22.309629440307617,14877300
2004-02-20,22.3096211175475,22.33694752723213,22.047283831806496,22.17298698425293,9572100
2004-02-23,22.178462313170513,22.227648619187462,21.954380244219106,22.03089714050293,8355200
2004-02-24,21.91612068370474,22.183924582186847,21.877863281760444,21.970775604248047,10757900
2004-02-25,22.080076220310744,22.107402629309693,21.834134369577487,22.05274772644043,9655500
2004-02-26,22.052753866917737,22.22218098568152,21.94344820048634,22.16752815246582,6612000
2004-02-27,22.222172776327056,22.51730297035698,22.167519963301295,22.418926239013672,9295700
2004-03-01,22.533709379055775,22.741393922536492,22.47359000450566,22.697669982910156,10655400
2004-03-02,22.6375490984051,22.943610400758182,22.62662019909968,22.77418327331543,8802700
2004-03-03,22.77965279192681,23.036525741567107,22.681276006314455,23.009197235107422,7990900
2004-03-04,22.95454752226449,23.309797305962867,22.95454752226449,23.282468795776367,9311600
2004-03-05,23.282450910484076,23.960156995975122,23.145816804002667,23.50653076171875,16242100
2004-03-08,23.522926144063646,23.768867930453762,23.457340277779068,23.468271255493164,8789300
2004-03-09,23.46828902559049,23.46828902559049,23.1130413628089,23.21141815185547,9036700
2004-03-10,23.22234427695663,23.22234427695663,22.845232636257474,22.970935821533203,10364300
2004-03-11,22.817911893793514,23.140368696166572,22.517317064262947,22.577436447143555,11924500
2004-03-12,22.599285502076068,22.75778160189981,22.47904887882313,22.692197799682617,10815400
2004-03-15,22.561030324436796,22.582892288945146,22.27136659175209,22.36974334716797,7970000
2004-03-16,22.48997357773916,22.681260482802386,22.40799228421441,22.588350296020508,7481600
2004-03-17,22.785115797563524,23.20048488489453,22.785115797563524,23.107572555541992,8745600
2004-03-18,22.845236327111557,23.0201279248698,22.790583484639217,22.96547508239746,10219700
2004-03-19,22.965459659518395,23.145815586453594,22.48997357773916,22.588350296020508,9468900
2004-03-22,22.544626874916727,22.544626874916727,22.101931633001186,22.29868507385254,9690300
2004-03-23,22.48998223846289,22.62661639037367,22.326019588272594,22.397069931030273,10830000
2004-03-24,22.402537631930564,22.440795029669268,22.15659572870189,22.26590347290039,7835100
2004-03-25,22.32602658122322,22.746860151106375,22.24404731532226,22.681276321411133,8173900
2004-03-26,22.571962186970367,22.779646688155744,22.51730935843979,22.544635772705078,6019400
2004-03-29,22.66488033731753,23.047454405351946,22.66488033731753,22.987337112426758,7541100
2004-03-30,22.987333172164277,23.069312422031444,22.872558886555126,22.9436092376709,7785300
2004-03-31,23.00373038257536,23.085711723648863,22.812443366566654,22.927215576171875,7842800
2004-04-01,22.927203233224663,23.173145039169366,22.92173670149757,23.096628189086914,10295200
2004-04-02,23.416208468205653,23.454776172834233,22.6448501720695,22.88176727294922,12806900
2004-04-05,22.744017253491837,23.00297355651855,22.66137310058526,23.002973556518555,10003200
2004-04-06,22.92033239653305,22.92033239653305,22.782590009289983,22.865236282348633,7845200
2004-04-07,22.865234335558924,22.903802032560694,22.710963547551852,22.793607711791992,7224700
2004-04-08,23.002974629436707,23.01399427069455,22.58974754028515,22.672393798828125,4961800
2004-04-12,22.677907684886204,22.903805127182085,22.650359626417366,22.898296356201172,4989800
2004-04-13,22.942373965917742,22.942373965917742,22.038784151972045,22.060823440551758,11592300
2004-04-14,21.851455425455978,22.05531359990511,21.493324325509743,21.636577606201172,12978200
2004-04-15,21.67513444022622,21.801857139255873,21.069068992383308,21.361082077026367,15835000
2004-04-16,21.498835738577608,21.796359850453776,21.4382287415159,21.631067276000977,9741200
2004-04-19,21.625555958681094,21.73575029475055,21.416186930327346,21.6861629486084,7395300
2004-04-20,21.719219070665304,21.757788873548,21.212328083753093,21.23436737060547,9028300
2004-04-21,21.23436066590829,21.23436066590829,20.633803950388824,20.760526657104492,18611600
2004-04-22,20.771552167200458,21.31150206649609,20.672377481433706,21.146211624145508,14094200
2004-04-23,21.15722718722361,21.184775238672643,20.892760008324416,21.102128982543945,7214500
2004-04-26,21.10764048712487,21.807371944186333,21.08009033306774,21.239871978759766,7071300
2004-04-27,21.245381747812733,21.460259486905198,21.140696212104007,21.278438568115234,8743600
2004-04-28,21.23986621811005,21.23986621811005,20.876226562067473,20.898265838623047,7048500
2004-04-29,20.920309527267317,21.168244084573026,20.639313946374592,20.743999481201172,10451500
2004-04-30,20.826644043959725,20.93683835037062,20.688901686391496,20.716449737548828,7720300
2004-05-03,20.942349132728673,20.942349132728673,20.644827209139475,20.859704971313477,8119800
2004-05-04,20.898264678604118,21.350059314009716,20.83214895438844,21.107633590698242,9740200
2004-05-05,21.10763537159589,21.184770739985762,20.881738034833635,20.96438217163086,8968500
2004-05-06,20.826644043959725,20.964386401527953,20.562178969642517,20.716449737548828,7717600
2004-05-07,20.655843594348337,20.777055432336315,20.093854557846598,20.099363327026367,11997100
2004-05-10,19.807348708574146,19.834896755934462,19.074558458458213,19.509824752807617,21494000
2004-05-11,19.77980651662262,19.77980651662262,19.24536541214064,19.38861656188965,16613700
2004-05-12,19.449217486730436,19.713682520505397,19.15169353556563,19.708173751831055,16881200
2004-05-13,19.58696260098209,20.049777001169367,19.54839490944828,19.69715690612793,11896100
2004-05-14,19.686137348067767,19.96713293245821,19.465750838632573,19.64756965637207,9251400
2004-05-17,19.316988632473016,19.542886010726082,19.146187355537656,19.454730987548828,10311700
2004-05-18,19.65858746679845,19.818369089965056,19.5539040421969,19.597980499267578,8825600
2004-05-19,19.834905374912466,20.000195832680294,19.67512368829794,19.691654205322266,10945700
2004-05-20,19.69715762560749,20.000190399491274,19.69715762560749,19.78531265258789,7384700
2004-05-21,19.768786315864805,19.967135672825812,19.76327544384819,19.87898063659668,7116500
2004-05-24,19.983664085311943,20.09385840604382,19.779805958116178,19.87898063659668,6079600
2004-05-25,19.88448154825642,20.330767425041394,19.72469995143181,20.29770851135254,8236600
2004-05-26,20.303227166724756,20.39689308356633,20.11038866408335,20.29220962524414,6704000
2004-05-27,20.380357607746102,20.440962472018,20.11589046464456,20.358318328857422,8163000
2004-05-28,20.314236917306456,20.36382423694923,20.19853387206699,20.29770851135254,4311000
2004-06-01,20.297713886733497,20.413416962614253,20.110384196448738,20.30322265625,5619300
2004-06-02,20.413414655736716,20.60074432485174,20.24812426576025,20.551156997680664,6267600
2004-06-03,20.468523776684073,20.496071839417716,20.297722424883546,20.36383819580078,7280700
2004-06-04,20.551159793045706,20.65584533230247,20.468515637706897,20.54014015197754,5832100
2004-06-07,20.677885308987218,21.0194879229514,20.67237653859898,21.01397705078125,7368400
2004-06-08,20.96438925917399,21.041524653641435,20.815627240508835,20.969900131225586,7042800
2004-06-09,20.931327923607217,20.95887597258342,20.716448097317436,20.760526657104492,6053000
2004-06-10,20.777055659825646,20.82664299011231,20.650332949488952,20.826642990112305,5198600
2004-06-14,20.788071845260564,20.788071845260564,20.3968841390014,20.69991683959961,6317600
2004-06-15,20.716445676105383,20.74950459208195,20.490548338051752,20.52360725402832,8166300
2004-06-16,20.540126946022728,20.650321184075096,20.435443575852133,20.562166213989258,5895200
2004-06-17,20.540126946022728,20.71092812009291,20.45748284381866,20.562166213989258,5747200
2004-06-18,20.611768901117806,20.749511276052242,20.457498113761424,20.51259422302246,12953300
2004-06-21,20.496060456680425,20.60074387764404,20.330770070292132,20.385866165161133,5511700
2004-06-22,20.385877486700682,20.39689713215063,20.220587008516357,20.36383819580078,9628200
2004-06-23,20.440964146916002,20.727468490600586,20.42443573728584,20.727468490600586,9303600
2004-06-24,20.727477157333023,20.898278501460265,20.70543996920561,20.810123443603516,10092000
2004-06-25,20.8156245486527,21.21783198334978,20.81011577909536,20.93132972717285,12499100
2004-06-28,20.986429526497247,21.256405521556676,20.85419591423137,20.90929412841797,11788300
2004-06-29,20.90929086426593,21.146207893828254,20.82664460677893,21.096620559692383,9783000
2004-06-30,21.146204365550812,21.405158532358676,21.04702971382651,21.361082077026367,16628400
2004-07-01,21.444462250980386,21.477811533493355,20.955318943816795,21.216564178466797,15371800
2004-07-02,21.22212178433689,21.3944341689547,21.09427793266936,21.16653823852539,8373200
2004-07-06,21.122069800460096,21.13318693374761,20.688512204128987,20.70518684387207,15088300
2004-07-07,20.710753069982275,20.77189626861795,20.371689903654232,20.48841667175293,13643800
2004-07-08,20.52176145332086,20.694073873374858,20.377242932264807,20.427268981933594,9619100
2004-07-09,20.58846172865711,20.59957886281059,20.360565779452074,20.47173500061035,7199600
2004-07-12,20.56623802841567,20.649615517222454,20.410602311045793,20.51065444946289,9447300
2004-07-13,20.399468636368738,20.716299444422788,20.399468636368738,20.644039154052734,9633300
2004-07-14,20.49397640393191,20.721872456058264,20.171587849391514,20.260522842407227,10905200
2004-07-15,20.31054180489567,20.366125360948597,19.96035946470733,20.010385513305664,12141900
2004-07-16,20.149350799549723,20.17714258347366,19.876986228189843,19.938129425048828,10179400
2004-07-19,19.982593735279202,20.138229388528796,19.84919023222473,20.010385513305664,9112000
2004-07-20,19.97148339827245,20.355015154495792,19.73247020920679,20.232730865478516,11567800
2004-07-21,20.70519394814125,21.010907797125636,20.399480099156868,20.4661808013916,18145600
2004-07-22,20.304982014286576,20.560671883059815,20.077086043693736,20.44394302368164,12868900
2004-07-23,20.34389205419384,20.527321614536852,20.216048172913947,20.304983139038086,10259500
2004-07-26,20.254950667526405,20.360562364080433,20.099315056237746,20.27162742614746,8089000
2004-07-27,20.360567277786835,20.64404679824401,20.277189825688243,20.516202926635742,8491200
2004-07-28,20.566227961041722,20.760772512522564,20.210488140975848,20.60513687133789,8535900
2004-07-29,20.70518231356771,20.838585763452738,20.45505217026822,20.644039154052734,8556300
2004-07-30,20.566232818534868,20.783011690064498,20.499532116612773,20.749662399291992,7910000
2004-08-02,20.694072510523053,20.833033514854023,20.516202594609542,20.794124603271484,8075700
2004-08-03,20.81635818464322,20.849707467539034,20.5217594233452,20.60513687133789,9053900
2004-08-04,20.56622995336043,20.771891659188533,20.366125755094473,20.68295669555664,6809800
2004-08-05,20.699637159300742,20.727428942833168,20.093766948634286,20.166025161743164,8439200
2004-08-06,20.093759037884844,20.377238510915507,19.954798054553347,20.060407638549805,9666200
2004-08-09,20.04374363814338,20.154910787514222,19.982600433762943,20.049301147460938,7355900
2004-08-10,20.121553576088683,20.56622835979266,20.121553576088683,20.560670852661133,9031000
2004-08-11,20.46618588999857,20.57735516828175,20.288315892896538,20.51065444946289,7271900
2004-08-12,20.510650947689044,20.555117379184008,20.427273473117253,20.48841667175293,7201400
2004-08-13,20.466175281204098,20.527318458584705,20.288305376302255,20.493967056274414,6165000
2004-08-16,20.53843890248226,21.010905515945744,20.52732176658729,20.977556228637695,9070700
2004-08-17,21.09427371670903,21.261026441192215,21.044247687326482,21.08315658569336,10501300
2004-08-18,21.066482893887358,21.327728063152936,21.027573993775974,21.299936294555664,9555700
2004-08-19,21.299951749122364,21.299951749122364,21.038704269927905,21.122081756591797,7859600
2004-08-20,21.105397639948944,21.56674706350495,21.07760374327706,21.48337173461914,9293600
2004-08-23,21.538960849726553,21.61122118305705,21.383325165978256,21.427791595458984,8000900
2004-08-24,21.538958621260267,21.594542182454678,21.311062627760077,21.450023651123047,6038500
2004-08-25,21.455589400344902,22.028110478366308,21.455589400344902,21.92249870300293,11953600
2004-08-26,21.85578876438294,22.03921832611664,21.733502389893804,21.928049087524414,8500300
2004-08-27,21.9836323138438,22.12259332988627,21.95584053471067,22.078126907348633,6590800
2004-08-30,22.050336242446704,22.061453379806117,21.733505249023438,21.733505249023438,5918800
2004-08-31,21.73906537223175,22.00031280517578,21.627896116486806,22.00031280517578,6606700
2004-09-01,21.96696369213479,22.03922403399076,21.672366935888977,21.82244300842285,8253400
2004-09-02,21.92805072955743,22.228207060119914,21.827998619369936,22.155946731567383,7301300
2004-09-03,22.0947937349554,22.23375470184191,22.06700196565331,22.15037727355957,6939300
2004-09-07,22.150389514892133,22.289350558574963,22.07257166969011,22.16150665283203,10487500
2004-09-08,22.022538344645973,22.172616476762915,21.872460212529035,21.883577346801758,11362200
2004-09-09,21.961400733521085,22.133713177864454,21.872465757170946,22.08924674987793,7663900
2004-09-10,22.02253513050392,22.18928787950446,21.939159816191772,22.122587203979492,6536900
2004-09-13,22.061448073011267,22.167059792332633,21.7668514251709,21.7668514251709,8320200
2004-09-14,21.844669423018974,22.05033111540575,21.839111915820048,21.950281143188477,7749300
2004-09-15,21.883574718449697,21.92804325019965,21.722381591796875,21.722381591796875,7142200
2004-09-16,21.85023462797669,22.144831353380173,21.761299647456177,22.00031280517578,10947400
2004-09-17,22.05589545547269,22.122596157994447,21.961400849887855,22.039220809936523,9749500
2004-09-20,22.044778671952056,22.044778671952056,21.84467444079973,21.889142990112305,7806700
2004-09-21,21.955839217258337,22.372722240370837,21.955839217258337,22.289344787597656,10296700
2004-09-22,21.955832768068888,22.200403306453758,21.872455339786548,22.15037727355957,12767500
2004-09-23,22.094806237832557,22.100363746687393,21.90581913110896,21.933610916137695,9352100
2004-09-24,21.93916529388776,22.19485304755292,21.911371395134648,22.09480094909668,8779600
2004-09-27,22.022537838174255,22.028097465371037,21.711266567202784,21.75017547607422,10374800
2004-09-28,21.75573946255171,21.93916904790039,21.65012983850004,21.889142990112305,8002100
2004-09-29,21.889142039756543,22.05589485168457,21.700154954137567,22.05589485168457,7725600
2004-09-30,22.03921659419957,22.117034418985877,21.911370601620124,22.083683013916016,8422700
2004-10-01,22.178183612055097,22.456105701828335,22.155949335982694,22.422754287719727,11375700
2004-10-04,22.607737966777943,22.67500561580282,22.28260707609103,22.288211822509766,12622200
2004-10-05,22.254576406571314,22.316239301805403,21.895812803463624,22.120038986206055,12012800
2004-10-06,22.035959250869443,22.159282926898005,21.95187307950437,22.13686180114746,7631200
2004-10-07,22.153674123817517,22.361083933235303,22.092011227893362,22.159278869628906,7051800
2004-10-08,22.164882447137426,22.293812965562417,22.007921788637884,22.226545333862305,6542800
2004-10-11,22.14246104247788,22.2489683131115,22.075193405151364,22.075193405151367,3363700
2004-10-12,21.890210166596916,22.220945828333264,21.86778690245204,22.1480712890625,8410800
2004-10-13,22.198522320237235,22.24897359480869,21.834153904687973,21.996719360351562,7602800
2004-10-14,21.996720295203374,21.996720295203374,21.413728239467453,21.59871482849121,11762100
2004-10-15,21.59871531220207,21.918239359090066,21.59311056506381,21.7164363861084,8057300
2004-10-18,21.609930006913668,21.92384935114443,21.59871837264822,21.862186431884766,5915300
2004-10-19,21.722037718798955,22.075196608204962,21.183892265304053,21.2903995513916,16571000
2004-10-20,20.572869394416177,20.993295871938034,20.359852713719867,20.881181716918945,23141100
2004-10-21,20.78588990501122,21.217525953006295,20.769071388699697,21.133441925048828,11568200
2004-10-22,21.189495523263872,21.234342043771846,20.96526933592339,21.00450897216797,8983300
2004-10-25,21.004508909844734,21.038141661726126,20.68498493657278,20.75225257873535,11971100
2004-10-26,20.75226182557499,21.07739068956557,20.71302217196235,21.015729904174805,10566300
2004-10-27,20.937234577779474,21.402507502725353,20.75785281207486,21.312816619873047,11518800
2004-10-28,21.217525534999524,21.60992407293716,21.116622992718415,21.5706844329834,8766200
2004-10-29,21.53704646200497,21.649160619452932,21.312820285508746,21.637948989868164,11215900
2004-11-01,21.73325156073907,21.828547225607025,21.542658092603,21.581897735595703,10154500
2004-11-02,21.581903926822726,21.957484085610385,21.531452637301914,21.60993194580078,9869300
2004-11-03,22.058379622461988,22.10322614923014,21.6547715735491,21.778095245361328,11104200
2004-11-04,21.72203950280752,22.232156990111637,21.581897312466825,22.220945358276367,12158700
2004-11-05,22.22094558260552,22.372299406309462,21.862181913855505,22.058380126953125,13418700
2004-11-08,22.041574962927886,22.114449538471177,21.92385597517419,22.01915168762207,7547900
2004-11-09,22.04716727066305,22.136858174170456,21.89581347004433,21.92384147644043,7004600
2004-11-10,21.963090446003502,21.968695194304463,21.778101676061013,21.83415985107422,7633400
2004-11-11,21.974296806872243,22.097620485500464,21.789308081329594,21.963085174560547,8004300
2004-11-12,21.82294226304936,22.024747361245577,21.806125884333056,21.957477569580078,11168600
2004-11-15,21.862182858235,21.951873779296875,21.834154846353204,21.951873779296875,8794300
2004-11-16,21.581897021025952,21.72764395611606,21.5258410010067,21.565080642700195,14141300
2004-11-17,21.581893410561598,21.766882094798284,21.368876721004128,21.45296287536621,14438700
2004-11-18,21.413723170800328,21.492202440803933,21.1838901064756,21.200706481933594,14942800
2004-11-19,21.245566942394273,21.290411352509135,20.8924078572348,20.976491928100586,14346300
2004-11-22,20.976470518720042,21.217515124971413,20.825118917956576,21.049345016479492,13073300
2004-11-23,21.105421076850398,21.133449095679527,20.886797397821347,21.054969787597656,10883200
2004-11-24,21.178286312279468,21.18949794368714,21.049355758691323,21.133441925048828,6854700
2004-11-26,21.13343548121671,21.183886737968027,21.07737734127115,21.12782859802246,3143500
2004-11-29,21.12783814495333,21.223135956722846,20.80270933995227,20.914823532104492,10747600
2004-11-30,20.841945450787073,21.133441445572902,20.77467780226726,21.10541343688965,13032200
2004-12-01,21.18949586086263,21.458568572998047,21.17267948460411,21.458568572998047,11122800
2004-12-02,21.441748657685984,21.649158438106518,21.41372065574799,21.548255920410156,8238200
2004-12-03,21.514617325426837,21.593096564881098,21.29599597597599,21.335235595703125,10918000
2004-12-06,21.2735836608842,21.53704950900161,21.17268111874562,21.368879318237305,10695800
2004-12-07,21.413737625214655,21.469793673512655,21.189509155220318,21.19511604309082,8779000
2004-12-08,21.195094011998385,21.206305637684373,21.038133390793504,21.049345016479492,11421600
2004-12-09,20.881179197460135,21.239942739514206,20.881179197460135,21.12782859802246,10360900
2004-12-10,21.111018419343985,21.223132593730732,21.01572276107526,21.094202041625977,8579000
2004-12-13,21.301607418683616,21.525835720555904,21.256760902949335,21.441749572753906,14880100
2004-12-14,21.48099637669603,21.750069145738536,21.469784744019222,21.7164363861084,12084600
2004-12-15,21.75006914192278,22.00232553110596,21.7276458765731,21.878999710083008,13420900
2004-12-16,21.75007009473453,21.862184287994058,21.654774420424168,21.82294464111328,11590300
2004-12-17,21.413721622234718,21.76127356643111,21.408114738554374,21.593103408813477,14179700
2004-12-20,21.637948989868164,21.794909665655187,21.593104609928798,21.637948989868164,8837800
2004-12-21,21.665973313674776,22.00231355727992,21.660366431188525,21.901411056518555,8686400
2004-12-22,21.83415531778393,21.99111389843112,21.75006914192278,21.878999710083008,9282700
2004-12-23,21.92945051443135,22.13125562142063,21.918238881998583,21.951873779296875,8556100
2004-12-27,21.974288173993596,22.0247394303757,21.822934404847288,21.867778778076172,5639800
2004-12-28,21.84536126512593,22.030347810116673,21.83414963536896,21.979896545410156,5420000
2004-12-29,21.867787605251262,21.951873779296875,21.828547960936707,21.951873779296875,6008200
2004-12-30,21.95187067588457,22.041561584266532,21.890207775421985,21.907026290893555,4745700
2004-12-31,21.907020544950583,21.957469662933313,21.83414603275435,21.867778778076172,5754000
2005-01-03,22.131258509643864,22.248977457950357,21.867790459090795,21.946271896362305,14957900
2005-01-04,22.042396934257717,22.08763634257695,21.66918044415889,21.720073699951172,11360900
2005-01-05,21.827509317353233,22.008462597053715,21.708759132012275,21.765308380126953,9770200
2005-01-06,21.92364474788465,22.042394948323135,21.85013179455599,21.88971519470215,9115900
2005-01-07,21.878403940940746,21.980190436828853,21.7087605001717,21.71441650390625,9971200
2005-01-10,21.640905380249023,21.77661928145554,21.51649917319841,21.640905380249023,9284500
2005-01-11,21.544776806734863,21.62959962891754,21.431682586669925,21.431682586669922,8966300
2005-01-12,21.488230218526212,21.50519392052111,21.24507375664059,21.482576370239258,9075900
2005-01-13,21.488223877176647,21.70310671994576,21.324234282507234,21.358163833618164,9646600
2005-01-14,21.363834379808427,21.47693081478278,21.290323530639917,21.380800247192383,7346500
2005-01-18,21.324234217290716,21.765309751850303,21.216793874801443,21.71441650390625,9729100
2005-01-19,21.493867951794435,21.74268023255414,21.39208365900377,21.397737503051758,15845900
2005-01-20,21.37512887913,21.392094734322512,20.984948723838702,21.064115524291992,15240300
2005-01-21,21.06410997570809,21.19982599583102,20.83791732788086,20.83791732788086,14174400
2005-01-24,20.84357525217099,21.047148222557297,20.78702600643415,20.85488510131836,12870700
2005-01-25,20.917098946702474,21.041503037014294,20.826622264141935,20.843585968017578,9986100
2005-01-26,20.809654242680192,20.9227506234228,20.787034535104862,20.82662010192871,14555600
2005-01-27,20.707870533348927,20.866206350786214,20.645667407620103,20.781383514404297,9791100
2005-01-28,20.854889705592907,20.922746658325195,20.71351979573936,20.922746658325195,15282000
2005-01-31,21.081080218900674,21.14893932861151,21.058462672797358,21.109355926513672,14111800
2005-02-01,21.205486297607422,21.284653101310443,21.092389939260123,21.205486297607422,14015400
2005-02-02,21.20548702306499,21.22810672693501,21.137630068588614,21.216796875,13147400
2005-02-03,21.188515605861305,21.222442992174678,21.120656518968758,21.14327621459961,10737700
2005-02-04,21.17155354410566,21.34119913456128,21.14893600156043,21.312923431396484,10662400
2005-02-07,21.318582221065206,21.52780907760272,21.26203296447833,21.471261978149414,9438000
2005-02-08,21.442990940072693,21.48257650686926,21.312930857305247,21.352514266967773,7579200
2005-02-09,21.267689402555114,21.3412023590509,21.177212747304,21.205486297607422,7084500
2005-02-10,21.239411037624613,21.295958125413154,21.143278399824343,21.177207946777344,8872600
2005-02-11,21.092393013278475,21.250728800894088,21.001916344841234,21.19417953491211,10676700
2005-02-14,21.24506969945893,21.24506969945893,21.075426240504797,21.205486297607422,6686000
2005-02-15,21.301610135269726,21.346849527307697,21.17720612143118,21.233753204345703,8145300
2005-02-16,21.115009773756093,21.165903027472407,21.02453311794194,21.109355926513672,9579800
2005-02-17,21.08107772197347,21.131970969661786,20.798337936401367,20.798337936401367,12155800
2005-02-18,20.72483127546879,20.787032228698436,20.526912091845663,20.645662307739258,17789700
2005-02-22,20.64566512799963,20.71352425246614,20.300724285731675,20.31768798828125,14882000
2005-02-23,20.459045419084458,20.685238048068182,20.35725895175506,20.62868881225586,12550200
2005-02-24,20.651316025723528,20.860542881576652,20.61173262480898,20.741792678833008,9123400
2005-02-25,20.741798765641917,20.967991543360057,20.724835062310024,20.90578842163086,8776200
2005-02-28,20.905780280305514,20.934053827226183,20.651314043752787,20.668277740478516,11403900
2005-03-01,20.922747186776483,21.1150103553187,20.85489023233032,20.97364044189453,10170900
2005-03-02,20.922747124358818,21.160247542778723,20.849234165600123,20.91709327697754,9392100
2005-03-03,21.007572828548323,21.024536530162376,20.753106518667618,20.928403854370117,8372400
2005-03-04,21.06412350283804,21.369483126363235,20.990610521515084,21.21114730834961,12698300
2005-03-07,21.21113980879682,21.23375951153467,21.09804560937473,21.115009307861328,11265600
2005-03-08,21.052808366841887,21.081081919602205,20.871855040615294,20.888818740844727,9934400
2005-03-09,20.770068737791778,20.82096199613535,20.54953200401425,20.623044967651367,17648000
2005-03-10,20.628701388597904,20.696558355809085,20.521261010752355,20.56084442138672,11903100
2005-03-11,20.504290483797124,20.572149592695933,20.357266728783586,20.419469833374023,9297300
2005-03-14,20.419480664077454,20.634363641965955,20.27811068125458,20.611743927001953,13097500
2005-03-15,20.645659997937436,20.736136650943582,20.464706691925148,20.49863624572754,8607000
2005-03-16,20.498636245727536,20.583459051666733,20.385539890186465,20.49863624572754,13404700
2005-03-17,20.481672481552643,20.515599878112408,20.300719176122044,20.442089080810547,9034600
2005-03-18,20.44775123061153,20.498644503249803,20.25548799588188,20.36292839050293,18106400
2005-03-21,20.289409105304234,20.32899250561793,20.074526248505936,20.238515853881836,11448100
2005-03-22,20.357260203145135,20.357260203145135,19.769161057342377,19.82571029663086,14833000
2005-03-23,19.82571785555629,19.955777919808266,19.723931343161922,19.75220489501953,17485800
2005-03-24,19.848335402762135,19.876611111753476,19.71827533851016,19.75220489501953,11987900
2005-03-28,19.75221345783199,19.837036307310225,19.63911704423923,19.706974029541016,8804800
2005-03-29,19.5938780037946,19.848342214982356,19.407268614646807,19.55429458618164,14720400
2005-03-30,19.520360918555294,19.780481081708185,19.49208736293155,19.763517379760742,11279800
2005-03-31,19.735235481078103,19.752199175854155,19.526006512218963,19.565589904785156,13312200
2005-04-01,19.673035274783192,19.8539885693658,19.13582923774519,19.36767578125,20140200
2005-04-04,19.23060536848807,19.390528732909893,19.047837676659775,19.287721633911133,15639300
2005-04-05,19.419088819120702,19.853161610539406,19.40195502619037,19.750356674194336,15200900
2005-04-06,19.84743724504062,19.938821041608332,19.773187229466366,19.807456970214844,10676000
2005-04-07,19.847448129159513,20.04734961291213,19.801755116437338,19.876005172729492,8304500
2005-04-08,19.910270757564053,19.961674296717028,19.70465660095215,19.70465660095215,6360800
2005-04-11,19.801748486034327,19.88171123152347,19.744634418018403,19.773191452026367,7172800
2005-04-12,19.773196654860858,20.10446443705196,19.561871933082546,20.013080596923828,14425600
2005-04-13,20.018795748623166,20.04164225861262,19.70466386193908,19.744644165039062,11500600
2005-04-14,19.74463674047796,19.767483241876462,19.527599334716797,19.527599334716797,11012300
2005-04-15,19.561874223259963,19.818891984573614,19.35626001420904,19.379106521606445,15012100
2005-04-18,19.561864763142975,19.94453377255791,19.539018266794134,19.78461265563965,16011300
2005-04-19,19.836022055563923,20.081616517118494,19.80746501605437,19.9616756439209,10932200
2005-04-20,20.35005871175867,20.49284609669907,19.836023254468213,19.85315704345703,25470000
2005-04-21,20.001657344562485,20.08732846912864,19.601852226965942,20.013080596923828,16555800
2005-04-22,19.85886911944138,20.09304033605205,19.738928242856954,19.915983200073242,13476600
2005-04-25,19.978808433585744,20.104462015664144,19.927404893532067,20.087326049804688,9174600
2005-04-26,20.093044726656995,20.23583213820017,20.013084124794894,20.035930633544922,8410100
2005-04-27,20.035932231676423,20.418601479328853,19.973105416984072,20.275814056396484,11456900
2005-04-28,20.16158250782331,20.281523413196414,19.99023804603845,20.00166130065918,12987700
2005-04-29,20.007363528225046,20.275804453403566,19.944536743288612,20.27009391784668,14205800
2005-05-02,20.32150098435474,20.332922057453253,20.058770549076105,20.31578826904297,10170400
2005-05-03,20.32150707754116,20.458581783448864,20.144449888750284,20.275814056396484,12748700
2005-05-04,20.281515775080223,20.658474320547743,20.247248202886407,20.618494033813477,12880000
2005-05-05,20.647063708811157,20.66990804225925,20.287238767152925,20.504276275634766,8286700
2005-05-06,20.56138245226433,20.589939492139976,20.27580769598288,20.338634490966797,7313800
2005-05-09,20.31007945877482,20.5613844847899,20.298656205942855,20.538537979125977,6858100
2005-05-10,20.332924439022545,20.344347692221564,19.99023555810303,20.0701961517334,13667900
2005-05-11,20.070189593067784,20.24153397753452,19.9102684580671,20.16157341003418,9091900
2005-05-12,20.190130847805303,20.212977347193988,19.77890475261945,19.89313507080078,11278100
2005-05-13,19.893137253416675,19.893137253416675,19.481908934349974,19.68181037902832,13913000
2005-05-16,19.756064437049375,19.944542669096098,19.721794677239615,19.841737747192383,10447100
2005-05-17,19.710370946710434,20.13873312952772,19.70466040959514,20.11017608642578,11668100
2005-05-18,20.33292705632261,20.618501886769632,20.252966452399534,20.58994483947754,14821100
2005-05-19,20.46428889165726,20.73272769163793,20.452865639501958,20.66990089416504,10298500
2005-05-20,20.669903320866705,20.70988361872278,20.509982129442403,20.59565544128418,7475100
2005-05-23,20.50426680466476,20.561380880048855,20.401459725963527,20.509977340698242,7940900
2005-05-24,20.544247233365237,20.56138102034491,20.367190112446714,20.498554229736328,6290700
2005-05-25,20.44144001448486,20.561380880048855,20.390036475134245,20.509977340698242,5064800
2005-05-26,20.584231132718624,20.61278817561455,20.40146344366945,20.527114868164062,5880200
2005-05-27,20.532828309255915,20.584231859789327,20.395751448245882,20.447154998779297,6003700
2005-05-31,20.46428927718222,20.56138365418761,20.355769469043715,20.418596267700195,7597500
2005-06-01,20.310078702963448,20.846958493510268,20.310078702963448,20.424306869506836,12206800
2005-06-02,20.133025193010972,20.435733810765555,19.995948318147512,20.41288948059082,15578700
2005-06-03,20.34434353938654,20.475707656216116,20.224402673424184,20.304363250732422,8616400
2005-06-06,20.258670800321035,20.32720812126211,20.104460194132006,20.28151512145996,5933100
2005-06-07,20.28722599917551,20.527107690133406,20.247245717349198,20.264379501342773,8578500
2005-06-08,20.304364585557195,20.45286467783128,20.26438429427474,20.372901916503906,7721800
2005-06-09,20.287237311682652,20.39004443049501,20.167296399322623,20.275814056396484,7090400
2005-06-10,20.332918942762547,20.355765442984872,20.127306977048164,20.235824584960938,6504700
2005-06-13,20.155873144036452,20.424312017590353,20.144449888750284,20.275814056396484,7127600
2005-06-14,20.24725086131629,20.40717202925073,20.212981105860692,20.332921981811523,5900100
2005-06-15,20.41288601395105,20.50426985541966,20.338635961894475,20.395750045776367,9128200
2005-06-16,20.36719938112957,20.589947428282606,20.33864233024696,20.504276275634766,9775400
2005-06-17,20.66989169891635,20.675604411833916,20.49283681618053,20.607067108154297,15436700
2005-06-20,20.504273697601263,20.669905443400616,20.44715742425403,20.58994483947754,8378700
2005-06-21,20.589931420461955,20.641334943591875,20.504260334419843,20.58422088623047,5783400
2005-06-22,20.67560944336194,20.806973548533414,20.59564887314992,20.709877014160156,9192700
2005-06-23,20.8012605360418,20.806973250267696,20.515685830085626,20.521398544311523,10695500
2005-06-24,20.504268656606172,20.57851652555909,20.218693896367995,20.31578826904297,12273900
2005-06-27,20.32150084349521,20.430018467279016,20.287231088149664,20.327211380004883,8561800
2005-06-28,20.43002252730538,20.51569366455078,20.344349211297047,20.51569366455078,5892400
2005-06-29,20.549961231957937,20.618498570187015,20.492847146560823,20.538537979125977,6204900
2005-06-30,20.39574636555907,20.561380229197212,20.172998428344727,20.172998428344727,10788500
2005-07-01,20.311403512602926,20.35753843407159,20.190294668877236,20.219131469726562,10686600
2005-07-05,20.1845423825178,20.346018017596972,20.074969944419866,20.1672420501709,7921200
2005-07-06,20.184536815248027,20.27104285300363,19.85581739168061,19.953855514526367,10760500
2005-07-07,19.953853325965976,19.953853325965976,19.780843469370602,19.87311553955078,10625900
2005-07-08,19.959612493948647,20.2018257430813,19.896175062050467,20.074953079223633,9587000
2005-07-11,20.07496276776022,20.374847554229476,20.04035991549616,20.161466598510742,8455100
2005-07-12,20.161462952213196,20.386375951403604,20.1037937421426,20.328706741333008,14462200
2005-07-13,20.328704327225125,20.51324841746296,20.28256720469612,20.467113494873047,11108900
2005-07-14,20.559392127377695,20.680498812911203,20.46135181056024,20.58245849609375,8773400
2005-07-15,20.582452114702043,20.732395564536727,20.530548951288363,20.680492401123047,7631300
2005-07-18,20.57091545275293,20.582449732169604,20.4036739010583,20.4786434173584,8386100
2005-07-19,20.478652953602513,20.59399360154079,20.24220561530199,20.30564308166504,12573900
2005-07-20,20.311406817022153,20.47864840948565,20.092259854561103,20.276803970336914,13308600
2005-07-21,20.588220536803544,20.588220536803544,20.18452950668208,20.415210723876953,9322000
2005-07-22,20.41520589960292,20.53054428100586,20.369068787090857,20.53054428100586,6976600
2005-07-25,20.50171755968984,20.530552166114997,20.32294167989019,20.43828010559082,5979400
2005-07-26,20.55361866338639,20.55938690405477,20.36330852017538,20.39790916442871,6473500
2005-07-27,20.48442338785771,20.490189430898663,20.224907452212616,20.386383056640625,8414600
2005-07-28,20.392152239340465,20.467124001968394,20.288345860298783,20.44982147216797,7518400
2005-07-29,20.444050236768994,20.444050236768994,20.247971815036415,20.26527214050293,8494900
2005-08-01,20.369076320357703,20.4382798147813,20.271038219919227,20.357542037963867,7263000
2005-08-02,20.455589297831906,20.553627431625348,20.357548964098296,20.501724243164062,6646600
2005-08-03,20.507485127188186,20.559388297024032,20.42674515193513,20.536319732666016,9788200
2005-08-04,20.42675289906088,20.484424331828603,20.386383996093585,20.44982147216797,9565300
2005-08-05,20.386375951403604,20.472881966448846,20.30563817732903,20.328706741333008,9288400
2005-08-08,20.363312294647304,20.432515795920516,20.149931349150478,20.178768157958984,5770300
2005-08-09,20.22491565781938,20.36909099167891,20.132643532146922,20.201847076416016,5923500
2005-08-10,20.334480596569623,20.392152028741748,19.97116047361612,20.069198608398438,9726700
2005-08-11,20.069184839993607,20.167225107455884,19.873106505007733,20.074953079223633,9605300
2005-08-12,19.976919812102814,20.011522659792497,19.775075367094978,19.786609649658203,8664400
2005-08-15,19.763549471383563,20.063434345468124,19.75201518392565,19.982696533203125,7604000
2005-08-16,19.988454801941018,20.17876717105913,19.90771702108104,19.942319869995117,8645900
2005-08-17,19.982690135348275,20.01729078670354,19.838514888195515,19.87311553955078,11000800
2005-08-18,19.873121774224842,20.051899928759536,19.826986824630957,19.988462448120117,6676300
2005-08-19,20.069193682595277,20.069193682595277,19.907718112026444,19.919252395629883,6186900
2005-08-22,19.948087972834628,20.05766037247583,19.844281615305167,19.90195083618164,6593100
2005-08-23,19.9019511059892,19.98845713841642,19.78661266267263,19.80967903137207,7900100
2005-08-24,19.7866101711303,19.948085731392226,19.504025740732416,19.521326065063477,13530100
2005-08-25,19.602066743999927,19.711639135235707,19.52709500265987,19.67703628540039,6982000
2005-08-26,19.688570939086805,19.717405547855584,19.39445440974187,19.405988693237305,9644200
2005-08-29,19.279114871489302,19.659737448733296,19.250280261080164,19.555931091308594,7483200
2005-08-30,19.446361273963355,19.452127316834922,19.209913917308143,19.365623474121094,8907800
2005-08-31,19.371378034567023,19.56168813568277,19.238737127743626,19.544387817382812,10076800
2005-09-01,19.463656988058073,19.769307786408408,19.44635666360489,19.64243507385254,9768700
2005-09-02,19.769310395926972,19.850048187285115,19.648203708889756,19.67127227783203,7100200
2005-09-06,19.752006026493444,19.953850463576753,19.752006026493444,19.93655014038086,7289600
2005-09-07,20.12686008298489,20.13262612337931,19.971150593066337,20.121091842651367,10212300
2005-09-08,20.149923235637637,20.149923235637637,19.901941739325572,19.976913452148438,9160300
2005-09-09,19.97115233959734,20.126861843133106,19.95961805786069,20.080724716186523,9107300
2005-09-12,20.063425043655723,20.12109425426828,19.896181252964197,19.93655014038086,9714100
2005-09-13,19.838515000163746,19.890418177429268,19.694339752197266,19.694339752197266,13029900
2005-09-14,19.838514591995867,19.890417768193505,19.71163967241505,19.74624252319336,8136800
2005-09-15,19.809678740789774,19.855815877391464,19.636668878412962,19.68280601501465,8574400
2005-09-16,19.740474183369493,20.184534199756904,19.734708141571577,20.178768157958984,19557400
2005-09-19,20.115329587026103,20.155698477199895,19.850045480247534,19.94808578491211,10208200
2005-09-20,19.907720438207246,20.15570206480824,19.867351540848006,19.91348648071289,12550200
2005-09-21,19.775067935741884,19.809668570489396,19.56168708841862,19.613590240478516,10551200
2005-09-22,19.55016020066776,19.832742392511218,19.4867227535366,19.752004623413086,8108600
2005-09-23,19.73470126311855,19.769301901725417,19.55592323054053,19.648195266723633,9615200
2005-09-26,19.752003615865362,19.752003615865362,19.544390963095207,19.561691284179688,9849000
2005-09-27,19.63667147488975,19.688574660459714,19.457895546768793,19.538633346557617,8734600
2005-09-28,19.544390963095207,19.757769656247156,19.469419238497295,19.561691284179688,8838600
2005-09-29,19.521328523201067,19.826981557821387,19.31948404745728,19.80967903137207,10701100
2005-09-30,19.740474686049655,19.780843579481967,19.48095879974214,19.56746482849121,10533700
2005-10-03,19.71740517690513,19.855814376306807,19.463657544598252,19.67703628540039,14619200
2005-10-04,19.875090604716682,19.968291412559758,19.548888888307186,19.572187423706055,14992300
2005-10-05,19.6479068616108,19.717806887379027,19.478979762429304,19.484806060791016,11652000
2005-10-06,19.519757156763216,19.793535436412128,19.46733157602368,19.607133865356445,12637200
2005-10-07,19.73529023421153,19.845965497611456,19.653739806223953,19.74694061279297,9923000
2005-10-10,19.805187555756657,19.834312387157507,19.519758875031055,19.525585174560547,6499600
2005-10-11,19.508108528926734,19.6129574657764,19.286755835395326,19.403257369995117,10166000
2005-10-12,19.31005716507605,19.525583566187503,19.228504532956293,19.37995719909668,15446600
2005-10-13,19.21103909876525,19.677043247809287,19.176087954305803,19.659568786621094,13003500
2005-10-14,19.79354139190156,19.915867043071874,19.66538943996161,19.85179328918457,11165800
2005-10-17,19.927516686692424,19.99741896085085,19.677039092831205,19.805191040039062,8469300
2005-10-18,19.79353878508439,19.89256588638226,19.65373869418224,19.671213150024414,8777600
2005-10-19,19.89256894295632,20.24207144599655,19.752766608490592,20.23042106628418,19372600
2005-10-20,20.32361584135311,20.44594145885153,20.06731423010661,20.2420654296875,18561300
2005-10-21,20.253722287181972,20.498373600467872,20.253722287181972,20.463424682617188,15313700
2005-10-24,20.539142008259663,20.847871420085635,20.53331793124349,20.830394744873047,14340400
2005-10-25,20.795449917620918,20.917775557692913,20.684772433866037,20.807100296020508,10839200
2005-10-26,20.801259990140455,21.191539626459992,20.754660730000182,21.0284366607666,16107000
2005-10-27,21.02844992475741,21.150777781707717,20.93524912360817,20.987674713134766,10161100
2005-10-28,21.098347963055144,21.249798401283797,20.97019605388187,21.226497650146484,12044700
2005-10-31,21.261452191331134,21.436203408761234,21.203202526215197,21.33135223388672,14962500
2005-11-01,21.43038121059958,21.546882773131326,21.30805556987837,21.465330123901367,19177200
2005-11-02,21.383781690252277,21.838137604275065,21.37795761151986,21.66921043395996,12955100
2005-11-03,21.70415027888685,21.83812847664351,21.541049477557717,21.605125427246094,10366900
2005-11-04,21.610961825799738,21.750764179567803,21.587663285240918,21.73328971862793,11269800
2005-11-07,21.820660534090518,21.977937322048373,21.774061238815587,21.94881248474121,8644600
2005-11-08,21.809001145913957,21.890553767602057,21.698325921031273,21.750751495361328,7807400
2005-11-09,21.756570756276883,21.977923379132765,21.67502037471978,21.97209930419922,11315500
2005-11-10,21.989589071887732,22.37404272571822,21.94881385269986,22.321617126464844,16843700
2005-11-11,22.234237463060868,22.35656532662032,22.129388500425264,22.286663055419922,8195900
2005-11-14,22.123558877813515,22.26336117713765,22.123558877813515,22.210935592651367,8725900
2005-11-15,22.146866790562882,22.280842833763014,21.931340305595963,21.97793960571289,10030500
2005-11-16,22.082780063089174,22.106080812850927,21.81482810707445,22.0245304107666,10959700
2005-11-17,21.96046062985925,22.135211858005967,21.96046062985925,22.094436645507812,9583900
2005-11-18,22.135212615965596,22.210938965519105,21.91385986762284,22.152687072753906,14886200
2005-11-21,22.135208526362867,22.17015965556457,22.00123253087947,22.030357360839844,10634100
2005-11-22,21.942964532921486,22.286642607037436,21.85559010721229,22.251693725585938,11501000
2005-11-23,22.25753352158002,22.711889300138488,22.21675831636198,22.589561462402344,11983100
2005-11-25,22.706071401163946,22.711897702397405,22.572095359871426,22.636171340942383,3775300
2005-11-28,22.717711628903125,22.805088331693188,22.572085272307593,22.659461975097656,11353900
2005-11-29,22.636168281526512,22.822569898312608,22.601217145098165,22.69441795349121,14807000
2005-11-30,22.729367567443905,22.781793157533542,22.2633635566929,22.280838012695312,12823600
2005-12-01,22.43809930714998,22.589549672906102,22.36819930926876,22.46722412109375,12194100
2005-12-02,22.362382773506692,22.7584866378517,22.362382773506692,22.71188735961914,9823600
2005-12-05,22.618688607434315,22.647813436699128,22.467235939926034,22.63033676147461,6495100
2005-12-06,22.805090181227555,22.88081429289966,22.595387855189653,22.63033676147461,12369500
2005-12-07,22.630345237667644,22.653645998639607,22.321617932079196,22.408994674682617,9663000
2005-12-08,22.408986649589338,22.653637885931968,22.379859597763915,22.513837814331055,8597600
2005-12-09,22.519662822341235,22.89246599146364,22.513838744984646,22.787614822387695,8492400
2005-12-12,22.799273185824966,22.880823629877543,22.65364675799309,22.805099487304688,8013600
2005-12-13,22.72936427791874,23.061392226405975,22.717713901575774,22.956541061401367,10624800
2005-12-14,22.956545047763402,23.137122579313203,22.869168321059394,23.038095474243164,8511200
2005-12-15,23.043916412064778,23.15459164766386,22.956539705693643,23.055566787719727,8737000
2005-12-16,23.14293584412313,23.230312530001157,23.0905102770126,23.177886962890625,12066400
2005-12-19,23.131281357715416,23.247782844141266,23.00313172251991,23.06720542907715,15601200
2005-12-20,23.119630986864728,23.17205654465231,22.962354313501983,23.06720542907715,7655500
2005-12-21,23.102163875857936,23.28856542448366,23.06721275220996,23.201190948486328,11624300
2005-12-22,23.26526974019535,23.364296834381776,23.2186704539352,23.329345703125,10147300
2005-12-23,23.370121741346402,23.5448729596682,23.30604577614254,23.416723251342773,7005900
2005-12-27,23.533232040280105,23.62643286684806,23.282754402238165,23.358478546142578,7752400
2005-12-28,23.36430048666283,23.434200538020864,23.195373325638567,23.247798919677734,9526900
2005-12-29,23.218677520751953,23.329352803626787,23.183726378857475,23.218677520751953,7390000
2005-12-30,23.131294542530455,23.17789605249602,22.997318534502895,23.119644165039062,8567500
2006-01-03,23.201201849148983,23.509929142469915,22.892472333745268,23.41090202331543,12838600
2006-01-04,23.369771888583468,23.581263401952878,23.158280375214055,23.275775909423828,13491500
2006-01-05,23.26989719040005,23.387392699612096,23.205274548281405,23.346269607543945,8109400
2006-01-06,23.45201619281138,23.64001037696173,23.234650928786028,23.510765075683594,7966900
2006-01-09,23.428529381137086,23.922009013232667,23.428529381137086,23.89263343811035,16575200
2006-01-10,23.79275643021881,23.939625297072013,23.540141799948017,23.927875518798828,16614800
2006-01-11,23.92787516405961,24.010121369711506,23.857378736506707,23.91025161743164,12332300
2006-01-12,23.645869437285853,23.74573911448979,23.440254077725193,23.469627380371094,12230000
2006-01-13,23.369761129929977,23.516629919818506,23.293390972736656,23.452007293701172,10961200
2006-01-17,23.193532332952262,23.393274091404404,23.152409227480454,23.328651428222656,9941100
2006-01-18,22.976166695979284,23.32865109238941,22.88217070753384,23.07603645324707,17813100
2006-01-19,23.111292700643645,23.1876651644198,22.79405530438128,22.946800231933594,12091800
2006-01-20,22.799921906201572,22.80579567435627,22.253569585138685,22.353439331054688,20902400
2006-01-23,22.406310754462847,22.73529777579694,22.30644101502829,22.482683181762695,13172300
2006-01-24,22.482683105129738,22.63542571816806,22.37693735724139,22.388687133789062,9781500
2006-01-25,22.418066130450324,22.723553674911123,22.35931947387918,22.60605812072754,14248700
2006-01-26,22.74117860491946,23.387403071658667,22.74117860491946,23.25815773010254,16187900
2006-01-27,23.058408461276837,23.522514545226194,23.011409355592534,23.35214614868164,12929400
2006-01-30,23.217026780736852,23.48139114418576,23.158277899392274,23.410892486572266,8701700
2006-01-31,23.5166385364953,23.61063450682321,23.346272380991454,23.35214614868164,15582100
2006-02-01,23.42852020263672,23.628261933591023,23.305148662164306,23.42852020263672,11429800
2006-02-02,23.428522328863576,23.59301474303395,23.258153905020794,23.493144989013672,10309100
2006-02-03,23.175905430397883,23.557763103223902,23.146532108032936,23.222902297973633,10440700
2006-02-06,23.146533279415483,23.26402657482129,23.093660400066486,23.17003059387207,6591800
2006-02-07,23.029040089871533,23.264028945671956,22.94091786829563,23.064287185668945,8590500
2006-02-08,23.07602332779128,23.275764969756555,23.058399790307238,23.264015197753906,10065200
2006-02-09,23.22290982250967,23.516647623415857,23.170036928704896,23.36390495300293,8496300
2006-02-10,23.27576519404291,23.487256610048775,23.081899556730793,23.452007293701172,8790500
2006-02-13,23.36390495300293,23.681142315831586,23.269908946354615,23.36390495300293,7791600
2006-02-14,23.2992832143315,23.692893048701453,23.293409444135676,23.557771682739258,12904100
2006-02-15,23.481390520064902,23.792751739273008,23.481390520064902,23.6870059967041,12685700
2006-02-16,23.76338004806304,23.980745315551758,23.640010753626807,23.980745315551758,11572000
2006-02-17,23.886737045717123,23.980732970380934,23.733994508528287,23.957233428955078,11518600
2006-02-21,23.869128514605695,24.05712048210746,23.82212940220974,23.91025161743164,7324500
2006-02-22,24.021868860142753,24.409602536320346,23.93374889435378,24.327356338500977,13151400
2006-02-23,24.239233473528177,24.421351650212486,24.086490859016735,24.151113510131836,8739500
2006-02-24,24.051246725598574,24.57410181529872,24.010123618920314,24.47422981262207,9294300
2006-02-27,24.40961076507454,24.64460190181158,24.40961076507454,24.427236557006836,8541700
2006-02-28,24.433103715885125,24.43897748424553,24.06886956943404,24.168739318847656,11716200
2006-03-01,24.180484163392933,24.63871419741077,24.162860620866248,24.45659828186035,10527700
2006-03-02,24.45660626434317,24.57997558437794,24.30386137578858,24.47422981262207,10939800
2006-03-03,24.380221166222384,24.726831629070524,24.339098080887865,24.433094024658203,12290600
2006-03-06,24.368477017743505,24.562344957102596,24.16873531099804,24.33910369873047,9777800
2006-03-07,24.098248179739045,24.474232186431337,24.098248179739045,24.368486404418945,9441300
2006-03-08,24.37434826565573,24.521217073076784,24.203979911197674,24.438968658447266,9147100
2006-03-09,24.3802281681526,24.521223244821517,24.06299092642807,24.115863800048828,9767500
2006-03-10,24.121743488988248,24.321485237469457,24.010121715958686,24.162866592407227,11175700
2006-03-13,24.35085538491958,24.368478929501887,24.07474123424602,24.121740341186523,10626100
2006-03-14,24.239239481739116,24.38023459557895,24.233365712473052,24.309738159179688,16221500
2006-03-15,24.18049467713431,24.286240460353966,24.08062490467212,24.215744018554688,14011200
2006-03-16,24.333233193059176,24.397855854126078,24.23923720633671,24.274486541748047,10045600
2006-03-17,24.29210042765239,24.380222610612854,24.233353799705547,24.321475982666016,13042300
2006-03-20,24.268608679278923,24.40960151505867,24.174612708412184,24.350854873657227,9418000
2006-03-21,24.24511404180583,24.50360245383565,24.10999494635562,24.203990936279297,13473600
2006-03-22,24.198111319472275,24.79146273826941,24.086491798400733,24.703340530395508,13516100
2006-03-23,24.703343480044257,24.791465698440195,24.568224388600626,24.69746971130371,12986800
2006-03-24,24.668087580051246,24.926575892146875,24.621088482739147,24.732707977294922,7212800
2006-03-27,24.591717593750765,24.791459294953842,24.544718491801557,24.73858642578125,7836200
2006-03-28,24.632848790145186,24.791467449838862,24.380234136674652,24.415483474731445,15562700
2006-03-29,24.515344768518297,24.72096247458772,24.268606210483583,24.485971450805664,7822900
2006-03-30,24.403733676207775,24.697471436659843,24.15699279208658,24.397857666015625,9323500
2006-03-31,24.544736328927602,24.638732360094192,24.38024383464661,24.46249008178711,10371300
2006-04-03,24.64458897766003,24.944200390887612,24.60346588645312,24.63283920288086,10872900
2006-04-04,24.638765570995993,25.148125047115858,24.57953867071474,25.035593032836914,14008500
2006-04-05,24.97635877793373,25.266575952573994,24.899364275147526,25.19550323486328,9494600
2006-04-06,25.10666456529771,25.15404789074758,24.887522333495326,25.04743766784668,6226600
2006-04-07,25.023746695873037,25.13627870788083,24.656534950945314,24.697994232177734,10753900
2006-04-10,24.8342208444024,25.02967144198857,24.692073106680205,24.804607391357422,7409300
2006-04-11,24.87566800747941,25.082964337130853,24.56768327531116,24.64468002319336,8828400
2006-04-12,24.774988933909157,24.86382927509886,24.697992164055798,24.816448211669922,5873900
2006-04-13,24.851994582463117,25.124442032527117,24.822381122127844,24.988218307495117,6554700
2006-04-17,25.041525753546182,25.10075493905138,24.775002326541216,24.875688552856445,7986200
2006-04-18,25.005978840064575,25.319885469083307,24.91713623291974,25.231042861938477,11079200
2006-04-19,25.112591669509776,25.4620358295022,25.053362505483,25.242891311645508,9448100
2006-04-20,25.171815963416154,25.438341525489303,25.1007432333171,25.231042861938477,8435900
2006-04-21,25.396882152611987,25.396882152611987,25.112588973884705,25.171815872192383,13733100
2006-04-24,25.1777386815745,25.337654024738267,24.970442269711153,25.278427124023438,9475900
2006-04-25,25.18958428412415,25.36134545773851,24.940828592154187,25.005979537963867,11649000
2006-04-26,25.106669033550695,25.31396773024503,24.97044533768044,25.266584396362305,10647800
2006-04-27,25.266579501958972,26.09576960939,25.189582728995497,26.03061866760254,17465000
2006-04-28,26.119455728873284,27.185557807081167,26.119455728873284,26.877573013305664,28234900
2006-05-01,26.877581202982416,27.0019590635513,26.492599528617763,26.522212982177734,16235100
2006-05-02,26.65252077710498,26.95458168512614,26.59921564517628,26.948659896850586,12964500
2006-05-03,27.001971263060806,27.067122245945008,26.782828896474335,26.92497444152832,15589600
2006-05-04,26.954573697179743,27.13225892386011,26.948651910659102,27.06118392944336,10550700
2006-05-05,27.191485431193993,27.71861253896638,27.06118353601916,27.629772186279297,17297800
2006-05-08,27.6001551264811,27.629770835290177,27.268480877688546,27.30401611328125,10283900
2006-05-09,27.209250434177683,27.452084323156623,27.155945323945176,27.256633758544922,7931000
2006-05-10,27.090804498822653,27.31586857675604,26.954578531439395,27.197412490844727,7213600
2006-05-11,27.197406084027943,27.22109774750161,26.628819716828236,26.74135398864746,10532900
2006-05-12,26.622881889754666,26.628803672374385,26.21420884883346,26.249746322631836,18204900
2006-05-15,26.25568426815367,26.5044399383893,26.20830094466428,26.380062103271484,11229400
2006-05-16,26.415583348304196,26.534039334938747,26.13721437797702,26.249746322631836,8263600
2006-05-17,25.941782266852233,26.089851802918012,25.521265326672253,25.616029739379883,13005200
2006-05-18,25.63971731928288,25.710790052640984,25.284349133769457,25.31396484375,10905200
2006-05-19,25.408724032213765,25.49756436585755,25.171811957108346,25.319881439208984,13351300
2006-05-22,25.3198849820448,25.438341036172243,25.077051087796132,25.25473403930664,14742200
2006-05-23,25.31397050024033,25.402810871949267,24.946756400551774,24.976369857788086,13249400
2006-05-24,24.93491331760891,25.159979684294804,24.632852405483856,24.964529037475586,12944000
2006-05-25,25.260660345632562,25.408729861704593,25.06520749992396,25.379114151000977,9902400
2006-05-26,25.52718070293753,25.693020078047287,25.438340359227084,25.604177474975586,7918100
2006-05-30,25.408733540647113,25.46203866452558,25.13628387451172,25.13628387451172,8680900
2006-05-31,25.266579870655516,25.45018686752112,24.976362651011346,25.25473403930664,11348000
2006-06-01,25.31989142424929,25.87071029563103,25.31396963674881,25.81148338317871,9034900
2006-06-02,25.941765013651164,26.178677017537055,25.781849749932235,25.947689056396484,9637700
2006-06-05,25.858854834659702,26.018770149982736,25.414646378549403,25.450183868408203,7867200
2006-06-06,25.45019418700999,25.574572062902355,24.881605415544108,25.100749969482422,12679200
2006-06-07,25.094809656840997,25.331721679673816,24.952664250629702,25.02373695373535,9958000
2006-06-08,24.8756827497672,25.17182183012157,24.431474129235642,25.082979202270508,14402700
2006-06-09,25.08296784962523,25.22511553797798,24.887517319921166,24.934898376464844,8106100
2006-06-12,24.934900491829612,25.011897257026114,24.632839735075727,24.638761520385742,9059600
2006-06-13,24.49069557359466,24.804604465050836,23.892495758956407,24.005027770996094,16522300
2006-06-14,24.07019195955575,24.194569871723616,23.29430876134063,23.67336654663086,16879100
2006-06-15,23.750352552399317,24.176793536951795,23.69112564203894,24.046491622924805,18481200
2006-06-16,24.0464940819135,24.105723257692443,23.697049852584872,23.785892486572266,15754500
2006-06-19,23.791794769910005,23.96355584981582,23.543039213654843,23.661495208740234,9087100
2006-06-20,23.77403983423599,24.153097413078715,23.714812934802335,23.981338500976562,11176100
2006-06-21,23.768127956869986,24.555856892673155,23.75035807214259,24.407787322998047,15242300
2006-06-22,24.35447879912899,24.680231355220176,24.283406048194664,24.324865341186523,10466300
2006-06-23,24.182714326962948,24.461083479403413,23.602279838660657,24.206403732299805,9954700
2006-06-26,24.087959578347743,24.579551696777347,24.052424323091465,24.579551696777344,11183300
2006-06-27,24.09979226405658,24.620997563872052,24.09979226405658,24.188634872436523,14116000
2006-06-28,24.384088247821627,24.467009079533458,24.24786455619466,24.443317413330078,8540100
2006-06-29,24.686149079429377,25.385037352799284,24.644689797056706,25.278427124023438,17320000
2006-06-30,25.426507551561542,25.46204506286466,24.87568855285644,24.875688552856445,16247700
2006-07-03,25.10855678843613,25.598188400268555,25.07870164679782,25.598188400268555,6828300
2006-07-05,25.59818585863707,25.59818585863707,25.102584178805554,25.323514938354492,10451000
2006-07-06,25.317543620676886,25.478761817428556,25.239918441566147,25.34739875793457,10831500
2006-07-07,25.347399960414126,25.52653307025924,25.25186214997666,25.323514938354492,6736400
2006-07-10,25.401135200462857,25.49070059913435,25.335452541423383,25.425020217895508,5332100
2006-07-11,25.293662311075725,25.669843473562054,25.16826934951405,25.598188400268555,8814500
2006-07-12,25.604158887137128,25.813147140831823,25.210065124597755,25.227977752685547,7025300
2006-07-13,25.048853511834317,25.05482363071142,24.606989547464572,24.71446990966797,11099000
2006-07-14,24.630863721080974,24.786111799272348,24.248712502947505,24.415903091430664,10439300
2006-07-17,24.36813594814444,24.44575885031488,24.123320175435463,24.32036590576172,10806600
2006-07-18,24.451731848860845,24.547269658186607,24.194973559210162,24.30842399597168,10760800
2006-07-19,25.018993872671743,25.711643706032216,24.9234560431669,25.705671310424805,27046400
2006-07-20,25.70565031555832,25.896725818508745,25.526517316267253,25.66385269165039,16362600
2006-07-21,25.77730964419287,25.95644496704139,25.550408850105182,25.765369415283203,15203300
2006-07-24,25.91464701812235,26.48190127426125,25.884789612809588,26.392335891723633,12629200
2006-07-25,26.36249351656554,26.786442454601396,26.278895930171377,26.649106979370117,12536000
2006-07-26,26.571460277169997,26.774478267028893,26.49383514868879,26.661027908325195,14170000
2006-07-27,26.678952572498797,26.85211552277834,26.392339212277744,26.690895080566406,13841100
2006-07-28,26.79838617535099,27.19247998920315,26.750616123828827,27.156652450561523,14184400
2006-07-31,26.929728483681995,27.293966873203757,26.893903250482914,27.24022674560547,14621600
2006-08-01,27.34175342150483,27.34175342150483,27.019312460934138,27.174560546875,13402300
2006-08-02,27.407432476133124,27.41340259188882,26.98945376141156,27.162616729736328,11051900
2006-08-03,26.95959413748433,27.347715375391857,26.92973673027575,27.26412010192871,9045400
2006-08-04,27.44325874359964,27.526854034082707,26.344572901963232,26.94168472290039,14113100
2006-08-07,26.870029549367718,27.06707752607405,26.77449175763755,27.03125,5925500
2006-08-08,27.15664486715609,27.299952703902907,26.83420394282634,26.86406135559082,11025900
2006-08-09,26.94167159825493,27.09692187163683,26.469955220640017,26.481895446777344,10452800
2006-08-10,26.422202993338008,26.481913275422787,26.07587697940276,26.302780151367188,10392300
2006-08-11,26.302764277307883,26.362476801156635,25.974353368439317,26.231111526489258,6868600
2006-08-14,26.452066473299716,26.571489352918167,26.09977023121636,26.207250595092773,6985600
2006-08-15,26.362497273437615,26.935724280736327,26.362497273437615,26.8939266204834,11078300
2006-08-16,27.132769447132645,27.258164702823912,26.941693782405075,27.150684356689453,8814800
2006-08-17,27.03722830046366,27.276073990995492,27.01931567090423,27.14470863342285,6163700
2006-08-18,27.276074644181538,27.293987274169922,27.03125883053434,27.293987274169922,9213600
2006-08-21,27.1148534915567,27.2283039417686,27.067085720131125,27.14470863342285,5649000
2006-08-22,27.03125369037128,27.22232929991772,26.93571588559806,27.079021453857422,6252400
2006-08-23,26.989447370553552,27.252175679806477,26.965562357585046,27.180522918701172,8730200
2006-08-24,27.28801215151546,27.449232625243432,27.246214504008314,27.27606964111328,8682800
2006-08-25,27.27606069277498,27.282030807117003,27.049157625174605,27.180522918701172,4450900
2006-08-28,27.10887159081181,27.49102270731095,27.055131447691597,27.479080200195312,7324900
2006-08-29,27.395495751785454,27.479091056822003,27.120822535206642,27.449235916137695,8050800
2006-08-30,27.40146509076916,27.50894541642187,27.2880146482696,27.305927276611328,8596400
2006-08-31,27.288005116575427,27.389513012123434,27.21635235043564,27.26412010192871,6245400
2006-09-01,27.377580067779412,27.40743748541718,27.061111485469308,27.305927276611328,6703300
2006-09-05,27.25218519975432,27.43131830399387,27.132762370994282,27.34772300720215,6134000
2006-09-06,27.258158998141273,27.49700239016396,27.156648791235764,27.39549446105957,7126400
2006-09-07,27.401462534794298,27.413405045175192,26.947658529325164,26.989456176757812,7278400
2006-09-08,26.870037616827215,27.132766053516608,26.678961975998327,27.025285720825195,7728200
2006-09-11,27.22233384082085,27.22233384082085,26.941690495948045,27.1029109954834,7173200
2006-09-12,27.102920373833655,27.479101669585145,27.043210069404196,27.473129272460938,11555700
2006-09-13,27.47310863652094,27.903029794452106,27.305918087458995,27.705984115600586,11745700
2006-09-14,27.71195732849877,27.801525005681118,27.52685185862888,27.765697479248047,7622400
2006-09-15,27.980666495080186,28.273250076617916,27.92095393307153,28.034406661987305,15421000
2006-09-18,27.885125536350227,28.034403507874796,27.74779007588375,27.813472747802734,11125300
2006-09-19,27.903047535743717,27.97470034835701,27.598521373785843,27.94484519958496,6768700
2006-09-20,28.034406711518205,28.35684771353062,28.034406711518205,28.195627212524414,9084200
2006-09-21,28.1120338053711,28.27325203948368,27.867215700841168,27.95081329345703,7782700
2006-09-22,27.885124786012387,28.02843035925128,27.771672072913827,27.956777572631836,6046700
2006-09-25,28.129949524722896,28.243399996169423,27.914988818570123,28.010526657104492,15329800
2006-09-26,28.01052486652365,28.03440989408082,27.700026341685206,28.004554748535156,12381400
2006-09-27,27.938868155747276,28.189654076632443,27.837357941721415,27.96872329711914,8884200
2006-09-28,28.064258067700155,28.255333685085947,28.004547791442484,28.153825759887695,6165100
2006-09-29,28.153814071127254,28.338917217356453,27.968708647097966,28.040361404418945,10115300
2006-10-02,28.040381105373967,28.261314202189673,27.909018004290825,27.98664093017578,7382800
2006-10-03,28.03440541191851,28.61360243186708,28.02843301708329,28.512094497680664,11801200
2006-10-04,28.295586820583658,28.590270885623298,28.235448339131985,28.56020164489746,20650500
2006-10-05,28.43993735986298,28.542173290979417,28.26553246004847,28.512104034423828,12915100
2006-10-06,28.32565920161543,28.385799983870587,28.13321328667146,28.181325912475586,10748900
2006-10-09,28.18133364948942,28.391820709829748,28.07909543865491,28.331682205200195,7252800
2006-10-10,28.439921947601746,28.662437078491575,28.31964269242433,28.58425521850586,14164900
2006-10-11,28.44593185992268,28.686490344754564,28.367750008231962,28.650405883789062,10288100
2006-10-12,28.68649995147887,29.209712192948885,28.59628991592285,29.023279190063477,14979300
2006-10-13,28.878938071413565,29.143550586430347,28.710548497687967,28.963132858276367,7298000
2006-10-16,28.854892613070426,28.927059272642193,28.566223680646615,28.704544067382812,7330200
2006-10-17,28.295590885204437,28.99320792328121,28.265521640159196,28.860902786254883,8880100
2006-10-18,28.770680584965945,28.866903504883474,28.03096645794955,28.391801834106445,21532700
2006-10-19,28.391821545661053,28.391821545661053,27.886650291835558,28.187347412109375,11986700
2006-10-20,28.193357048997512,28.34370557932302,27.98888295598936,28.337690353393555,10979200
2006-10-23,28.163278096829675,28.548169834769293,28.15726287297303,28.500057220458984,8838300
2006-10-24,28.307616880498728,28.391811677850882,28.115170973940618,28.349714279174805,13431500
2006-10-25,28.445947129476153,28.566226436457047,28.217416675626144,28.427906036376953,9021700
2006-10-26,28.475992009624232,28.836829621720163,28.45193800412584,28.728578567504883,7644300
2006-10-27,28.608313834452797,28.692508631623042,28.361742373824438,28.439924240112305,7112500
2006-10-30,28.46999816472032,28.668457034381806,28.31363670056692,28.536151885986328,10222600
2006-10-31,28.734612121133033,28.915032203754556,28.524125083590125,28.53013801574707,12564200
2006-11-01,28.716562061214308,28.758659455574218,28.09111178195859,28.223419189453125,11490200
2006-11-02,28.2234282062148,28.313638248169543,28.079092597914546,28.205387115478516,7059000
2006-11-03,28.355733183745873,28.415871677048,27.964826094872635,28.199369430541992,7984100
2006-11-06,28.373769557429007,28.69852287321677,28.29558769382023,28.65642547607422,8633700
2006-11-07,28.566214575388223,28.866911570918624,28.548173489779924,28.56020164489746,8535500
2006-11-08,28.560198172578907,28.806769587170507,28.385793385782577,28.650405883789062,7511200
2006-11-09,28.65643596811593,28.71657447344219,28.37377994598127,28.40986442565918,6836700
2006-11-10,28.536148943492673,28.63237190246582,28.45195414115821,28.63237190246582,5849900
2006-11-13,28.50607601116291,28.800757781210866,28.48201970099769,28.662437438964844,7664600
2006-11-14,28.560198950266138,28.752644825717603,28.30159937497777,28.71656036376953,8276800
2006-11-15,28.608318539123545,28.668457034381806,28.259511137179874,28.536151885986328,11340700
2006-11-16,28.566221572133657,28.854890483250408,28.488039691788522,28.776708602905273,8192500
2006-11-17,28.86089855662392,28.86089855662392,28.620340043243708,28.662437438964844,12991600
2006-11-20,28.66244615803683,28.896989518155465,28.59629243202661,28.806781768798828,8614500
2006-11-21,28.73460144767567,28.8308243854014,28.506073404411925,28.71656036376953,7423800
2006-11-22,28.626362816573984,28.800767684035016,28.494057653445612,28.620349884033203,5916100
2006-11-24,28.39783678316597,28.584267529556243,28.3737804629424,28.427906036376953,2926400
2006-11-27,28.349718799889445,28.42188545282256,27.934757677853344,28.04300880432129,11109800
2006-11-28,27.9407681117193,28.018949983653467,27.531819958098595,27.784406661987305,13415600
2006-11-29,27.790421634320754,28.18734166032294,27.790421634320754,28.067062377929688,9414400
2006-11-30,28.09714019246979,28.10916835280833,27.69420485060819,27.8325252532959,13058500
2006-12-01,27.96482919051889,27.970842122860137,27.369447946719944,27.67014503479004,14731400
2006-12-04,27.832522322439058,28.343708759380892,27.760355662144207,28.16930389404297,13148100
2006-12-05,28.205387338803547,28.415874379515657,28.127205454766184,28.385805130004883,10747700
2006-12-06,28.307621422463896,28.415872549038774,28.12118841688793,28.163288116455078,14162400
2006-12-07,28.313636620491152,28.313636620491152,28.00091139893226,28.04300880432129,7394600
2006-12-08,28.061052524055587,28.349721456980227,27.874619501190264,28.121191024780273,9120100
2006-12-11,28.08510649257138,28.7706954376823,28.08510649257138,28.596290588378906,11221600
2006-12-12,28.602294624206767,28.848866030702702,28.47600016204199,28.644392013549805,15958400
2006-12-13,28.734616811208138,28.806785773690855,28.566227153689187,28.626365661621094,11353700
2006-12-14,28.632377008942953,28.89097668745412,28.44594398899822,28.836851119995117,10052600
2006-12-15,28.98718856486943,29.257816298545542,28.86690931722051,29.047327041625977,16172100
2006-12-18,29.047331163178423,29.227748913183525,28.884954499932984,29.005233764648438,8538200
2006-12-19,28.88496316257639,29.15559101581382,28.83685281874354,29.029298782348633,9291400
2006-12-20,29.065371690866865,29.08942570613976,28.951105368242885,28.999217987060547,6036400
2006-12-21,29.119501281961284,29.45026987296499,29.065378015218602,29.257823944091797,10782200
2006-12-22,29.25180773733392,29.34803069854345,28.63838549932202,28.800762176513672,8342000
2006-12-26,28.85488928997107,29.08943262717047,28.83684820069003,29.0533504486084,4101200
2006-12-27,29.191678032322283,29.468318842289662,28.758673429495396,29.438249588012695,7716200
2006-12-28,29.34802037447373,29.46829960720781,29.251797447113578,29.42018699645996,6525200
2006-12-29,29.317954775302084,29.41417771459405,29.02928595742618,29.047327041625977,9601100
2007-01-03,29.0715472783599,29.295639808385538,28.823227904439868,29.113943099975586,14244700
2007-01-04,29.10184808889298,29.404676897956172,28.920151265535154,29.1866397857666,9471500
2007-01-05,29.174524206261175,29.222977921132912,28.8474708724781,28.94437599182129,10760500
2007-01-08,28.811134008976055,29.107907271820242,28.65971959761486,29.041284561157227,8239200
2007-01-09,29.01099458209596,29.138182100004283,28.683938984274594,28.92014503479004,9276700
2007-01-10,28.75055198530625,29.14422783331755,28.73238069573092,29.13211441040039,15597000
2007-01-11,29.07156461884574,29.32593970026846,29.03522433132805,29.259319305419922,8049200
2007-01-12,29.13213019267965,29.229035318115905,29.011000518684654,29.065509796142578,10646700
2007-01-16,29.168472606522926,29.35016944115546,29.132132315436174,29.30777359008789,8696500
2007-01-17,29.465226997154506,29.610583447575987,29.14422707420875,29.331981658935547,16291400
2007-01-18,29.101845500766146,29.42284558089781,29.02310937049986,29.162412643432617,12654200
2007-01-19,29.253250882902126,29.574250864177554,29.156345794879247,29.53185272216797,14649200
2007-01-22,29.59849513022703,30.19809735039196,29.495534416381126,30.07696533203125,18325500
2007-01-23,30.022442229930224,30.198083460243883,29.846800999616566,30.179914474487305,12845300
2007-01-24,30.089073840605778,30.5251481111771,29.98611083320946,30.50092124938965,13857500
2007-01-25,30.428243628591755,30.69473218278074,30.240488911303597,30.410072326660156,14855900
2007-01-26,30.282875916342846,30.43429029592456,29.980047157179417,30.101179122924805,13990300
2007-01-29,30.02243500502846,30.07088870258564,29.743833175273053,29.961870193481445,12085000
2007-01-30,30.1011705090893,30.434281586765053,29.901302476244197,30.39188575744629,12325700
2007-01-31,30.325262782479697,30.985429374483644,30.192017428556156,30.846128463745117,18460500
2007-02-01,30.86430029662631,31.033885938308604,30.80373548128238,31.015714645385742,13420400
2007-02-02,31.02176964657172,31.08839232353349,30.724996533850934,30.846128463745117,15443400
2007-02-05,30.773448749222915,30.97937232701466,30.609920998294243,30.864295959472656,8079900
2007-02-06,30.797675482027394,31.08233517732194,30.743166227830553,30.888525009155273,9849200
2007-02-07,30.791622056133672,31.0217725131599,30.76739520583626,31.015714645385742,7537400
2007-02-08,30.92486456473625,30.92486456473625,30.597809047141766,30.846128463745117,10312300
2007-02-09,30.90062711026214,31.003587713572113,30.331310238692556,30.5372314453125,9489000
2007-02-12,30.640196423787305,30.676536685850728,30.434272892892082,30.549346923828125,7889000
2007-02-13,30.49485189815821,30.900643593924677,30.482740782224734,30.858247756958008,8374100
2007-02-14,30.943030948510625,31.221632746604435,30.88852170015321,31.14289665222168,10745900
2007-02-15,30.91880955459569,31.173186861919326,30.821904463805637,31.015714645385742,13339600
2007-02-16,30.985440145234048,31.1005142479144,30.894590588633633,31.039949417114258,11291900
2007-02-20,30.979386185671547,31.342779810033548,30.961214887173224,31.27010154724121,9171500
2007-02-21,31.161075539751323,31.403337127876256,31.052057016455183,31.282207489013672,9337100
2007-02-22,31.37306058726016,31.463910143802497,31.118685525581927,31.276155471801758,9111600
2007-02-23,31.221644224539197,31.34277618879814,30.718949691904665,30.906702041625977,10042600
2007-02-26,30.991485557173917,31.142899894999623,30.543300411033513,30.77345085144043,13342800
2007-02-27,30.652328469969632,30.652328469969632,28.82929798069168,29.81046485900879,21228500
2007-02-28,29.719617113132678,30.21625614134999,29.610598564460552,29.913427352905273,19180400
2007-03-01,29.665109687989357,29.94371163622925,29.25326232519976,29.798355102539062,22648000
2007-03-02,29.64694086936691,29.67722328819314,29.138188377724727,29.1866397857666,16922400
2007-03-05,28.829291456732765,29.168460434134193,28.587029881788574,28.792953491210938,20199600
2007-03-06,29.05339581632455,29.483412157902407,28.72634015777221,29.386507034301758,17751900
2007-03-07,29.489454646259247,29.598473150788063,29.22902180881811,29.289588928222656,13664500
2007-03-08,29.550025373898496,29.88919204238077,29.44706241353806,29.519742965698242,11979500
2007-03-09,29.74989402774874,29.88919496742201,29.392556031056486,29.56819725036621,9452900
2007-03-12,29.459178865886,29.665102497366284,29.434952012676582,29.580310821533203,10445700
2007-03-13,29.34410308315268,29.374385492714705,28.199410904750028,28.284202575683594,25294400
2007-03-14,28.296321898454103,28.799016471062988,27.805738443874144,28.647602081298828,25043400
2007-03-15,28.55069492727818,29.18663485683561,28.55069492727818,28.889863967895508,15828300
2007-03-16,28.841398164408115,28.96858794530885,28.453777886460784,28.484060287475586,24746900
2007-03-19,28.587033955409325,28.95042752480861,28.562807101342713,28.817184448242188,14448200
2007-03-20,28.774786221180555,28.998881155095173,28.665769998973396,28.92014503479004,14507400
2007-03-21,28.95648829694419,30.070898281348658,28.95648829694419,29.707502365112305,20747600
2007-03-22,29.713558268632696,29.737782813125637,29.28959754960564,29.356220245361328,18906700
2007-03-23,29.42890288147702,29.610599699428185,29.331997757876366,29.386507034301758,11748200
2007-03-26,29.404662486314486,29.543963392962155,29.035211150666647,29.495512008666992,11851000
2007-03-27,29.428880540415502,29.56818140544056,29.28352181016404,29.416767120361328,11183500
2007-03-28,29.247206617535504,29.36228073199092,28.944377811747145,29.065509796142578,13176700
2007-03-29,29.216915915949695,29.4591775056582,29.08367053985016,29.374385833740234,10837100
2007-03-30,29.44101107478609,29.689330554250365,29.04127722222409,29.30171012878418,12674800
2007-04-02,29.301712538906138,29.368335238212982,28.889865225373093,29.216920852661133,13834500
2007-04-03,29.430406099886145,29.63779143801433,29.332813136461105,29.61949348449707,13572200
2007-04-04,29.619493484497067,29.710985578883164,29.44260551116425,29.61949348449707,9163600
2007-04-05,29.491404191533714,29.82078135319255,29.485305648599315,29.747587203979492,7991000
2007-04-09,29.75366251465831,29.96714857946894,29.680468422596665,29.887853622436523,7509000
2007-04-10,29.893960156474556,30.09524687198089,29.875662210264473,30.034252166748047,8200100
2007-04-11,29.94885899096227,30.09524955408591,29.875664872799984,29.979358673095703,11971300
2007-04-12,30.20505073052489,30.20505073052489,29.72318446416617,30.009864807128906,9472400
2007-04-13,30.16235091294768,30.16235091294768,29.680484695191343,29.942766189575195,11266300
2007-04-16,30.174540722021792,30.650305920086332,30.083046340794564,30.47951889038086,15765000
2007-04-17,30.479520423791385,30.753998927684417,30.320930465258773,30.60761070251465,12238500
2007-04-18,31.455453073081564,32.126404218862746,31.370059544723865,31.76043128967285,39198500
2007-04-19,31.736024847290224,31.8580165699702,31.321254386257454,31.77262306213379,20708700
2007-04-20,32.11421855912259,32.150814468977345,31.77874054012096,32.047122955322266,21166800
2007-04-23,31.93121222841032,32.14469833520005,31.748225798875332,31.88851547241211,12675600
2007-04-24,31.75433769062934,31.888526544588085,31.50425560717957,31.815332412719727,10315700
2007-04-25,31.864122020616264,32.291089621232594,31.82752380050676,32.2178955078125,18088100
2007-04-26,32.18740424723617,32.327693960679795,32.05931394280494,32.29109573364258,14440500
2007-04-27,32.18740237669692,32.20570032575248,31.803129158935548,32.0532112121582,14428600
2007-04-30,31.998322770778195,32.36429812792414,31.711644750166958,31.778738021850586,29900000
2007-05-01,31.961725296570222,32.02272002303709,31.47375817763659,31.87632942199707,13859000
2007-05-02,31.717735627610626,32.18740237669692,31.717735627610626,32.0532112121582,12968600
2007-05-03,32.22400171939762,32.27889556846848,31.94341997228388,32.14470672607422,9700300
2007-05-04,32.20570029987725,32.35818941334902,32.07761000299278,32.10200881958008,11974600
2007-05-07,32.21179964502847,32.29719317224891,32.053209671505556,32.163002014160156,7375400
2007-05-08,32.01051215062405,32.11420595036658,31.858023047966658,31.99221420288086,9028200
2007-05-09,32.053207745187976,32.48017768242947,31.980013630083395,32.44968032836914,12561700
2007-05-10,32.199601442796,32.3459896872832,31.68723793349244,31.717735290527344,13478400
2007-05-11,31.79092290313577,31.94951285012245,31.546941770015927,31.809223175048828,12419400
2007-05-14,31.717728015553774,31.815320931760457,31.443247211597903,31.614036560058594,9328300
2007-05-15,31.772630709614454,32.15080304682746,31.717734537535215,31.736032485961914,11105000
2007-05-16,31.9434207064377,32.37039071448535,31.839729220077214,32.315494537353516,12924700
2007-05-17,32.193503576606595,32.32769475222939,32.02271649984987,32.0593147277832,9049900
2007-05-18,32.095918277395256,32.285005676577995,31.992226763740177,32.047122955322266,11115100
2007-05-21,31.94952237078262,32.21180385397297,31.90682560159344,32.0593147277832,10408300
2007-05-22,32.05930748633872,32.13250159887314,31.772627249280486,31.89461898803711,9665800
2007-05-23,31.919022787190304,32.10810780134093,31.67503927156461,31.711637496948242,11246900
2007-05-24,31.71772379033466,31.86411430854286,31.382248330988865,31.467641830444336,13105800
2007-05-25,31.431056195100304,31.626242079608335,31.266367668771785,31.498151779174805,10761300
2007-05-29,31.50424730090479,31.668933472488273,31.38225556208834,31.607938766479492,9552300
2007-05-30,31.370043324242978,31.754316329956055,31.321245717956522,31.754316329956055,10243400
2007-05-31,31.87021709255163,31.90681530867863,31.51644131705325,31.614036560058594,10976300
2007-06-01,31.668946810241394,31.76654210383708,31.510359111748137,31.656749725341797,12104800
2007-06-04,31.4493534250066,31.595741660807626,31.43715401755667,31.45545196533203,11095500
2007-06-05,31.25415611379781,31.406645160880196,31.223656442942765,31.24195671081543,13615700
2007-06-06,31.248065182300238,31.248065182300238,30.656406746963878,30.83939552307129,13877400
2007-06-07,30.680809830861882,30.89429599043404,30.33923569842526,30.388031005859375,17409400
2007-06-08,30.394130301159326,30.790600588198284,30.217242376413147,30.74790382385254,13508100
2007-06-11,30.747911444151907,31.010192962591187,30.516127289689344,30.76011085510254,11252000
2007-06-12,30.632004882227434,30.74179719789695,30.095242708598523,30.101341247558594,15388300
2007-06-13,30.272141935326562,30.735707854426323,30.205046347620147,30.674713134765625,14507600
2007-06-14,30.455121994158812,31.004083662455255,30.455121994158812,30.693004608154297,12440700
2007-06-15,30.88819082371404,31.10167695357304,30.753999675048323,30.83939552307129,18351900
2007-06-18,31.004094420515734,31.016291504666643,30.6991161271491,30.76011085510254,9290300
2007-06-19,30.76620288804755,31.034585218581018,30.674710815474153,31.016284942626953,12251900
2007-06-20,31.052886835319224,31.10168447456113,30.144050582234513,30.16844940185547,14920700
2007-06-21,30.308730302122573,30.424623498187817,29.692675410213358,30.400224685668945,19429500
2007-06-22,30.229446557137923,30.345337460545444,29.631689435121007,29.717082977294922,25110400
2007-06-25,29.7170726694453,30.015949963383555,29.314501591121232,29.497488021850586,17240200
2007-06-26,29.55239638377502,29.918369396317257,29.460901967239625,29.643888473510742,18963800
2007-06-27,29.436492886831633,30.07084805916821,29.32670288277228,30.034252166748047,16354200
2007-06-28,30.04035226735294,30.180641958116578,29.619483195062024,29.86346435546875,14430900
2007-06-29,30.028146657802782,30.07084341022464,29.33889542659514,29.55238151550293,21764700
2007-07-02,29.826869569624815,30.04035338376443,29.625582836179696,29.979358673095703,15717900
2007-07-03,30.23754655212436,30.477285124519394,30.145341573445943,30.329753875732422,7444000
2007-07-05,30.18221365598561,30.335890919702297,29.905596457238733,29.991655349731445,11613000
2007-07-06,29.88715297951104,30.219096425130036,29.782653567887785,30.10230255126953,10792400
2007-07-09,30.24983202720958,30.29286147345594,29.83182968230588,29.991655349731445,10577700
2007-07-10,29.690437378946918,29.85640905203482,29.17408184431618,29.204816818237305,21881800
2007-07-11,29.210966610843485,29.776497661689845,28.96508211791044,29.585939407348633,27232500
2007-07-12,29.930185097098434,30.50801314919413,29.58594950343711,30.44654083251953,19172800
2007-07-13,30.5387421880673,30.870685598681405,30.286711601103697,30.766183853149414,16393800
2007-07-16,30.680134070547602,31.0182236394377,30.569486234193846,30.630958557128906,12263900
2007-07-17,30.704701172274522,31.030496044975603,30.630936782119644,30.68625831604004,18302200
2007-07-18,30.00395045700375,30.29901052828914,29.401535851679952,30.046979904174805,35535600
2007-07-19,30.42808465787884,30.544878482088574,29.407668175270324,29.88714027404785,26199400
2007-07-20,30.003953506076776,30.003953506076776,29.124919261803065,29.235567092895508,30677800
2007-07-23,29.352350640246147,29.426115053338012,28.928202333807395,28.9835262298584,20520200
2007-07-24,28.66388202185129,28.860588719028307,27.73567009617648,27.870906829833984,35706200
2007-07-25,28.07376116486698,28.405704614377175,27.22546436491282,27.827878952026367,40175100
2007-07-26,27.231622318567574,27.385299648068443,26.739855333150793,27.09638786315918,51202000
2007-07-27,27.102532079943536,27.809448685506027,26.862795837427676,27.18859100341797,40020600
2007-07-30,27.508235931396488,27.747972137509333,26.807467838165262,27.508235931396484,32316300
2007-07-31,27.704944988156914,28.258184236716215,27.01032289717238,27.05335235595703,34080900
2007-08-01,26.862782321857544,27.317665644192374,26.555427838415074,27.280784606933594,44504500
2007-08-02,27.299224256940786,27.514371450533393,27.047193682334356,27.40987205505371,28297400
2007-08-03,27.416020082102126,27.631169636077868,26.672222765192437,26.832048416137695,36628500
2007-08-06,26.899647515467457,27.72950553894043,26.6045876665417,27.72950553894043,34200000
2007-08-07,27.655759612586866,28.307349667637443,27.13940394626499,27.870906829833984,30556500
2007-08-08,28.122944289424233,29.032713571931023,27.827884171713603,28.59012222290039,27447200
2007-08-09,27.68650543630307,28.23974235941113,27.15170669555664,27.15170669555664,39278200
2007-08-10,26.653783672107753,27.538963823034006,26.131279594431327,27.20087432861328,32549000
2007-08-13,27.803298589116928,27.92624090586102,26.850499737977096,26.942707061767578,21357600
2007-08-14,27.010316750081806,27.05949460317487,26.512403884624607,26.61690330505371,25217200
2007-08-15,26.5123945765025,27.30536724732942,26.315687923049342,26.43248176574707,27726700
2007-08-16,26.278816956031065,28.21515177497353,25.916138452782235,27.95082664489746,51414800
2007-08-17,29.55522104761851,29.68430942376283,28.36883204035773,28.897480010986328,57869900
2007-08-20,28.995821683845023,29.204822832448183,27.704933753897,28.577821731567383,32691300
2007-08-21,28.35038497875638,28.940507537353703,28.12294325274607,28.39956283569336,23582300
2007-08-22,28.688482609808407,28.78683835135598,27.680359708245224,28.276628494262695,30844900
2007-08-23,28.553235636436547,28.63314846894277,27.75411434616106,28.073760986328125,21476600
2007-08-24,27.969270040464018,28.276624656293293,27.68035595120702,28.24588966369629,13248000
2007-08-27,28.12293638128014,28.215143668042707,27.594286273022675,27.60658073425293,13527200
2007-08-28,27.34225996181472,27.34225996181472,26.71525641045762,26.801315307617188,23516300
2007-08-29,26.973430377073274,27.188577579534197,26.524693108420042,27.127107620239258,21605200
2007-08-30,26.82590198765059,27.268493244472474,26.641489745617765,27.028757095336914,15581500
2007-08-31,27.66191191905233,27.741824765620915,27.213174518201445,27.366851806640625,16937800
2007-09-04,27.293074988656926,28.043018221624546,27.20701377641502,27.846311569213867,15416800
2007-09-05,27.55741705540416,27.64347597600343,27.090236707965648,27.15170669555664,15556800
2007-09-06,27.194739106762892,27.38529747949898,26.942708400136315,27.17629623413086,18994400
2007-09-07,26.598455186139248,27.041046357857194,26.555425749436495,26.752132415771484,21526200
2007-09-10,26.89351594600758,27.3238126701294,26.647631433672682,27.00416374206543,17181500
2007-09-11,27.022612254702317,27.56355693492642,26.844346047763928,27.3791446685791,15148000
2007-09-12,27.354543954541366,27.502075111008416,27.139396793993775,27.336103439331055,13896800
2007-09-13,27.305368774598044,28.141373270998265,27.28078220023741,28.030725479125977,20262100
2007-09-14,27.80328058645307,28.05531111736999,27.668043891107555,27.99384117126465,12482300
2007-09-17,27.901632219609148,28.049163364238257,27.59427781781583,27.84016227722168,17958300
2007-09-18,28.079910610014213,29.419976575210885,27.735672685354757,29.395387649536133,27267800
2007-09-19,29.48759715548424,29.54292106992889,28.99582798489662,29.24171257019043,31807800
2007-09-20,29.272439455677386,29.352352275520573,28.72534886698714,28.866731643676758,19553500
2007-09-21,29.198688478295196,29.22327741032319,28.66389210379935,28.97124671936035,20535000
2007-09-24,29.014278484022984,29.014278484022984,28.381126331091725,28.485628128051758,17346800
2007-09-25,28.430292466477415,28.430292466477415,28.061467988667623,28.338085174560547,16405200
2007-09-26,28.43643207338595,28.70075708232082,28.116785515766782,28.356521606445312,17485400
2007-09-27,28.39955462571802,28.448730123509662,28.079905682822243,28.40570068359375,12840300
2007-09-28,28.30735265559428,28.405706014564387,28.018440982642172,28.165969848632812,15587900
2007-10-01,27.950827631417962,28.915920872528986,27.92009029596148,28.774538040161133,17276200
2007-10-02,28.88517421991474,29.106467469322105,28.78067248039901,28.989673614501953,16003200
2007-10-03,28.946296643176577,29.41107341277406,28.909116014553994,29.12601089477539,12675700
2007-10-04,29.24995635955554,29.3924876405807,29.113621062932662,29.280941009521484,11132400
2007-10-05,29.404879234296825,29.671351454341135,29.29952859745331,29.485441207885742,13435600
2007-10-08,29.318120126824596,29.48544005126412,29.156996185967145,29.398679733276367,8305500
2007-10-09,29.49164047253248,29.559808122077467,29.11981993825822,29.479246139526367,12967500
2007-10-10,29.41728773295339,29.41728773295339,28.847160023415892,29.070253372192383,18858500
2007-10-11,29.13220477053514,29.51022356069479,28.834747943190674,28.91530990600586,27920400
2007-10-12,28.921522337818757,29.187994673780523,28.840962693162833,29.01447868347168,12507000
2007-10-15,28.983480954572585,29.014465601160225,28.376172898342247,28.673629760742188,16575300
2007-10-16,28.50630959883017,28.754191497454272,27.638725317622807,27.954774856567383,22510200
2007-10-17,29.15080715824999,29.200382130666878,28.351390338721597,28.735605239868164,34659600
2007-10-18,28.568284082096753,28.586876764456722,28.165478878617755,28.444345474243164,19397900
2007-10-19,28.376175142456823,28.878132603213817,27.86182098531198,27.899003982543945,29500400
2007-10-22,27.824635827260696,28.46292847675961,27.675906226496185,28.115894317626953,18094100
2007-10-23,28.45672569717019,28.500107028784424,27.967162724689835,28.469120025634766,13519100
2007-10-24,28.33898990405088,28.778978031935562,27.725485864093816,28.673629760742188,27352800
2007-10-25,28.568275215466922,28.847141724541565,27.979559918947515,28.537290573120117,20076400
2007-10-26,29.101222792845665,29.404877994973756,28.4629301067926,29.324316024780273,18851700
2007-10-29,29.367691383259732,29.43585901394935,28.822352701719417,28.921504974365234,18861900
2007-10-30,28.754187874763566,29.05784068014556,28.53729064979974,28.85334014892578,13131400
2007-10-31,29.095026249597606,29.46684671968483,28.531097197045074,29.12601089477539,23899100
2007-11-01,28.28941528110618,28.70461475110247,27.39084633544117,27.4652099609375,31730100
2007-11-02,27.54577265015382,27.564362966016823,26.064684265648047,26.74015998840332,39570300
2007-11-05,26.455084252749856,26.771133676902757,25.82298776842018,26.504661560058594,28852800
2007-11-06,26.455091134541192,27.477600905997317,26.455091134541192,27.33506965637207,28756400
2007-11-07,26.603829082071243,27.149167955627114,26.120461878224834,26.17623519897461,28980700
2007-11-08,26.34354973032755,26.59762763661287,25.20949549241212,26.405521392822266,37342800
2007-11-09,25.655681107173162,26.8269183015308,25.51314747042006,26.2196102142334,43587300
2007-11-12,26.09567009339122,27.068602733833554,25.940744483588592,26.26918601989746,27691800
2007-11-13,26.833110122012073,28.134486419130127,26.41791070017309,27.91758918762207,35927500
2007-11-14,28.444345350811663,28.518708987996604,27.53957791515567,27.979568481445312,25367400
2007-11-15,27.638722544321954,28.004347007917985,26.696777097611015,26.97564125061035,23434200
2007-11-16,27.10578372811713,27.33507295176707,26.324957388587237,26.70297622680664,29021800
2007-11-19,26.46129217063264,26.548050125831853,25.52554025046515,25.637086868286133,29656500
2007-11-20,25.637084309709948,26.24439229947221,24.961608686529424,25.798208236694336,33277800
2007-11-21,25.290059437298314,26.027504548473196,24.881055888952833,25.209497451782227,26759300
2007-11-23,25.717652504455558,26.15144470624184,25.38301260330809,25.996519088745117,10808400
2007-11-26,25.946944465559966,26.331161739131662,24.992604358760193,25.073163986206055,27132300
2007-11-27,25.35821604236472,26.324952445601436,25.141321190986247,26.2443904876709,28501100
2007-11-28,26.479881406035847,27.347465650610882,26.374533140153805,27.242115020751953,32246500
2007-11-29,26.882683167423945,27.32267117957428,26.653391642238798,27.050003051757812,23553600
2007-11-30,28.122089582492055,28.562077625397947,27.892798041279224,28.270816802978516,40113500
2007-12-03,28.444338841204225,28.456730807917925,27.85562113527524,28.016742706298828,21417200
2007-12-04,27.465211559837947,27.94238271550745,27.266906970985318,27.35986328125,19315200
2007-12-05,27.601552695403406,28.004357942558602,27.22353375412006,27.82464599609375,20627900
2007-12-06,27.812239370004825,28.66123084334282,27.5953421506422,28.636442184448242,19130200
2007-12-07,28.636446830803532,29.008269682621783,28.413353592507985,28.55588722229004,15286600
2007-12-10,29.002070967429052,29.665152326196367,28.847145372128708,29.38628578186035,23388400
2007-12-11,29.19417287496563,29.75810181823344,28.1964518913434,28.469120025634766,38455700
2007-12-12,29.14460633716117,29.615581537049742,27.998157716023993,28.59926986694336,44364000
2007-12-13,28.400955796079725,28.66742559382419,27.71928188963996,28.357574462890625,41261000
2007-12-14,28.035326754947377,28.37616247010836,27.688292694360555,28.01053810119629,27651800
2007-12-17,27.775062629601376,28.196460469695214,27.490000080119415,27.595348358154297,19965700
2007-12-18,27.744061859492852,27.855608420816562,26.727750846521968,27.20492172241211,25224900
2007-12-19,27.20493591749189,27.948576895701652,27.05620630346373,27.2545108795166,21293700
2007-12-20,27.471417694703025,27.601554674778946,26.67819675047822,26.851715087890625,27147500
2007-12-21,27.21732470287276,27.378448629563376,26.8517026042537,27.33506965637207,26363000
2007-12-24,27.35366524871333,27.954777370345553,27.35366524871333,27.781261444091797,7679700
2007-12-26,27.713093342845156,27.880413282119925,27.415636461015733,27.84942626953125,14578700
2007-12-27,27.638717725202486,27.70068936482325,26.963242219182348,27.043804168701172,16530000
2007-12-28,27.384648235605717,27.434225562370166,26.535656608569454,26.808324813842773,16852200
2007-12-31,26.690574626749562,27.353655818011728,26.517058760318758,27.050003051757812,16361200
2008-01-02,27.225054744348256,27.375090541121214,26.256080810434597,26.362354278564453,22122300
2008-01-03,26.468620996741947,26.662416670538324,26.10603600410433,26.181055068969727,17150700
2008-01-04,25.887234921089302,26.131040906506165,25.39962295025557,25.58716583251953,25873800
2008-01-07,25.69343770685303,25.993509162043452,25.105802741973847,25.843473434448242,25644100
2008-01-08,25.918494567095014,25.99351363617376,24.643199009605087,24.818241119384766,33646000
2008-01-09,24.74947960569834,25.218338146560466,24.093078125438932,25.168325424194336,33546300
2008-01-10,24.86200963240722,26.343602179429965,24.5681908056065,25.837236404418945,41863600
2008-01-11,25.55591061771899,26.31858536936063,25.249588729992894,25.543407440185547,37520500
2008-01-14,25.799709199684333,26.09977821999735,25.380861219324345,25.855972290039062,22817000
2008-01-15,25.462142132448996,25.462142132448996,24.286869484683145,24.486915588378906,45240000
2008-01-16,25.293352936935808,26.6624212991864,25.137066768440548,25.899744033813477,63183100
2008-01-17,25.987258822586373,26.0560251048292,24.880752679943125,25.03078842163086,39647200
2008-01-18,25.15581655668868,25.4246265065721,24.080567218206617,24.74947166442871,51919100
2008-01-22,23.542944344843374,26.256071866430702,23.542944344843374,25.543407440185547,57178600
2008-01-23,25.2558392094001,28.85042014923068,25.005780450995324,28.581607818603516,77137000
2008-01-24,28.6503859212998,28.762909785813257,27.668906439553282,28.106508255004883,52062600
2008-01-25,28.550351863867018,28.6566276826791,27.01249676725257,27.281309127807617,38410900
2008-01-28,27.375098634836064,28.512862282233435,27.13129247964217,28.487855911254883,29739100
2008-01-29,28.719135543891987,29.881904617405887,27.975214497328626,29.663105010986328,56112700
2008-01-30,29.444324504484563,30.813393392794804,28.9567122345322,29.600610733032227,68343800
2008-01-31,29.012970144902596,30.12572712855906,28.662888197524552,29.631864547729492,55500600
2008-02-01,29.54433661174702,30.444546479745668,29.319286529485066,30.163230895996094,48834500
2008-02-04,29.900667297927384,30.094460597275813,28.7754051125741,28.894184112548828,28310200
2008-02-05,28.162766903870338,28.431579302723748,27.41259282299425,27.437599182128906,39045100
2008-02-06,27.675152688642434,27.968971423955463,27.050008066946614,27.331323623657227,27274800
2008-02-07,27.12502769929832,28.494096095709672,27.037507824315224,28.20027732849121,36818000
2008-02-08,28.10650928606985,28.10650928606985,27.04376266234082,27.393844604492188,26058300
2008-02-11,27.43759620508422,27.50636249287439,26.768691671604675,27.100017547607422,25874000
2008-02-12,27.29382531214933,27.787690338722832,26.72494356784898,27.07502555847168,27193400
2008-02-13,27.225045325371642,27.612634287896366,26.88746668797724,27.56887435913086,26533400
2008-02-14,27.537618460405554,27.56887521267188,26.54989125731306,26.63741111755371,31180000
2008-02-15,26.512384502300616,27.037506103515625,26.262325688488673,27.037506103515625,29031400
2008-02-19,27.21880609296896,27.53762890256154,26.36235597073773,26.774953842163086,25811900
2008-02-20,26.48737830072986,27.09376937773314,26.162302794745504,26.974992752075195,30149700
2008-02-21,26.96874009874842,27.31256918286183,26.39360815946601,26.92498016357422,32878200
2008-02-22,26.918729347755168,27.518867636302488,26.19981205009244,27.462604522705078,30452700
2008-02-25,27.15003392351628,27.793932187448775,26.731185743527863,27.52511978149414,27917200
2008-02-26,27.337574020589695,27.843942022668802,27.137527932426032,27.331323623657227,24989300
2008-02-27,26.92498593896103,27.812692781630634,26.643670306258052,27.762680053710938,38566000
2008-02-28,27.50636395610725,27.518867134983076,26.49988071160987,26.531137466430664,36606500
2008-02-29,26.18106976075981,26.237332898612895,25.243352386367512,25.412141799926758,36856600
2008-03-03,25.34961628584017,25.399629004892148,24.649454912276415,24.893260955810547,31481900
2008-03-04,24.61195023607626,24.74323245715897,23.89303514318603,24.49942398071289,56449300
2008-03-05,24.60569627772582,24.743228877659934,23.824265386714394,24.218107223510742,36325600
2008-03-06,23.868028139230308,23.89928490160753,23.224129772254706,23.36166000366211,44356900
2008-03-07,23.061588126473886,24.430656576874977,22.88654836960493,23.480436325073242,43258700
2008-03-10,23.586701776246404,23.918027599218018,22.698997728006603,22.80527114868164,41281300
2008-03-11,24.055569987989728,24.543182135836236,23.230379098678096,24.280622482299805,58401200
2008-03-12,24.28687039665196,25.14957074169526,24.005557192273663,24.136837005615234,44572400
2008-03-13,23.655473280000027,24.349384212163685,22.899048837712865,23.824262619018555,45537900
2008-03-14,24.255614717615554,24.255614717615554,22.511460372267358,22.842788696289062,77776000
2008-03-17,23.130353292435668,25.687195143664688,23.130353292435668,25.199583053588867,125296300
2008-03-18,26.37485276911889,26.8062041176563,25.787217637817218,26.699928283691406,76994300
2008-03-19,27.043745142306214,28.06273116121813,26.531126935556152,26.549882888793945,70593300
2008-03-20,26.824950987778713,29.03796313863846,26.78744145845095,28.73789405822754,72777200
2008-03-24,28.394074402558612,30.1069721273039,28.144017924575085,29.100488662719727,66011200
2008-03-25,28.769160203888358,29.16300204389143,28.075249185462223,28.794166564941406,54485500
2008-03-26,28.300296192430192,28.3628096982354,27.48760869327561,27.57512855529785,41122700
2008-03-27,27.643896344190694,27.812685680718538,26.79369926452637,26.793699264526367,32154500
2008-03-28,27.006250221279746,27.406342428526642,26.66242112972305,26.699928283691406,29011900
2008-03-31,26.699924577886172,27.662647808414274,26.637411073457006,26.849960327148438,28920400
2008-04-01,28.212774330050067,29.381793975830078,27.91895562717586,29.381793975830078,54562600
2008-04-02,29.671714960312404,29.974230020728612,28.953238987125918,29.14231300354004,36597900
2008-04-03,28.593992592917463,29.64019106015587,28.56248106883065,29.167510986328125,30314400
2008-04-04,28.89651349157068,29.268355322250514,28.436438413640662,28.720046997070312,29875900
2008-04-07,29.26205868050442,29.457434048082597,28.657028541404078,28.70114517211914,24069200
2008-04-08,28.512069247888483,28.74525746133111,28.00157379277556,28.2725772857666,29187700
2008-04-09,28.474259401792754,28.474259401792754,27.780995973680024,27.919647216796875,28476400
2008-04-10,27.856631113427998,28.241078210446542,27.465882669126735,27.642349243164062,30230100
2008-04-11,27.30200757985397,27.667548080762057,26.74109413910087,26.80411720275879,41959900
2008-04-14,26.72218540255878,26.974280039684466,25.946987842018885,26.15496826171875,33774900
2008-04-15,26.58353633799538,26.91126158609213,26.016319100101775,26.54572105407715,37271800
2008-04-16,27.434363573204397,28.335607528686523,27.163360011532077,28.335607528686523,52568400
2008-04-17,27.944854761016874,28.562489961274284,27.83771266075463,28.43644142150879,30302500
2008-04-18,29.19902174378319,29.533048190345834,28.62550100847764,28.83978271484375,31398100
2008-04-21,28.543569735743535,28.663314468389455,28.10870260379432,28.505754470825195,23513400
2008-04-22,28.335585428165402,28.864987042222513,28.20323562569473,28.77045249938965,23703800
2008-04-23,28.619206543146483,29.01625853062453,28.16543284317157,28.455345153808594,23260300
2008-04-24,28.593989538238503,29.835563168858865,28.575083106641213,29.602375030517578,37769300
2008-04-25,29.80406434422763,30.169602467813608,29.331384119541248,30.119184494018555,24266600
2008-04-28,30.043539702539867,30.30824175320895,29.501535321026616,29.835561752319336,27175000
2008-04-29,29.83557428667826,30.08767135473229,29.381800525851332,29.67171287536621,20738700
2008-04-30,29.778855361895076,30.654889029142975,29.451130104331824,30.03095245361328,36280800
2008-05-01,30.049856310473345,31.18428831731961,30.049856310473345,31.03933334350586,31723700
2008-05-02,31.448979181755444,31.480490703144984,30.27042856755187,30.66748046875,27942900
2008-05-05,30.453208285957768,30.65488497096339,30.15699460302888,30.25153160095215,19276100
2008-05-06,29.835571767719063,30.692698841726216,29.778850052404604,30.377578735351562,25441400
2008-05-07,30.39018379535035,30.522533662882896,29.236843053258003,29.35028648376465,27636400
2008-05-08,29.608693414995052,29.62129851137339,28.556193111255137,29.02256965637207,26106000
2008-05-09,28.83348970220132,29.577173344777936,28.688534741926297,29.35028648376465,21730400
2008-05-12,29.507852207472986,29.804065933407134,29.312476838681683,29.772554397583008,20295600
2008-05-13,29.64651770048922,29.772566298346256,28.499480027926577,28.663341522216797,27485300
2008-05-14,28.991059349992533,29.224247632464383,28.549890574700843,28.934337615966797,24138200
2008-05-15,29.022562082187076,29.64650096711215,28.72635080921719,29.633895874023438,27289500
2008-05-16,29.822963534837637,29.822963534837637,29.022558260421377,29.3250732421875,20871400
2008-05-19,29.337674103353475,29.75993619071903,28.90911067326978,28.9847412109375,19402200
2008-05-20,28.77677242820141,28.77677242820141,27.41545345619859,27.541501998901367,48996100
2008-05-21,27.604523038096424,27.76208310384375,26.678071486341693,26.734790802001953,40611900
2008-05-22,26.72218694894452,27.56040521205322,26.53311295493928,27.1318416595459,28883300
2008-05-23,26.923861408853217,27.03730483421893,26.545715856242335,26.671764373779297,21440900
2008-05-27,26.722189578013726,27.352429875568994,26.659164105752634,27.10663414001465,28457800
2008-05-28,27.346121023722404,27.37133120792285,26.407064501922815,27.012094497680664,31688700
2008-05-29,26.90496152641417,27.768392596304388,26.65286681158177,27.45957374572754,22789000
2008-05-30,27.70536040691293,27.724269248975297,27.018398448314887,27.100330352783203,21391600
2008-06-02,26.867137857913566,26.955371092899842,26.255804152401005,26.56462287902832,30620500
2008-06-03,26.804112043074774,26.904950368021932,25.95959017007657,26.400758743286133,28503100
2008-06-04,26.30622904899105,26.690673581342633,25.940688550595954,26.236902236938477,30800100
2008-06-05,26.407065455064824,26.6717651861972,26.091945353711665,26.533111572265625,27755300
2008-06-06,26.337735605980544,26.337735605980544,25.17809367077739,25.266326904296875,39887900
2008-06-09,25.411282122633065,25.417585870339046,22.953344627521176,23.64030647277832,74856700
2008-06-10,23.463850791758503,24.72433164484793,23.419734154234487,24.131906509399414,54412400
2008-06-11,24.264252152406655,24.421812231318384,23.36300830869747,23.40082359313965,50965800
2008-06-12,23.76636317381779,24.42181371902089,23.715945195666254,23.955434799194336,53247700
2008-06-13,24.194922619266087,24.95121139405073,23.823080778573893,24.944910049438477,40465600
2008-06-16,24.881890607523886,25.61927312285133,24.642398583278286,25.17180061340332,34860200
2008-06-17,25.436483059943182,25.682276239283134,24.547844886235577,24.60456657409668,32510200
2008-06-18,24.283150299955835,24.736923941596338,23.905007201372207,24.415502548217773,35513700
2008-06-19,24.44701313322809,24.598269405180684,23.20543941375632,24.358779907226562,59944400
2008-06-20,23.753758765448282,24.699119323857083,23.287382236305294,23.86090087890625,55374100
2008-06-23,23.942828367304486,23.942828367304486,23.010070673372063,23.236957550048828,37741100
2008-06-24,23.199142720963,24.112989091304055,22.846207342037964,23.772661209106445,43526200
2008-06-25,23.91131862731792,24.781051005813918,23.63401373170271,23.892412185668945,42317900
2008-06-26,23.419729400622714,23.684431576215403,22.814699290947917,22.89032745361328,45708400
2008-06-27,22.972249411985082,23.249554157722336,21.554209354506682,22.08991241455078,69316700
2008-06-30,21.97017830120758,22.373531727973294,21.402961042208254,21.623546600341797,50792600
2008-07-01,21.470588961427545,21.88483402391866,20.60386490744665,21.680898666381836,74620100
2008-07-02,21.8975810791983,22.783425776351564,21.81473157748502,22.0505313873291,51750200
2008-07-03,22.38191963414751,23.000099874098822,21.980423383447658,22.503007888793945,33028500
2008-07-07,22.624102862569373,22.91088775127295,21.387744313726913,21.693647384643555,48883600
2008-07-08,21.859345127373775,22.974617862761228,21.29852158544191,22.796175003051758,62285100
2008-07-09,22.77705557912882,23.414354250349977,21.72551179917331,21.84659767150879,50971000
2008-07-10,21.668154262341307,22.815291354715562,21.381369381472386,21.993175506591797,47807900
2008-07-11,21.273028510397545,21.954937835914457,20.450912711226252,21.132822036743164,71316700
2008-07-14,21.78923874334104,21.891206424364494,20.189620291454116,20.195993423461914,50370200
2008-07-15,19.584185736490465,20.91613991115024,18.634610965921404,19.76900291442871,88717800
2008-07-16,20.58474915701415,22.904516220092777,20.074910642782886,22.904516220092773,79957800
2008-07-17,24.249217491475807,26.122877414120197,24.089892800426554,26.001789093017578,132114600
2008-07-18,26.25671056437021,26.33318573825822,24.982112987760996,25.504697799682617,65409900
2008-07-21,25.70861958056526,26.097372024197437,24.44039459487182,24.6315860748291,41354400
2008-07-22,24.319315143134155,26.154735841984266,23.96880138977873,26.040021896362305,50104200
2008-07-23,26.07188576557485,27.40383994380867,25.090445332960197,26.74104881286621,59345600
2008-07-24,26.804773750612547,26.94497775682196,24.88013213496803,24.94386100769043,47454600
2008-07-25,24.962992472217888,25.772362228379954,24.523257181700746,25.18604850769043,35188000
2008-07-28,25.115936241272557,25.906187528154714,23.841339116760167,24.00066375732422,41673200
2008-07-29,24.179107401170768,25.96991729736328,23.694761547027156,25.96991729736328,50527400
2008-07-30,26.39054593533308,26.811163089513787,25.472836443784868,26.49251365661621,47954900
2008-07-31,25.893442153930664,26.741048006651624,25.683132454239036,25.893442153930664,37394100
2008-08-01,26.199343793073258,26.60721447630877,25.34536363838601,25.976287841796875,30773300
2008-08-04,25.5811710357666,26.059145090787954,24.79729387726379,25.5811710357666,27748000
2008-08-05,26.30131150719723,26.766539157972726,25.625774167537735,26.696435928344727,35763100
2008-08-06,26.352292205343538,26.938608094027746,25.708621785074794,26.377784729003906,33009400
2008-08-07,25.92531411646538,26.47976336476669,25.160555107472813,25.370864868164062,42712200
2008-08-08,25.17967908833461,26.543500809988924,25.109578249737233,26.173866271972656,37174200
2008-08-11,25.995408494266808,27.308241954205567,25.72774183851454,26.696435928344727,34643900
2008-08-12,26.12287590696658,26.13561974214564,23.59279918112409,24.166366577148438,65248300
2008-08-13,23.987917477728526,23.994291824763277,23.03834398204125,23.522689819335938,48575900
2008-08-14,23.318755028933122,24.49138450781991,23.210413006673974,24.09626007080078,41142300
2008-08-15,24.24920899867843,24.669825938491762,23.815845796313052,24.26195526123047,36656900
2008-08-18,24.166370427968435,24.236473688132502,23.35700305453449,23.41436004638672,32193100
2008-08-19,22.949119295265636,23.197667767335776,22.305448841245557,22.67508316040039,41424300
2008-08-20,22.636842332747715,23.624654491898458,22.318193092305492,23.58004379272461,39065000
2008-08-21,23.057469206909687,23.32513351773695,22.80892308082671,23.10845184326172,30564500
2008-08-22,23.72025191000706,24.376668613677985,23.490824051725706,24.007034301757812,36022700
2008-08-25,23.83497394278268,23.86683839368845,22.993739797141107,23.025604248046875,27081000
2008-08-26,23.051089965155967,23.656524141602393,22.87902147677663,23.33150291442871,28810800
2008-08-27,23.293267045467136,23.720258439495804,22.859903734110404,23.669273376464844,23812300
2008-08-28,24.000675666350254,24.778181076049805,23.726636954115243,24.778181076049805,34724300
2008-08-29,24.54237449700682,24.816413161857923,24.274710181255617,24.529630661010742,23327100
2008-09-02,25.2115245732314,25.50468124207005,24.535987420989837,24.848264694213867,33267600
2008-09-03,24.797288601568543,25.33261952654332,24.497757479528712,25.307126998901367,28787600
2008-09-04,25.045836970645503,25.351740037165122,24.109009589148375,24.159992218017578,41510300
2008-09-05,23.898699987727465,25.33262198699111,23.80310421533596,25.23702621459961,42100300
2008-09-08,27.015086303807923,27.82445578874213,25.491943092978634,26.479755401611328,85629900
2008-09-09,26.008164828212635,26.72831071974295,25.141438073735173,25.154184341430664,56435300
2008-09-10,25.485579748587476,25.772362259957628,24.720820712362503,25.109573364257812,46100400
2008-09-11,24.376673097308753,26.568979554262373,24.16636337816801,26.543489456176758,57012300
2008-09-12,26.02727966295601,26.741053544284693,25.613034525047347,26.237586975097656,51417100
2008-09-15,24.46588829217787,26.670940452573877,23.580043792724606,23.58004379272461,92112900
2008-09-16,22.67509098038607,26.097384630713677,22.31820280064933,25.963552474975586,90368100
2008-09-17,24.90563459489547,25.92531155195192,22.624104060716924,22.796175003051758,104396300
2008-09-18,23.280528346598803,26.16111970438565,21.693655426052462,25.68314552307129,132982000
2008-09-19,29.95303317084047,30.59033174894346,27.117054012061942,29.98489761352539,88523900
2008-09-22,29.118179660964657,29.252014249083437,25.9699246410281,26.001789093017578,44934200
2008-09-23,25.842464457079743,26.881262125644717,25.530189423374292,25.848838806152344,32404400
2008-09-24,26.447891235351562,27.085189819335938,25.632149825803936,25.810592651367188,27186400
2008-09-25,26.92587152580345,28.678443045234445,26.32043724196149,27.697002410888672,36831300
2008-09-26,25.8424598506956,31.227633945964943,25.797849139546624,30.743288040161133,148081400
2008-09-29,29.685377876657604,30.2716915781905,26.129249572753903,26.129249572753906,79528000
2008-09-30,28.44264403960249,30.201587528970965,27.894566722805255,29.761852264404297,66987800
2008-10-01,29.895690905596982,31.864944577745764,29.506938192772107,31.6291446685791,59424300
2008-10-02,31.629136727477867,32.01446533203125,30.00433109680309,32.01446533203125,53944700
2008-10-03,32.30988482913868,32.515393733986755,29.047426677421605,29.477712631225586,68639000
2008-10-06,27.92995181025518,28.996029390247713,26.78038553337584,28.25748062133789,63065300
2008-10-07,29.17586997122624,29.37495779198969,25.245509155437944,25.251930236816406,62396200
2008-10-08,25.001461269234877,27.968497576811448,24.725308279475406,25.23908042907715,75686800
2008-10-09,26.350108043595846,27.41618595324796,23.55647087097168,23.55647087097168,88790300
2008-10-10,22.496826408424003,26.973072854122822,22.490405326158907,26.74187469482422,112976400
2008-10-13,28.199693538856483,28.308871490493413,25.47027659609593,26.96664047241211,81628900
2008-10-14,27.827214891376386,27.968500717219182,25.470281368760983,26.144607543945312,95288900
2008-10-15,25.258354548401275,26.83820520112337,24.404206156974634,24.71889305114746,84755700
2008-10-16,25.059260777875835,26.33084776626355,23.318856550071857,26.003318786621094,75112400
2008-10-17,25.451010792143432,26.581309431260433,25.084948011585965,25.258346557617188,60991200
2008-10-20,25.695054154957017,26.138184643404056,24.917973592415724,26.11249542236328,44732100
2008-10-21,25.637269866167568,26.504263217517575,25.431760875446173,25.52167320251465,41780700
2008-10-22,25.142755995085587,25.720748893334076,23.12619580827526,23.871166229248047,60825200
2008-10-23,23.9931864454034,24.885866155520727,23.004173370224226,24.307870864868164,63917000
2008-10-24,22.55461630788589,24.230799796501625,22.162864310947054,22.753704071044922,61968800
2008-10-27,22.541773068581225,23.055547656354868,21.405053285257857,21.835336685180664,62712700
2008-10-28,22.445445376014845,24.224383648090623,20.88486059996647,24.147315979003906,73082500
2008-10-29,23.832624199790942,24.648238404739278,22.805077645195183,22.933521270751953,61823300
2008-10-30,23.691337167977117,24.40419699859773,23.13903126497886,24.160154342651367,47372000
2008-10-31,23.948231148268942,26.491405487060547,23.941807617441835,26.491405487060547,86948900
2008-11-03,26.49140030673051,26.49140030673051,25.817074243440025,26.157447814941406,45059900
2008-11-04,26.491403655777333,27.242795019899773,26.253784478643617,27.08224105834961,48917100
2008-11-05,26.79967073069783,27.29417729568513,24.802378776612546,25.18770980834961,53524900
2008-11-06,25.020733925743045,25.534506218393506,24.314297329581102,24.571182250976562,56467100
2008-11-07,24.551919571909245,24.738162816457052,23.421620389215327,24.243656158447266,50210800
2008-11-10,24.58402451479051,24.712468188141397,22.894998417255024,23.383081436157227,41558500
2008-11-11,23.004162347271702,24.050974449912985,22.6509442610626,23.34453582763672,61577400
2008-11-12,22.747285179501173,23.3124358370253,22.03442761416063,22.20140266418457,56726100
2008-11-13,22.252778331472673,24.08309237178478,21.51422918546107,23.884004592895508,74523600
2008-11-14,23.33170617844243,23.704190148155956,21.938096320550606,22.137184143066406,55941000
2008-11-17,21.719732258354007,22.394058175155276,20.87200782868529,21.045406341552734,57560400
2008-11-18,21.038990795118732,21.257344288621013,19.49767417909598,20.640817642211914,67807700
2008-11-19,20.35182190652518,20.56375310132635,18.161865818603232,18.283885955810547,90226200
2008-11-20,17.815065306151045,18.438014161843675,14.334255785054635,15.01500415802002,160729900
2008-11-21,15.24620406625105,15.68291103835624,12.64523037494095,14.591143608093262,194075000
2008-11-24,15.361802837861777,18.200396880453503,14.449856302234677,17.712312698364258,137382200
2008-11-25,19.028857628102887,19.722450789380343,18.303154160025333,19.1187686920166,105430800
2008-11-26,18.47013345894667,19.748143231662684,18.091225897320378,19.664655685424805,55644900
2008-11-28,19.49767740037769,20.50595628552161,19.349966795125006,20.332557678222656,22787500
2008-12-01,19.696765402696805,19.716032324291408,16.71046115160507,16.774682998657227,70984500
2008-12-02,17.044405299658564,18.5600335217027,15.804928800219749,18.32241439819336,81316000
2008-12-03,17.622400805233255,19.74171232420594,17.365514746104648,19.427026748657227,64914200
2008-12-04,19.16371661222756,21.12889753886675,19.1059171011541,19.960063934326172,80719600
2008-12-05,19.529787890043824,21.835343360516244,19.093080826844734,21.41790199279785,73599200
2008-12-08,21.816077071101677,24.21154232174783,21.578455400631047,23.43446159362793,84589300
2008-12-09,22.907840977484398,22.927109121230146,21.616988040049144,21.80965232849121,65827700
2008-12-10,22.092229342376864,22.45186870129716,21.244504496551322,21.52707862854004,47919600
2008-12-11,20.936240459045564,21.038994920260944,19.099503546123298,19.227947235107422,70746400
2008-12-12,18.264619491268366,20.049978806899983,17.98846647412057,19.870159149169922,59939000
2008-12-15,18.842614471462305,19.125189808455065,18.09122182475014,18.386640548706055,51629100
2008-12-16,18.63068256688467,21.032569777714574,18.521505819804695,20.77568244934082,75822100
2008-12-17,20.229796652453548,21.122476176251084,19.94079906744675,20.460994720458984,46719900
2008-12-18,20.653657836917144,20.92981079758282,19.343538380994204,19.401336669921875,57491500
2008-12-19,19.337120119372546,20.069245814715927,19.125188932566328,19.47198486328125,55696800
2008-12-22,19.677493814978696,20.030713277541714,18.95179042268594,19.150876998901367,36378400
2008-12-23,19.414185414282073,19.523362160943996,18.694904327392578,18.694904327392578,26931700
2008-12-24,18.39947630443462,19.18940118168332,18.39947630443462,19.170135498046875,12339700
2008-12-26,19.298584961361314,19.433450920946267,18.784812793726896,19.138031005859375,12630500
2008-12-29,19.260051649883913,19.279318564813366,18.495814506694213,19.125186920166016,22318000
2008-12-30,19.19583116558214,19.940801445867105,19.189408860157155,19.91511344909668,29842400
2008-12-31,19.716026313523837,20.512373789372838,19.549050052065734,20.249065399169922,25891700
2009-01-02,20.27506995869613,20.56759186065873,19.80703293175981,20.379077911376953,32494900
2009-01-05,19.976045477884853,20.002048085097165,18.90346272782814,19.01397132873535,44069400
2009-01-06,19.36499478021471,19.774525833751063,19.182980289825064,19.423498153686523,44216300
2009-01-07,18.94896148283069,19.111474019115466,18.20140406389516,18.25990867614746,42156500
2009-01-08,18.13640080088511,18.168904055648795,17.460349220141552,17.694366455078125,52075800
2009-01-09,17.908886841877642,17.908886841877642,16.777799369325937,16.881807327270508,42597500
2009-01-12,16.84929981910509,16.998811054984333,15.926228563001539,16.1927490234375,59360000
2009-01-13,16.387766110285312,17.28483614429993,15.776719771613124,17.12882423400879,73422800
2009-01-14,16.634786164016685,17.08332118819272,16.095244500684412,16.842802047729492,73907300
2009-01-15,17.252333712713405,17.583858239182685,15.445193625558373,15.822222709655762,136759300
2009-01-16,16.14074868797766,16.25125728712501,13.345532930541172,14.834147453308105,156843400
2009-01-20,13.651052837457838,13.826566671508775,11.505887887520501,11.759407043457031,142090400
2009-01-21,12.539471953175367,14.847150219332553,12.272950166728139,14.710638999938965,136421400
2009-01-22,14.53512116123764,15.490694396627088,13.787562527159622,15.016158103942871,110240800
2009-01-23,14.249107353113859,15.97824162561017,14.177601399630648,15.78322696685791,74369200
2009-01-26,16.251257487705775,16.73879521233695,15.432193961540698,15.92623233795166,74278400
2009-01-27,16.329262314079262,16.361764329612253,15.640208177953625,16.290258407592773,50766500
2009-01-28,17.674871114984605,18.051900305747758,17.122328014761166,17.98039436340332,91373900
2009-01-29,17.382340396721535,17.668362802226174,16.413765847944337,16.53077507019043,58624200
2009-01-30,16.777797332868733,17.53835620794363,15.991237091400022,16.582782745361328,74937200
2009-02-02,16.251256995692874,16.69329138435532,15.82872456177936,16.381267547607422,51532900
2009-02-03,16.27075421667874,16.543775304369365,15.406187645637111,15.63370418548584,66166300
2009-02-04,15.763718667991549,16.576281485929258,15.432192889488267,15.627208709716797,55330300
2009-02-05,15.432191461555353,16.459270718798592,14.619628718803668,15.952232360839844,79815500
2009-02-06,16.582782069659476,18.071396501319498,16.446270872068734,17.960887908935547,76845200
2009-02-09,17.323844961878162,18.18191139302967,17.09632704698244,17.73337745666504,54360000
2009-02-10,17.460352659713664,17.947890418359076,15.79622288416235,16.004240036010742,91948700
2009-02-11,16.413775359365975,17.304345102626165,16.34226940658563,16.95981788635254,64712000
2009-02-12,16.4787723539007,17.044315317645403,15.71171294112298,17.02481460571289,80536400
2009-02-13,16.413769554282222,16.829801336324625,16.030239790259685,16.049741744995117,58580600
2009-02-17,14.821146952674784,15.081168075250476,14.073589324951174,14.073589324951172,91424800
2009-02-18,14.41811682596382,14.496122172902508,13.651057221788466,13.982583045959473,82868300
2009-02-19,14.346614608774884,14.496125929041602,13.352038118426494,13.391040802001953,66502700
2009-02-20,12.812491863405766,13.6510574139745,12.18844411962009,12.936001777648926,135941600
2009-02-23,13.58604823993607,14.015081250890828,12.662976953363524,12.682478904724121,101615400
2009-02-24,13.0855185091586,13.716068407648203,12.324959229856654,13.664064407348633,186379900
2009-02-25,13.540547230006265,15.09416699638901,13.07901212814474,14.125592231750488,135790100
2009-02-26,15.159174597343737,15.718218318473589,14.821148103643237,14.983660697937012,125043400
2009-02-27,14.060586101880697,15.34118586421211,14.0085821324375,14.85364818572998,109872500
2009-03-02,14.106091761680355,14.580628174893615,13.69655938544341,13.755064010620117,94984900
2009-03-03,14.093086334733092,14.236096910057977,13.391032277904463,13.657552719116211,85590100
2009-03-04,14.132091926151778,14.132091926151778,12.220943892680543,12.545969009399414,145009700
2009-03-05,12.02592434306491,12.350949325309907,10.426802025558038,10.7908296585083,153808900
2009-03-06,11.174364384699192,11.48638821383234,9.724751973693438,10.355300903320312,155154800
2009-03-09,9.991269054425567,11.239365802507574,9.763751912067974,10.335795402526855,132882900
2009-03-10,11.278371004955167,12.675978660583496,11.135359170137981,12.675978660583496,149090800
2009-03-11,13.228522459470467,13.59255024195915,12.428960972266381,13.261024475097656,155421000
2009-03-12,13.098508951529464,15.165668418118553,13.001001686852497,15.081162452697754,151894700
2009-03-13,15.334681319394976,15.815718224571825,14.892647071429192,15.438689231872559,120464600
2009-03-16,15.802721597918271,16.42677049716777,14.92515349203092,15.009660720825195,125001900
2009-03-17,15.146169754267262,16.394266236498,14.4766188156945,16.342262268066406,99884700
2009-03-18,16.134251501841156,17.765878232719132,15.718219622688233,17.622867584228516,142105800
2009-03-19,17.713873021498532,17.81788098408632,15.984739093635648,16.21875762939453,124920200
2009-03-20,16.030241203897617,16.108247789845887,15.048665046691895,15.048665046691895,108922700
2009-03-23,16.446263922839947,18.961957879478945,16.33575537715044,18.76044273376465,146776000
2009-03-24,18.233904010039545,19.046466599432964,17.03131236963497,17.16132164001465,133143000
2009-03-25,17.674872679355623,18.66294845440901,16.85580893591987,18.565441131591797,149452500
2009-03-26,18.883952976936452,19.241481239279196,17.973883178024824,18.91645622253418,133663400
2009-03-27,18.376916897913862,18.981463698285644,17.733367438126145,17.811372756958008,108610200
2009-03-30,16.68678851895493,17.141824150414273,16.108244243422284,16.15374755859375,104860500
2009-03-31,16.72579445793941,17.616363943049894,16.153750721134042,17.278337478637695,84307400
2009-04-01,16.439776626042626,18.38342734053989,16.439776626042626,18.29241943359375,106016900
2009-04-02,19.262713854116278,19.321322616475943,17.849593818927865,18.33799934387207,131840800
2009-04-03,18.220783788933314,19.067354202270508,17.908204517276324,19.067354202270508,80949500
2009-04-06,18.40963423258993,18.819894364487688,18.025421751852868,18.364049911499023,72188000
2009-04-07,17.764938051300362,18.26636679775969,17.58911175785227,17.74540138244629,73652600
2009-04-08,17.875645755022767,18.123104049968997,17.26351037836251,17.862621307373047,66538300
2009-04-09,19.822756476457478,21.548456088126592,19.66646682685783,21.327045440673828,147913000
2009-04-13,20.845144421820162,22.23873011994048,20.714903708055896,21.94568634033203,110196200
2009-04-14,21.51588656831393,21.652639484650567,19.95950050961544,19.992061614990234,109541400
2009-04-15,19.9399729180792,21.470310693378728,19.71205005927635,21.20331573486328,108069400
2009-04-16,22.147560896658234,22.147560896658234,21.073070258868206,21.646133422851562,132956000
2009-04-17,21.71776173903625,22.12802301995601,21.183771969528646,21.65915298461914,104962100
2009-04-20,20.695376371167267,21.11214756332019,19.301791370561805,19.334352493286133,109372200
2009-04-21,18.93059974891925,21.43123637387845,18.800359008459047,21.18377685546875,115629300
2009-04-22,20.60420730455181,22.232226244344584,20.395821078991116,20.773521423339844,124080300
2009-04-23,20.988415368831983,21.97825096987044,20.617227328962464,21.626598358154297,89366500
2009-04-24,21.91963812609322,22.466652370123445,21.00143591120235,21.737300872802734,117098100
2009-04-27,21.18376349214707,21.991261287173845,21.09910836843438,21.34656524658203,67832500
2009-04-28,21.06654992620346,21.95870549409303,21.020965625264065,21.35308265686035,65809900
2009-04-29,21.776374167450943,22.505728230840848,21.652645657988266,22.453630447387695,84731300
2009-04-30,22.798767075332844,22.9290090355657,21.327039631930266,21.48984146118164,94556900
2009-05-01,21.392153043898343,21.99126489013713,20.877701303557885,21.1577205657959,68254100
2009-05-04,21.52890665496918,23.43043010931157,21.424713623007374,23.30670166015625,100918400
2009-05-05,23.085304493258615,23.410908216762518,22.440608027690807,22.6750431060791,63488200
2009-05-06,23.326244824327674,24.3225911786231,23.156932022717736,24.23793601989746,102644800
2009-05-07,25.07148007865377,25.214746474033976,22.616428354670976,22.948545455932617,113228400
2009-05-08,23.964422620312988,25.35800552368164,23.573699324022797,25.35800552368164,110026400
2009-05-11,24.322588837501954,24.863092026146113,23.332756042480472,23.33275604248047,86808000
2009-05-12,23.59975457901151,23.612776539467202,22.18012241009558,23.026691436767578,94148900
2009-05-13,22.596896475916726,22.968084482027766,21.932664653360394,22.17361068725586,82160700
2009-05-14,22.219195571141398,23.19600666141276,22.023833849918937,23.143911361694336,68764300
2009-05-15,23.08529892559387,23.235076304183558,22.40153176797708,22.733646392822266,68301000
2009-05-18,23.254613788159762,24.322593440830072,22.922499133891368,24.26398468017578,71730900
2009-05-19,24.290026110174782,24.53748552184261,23.29367996921477,23.31972885131836,59860600
2009-05-20,23.840694166700956,23.93837374873777,22.310355873209524,22.49920654296875,77073900
2009-05-21,22.264775655174937,23.026689452432645,21.926147576855797,22.727134704589844,65068100
2009-05-22,22.96156811445878,22.987617002440743,22.408042907714844,22.408042907714844,39227200
2009-05-26,22.219189832795212,23.80813705246895,22.219189832795212,23.79511260986328,65462400
2009-05-27,23.769062150179547,23.912328525193463,22.57084083557129,22.57084083557129,76374100
2009-05-28,22.883426213278714,23.87977267829204,22.531773642982625,23.866750717163086,66107300
2009-05-29,23.67138454722851,24.140254601841345,23.235076845198353,24.029550552368164,61932300
2009-06-01,24.355148774884942,24.57004584589818,23.29368040864174,23.515090942382812,90184500
2009-06-02,22.837839879869968,23.130883662569154,22.434092048239265,22.466651916503906,159381700
2009-06-03,22.40153342875054,22.77272141280852,21.913127925078584,22.12802505493164,72136300
2009-06-04,22.401527304284315,23.078780862924276,22.290820795289346,23.020172119140625,70954200
2009-06-05,23.261120200478203,23.287166598526472,22.466646682289813,22.49920654296875,61583800
2009-06-08,22.499214119074857,23.2676390138067,22.499214119074857,23.046228408813477,61615100
2009-06-09,23.26113381416673,23.300204676184606,22.850872373861886,22.961576461791992,58992300
2009-06-10,23.16345149295517,23.22857125186848,22.382001965197603,22.68807029724121,60176100
2009-06-11,22.83784101388689,23.358806384465893,22.49270192165808,22.753183364868164,66560900
2009-06-12,22.701083016769083,23.07878189480586,22.662009691113575,22.876909255981445,41157300
2009-06-15,22.714101773373198,22.818294798217025,22.095454601544,22.14103889465332,55388500
2009-06-16,22.316878776875267,22.395022972394827,21.737304565466772,21.815448760986328,56344000
2009-06-17,21.76985808931112,21.828466839893494,20.955849044643966,21.31401252746582,65456600
2009-06-18,21.392161226430048,22.342925879728377,21.385650245724815,22.251754760742188,63861500
2009-06-19,22.564335729533923,22.870401495597616,22.00429700961977,22.79225730895996,77009100
2009-06-22,22.590386947970728,22.792262164294733,21.398678532286223,21.405189514160156,70388300
2009-06-23,21.561466387228638,22.19964901483094,21.444248916428435,21.861021041870117,59046500
2009-06-24,21.997790131607143,22.095472257271616,21.53543336966922,21.789403915405273,50429500
2009-06-25,21.802426662849715,22.258272406774324,21.36611883302894,22.232223510742188,57205700
2009-06-26,22.062907364153507,22.622946124517025,21.8024234110024,22.43409538269043,46722500
2009-06-29,22.49921274387278,22.59689483698944,22.167098098762015,22.53177261352539,34914800
2009-06-30,22.53177099413488,22.65550196774444,22.056389975728347,22.21268081665039,39470600
2009-07-01,22.34963548210921,22.54528396485369,21.945294952729895,22.0235538482666,36463700
2009-07-02,21.756171075664234,22.023557965894874,21.045312881469727,21.045312881469727,38352200
2009-07-06,20.888788081929555,21.260520935058594,20.601837147806986,21.260520935058594,60664000
2009-07-07,21.28009230803068,21.782258421486567,20.954010610031215,21.39748191833496,56704900
2009-07-08,21.475736848458297,21.840949178130913,20.73227111287964,21.332260131835938,71784600
2009-07-09,21.449654566430212,22.010515507788757,21.43661099944443,21.92573356628418,41655600
2009-07-10,21.72356262499613,21.95833934708491,21.0061814294509,21.09096336364746,51037400
2009-07-13,21.436608399033286,22.63658905029297,21.149657423573306,22.63658905029297,70454200
2009-07-14,22.519189276631323,22.884401479531107,22.212674335434237,22.63005828857422,52924000
2009-07-15,22.897453660903945,23.980044629928877,22.832235838790677,23.64743995666504,84050100
2009-07-16,23.151806021013247,23.74527475189879,22.969201023142777,23.56266975402832,71465100
2009-07-17,23.751786284711695,24.26047535240821,23.595268485270896,24.058303833007812,61742300
2009-07-20,24.143083892295106,24.416991264042057,23.86265349485587,24.11699676513672,43554400
2009-07-21,24.260466115767546,24.332204449784097,23.869166790533054,24.09090232849121,43509400
2009-07-22,23.738746054038256,24.345258146051496,23.6148334299417,24.019176483154297,40137700
2009-07-23,24.097433258899837,25.088721725155974,23.849610520384445,24.880029678344727,56528800
2009-07-24,24.814817723353237,24.945250905387056,24.390912991500862,24.73003578186035,35328600
2009-07-27,24.762648797693927,25.740894044004012,24.50178240355538,24.866994857788086,30479300
2009-07-28,24.61264357877959,24.91263809412563,24.553948783359232,24.834379196166992,29035900
2009-07-29,24.64524761816032,24.938721552066657,24.41698900831977,24.632204055786133,29931400
2009-07-30,24.86698472334687,25.616970947180228,24.716987478580197,25.088720321655273,38531000
2009-07-31,25.03002562881416,25.20611000061035,24.736551675820504,25.20611000061035,39085700
2009-08-03,25.512633985833965,25.92349766426848,25.427854526831652,25.825672149658203,42957800
2009-08-04,25.610462648204404,26.412623508060577,25.545244801179624,26.223495483398438,43363800
2009-08-05,26.308276184993613,27.521300715888326,26.256101909863947,27.247390747070312,63334100
2009-08-06,27.573469992401364,27.690859612947374,26.230014871628782,26.575660705566406,54175600
2009-08-07,26.92129393879176,28.127797254622646,26.856078619149,27.62563133239746,65696000
2009-08-10,27.4104231446535,28.186499076356434,27.39737957990662,27.840850830078125,43700600
2009-08-11,27.573452206861898,27.72344940573975,26.699553644152804,26.895204544067383,50698800
2009-08-12,26.86260793849152,27.684335166354874,26.758261900265072,27.527814865112305,43077100
2009-08-13,27.866937038527308,28.04302142508193,27.266948006834994,27.977806091308594,40385300
2009-08-14,27.80172339946165,27.945197640069836,27.26042664248624,27.68433380126953,38413900
2009-08-17,26.875644848681116,27.116947023665194,26.54956324899955,26.562606811523438,39162800
2009-08-18,26.803910039186746,27.3125990935894,26.777825398498678,27.195209503173828,29053600
2009-08-19,26.836521169030423,27.325643650936406,26.73869567752699,27.00608253479004,29394100
2009-08-20,27.084343233316154,27.801724413751966,27.051735563252198,27.66476821899414,29634300
2009-08-21,27.95171768983747,28.571273283693444,27.73650262013581,28.473447799682617,42863600
2009-08-24,28.60387980695789,28.851702532165934,28.010411364242398,28.04953956604004,40385200
2009-08-25,28.297365379846454,28.786487858146096,28.238670582938273,28.42127799987793,34835700
2009-08-26,28.29736896816949,28.551712291089093,27.990851380135155,28.23867416381836,31908400
2009-08-27,28.075626254115857,28.453882117622953,27.743024105002082,28.33649253845215,28975700
2009-08-28,28.57127403976678,28.603881706031476,27.723459790051876,27.990846633911133,27263600
2009-08-31,27.677799510928573,28.43430856484674,27.42997933809315,28.343006134033203,32251100
2009-09-01,28.095184744533693,28.57778399730759,27.10389663270585,27.17563247680664,51475400
2009-09-02,27.07129691630814,27.462596380722722,26.575653913416268,26.64739227294922,35898500
2009-09-03,26.888690626651083,27.55389744334663,26.810431732864956,27.462594985961914,35019600
2009-09-04,27.606074066036197,27.710420095971227,27.253905282078367,27.612594604492188,21880200
2009-09-08,27.906063717488358,28.069104516275548,27.29302872185323,27.743022918701172,28089300
2009-09-09,27.78215353803047,28.088671062545604,27.645199852193855,27.951717376708984,29031600
2009-09-10,27.866932868446835,28.140842702478384,27.521287173121564,28.056060791015625,25112100
2009-09-11,28.127799625687732,28.29736096373526,27.703892548861123,27.716936111450195,27289900
2009-09-14,27.443025684938767,28.5973522349457,27.39737197709087,28.532136917114258,28945000
2009-09-15,28.440837171660974,28.825613554053966,27.74954329324835,28.166927337646484,49985400
2009-09-16,28.271280495352055,29.138658953220414,28.179978023535547,29.119094848632812,38721900
2009-09-17,28.88431976480765,29.41909359417652,28.825624954861986,29.32126808166504,35705700
2009-09-18,29.50386525135752,29.569080578420923,29.151696514482524,29.31473731994629,39492000
2009-09-21,29.047363965618253,29.21692538727938,28.838671836893905,29.053884506225586,24070000
2009-09-22,29.22343374421588,30.31906811386422,29.008218695125414,30.3060245513916,41148100
2009-09-23,30.260381250839103,30.32559659247479,29.334307975216333,29.38648223876953,34427200
2009-09-24,29.48430839934475,29.869084926812903,28.864752636430797,28.936491012573242,42231400
2009-09-25,28.79301398405683,28.87779343153564,28.264760755014407,28.46693229675293,31056100
2009-09-28,28.675630351377222,29.236491368428744,28.49302287673785,29.223447799682617,25826100
2009-09-29,29.275605467745063,29.477776954096647,28.975610994685418,29.269084930419922,23930600
2009-09-30,29.216916701221855,29.27561150046378,28.323453635255373,28.577796936035156,40904000
2009-10-01,28.303876947101823,28.408222934048556,26.973463747677595,26.979984283447266,50562700
2009-10-02,26.653526393530232,27.685192753664523,26.46416953135622,27.332597732543945,43061100
2009-10-05,27.73742049365858,28.68420206878051,27.65253597553725,28.59931755065918,34430200
2009-10-06,28.964982722747358,29.382872060183708,28.775625838341224,29.324106216430664,41695700
2009-10-07,29.12167847879132,29.918281270463265,29.030265533678,29.839927673339844,36148700
2009-10-08,30.06192884898104,30.32310831236464,29.41550488228639,29.57874298095703,36627700
2009-10-09,29.683217067423023,29.99663393700961,29.43509693576022,29.937868118286133,26034200
2009-10-12,30.27739748708052,30.310044603953582,29.611385841445585,30.088043212890625,24220600
2009-10-13,29.80728573348547,30.05540591600393,29.07597706374241,29.813814163208008,45701900
2009-10-14,30.812823554189297,30.995651924067094,30.44717179606528,30.793235778808594,70368700
2009-10-15,30.27087434519158,30.897708065531997,30.27087434519158,30.793235778808594,36096800
2009-10-16,30.492876534667943,30.610408161911156,30.03580937214607,30.074987411499023,37459000
2009-10-19,30.310058639901538,30.316589560789694,29.6766963086583,30.02276039123535,30415400
2009-10-20,29.91175679783096,30.421058982714456,29.885638098396864,30.055404663085938,30614800
2009-10-21,30.04887153642325,30.310051017488046,29.15432739257813,29.154327392578125,32991600
2009-10-22,29.330625357806255,29.950930736328523,29.271862023482047,29.846458435058594,32388900
2009-10-23,29.83992176088778,30.166397923499648,29.35673594426342,29.53303337097168,27638200
2009-10-26,29.461216847393295,29.519982673511624,28.436081595741694,28.61237907409668,42085500
2009-10-27,28.723373810464253,29.16085067167481,28.514426775366836,28.664608001708984,38075200
2009-10-28,28.553614974942423,28.60585237501419,27.750483629961497,27.86801528930664,45679500
2009-10-29,28.22059885473913,28.991082758494414,27.92023890742675,28.958433151245117,35898600
2009-10-30,28.69725524039248,28.710314585816946,27.247700278877627,27.273818969726562,58853300
2009-11-02,27.541540894324992,27.979017941162894,27.11059227753424,27.802722930908203,44598100
2009-11-03,27.48277344390443,28.05084147561618,27.410948263528486,27.881074905395508,29387800
2009-11-04,28.214081215577952,28.527498164317542,27.502362782768305,27.561128616333008,42548800
2009-11-05,27.815769729493194,28.68419756981097,27.6851812492545,28.64501953125,32893300
2009-11-06,28.168373074373147,28.52749648464977,28.01819428428715,28.390377044677734,27140000
2009-11-09,28.684194384221367,28.984551840718424,28.27283374287042,28.958433151245117,38845500
2009-11-10,28.82132408652412,28.93885574041809,28.436081996719693,28.840911865234375,30980200
2009-11-11,28.951928831929255,29.376349171422493,28.586274347276355,28.93886947631836,32669300
2009-11-12,28.782156753311003,29.154339600050637,28.076966628446275,28.272851943969727,34649600
2009-11-13,28.18142423536074,28.266308741027046,27.65906283667505,28.01165771484375,36650700
2009-11-16,28.240188698995045,28.47525193987554,27.920240956504255,28.103069305419922,43516700
2009-11-17,28.024713528070585,28.201010960598197,27.776593429682567,28.18142318725586,25859700
2009-11-18,28.168359790839652,28.40342300040794,28.03776884210003,28.325069427490234,20422300
2009-11-19,28.14225211991369,28.194489516185236,27.593771913143183,27.78312873840332,26878000
2009-11-20,27.730888523672093,27.907185966110944,27.521943960222124,27.72435760498047,25328200
2009-11-23,28.044307873221264,28.494844161365496,27.881069762772732,28.259780883789062,29810700
2009-11-24,28.246725115187058,28.259784464575592,27.58071573208523,27.737422943115234,31881800
2009-11-25,27.8614871783128,27.8614871783128,27.384832063267726,27.52848243713379,26123800
2009-11-27,26.75799730632508,27.35871499483432,26.607818506901896,26.98653221130371,26230100
2009-11-30,27.13670393001983,27.848422179467804,27.090997459113474,27.74394989013672,38240600
2009-12-01,27.822300866919655,27.88759510755278,27.17587692506298,27.567649841308594,39211100
2009-12-02,27.521948149077527,27.521948149077527,27.07794026146418,27.378297805786133,32519700
2009-12-03,27.61988604316154,28.135719037355578,26.973464561519265,27.032230377197266,53314400
2009-12-04,27.587237011865685,27.757003528287548,26.91469688295692,27.25423240661621,61485000
2009-12-07,27.182410648378372,27.397883657353336,26.810227958572266,26.934288024902344,32949600
2009-12-08,26.777579707865545,27.03223326353776,26.529459562568515,26.908170700073242,41878900
2009-12-09,26.934302499390842,27.104069128275913,26.509882190952343,26.895124435424805,42492800
2009-12-10,27.006113460536334,27.136704447393935,26.549046251942688,26.94734764099121,36380900
2009-12-11,26.764526259736915,26.934292827661174,26.60781655096225,26.744935989379883,46616100
2009-12-14,26.77757380685866,27.378291242306837,26.575160179818067,27.273818969726562,35340800
2009-12-15,27.097540645290668,27.228131700780814,26.522941495624362,26.679651260375977,40244400
2009-12-16,26.882050495861364,27.228116979425963,26.692696183136427,27.006113052368164,43562800
2009-12-17,26.81023236933845,26.84940792787941,26.24216186233161,26.29439926147461,44272800
2009-12-18,26.46416577171508,26.89511435047849,26.144220420490274,26.738407135009766,48126800
2009-12-21,27.130174477623946,27.580713273510153,27.097527352470916,27.35870933532715,35991900
2009-12-22,27.424006616508034,27.489300874030356,27.22159043288281,27.384828567504883,24754800
2009-12-23,27.31952937188002,27.384823617600176,27.064878326429277,27.136703491210938,24503600
2009-12-24,27.21506294825877,27.352182388305664,27.104059717637703,27.352182388305664,7956500
2009-12-28,27.326056715780748,27.508885080010703,27.13670241437988,27.241174697875977,13039900
2009-12-29,27.247701049118085,27.293407513988026,27.07140361712738,27.090993881225586,15593000
2009-12-30,26.947352266962156,27.175884665082496,26.921233566943737,27.11711883544922,15501800
2009-12-31,27.175875677812652,27.50888276587868,27.064874975667646,27.20852279663086,20143100
2010-01-04,27.319663373031958,28.104148086424402,27.241213156027005,28.012622833251953,35460500
2010-01-05,27.97340185217651,28.659825081303275,27.96686308680683,28.555227279663086,41208300
2010-01-06,28.404869219146097,28.823260442255187,28.313346450817033,28.71212387084961,27729000
2010-01-07,28.627154182021606,29.496623409699705,28.509481279958457,29.28089141845703,44864700
2010-01-08,29.00629838543809,29.222032706144475,28.816716626590118,29.20895767211914,33110100
2010-01-11,29.496613447279017,29.54237483886891,28.96708806065061,29.11090850830078,31878700
2010-01-12,28.75788920806038,28.86248701914517,28.071463423144863,28.431020736694336,47109600
2010-01-13,28.47024201555227,29.110903889981316,28.025700715938907,28.927858352661133,39622000
2010-01-14,28.89517209399062,29.28087697295529,28.82979690631365,29.21550178527832,37938300
2010-01-15,28.960543449292782,29.04552994244053,28.332956639451645,28.555227279663086,69738500
2010-01-19,28.372176173573877,28.60098304037374,28.045307795969606,28.293725967407227,41731500
2010-01-20,28.117223356778737,28.555228382557395,27.921102782854614,28.372182846069336,39934400
2010-01-21,28.13683910471101,28.20875056867581,26.35867379143075,26.50249671936035,137547700
2010-01-22,26.574405121546178,26.93395990613538,25.378065436278057,25.6003360748291,106634900
2010-01-25,25.992573223166495,26.077559702661517,25.391136583805793,25.633018493652344,56572200
2010-01-26,25.4957476146977,26.044886893843554,25.025056091484338,25.129653930664062,52975300
2010-01-27,25.070810968462634,25.81607318428461,24.887765420967,25.711475372314453,66314300
2010-01-28,25.940274291496994,26.175619919163427,25.312687613591688,25.809526443481445,65047400
2010-01-29,25.92066557531487,26.051410942577615,25.36498778921611,25.456510543823242,53649000
2010-02-01,25.56111241949715,26.103715256835347,25.463053378376756,25.907594680786133,37408200
2010-02-02,26.018724867395242,26.594013965717227,25.953352183093948,26.5090274810791,45968500
2010-02-03,26.528644125844362,26.86858511322957,26.260609607569183,26.339059829711914,37373300
2010-02-04,26.012199032011416,26.09718305693521,25.070816040039066,25.070816040039062,57211800
2010-02-05,25.260390893321517,25.417288830922125,24.207874190465102,25.03812026977539,75224100
2010-02-08,25.031584586762673,25.031584586762673,24.397459044199756,24.6458797454834,58321000
2010-02-09,24.966214081836803,25.29962133434241,24.737407138986793,25.096961975097656,45173500
2010-02-10,25.260395954622783,25.822610144111554,25.18194821700835,25.410755157470703,39331800
2010-02-11,25.39113911926565,25.7376188485473,25.077345733420504,25.508811950683594,33830600
2010-02-12,25.27999904096235,25.61340618151786,25.07734224357351,25.46304702758789,38051100
2010-02-16,25.711468574083057,26.240993766131812,25.332300047314813,26.195232391357422,46425300
2010-02-17,26.319449098537074,26.443660717853387,25.992580616224448,26.175628662109375,34644100
2010-02-18,26.110251925751577,26.48288177405381,25.999117845363543,26.417509078979492,31809500
2010-02-19,26.221390425943834,26.60709534035316,26.084106259918986,26.169090270996094,40290200
2010-02-22,26.410963457351983,26.999324986162634,26.312901955646417,26.705142974853516,43898900
2010-02-23,26.73784359209912,26.96665053853901,25.992581336962022,26.07103157043457,52233100
2010-02-24,26.182154117974857,26.783593173741004,26.149467782008863,26.705142974853516,44645000
2010-02-25,26.254079520039465,26.600559354453125,25.953361079083876,26.567873001098633,46718100
2010-02-26,26.60055111717447,27.65960659333101,26.541714701832436,27.437335968017578,67699100
2010-03-01,27.476561043209674,27.574622575498285,27.071244864446236,27.345815658569336,34606800
2010-03-02,27.443883816066275,27.71845470142342,27.038567502624883,27.208538055419922,33891600
2010-03-03,27.22815041002532,27.496182513373217,27.025491017227036,27.149700164794922,27562500
2010-03-04,27.39811155585912,27.50924811824315,27.23467734173593,27.404647827148438,25450700
2010-03-05,27.66614472779911,28.025699515190976,27.58115823462377,27.98647689819336,34790800
2010-03-08,28.012633357698927,28.130306233608323,27.7642150586094,27.842662811279297,28524900
2010-03-09,27.71191029498497,27.993017397023696,27.489639621135947,27.731521606445312,37107100
2010-03-10,28.025701034528534,28.431019720071376,27.986478415404573,28.064926147460938,40903700
2010-03-11,28.051842380461714,28.24142662659294,27.979930942701067,28.228351593017578,30119600
2010-03-12,28.33295314388063,28.463701003251956,28.012621013111275,28.208744049072266,31367300
2010-03-15,28.058390632168315,28.247974959258062,27.84919499324471,28.156452178955078,29142000
2010-03-16,28.339492809195928,28.359106611426206,27.908026567254264,28.2675838470459,28553800
2010-03-17,28.313346625893843,28.836335658014132,28.287196550835723,28.627140045166016,32918800
2010-03-18,28.6009870747845,28.627137147195405,28.208745963853577,28.529075622558594,26012000
2010-03-19,28.404874801635742,28.692518200602507,28.19567914896739,28.404874801635742,37014400
2010-03-22,28.156445024750095,28.627136339635722,28.136833717899222,28.594449996948242,23257200
2010-03-23,28.666370196978004,29.248198297777773,28.62060880050519,29.143600463867188,33735700
2010-03-24,29.052056985466113,29.39853911955665,28.895161579748613,29.378925323486328,35849200
2010-03-25,29.40507538904175,30.10457343290041,29.34623898844581,29.378925323486328,45019400
2010-03-26,29.444317029259043,29.999992518550155,29.280882768431194,29.431241989135742,39727000
2010-03-29,29.581596179945546,29.666582679391876,29.06514340503025,29.32663917541504,30628400
2010-03-30,29.352796131688358,29.450855198211926,28.99977750706173,29.143600463867188,30296300
2010-03-31,28.967079293166872,29.418156799657385,28.927854186329764,29.254722595214844,39043000
2010-04-01,29.470705028574734,29.653957839557062,29.444528195518647,29.568876266479492,23894600
2010-04-05,29.634322618592844,29.71286060894622,29.31363456274407,29.67359161376953,21342400
2010-04-06,29.60159230613693,30.06626406490323,29.549236155584666,30.000818252563477,28192100
2010-04-07,29.994277834709713,30.138259136368397,29.46415771107218,29.660497665405273,28890100
2010-04-08,29.55577787541042,30.085897909703082,29.326715050060383,29.948457717895508,28869900
2010-04-09,30.026997653677768,30.249516911444342,29.745576166014224,30.092443466186523,22881200
2010-04-12,30.125170726051486,30.413138334540857,30.04009165681424,30.197162628173828,24645900
2010-04-13,30.13169997907658,30.35421914473462,30.007349491546194,30.02043914794922,27988900
2010-04-14,31.021793062390444,31.36866040258854,30.61602098890052,31.23776626586914,72533100
2010-04-15,31.185417687081774,31.545374778079857,31.08070285158054,31.290132522583008,45412100
2010-04-16,31.19850347461601,31.250862138345965,29.54269943143297,29.811031341552734,121203900
2010-04-19,29.601585960219904,29.909186704789,29.18272685920498,29.706300735473633,72136600
2010-04-20,29.955012334429256,30.203710970405723,29.81757460004684,30.02700424194336,39310700
2010-04-21,30.131716568676048,30.360779440352253,29.451069040555236,29.680131912231445,46320600
2010-04-22,29.392157408076507,29.529595087153407,28.816224876319687,29.280899047851562,63176900
2010-04-23,29.27434937090051,29.496868560591512,28.960205073089142,29.411787033081055,32483800
2010-04-26,29.307077899102815,29.326713637899843,28.61988695954524,28.72460174560547,42889300
2010-04-27,28.45626575669947,29.038741824357533,27.68399338709076,27.755985260009766,66296100
2010-04-28,28.037410603254727,28.606797092301523,27.998141622542136,28.443180084228516,48578900
2010-04-29,28.7246084414867,29.012576042727396,28.534812067323152,28.796600341796875,36520300
2010-04-30,28.809697327711657,28.829330579478043,27.638198371409977,27.867263793945312,54121100
2010-05-03,28.122494073020498,28.61988871313341,28.070135428483567,28.488994598388672,31230900
2010-05-04,28.122485788477388,28.37772786390974,27.651268112850367,27.795251846313477,48982200
2010-05-05,27.559656775597183,28.38428562328111,27.23896625357682,27.899980545043945,43062100
2010-05-06,27.899968959290096,27.998137652254602,25.71404594154652,26.708837509155273,78226200
2010-05-07,26.852821698613184,27.38294168642051,26.03473668467447,26.676115036010742,72976300
2010-05-10,27.697087552220676,28.338465938756332,27.108065311219836,27.45493507385254,66578300
2010-05-11,27.13423972381095,27.847609865933965,26.931356263742828,27.19314193725586,50771200
2010-05-12,27.31750018325928,27.350223089647397,26.708844637368948,27.284774780273438,47700000
2010-05-13,27.121150513480902,27.22586528393461,26.689201773284726,26.708837509155273,35320800
2010-05-14,26.244178699902918,26.244178699902918,25.661702293081806,26.106740951538086,60719400
2010-05-17,26.132920728208994,26.20491264427215,25.373737562031412,26.074018478393555,56506200
2010-05-18,26.584491875344423,26.584491875344423,25.229743192034537,25.537343978881836,61735000
2010-05-19,25.22321096035839,25.956214817733077,25.210121293687582,25.772964477539062,64600500
2010-05-20,25.229746945650167,25.687875154735732,24.418207829302375,24.75853157043457,76564100
2010-05-21,24.228412754954803,26.28344247732084,24.228412754954803,26.211450576782227,89588800
2010-05-24,26.283445940886164,26.342348185761736,25.19702869942427,25.275564193725586,49141600
2010-05-25,24.653805080543094,25.530792183691783,24.44437554814313,25.4849796295166,66813700
2010-05-26,25.648603730563746,25.851489738680442,25.17738840010205,25.380271911621094,50719600
2010-05-27,25.903854714740543,26.499420726546642,25.78605022918784,26.45360565185547,44843000
2010-05-28,26.39470361103286,26.407790777980296,25.75986866036632,25.903852462768555,41252400
2010-06-01,25.73367829870291,26.152537366159795,25.197014806449154,25.223194122314453,37848600
2010-06-02,25.635517698370403,25.93002888197726,25.308283604717897,25.88421630859375,39618500
2010-06-03,26.08709783326671,26.139453980964344,25.27555632287402,25.58970069885254,30950400
2010-06-04,25.19047119049447,25.327908853699306,24.542546855019292,24.621082305908203,52868900
2010-06-07,24.732356737209983,24.95487605080583,23.99280688664168,24.032075881958008,44528300
2010-06-08,24.12368649368195,24.738885403061534,23.920800551792325,24.72579574584961,51017900
2010-06-09,24.967967362606952,24.974510947292067,24.221871381979987,24.29386329650879,42586000
2010-06-10,24.660357731199312,25.11193981269793,24.483651048022214,25.05958366394043,44302600
2010-06-11,24.732359488184393,24.981055663055198,24.555652734503376,24.928699493408203,31147600
2010-06-14,24.850152639796327,25.046492555337657,24.365845184636733,24.431293487548828,48662200
2010-06-15,24.57527899831321,25.05304045726399,24.385482632037476,25.03340721130371,45355600
2010-06-16,24.882885097023173,25.44572823518989,24.863251846909872,25.210119247436523,37217100
2010-06-17,25.262477363819322,25.458819866505937,24.817438685167286,25.15776252746582,34755100
2010-06-18,25.26247228241514,25.700967287856177,25.11849097176425,25.642065048217773,37270800
2010-06-21,25.884215105864445,26.03474248235847,25.301738845683854,25.439176559448242,33665100
2010-06-22,25.478441862629204,25.903847101722516,25.013770137624068,25.08576202392578,42245700
2010-06-23,25.059586790351926,25.596250489207485,24.882880085129056,25.452266693115234,45046000
2010-06-24,25.229741313475287,25.327912513720424,24.490191762327953,24.88941764831543,73843400
2010-06-25,25.380274546991483,25.91693824060146,25.05304046568794,25.812223434448242,70734200
2010-06-28,25.884205620032915,25.94310783243135,25.177381567848666,25.223194122314453,39962900
2010-06-29,24.81088597625484,24.81088597625484,24.13678462115919,24.254589080810547,56694200
2010-06-30,24.228405246631876,24.536006000300123,23.89462517422649,23.960073471069336,35332500
2010-07-01,23.94696851954234,24.045271485543193,23.042566732265776,23.6455020904541,56642900
2010-07-02,23.7962348278114,24.045271003362437,23.160531827037232,23.481660842895508,36796000
2010-07-06,24.045275813585217,24.169796426282705,23.501325637105392,23.80934715270996,35953600
2010-07-07,24.012505934995072,25.06108849766594,23.861772707238625,25.002105712890625,44602900
2010-07-08,25.414987719416597,25.441202851157026,24.34674735112612,25.008663177490234,41498200
2010-07-09,24.739960779313716,25.487074426687062,24.69408555535305,25.460859298706055,30422300
2010-07-12,25.467416726575905,25.78199079190523,25.297020878681415,25.683685302734375,24998900
2010-07-13,26.090012052434137,26.666729916181495,26.044136824636333,26.529104232788086,48564800
2010-07-14,26.31282284559952,26.463556020678798,26.10965943570422,26.443893432617188,37320600
2010-07-15,26.686383182777178,26.765026045788012,25.762321417362347,26.515987396240234,81876200
2010-07-16,26.398030088480134,26.44390531455149,25.467415502447135,25.559165954589844,58507400
2010-07-19,25.57882552203195,25.795096583330995,24.982445095436166,25.58538055419922,35404900
2010-07-20,25.11352099842418,25.978600338661202,25.087305866898802,25.972047805786133,43538200
2010-07-21,26.3783641843597,26.3783641843597,25.12662079138807,25.179048538208008,41115600
2010-07-22,25.532950537164652,25.952382599374886,25.382217296058617,25.788541793823242,35494400
2010-07-23,25.670582387831836,26.18832005789855,25.539511711876674,26.103124618530273,28241000
2010-07-26,26.083453400333823,26.450457671800184,25.886844951338727,26.430797576904297,27209400
2010-07-27,26.699495315568385,27.027176884242454,26.614297407709778,26.666725158691406,44872200
2010-07-28,26.502879158608994,26.8043480424694,26.31282578618948,26.424236297607422,23945400
2010-07-29,26.67982958619731,26.758474953445806,26.155539637932385,26.352148056030273,28994300
2010-07-30,26.031021886908384,26.666722363494017,26.031021886908384,26.39802360534668,26406500
2010-08-02,26.856784185906687,27.328646499572244,26.69294338255195,27.289323806762695,35566700
2010-08-03,27.19757266217941,27.295878141686142,26.784693148268214,26.922321319580078,29967900
2010-08-04,27.014068933876867,27.13203449690784,26.778137807814932,27.05994415283203,23078100
2010-08-05,26.850234093187648,27.15170059874639,26.830571494990348,27.046842575073242,19830500
2010-08-06,26.69949869190693,26.837124368150896,26.19486871233343,26.502887725830078,34906600
2010-08-09,26.57497624969538,26.581531281453014,25.991703423871645,26.096561431884766,37790900
2010-08-10,25.998257705174964,26.037580398330658,25.66402356339458,25.670576095581055,34166500
2010-08-11,25.329791204787668,25.414986629270853,24.73996326599085,24.753070831298828,46201600
2010-08-12,24.484375237125775,24.897254848997342,24.392624767823825,24.77928924560547,35387300
2010-08-13,24.77272883959716,24.930017110012702,24.576120376586914,24.576120376586914,24564100
2010-08-16,24.458146581741616,24.78582807667386,24.4319314621443,24.70063018798828,28334100
2010-08-17,24.884149882303827,24.949685224364185,24.51059293253108,24.563020706176758,33883800
2010-08-18,24.50402545677974,25.028315427101674,24.50402545677974,24.831707000732422,27041700
2010-08-19,24.680979753417162,24.88414325975618,24.24844011089892,24.294315338134766,35384700
2010-08-20,24.320528883999742,24.484369684888975,24.123920422935107,24.34018898010254,30862000
2010-08-23,24.386053003732847,24.517126084244257,24.14356942979394,24.169784545898438,29282800
2010-08-24,23.979732459105808,24.051822789676145,23.540637945637133,23.730693817138672,48709200
2010-08-25,23.560309740551318,23.881436338537924,23.376806327403674,23.743810653686523,36058000
2010-08-26,23.829004552058343,23.999397871182172,23.34403472068557,23.350589752197266,31873200
2010-08-27,23.507878923362913,24.045276584838376,23.298162884738943,23.98629379272461,38448800
2010-08-30,23.855216005289897,23.986286615199738,23.48165926702125,23.49476432800293,27306500
2010-08-31,23.553748582241887,24.012503245782707,23.41612293318318,23.829002380371094,34784400
2010-09-01,24.078054066074284,24.77273771767264,24.025623790475013,24.733417510986328,36770500
2010-09-02,24.798947123591947,25.034878309230663,24.56957097089462,25.008663177490234,31282900
2010-09-03,25.211823842159404,25.670576095581055,25.211823842159404,25.670576095581055,34135600
2010-09-07,25.38222096898926,25.45431133386577,25.04798677730401,25.08730697631836,31885500
2010-09-08,25.126627216160472,25.840973261821226,25.126627216160472,25.63780975341797,30781000
2010-09-09,26.16864548679482,26.424236663598627,25.637800542655864,26.28005599975586,33438800
2010-09-10,26.162105203763595,26.37837632143623,25.9982643570466,26.057247161865234,21928600
2010-09-13,26.633963746852338,27.17791647840091,26.633963746852338,26.948537826538086,41643200
2010-09-14,26.850211530169332,27.02060473794712,26.5159751418212,26.686370849609375,42754100
2010-09-15,26.54875764654746,26.96163709279436,26.437347121376273,26.856779098510742,25399500
2010-09-16,26.686392002543712,26.935428234385622,26.57497895144613,26.863340377807617,25207500
2010-09-17,26.889539825616286,26.92230997164716,26.207964288367997,26.25383949279785,45938300
2010-09-20,26.371827695475943,27.073066423336535,26.234199463829444,26.994421005249023,33337500
2010-09-21,27.073060603446887,27.19757873863121,26.522555295242757,26.601198196411133,33548900
2010-09-22,26.49633043627245,26.765029208319255,26.050683326534564,26.175201416015625,34546000
2010-09-23,25.97204861445675,26.017923846048262,25.552616497041406,25.624704360961914,33471100
2010-09-24,25.893403310014804,26.08345927015213,25.755777614748176,26.050691604614258,28855100
2010-09-27,25.91306162695687,25.998257043273416,25.56571742962217,25.611595153808594,25684900
2010-09-28,25.795088813321883,25.82130393406989,25.30356654934856,25.526390075683594,31442600
2010-09-29,25.421539328317333,25.48052211678259,24.943124488549028,25.172500610351562,40207000
2010-09-30,25.224921508043256,25.526387870568414,24.877577438166508,24.943115234375,54885200
2010-10-01,25.126623219227508,25.61814558071473,25.093855561797426,25.43464469909668,38973800
2010-10-04,25.57900208529095,25.94647967542421,25.40182552415007,25.559316635131836,38886100
2010-10-05,25.828366459027098,26.130221762389365,25.638065396945212,26.012104034423828,42379500
2010-10-06,25.95961108501076,26.29427634338835,25.867739785483366,26.182722091674805,31559900
2010-10-07,26.32052418103342,26.45832736968336,25.72337452698017,25.933361053466797,26923900
2010-10-08,26.031797678510696,26.10398103533843,25.677446886359785,25.795564651489258,28178500
2010-10-11,25.933361891734588,26.189282822710226,25.85461756756599,26.071165084838867,24601000
2010-10-12,25.900548239343834,26.569881156582344,25.900548239343834,26.510822296142578,38798100
2010-10-13,26.68144534361966,26.720818766345047,25.97274125722522,26.143354415893555,69607700
2010-10-14,25.756181629533796,25.841489428830847,25.001540911705053,25.40839195251465,76504900
2010-10-15,25.50683004616833,25.55276445234863,23.977865162086808,24.37815284729004,142280400
2010-10-18,24.37815622022526,25.106545834679515,24.28628489191605,25.067174911499023,55058700
2010-10-19,24.870301942357937,25.362458293434386,24.607817553822503,24.73249626159668,70595100
2010-10-20,24.935923195823335,25.13278524672195,24.581570002263753,25.001543045043945,43497200
2010-10-21,25.06061371687538,25.19841947033882,23.761320564953873,24.739072799682617,38250300
2010-10-22,24.60783053617542,24.79813169309896,24.489712749342743,24.739072799682617,24876900
2010-10-25,24.916245736297316,24.981865606572626,24.279722481028905,24.32565689086914,37893500
2010-10-26,24.26659824590422,24.45033588707916,24.13535600082028,24.410964965820312,39188100
2010-10-27,24.319095289617934,24.693134047842953,24.279721866506737,24.634075164794922,30777500
2010-10-28,24.739061100639972,24.90967421025022,24.496264655074196,24.6143798828125,30614600
2010-10-29,24.575020336971434,24.765321491888297,24.48971249110561,24.693138122558594,19803300
2010-11-01,24.680011541330735,24.935932553865527,24.345343676294675,24.555330276489258,36941900
2010-11-02,24.62751204570046,24.65376099483531,24.168167952028444,24.25347328186035,39913100
2010-11-03,24.266590422251955,24.824369158219035,24.253465951651183,24.752185821533203,35299600
2010-11-04,25.027790014642942,26.149905869291565,24.844052448708407,26.117095947265625,77569400
2010-11-05,26.176162394069333,27.127665427987083,26.10397904275155,26.86518096923828,75684800
2010-11-08,26.81269193086337,27.035803022679556,26.386155210167214,26.583017349243164,32967000
2010-11-09,26.53051182141345,26.69456395857122,26.071165336724302,26.182722091674805,32800100
2010-11-10,26.163038738105747,26.668319709877217,25.979301113184267,26.655195236206055,35587900
2010-11-11,26.425517201393976,26.537071447398553,26.14990832339043,26.261465072631836,25499700
2010-11-12,26.156480006093158,26.41896199241527,25.84150012056406,25.992427825927734,33504800
2010-11-15,26.130222854826116,26.668313636615633,26.058039517691967,26.300838470458984,28772500
2010-11-16,26.077735660520286,26.228663365883964,25.61838905540958,25.992427825927734,46023000
2010-11-17,25.97273719919061,26.0383570569095,25.579010543165925,25.71025276184082,32027500
2010-11-18,25.966162024311757,26.248331791327402,25.828358883183924,26.02522087097168,30987600
2010-11-19,25.861169815063477,26.01209742841517,25.76273756567772,25.861169815063477,26542000
2010-11-22,25.631508463448892,25.65775490462645,25.073729659203984,25.270591735839844,33249500
2010-11-23,24.942495667031096,25.08030141904141,24.67345015613544,24.693138122558594,35340400
2010-11-24,24.824376501389132,25.093421970197838,24.666885310830047,25.040924072265625,24248300
2010-11-26,24.74562562297797,24.922802244777557,24.60782241821289,24.60782241821289,12819100
2010-11-29,24.588138304018205,24.9949869559767,24.35190279538512,24.876869201660156,30911400
2010-11-30,24.60125704454885,24.798119088124967,24.437204924362636,24.542198181152344,33716700
2010-12-01,24.903114860867188,25.06060351034442,24.70625279740217,25.03435707092285,33157200
2010-12-02,25.21810030010489,25.841499059790998,25.152480432027406,25.795564651489258,41526000
2010-12-03,25.63807451599339,26.031798747095365,25.395277990255096,25.992427825927734,30070200
2010-12-06,25.907113199566535,26.281151872027294,25.788995460553984,26.182722091674805,25364500
2010-12-07,26.478015894558173,26.550199240764936,25.749626454417474,25.756187438964844,40908200
2010-12-08,25.82836493285215,26.464887928917435,25.631502898954235,26.4189510345459,38115900
2010-12-09,26.687988285268627,26.970158032597404,26.622368461662973,26.77985954284668,43001900
2010-12-10,26.83236480108284,27.2326523811795,26.753620483055595,27.186717987060547,28449000
2010-12-13,27.278596905478317,27.554205875778926,27.009551424338824,27.23922348022461,35730400
2010-12-14,27.193301878428688,27.23267532222922,26.55678080803924,26.766767501831055,34010800
2010-12-15,26.727369513221763,26.904546092757577,26.287711059113168,26.386140823364258,30264000
2010-12-16,26.523949206998314,26.694564837069926,26.130225066157276,26.25490379333496,37123200
2010-12-17,26.28771319528023,26.29427417880217,25.93992099093543,26.031789779663086,52004800
2010-12-20,26.13679938678967,26.425530376196484,26.044928046160248,26.215543746948242,22978200
2010-12-21,26.35332966537645,27.062035950265255,26.235211951228315,26.904544830322266,30757800
2010-12-22,27.01612533211697,27.915133531124447,27.009564343055388,27.665773391723633,47280400
2010-12-23,27.65918512026089,27.737929427522573,27.442635146245763,27.613250732421875,18927900
2010-12-27,27.442635833442736,28.00697547329542,27.429511364697735,28.000411987304688,17203200
2010-12-28,28.020108910206094,28.295715332352785,27.869181226187106,27.961050033569336,20386600
2010-12-29,27.941367599799033,28.066046351420432,27.757627461911547,27.797000885009766,13637400
2010-12-30,27.764173508404415,27.86916673413549,27.593557952068945,27.7116756439209,12901900
2010-12-31,27.632947383327927,27.85605843036209,27.587012976871254,27.83637046813965,12199700
2011-01-03,28.21697013261981,28.89942768544149,28.190721187533473,28.597572326660156,43278500
2011-01-04,28.76181482895604,29.103435598581182,28.472752257479147,29.01146125793457,40036800
2011-01-05,28.85379370819132,29.53046683216751,28.840656662700674,29.366226196289062,50032500
2011-01-06,29.169131627955085,29.431915084877662,29.0705862652887,29.22168731689453,31606200
2011-01-07,29.26109341784278,29.293941022611,28.019435412378098,28.66982650756836,69579400
2011-01-10,28.426759268128368,28.755240420975547,28.24937914485741,28.512165069580078,30098100
2011-01-11,28.709256243260775,28.919484002438868,28.525305074395515,28.643558502197266,28067100
2011-01-12,29.195411123506872,29.49761576289224,29.070589157010758,29.372791290283203,44296900
2011-01-13,29.52388885056159,29.54359942638224,29.018027510450533,29.20197868347168,42133000
2011-01-14,29.24139305874262,30.180849418540717,29.201976921704574,29.504179000854492,86983800
2011-01-18,29.576456665200105,29.839240202531297,29.234835811167457,29.399076461791992,46237700
2011-01-19,29.267666777314385,29.543592216451906,28.643552159041256,28.715818405151367,44989200
2011-01-20,28.794672070428152,29.55674858908146,28.650139495922257,29.399076461791992,46977700
2011-01-21,29.59615027643167,29.9180628970134,29.464757318926633,29.753822326660156,44767400
2011-01-24,29.701260821123718,29.878640918010646,29.47132505077693,29.576438903808594,27826800
2011-01-25,29.44505003032699,29.8457974335539,29.07715024081606,29.47789764404297,36022400
2011-01-26,29.694701523685243,29.878650197089563,29.47790272479068,29.550168991088867,25639400
2011-01-27,29.550164933180206,29.81295086433937,29.359645258395428,29.628999710083008,26740900
2011-01-28,29.596146573254313,30.141426401533547,29.169122647434,29.261096954345703,38593900
2011-01-31,29.175705923929993,29.629009168468283,29.16913740130473,29.523895263671875,23574500
2011-02-01,29.69470547222244,30.220274970486553,29.668426370780974,30.174287796020508,28255500
2011-02-02,30.0823055082419,30.207127447978266,29.78667196032694,29.858938217163086,24104900
2011-02-03,29.878648581466184,30.056028723848637,29.458193061498555,29.865509033203125,23322400
2011-02-04,29.563301645709497,29.674984026770577,29.103427563331593,29.293947219848633,38172900
2011-02-07,29.39905919085492,30.056021407410338,29.333363971644168,29.891780853271484,36790900
2011-02-08,29.885224558123106,30.10202087508708,29.76697111028348,30.04946517944336,28649500
2011-02-09,29.79982261291733,29.89179697185259,29.333379789109465,29.635581970214844,33491000
2011-02-10,29.628995527713837,29.918060512407568,29.530452697023538,29.911489486694336,22688600
2011-02-11,29.826085782924814,30.8049580870553,29.826085782924814,30.594730377197266,40812800
2011-02-14,30.61443596251204,30.811526617390456,30.529032685250623,30.57501983642578,28699200
2011-02-15,30.58816877690898,31.10059862233854,30.57502922880661,30.75897789001465,35972900
2011-02-16,30.975777393621968,31.770701276424806,30.942927269547177,31.494775772094727,44327800
2011-02-17,31.383085998761626,31.527618491183585,31.2057058960925,31.41593360900879,22932600
2011-02-18,31.415941514751466,31.61960075931347,31.238561367445072,31.534194946289062,23844300
2011-02-22,31.00861810247336,31.05460525859642,30.12171757843137,30.226831436157227,44561900
2011-02-23,30.2465489012956,30.548750997872034,29.75382711100734,30.19399070739746,36264800
2011-02-24,29.97718610447432,30.25968005300597,29.70126067530093,30.161134719848633,31926900
2011-02-25,30.3845058324498,30.785253229271962,30.29910003326338,30.66699981689453,26782100
2011-02-28,30.752406005577573,30.99548135360443,30.496188604773167,30.673568725585938,25985300
2011-03-01,30.529044305902865,30.673574333419722,29.950916677497236,29.95748519897461,33682600
2011-03-02,29.81952449580743,30.200563910685517,29.6092967172929,29.701271057128906,28600000
2011-03-03,30.036307047628114,30.437054316713123,30.029736023417062,30.27281379699707,23043600
2011-03-04,30.207124524590366,30.246543162534962,29.628997031963674,29.904922485351562,27716900
2011-03-07,29.97061960151099,29.9903301747839,29.405631619192135,29.688125610351562,28110800
2011-03-08,29.81295319344045,30.673572298302425,29.76039500065762,30.483055114746094,32941500
2011-03-09,30.437079439866018,30.942938452755868,30.233420125114993,30.588180541992188,25174700
2011-03-10,30.272820717561494,30.384503093566238,29.73410938411737,29.911489486694336,33783700
2011-03-11,29.747260531568216,30.115160425526263,29.727552458965942,30.04946517944336,20337600
2011-03-14,29.83921644643317,29.918053700369388,29.320218308299367,29.7603816986084,24508900
2011-03-15,29.267675925744413,29.55674100054023,28.80780172084336,29.30709457397461,35606000
2011-03-16,29.326792448776747,29.41876675655703,28.68296978820284,28.78151512145996,41962900
2011-03-17,29.208542761221125,29.307088106994932,28.51216433894202,29.274240493774414,46741800
2011-03-18,29.720983936802853,30.338527770766326,29.399071216325435,30.04946517944336,77421000
2011-03-21,30.404215937383338,30.430495032142744,29.773532699832042,29.977191925048828,28985300
2011-03-22,29.996896051735334,30.029743662812503,29.793236853277566,29.872074127197266,19756600
2011-03-23,29.753828453710444,30.01661191672192,29.412207696294058,29.95748519897461,26688900
2011-03-24,30.02316913578508,30.115143430843084,29.622421844936692,30.042877197265625,21748100
2011-03-25,30.023176313180656,30.46991085835522,30.00346574087648,30.1282901763916,20710400
2011-03-28,30.28596504060658,30.548750997872034,30.1874221862165,30.19399070739746,19039400
2011-03-29,30.10858792806956,30.246549430296138,29.90492868232128,30.233409881591797,17913300
2011-03-30,30.56845916084635,30.77868692485544,30.36480242415089,30.51590347290039,26829100
2011-03-31,30.253115442491442,30.443635123734264,30.193988731282033,30.28596305847168,23340500
2011-04-01,30.58160165563284,30.798400467842256,30.338526249975242,30.45020866394043,25387300
2011-04-04,30.46341779830018,30.727628853916283,30.41718124152287,30.608734130859375,15708000
2011-04-05,30.49644567575775,30.89276228680295,30.417183361430126,30.767263412475586,21058400
2011-04-06,30.919174719644353,31.52685648193551,30.800280023595597,31.467409133911133,31203300
2011-04-07,31.467413995124087,31.573097905749144,31.018256745041782,31.308889389038086,29972000
2011-04-08,31.388142949563846,31.480616030641414,30.800276202968607,30.93898582458496,23808000
2011-04-11,31.04468067907146,31.223022764060318,30.879549398863634,30.952207565307617,25641600
2011-04-12,30.747441223777006,31.117336166692308,30.54928420852719,30.806888580322266,27231300
2011-04-13,31.20320295028143,31.28906938841132,30.304888522899645,30.54928207397461,55383900
2011-04-14,30.172787690794685,30.219024247630088,29.66418304590186,29.703815460205078,45214600
2011-04-15,29.882153826749533,29.968020267500346,29.61133866196708,29.650968551635742,32475000
2011-04-18,29.24144004993133,29.294280736067325,28.752650474734015,29.03667640686035,50958800
2011-04-19,29.234841883009906,29.532078702952763,28.90457930967417,29.492448806762695,26705000
2011-04-20,29.657581130432852,29.703817690740276,29.023475052481544,29.433002471923828,35542800
2011-04-21,29.512250900268555,29.617934776915348,29.142356072153596,29.512250900268555,24368100
2011-04-25,29.49244027971432,29.736833807805127,29.314098239312028,29.466018676757812,17358900
2011-04-26,29.6245335369008,30.007639094985887,29.46600901057049,29.802875518798828,25900000
2011-04-27,29.9217752175152,30.1397496275922,29.756644004924386,30.05388069152832,20857200
2011-04-28,30.126549624147216,30.337917450431476,29.994444102793743,30.28507423400879,19859000
2011-04-29,30.258651860713023,30.39736150920981,29.987836705203733,30.13975715637207,23363000
2011-05-02,30.344521531313998,30.377549801363056,29.796287020404307,29.8425235748291,25904000
2011-05-03,29.690589592659713,30.430376646417113,29.631142261215683,30.331296920776367,30025500
2011-05-04,30.370932317338404,30.41056471545304,29.908564418143655,30.05388069152832,22727400
2011-05-05,29.88216514420582,30.19261031623375,29.717033822170364,29.835926055908203,26154500
2011-05-06,30.034077496709696,30.192602111752304,29.565102754592278,29.750051498413086,26332300
2011-05-09,29.558498735872423,29.79628817913477,29.274472736387217,29.697208404541016,22469500
2011-05-10,29.763257970132624,30.053888068537507,29.71041475967558,29.829309463500977,20534200
2011-05-11,29.736832617568194,29.750043418517674,29.135755032731343,29.215017318725586,31519600
2011-05-12,29.129128397569346,29.281051244458382,28.7658404395368,29.12252426147461,29567900
2011-05-13,29.102721559695002,29.12914063487366,28.389353616129785,28.501644134521484,32872500
2011-05-16,28.38276584435643,28.719632554383836,28.21763456068148,28.323318481445312,34951100
2011-05-17,28.19120341940081,29.076306901442077,28.171388478364143,28.937597274780273,36277100
2011-05-18,28.87815071628561,29.22162398189764,28.67338708110268,29.11594009399414,24372100
2011-05-19,29.274470540389302,29.29428548594032,28.897971456701107,29.06310272216797,19518000
2011-05-20,28.950817184061446,29.122552606384367,28.46202748718282,28.488449096679688,29946700
2011-05-23,28.006267511154103,28.33653008784364,27.9402134839941,28.105344772338867,32299500
2011-05-24,28.250656910957964,28.349734157407987,27.53728864194281,27.966630935668945,39341400
2011-05-25,27.814720488124642,28.237456272442483,27.80811382416116,27.9204044342041,26505300
2011-05-26,27.821305531275137,28.131753012111975,27.80809473212226,28.03927993774414,21648100
2011-05-27,28.204419071522253,28.501655836713716,28.098735168310068,28.263866424560547,24747300
2011-05-31,28.561111450195316,28.653584577288175,28.250663792351798,28.561111450195312,28746300
2011-06-01,28.31670986335989,28.395974688235878,27.563711664960753,27.583526611328125,38628700
2011-06-02,27.695819135749325,27.874161224715852,26.96924249451096,27.484451293945312,45964000
2011-06-03,27.140971384936172,27.907180256881368,27.0947348381578,27.458023071289062,31833100
2011-06-06,27.147573299186188,27.240048904860213,26.66539040826196,26.771074295043945,40895900
2011-06-07,27.02867314768408,27.28627993186056,26.850333672049594,26.896570205688477,36312000
2011-06-08,26.804107403868578,27.127763263294725,26.55310718248488,26.678606033325195,38890700
2011-06-09,26.81070736828915,27.24004958641599,26.777681625287702,27.06831169128418,30082300
2011-06-10,26.81070121009835,27.41177866559192,26.487042955739305,27.11454200744629,48545700
2011-06-13,27.2730768776219,27.623154308774815,26.896577842686884,27.52407455444336,31767100
2011-06-14,27.827924666802687,28.032685846217145,27.39858232080511,27.484451293945312,32103500
2011-06-15,27.09474353610616,27.34574381326681,26.5861388385691,26.87016487121582,37336400
2011-06-16,26.837138408997447,26.889979112442916,26.222849798259535,26.658796310424805,50316600
2011-06-17,26.982444767084438,27.12115692961658,26.777683633299183,26.949419021606445,31999600
2011-06-20,26.75127080402379,26.956034524678785,26.50027052059246,26.738059997558594,21565400
2011-06-21,26.870170389665805,27.23345881403002,26.586144298687348,27.022090911865234,34241100
2011-06-22,26.86355540007984,27.431607405991222,26.738056534470516,26.876766204833984,27306300
2011-06-23,26.500267039203937,26.586136010095096,26.17000448007232,26.467241287231445,48307500
2011-06-24,26.4540294013913,26.53989836877321,26.051108692564558,26.084136962890625,36136800
2011-06-27,26.02468228027192,26.49365435837066,25.978445738470782,26.341733932495117,30632700
2011-06-28,26.467247928073988,26.467247928073988,25.91901325260482,26.117170333862305,41558700
2011-06-29,26.44742554832172,26.79089890190161,26.368160722316397,26.71824073791504,44775900
2011-06-30,26.896575422354232,27.127758135387175,26.665390189618694,27.041889190673828,28000100
2011-07-01,27.1216494604393,27.726420252893067,27.095065516001128,27.633378982543945,32136800
2011-07-05,27.586846683300283,27.586846683300283,27.22797369287912,27.267847061157227,23805800
2011-07-06,26.975442063132316,27.015317982394098,26.70296295280511,26.95550537109375,23865700
2011-07-07,27.374182388524115,27.772933848471855,27.314369796291146,27.46057891845703,28550800
2011-07-08,27.048552233028296,27.227990103983135,26.955510937389157,27.075136184692383,20680000
2011-07-11,26.709605343920806,26.729544569406244,26.11148181823055,26.20452308654785,38328000
2011-07-12,26.078239176611003,26.663070416870298,26.078239176611003,26.17792510986328,33808300
2011-07-13,26.3640124946478,26.829221209349623,26.191221990138654,26.33078384399414,34020600
2011-07-14,27.367542437234754,27.40741835072832,26.77606366392704,26.815937042236328,65327400
2011-07-15,26.988727933574875,27.081769188962717,26.251040072736867,26.570039749145508,46544900
2011-07-18,26.443773950597798,26.583335855394346,25.872231824077303,26.47035789489746,47603200
2011-07-19,26.53016101966721,26.90897578878071,26.39059915141602,26.84251594543457,34837400
2011-07-20,27.041894746979235,27.48716689574842,26.99537411675944,27.221332550048828,31250900
2011-07-21,27.626716386562833,28.278007452501797,27.40075805469151,28.10521697998047,45552200
2011-07-22,28.091932827749716,28.125161481493095,27.752993968089406,28.03876495361328,19986100
2011-07-25,27.593498270098067,27.852685345361962,27.44064441892151,27.70647621154785,22522300
2011-07-26,27.5802106175069,27.772940408579526,27.440648714392697,27.540334701538086,24350600
2011-07-27,27.380831553927848,27.513748716532085,26.975435348817737,27.028600692749023,32361100
2011-07-28,27.041898243449022,27.40742114984348,26.995377607214188,27.035253524780273,23370200
2011-07-29,26.74283100969262,27.08176735062443,26.516872604010114,26.88239288330078,37793400
2011-08-01,27.354242642956148,27.493804497493542,26.55674234745403,26.875741958618164,34039300
2011-08-02,26.64979558806881,26.83588067978991,26.477005004882812,26.477005004882812,42119000
2011-08-03,26.423832423756675,26.596625511472975,26.15135335637412,26.516876220703125,41110100
2011-08-04,26.12477322894825,26.310855761585433,25.134542890591014,25.201000213623047,59931100
2011-08-05,25.45353382534154,25.75259674620514,24.403493779533626,24.988325119018555,85507800
2011-08-08,24.07785441192959,25.068084716675536,22.389812098295593,22.635709762573242,107650300
2011-08-09,23.512958749650604,24.317103964500824,22.38981130782067,24.190834045410156,78985700
2011-08-10,23.606005963115425,23.82531719739349,22.589194030621567,22.841733932495117,83975700
2011-08-11,23.014518415235614,24.78895445718003,23.014518415235614,24.38355827331543,69583500
2011-08-12,24.675975200882554,25.154473386290825,23.645871736438068,23.865182876586914,44072800
2011-08-15,24.27722482094085,24.68262100088294,24.184183573449328,24.509830474853516,34827900
2011-08-16,24.104439788277695,24.303814297651524,23.772148094259833,23.94493865966797,42266600
2011-08-17,24.23070555388274,24.7623716658767,24.137664301181793,24.303810119628906,30131400
2011-08-18,23.43985229634726,23.572769457719897,22.928122872932203,23.38668441772461,57130300
2011-08-19,23.100914956066926,23.592707725545235,22.768623297960655,22.82843589782715,52960800
2011-08-22,23.34016254001028,23.380038446839098,22.163849907990514,22.203725814819336,50971400
2011-08-23,22.123974967601242,23.127494467390097,21.472683746681376,23.11420249938965,55807900
2011-08-24,23.14078698435991,23.931640085270384,23.047745741333237,23.8120174407959,41959800
2011-08-25,25.1145975780025,25.632971618192723,23.53953370403705,23.738910675048828,55387600
2011-08-26,23.446497283920817,24.243997726167812,23.14078958386774,24.064559936523438,35114200
2011-08-29,24.46995735310342,25.014915466308594,24.237354207900292,25.014915466308594,27943900
2011-08-30,24.85541974193095,25.06808622341872,24.423439525367684,24.62946128845215,28818700
2011-08-31,24.86870623758433,25.27410246222043,24.73579160376225,24.961750030517578,30051100
2011-09-01,25.0016241830768,25.13454135621108,24.117729671824616,24.124374389648438,36862300
2011-09-02,23.30029939426731,23.4265693518661,22.934776425877455,23.014528274536133,41677300
2011-09-06,22.00434839524161,22.263535416853227,21.785034739918853,22.22365951538086,57071200
2011-09-07,22.662286403100353,23.247120336620803,22.509432569318005,23.14078712463379,36145900
2011-09-08,22.8882520685976,23.200607087208404,22.22366864870027,22.27018928527832,44815300
2011-09-09,21.984420997662433,22.06417029910739,21.220149041995796,21.31983757019043,67187400
2011-09-12,20.83468704649918,21.54578971862793,20.74164452102725,21.54578971862793,53377600
2011-09-13,21.80497060114642,22.203719413744558,21.379635323143113,21.592304229736328,50137600
2011-09-14,21.751798262196214,22.057505791257807,21.17361184241753,21.79831886291504,44442500
2011-09-15,22.17714613533972,22.47620915602166,22.017647547765574,22.46956443786621,35847800
2011-09-16,22.62905320214307,22.775262289936787,21.944533445987457,22.217012405395508,52683800
2011-09-19,21.725218810480293,21.858135926407382,21.353053928104195,21.592304229736328,33154800
2011-09-20,21.778397300417122,21.798333990222694,21.426168926202106,21.43281364440918,34085100
2011-09-21,21.419519929704087,21.565729070204835,20.11029125600824,20.1634578704834,57389200
2011-09-22,19.50551722188323,19.691599707085842,18.96055919934668,19.452350616455078,86285600
2011-09-23,19.246329932558325,19.80457995297266,19.17987262294056,19.66501808166504,51731300
2011-09-26,19.977375682929484,21.140396576683536,19.910917092625105,21.0340633392334,58696100
2011-09-27,21.678708001215714,22.017646926824618,20.76822952853628,20.98089599609375,58242900
2011-09-28,21.014130897824007,21.266672070925576,20.216630188127322,20.249858856201172,38725900
2011-09-29,20.987542095686386,21.339771726737315,20.229917483998435,20.861270904541016,51014100
2011-09-30,20.429289061015854,20.56885220340234,20.010602169040315,20.017248153686523,42420600
2011-10-03,19.957433503901402,20.402704288600106,19.033662014695537,19.040307998657227,51002700
2011-10-04,18.939747607226117,20.401292936914796,18.67157444552877,20.28731918334961,69800000
2011-10-05,20.26721296151728,20.897421075846495,19.71075297254868,20.676177978515625,51117200
2011-10-06,20.5890155913583,21.762274411255,20.394590509011465,21.708641052246094,53214000
2011-10-07,21.842727489777616,21.862839678985136,20.548789183652175,20.582311630249023,49320600
2011-10-10,21.185705486408853,21.668417297136855,21.172296505312037,21.65500831604004,37324800
2011-10-11,21.44046973349426,21.90977384187627,21.05832272349074,21.65500831604004,38161700
2011-10-12,21.96340184425747,22.707583489605653,21.916471700632,22.258394241333008,55462500
2011-10-13,21.75556625131811,21.78238420347244,20.7298025989211,21.185697555541992,78830000
2011-10-14,21.36671925306431,21.668413603814773,21.05161464475195,21.380126953125,51899600
2011-10-17,21.212516044753734,21.514211638563623,20.76332553772037,20.810256958007812,40865400
2011-10-18,21.0247959236638,22.405887359560733,20.87729972856764,22.03714942932129,64392400
2011-10-19,21.970108615914036,22.8014448188424,21.473986643843006,21.621482849121094,50119300
2011-10-20,21.66840811791078,22.25168448227425,21.232626646877666,22.21146011352539,41657100
2011-10-21,22.446120269043785,22.821564066761358,22.13101560743258,22.405893325805664,48445300
2011-10-24,22.533266357823805,23.257333079828204,22.506448408767984,23.176881790161133,45697200
2011-10-25,22.91541414137767,22.96234427544277,22.365658950186088,22.452816009521484,38679100
2011-10-26,22.868488481630745,23.069618032333103,22.459523612618725,22.91541862487793,36350900
2011-10-27,24.51104590764497,25.168070329607225,23.934472777198387,24.81944465637207,76438300
2011-10-28,24.54457221331498,24.792631906051703,24.262988797707607,24.59820556640625,39891200
2011-10-31,24.088674455117907,24.135604592781593,23.28415379052505,23.30426597595215,46429800
2011-11-01,21.76897563393378,22.553381567841726,21.346601830867574,21.92987823486328,74052400
2011-11-02,22.600311103330736,22.62042584603587,22.164530893062963,22.553380966186523,34325900
2011-11-03,22.875189192683266,23.143363602656397,22.0170351727704,23.049503326416016,40084700
2011-11-04,22.78803093754561,22.83496106795168,22.425996310841374,22.774621963500977,30858700
2011-11-07,22.814859208732365,23.022694587511488,22.60032061789664,22.955652236938477,25925900
2011-11-08,23.150066948573837,23.58584972797532,22.80814700346707,23.478580474853516,30193100
2011-11-09,22.687471539549914,22.78803759551686,21.70863916580924,21.815908432006836,52990400
2011-11-10,22.070672642015786,22.278507976433744,21.641595551928173,21.949996948242188,30427400
2011-11-11,22.312026977539062,22.69417388362665,22.137715385683702,22.312026977539062,29983400
2011-11-14,22.090781428098627,22.110893612050454,21.60136534443368,21.822607040405273,27596300
2011-11-15,21.51421284212871,22.198055373853556,21.507509631891672,21.92317771911621,31260500
2011-11-16,21.68181503274906,21.782381060064814,21.051607314321092,21.09853744506836,40761800
2011-11-17,21.05161124742019,21.11865485190648,20.340952108866464,20.441516876220703,55130100
2011-11-18,20.562203885917338,20.68288216975642,20.334256300610388,20.528682708740234,39029900
2011-11-21,20.126411889652534,20.24038562398269,19.84482979770452,20.052663803100586,39658100
2011-11-22,20.04596338983455,20.18005061468316,19.6973376282286,19.717451095581055,36466200
2011-11-23,19.516316691835275,19.543133362897024,18.993378179253813,19.026899337768555,44468500
2011-11-25,18.959858625403022,19.556543992967306,18.959858625403022,19.093944549560547,21423200
2011-11-28,19.918578843819436,20.15993531511123,19.321893432848537,19.549840927124023,45280100
2011-11-29,19.42916323188615,19.529728004804724,19.093946469657265,19.147581100463867,45104700
2011-11-30,20.213563909473315,20.783432475022323,19.978911996747247,20.76331901550293,61412600
2011-12-01,20.68958024144867,20.763327064106573,20.133120433208987,20.421405792236328,33189700
2011-12-02,20.70298525134931,22.305322134353542,20.65605511245909,21.67511558532715,90515100
2011-12-05,22.5533836531965,22.861782464744145,22.271802796783692,22.46622657775879,52207600
2011-12-06,22.298613694161762,22.513154734441244,21.909763653187433,22.278501510620117,38782900
2011-12-07,22.003621519472613,22.92211445852124,21.936579209980078,22.79473304748535,44722800
2011-12-08,22.493045151797716,22.593611207569957,21.507509569734548,21.601369857788086,47788900
2011-12-09,21.69523026942681,22.33214265877669,21.69523026942681,22.244985580444336,39104600
2011-12-12,21.822608025206335,21.856129185805607,21.29296627098605,21.480688095092773,35977900
2011-12-13,21.70193405587004,21.876248217162797,20.696284974473688,20.977867126464844,49475100
2011-12-14,20.702988522000975,21.41364904210976,20.66946735428383,21.125362396240234,41291500
2011-12-15,21.520918825898523,21.641597085726104,21.165589815018073,21.292972564697266,33457300
2011-12-16,21.56114433082564,21.856134192170458,21.326492316630432,21.380126953125,52596800
2011-12-19,21.366718978107063,21.386831167314583,20.394589765558433,20.582311630249023,47388000
2011-12-20,21.051610953514913,21.74886110568687,20.944341699334615,21.594661712646484,49091600
2011-12-21,21.453876509089294,21.728754199561944,21.386832889248254,21.668415069580078,30893000
2011-12-22,21.916471578069984,22.493044833674013,21.81590808122107,22.426002502441406,35543200
2011-12-23,22.53997181398843,22.59360771744856,22.211460856547404,22.506450653076172,21958800
2011-12-27,22.27180080583472,22.58690279924759,22.14441680908203,22.14441680908203,16891600
2011-12-28,22.117605499618943,22.184647836346613,21.83602205886006,21.889657974243164,19242700
2011-12-29,21.929886006245237,22.472938231202534,21.929886006245237,22.405893325805664,19792000
2011-12-30,22.198053704937955,22.40588645417422,22.164532541270898,22.291913986206055,18196900
2012-01-03,22.834958141672274,23.592545896857697,22.801434432106575,23.45175552368164,44102800
2012-01-04,23.25593701720854,23.735373235661985,23.181660633531592,23.60032081604004,36571200
2012-01-05,23.438257254566,24.255320653232186,23.228928452541975,24.093259811401367,38381400
2012-01-06,24.10000865472559,24.154030646740154,23.728616475311714,23.877174377441406,33160600
2012-01-09,23.93119822008184,24.093261650191927,23.627333474480526,23.83666229248047,23001800
2012-01-10,24.356610815746475,24.54568265810628,24.147279436054788,24.34310531616211,35972800
2012-01-11,24.174292670630102,24.809038330237197,24.079756740708422,24.755016326904297,29852900
2012-01-12,24.863059075670837,25.01836847961966,24.424139291011652,24.883316040039062,39420700
2012-01-13,23.80965592508495,24.255327224731445,23.72187401860659,24.255327224731445,61571500
2012-01-17,23.53279244754151,24.093259066666146,23.296452653880856,23.57330894470215,55115100
2012-01-18,23.323456415440983,24.768510878977427,23.3167023800545,24.673974990844727,55502100
2012-01-19,24.876562504066577,25.085893896766876,24.78877803926828,24.937335968017578,37000400
2012-01-20,24.83603620563627,25.254698825885534,24.72799482077738,25.22768783569336,34716500
2012-01-23,25.193935147401074,25.61934681616117,25.16692414674338,25.430274963378906,27499200
2012-01-24,25.106150683218967,25.58558435329445,24.849551328792465,25.430274963378906,25403800
2012-01-25,25.227696312583728,25.53831507643694,25.065632892884715,25.38975715637207,29860700
2012-01-26,25.578833920495693,25.727389278269968,25.153419658704166,25.31548309326172,33284600
2012-01-27,25.139918848729298,25.430280731887105,25.085899411071146,25.126413345336914,27674600
2012-01-30,24.755012294987935,25.09939349445673,24.552434967305675,24.991352081298828,24423600
2012-01-31,25.342488945825522,25.349242983531358,24.93733426443731,25.187179565429688,29649500
2012-02-01,25.585583037201097,25.68011895872941,25.32223223411204,25.38975715637207,41957800
2012-02-02,25.450527272631913,25.767900032555506,25.268206915393485,25.35599136352539,26784200
2012-02-03,25.84218461848565,25.997494013874817,25.693626685543453,25.848936080932617,41074400
2012-02-06,25.70037892242536,25.875945268759942,25.5315640380645,25.754398345947266,23106200
2012-02-07,25.565331056354193,25.740897433980596,25.45728961414306,25.57208251953125,21091900
2012-02-08,25.693621432873304,25.896198751710063,25.639602016608336,25.862436294555664,23258700
2012-02-09,26.065021198861572,26.119043206758445,25.551825003396875,25.565330505371094,28608400
2012-02-10,25.133164051137914,25.504556329474394,25.05888508028841,25.396514892578125,22618800
2012-02-13,25.713880967894234,25.88944729064333,25.51130107314711,25.862436294555664,24828000
2012-02-14,25.815170146099224,25.835427106627527,25.281714527629195,25.605838775634766,27031900
2012-02-15,25.713884020790662,25.92996686332582,25.19393387596835,25.25470733642578,26534900
2012-02-16,25.085894804396958,25.740894855221995,25.018367299835518,25.65986442565918,22139600
2012-02-17,26.065017681186283,26.092028681489378,25.815172368159597,25.977235794067383,28009300
2012-02-21,26.09879433724715,26.314877284038424,25.93673083919774,25.97049331665039,22804200
2012-02-22,25.862443654663693,25.92321712520108,25.592341344650606,25.707134246826172,23416900
2012-02-23,25.700374253268826,26.01099296584209,25.491042907364108,25.99073600769043,31361400
2012-02-24,26.105535444402534,26.119040945207363,25.788162615266344,25.848936080932617,17586400
2012-02-27,25.70713459161192,26.49043568020443,25.518062714475803,26.375642776489258,34030400
2012-02-28,26.422903571196734,26.70651130989327,26.23382916948861,26.4769229888916,37900900
2012-02-29,26.557960125104334,26.96986629904803,26.348628731071962,26.4971866607666,41187700
2012-03-01,26.679503580542796,27.314249203590542,26.65249515634284,27.26022720336914,44376700
2012-03-02,27.300746207987643,27.604613547331642,27.165693770955755,27.43579864501953,34897900
2012-03-05,27.48307017646171,27.4898216400291,27.01038787349331,27.280492782592773,30806900
2012-03-06,26.638989142106492,26.922596910062467,26.416152259360484,26.551204681396484,33927500
2012-03-07,26.645743289270712,27.050900596208407,26.59172386055893,26.976621627807617,22875100
2012-03-08,27.327747020135167,27.51681881592887,27.15893218077364,27.30748748779297,22052300
2012-03-09,27.516828331087098,27.982756521512545,27.348013433350367,27.705900192260742,33494200
2012-03-12,27.591113428619042,27.672143876281517,27.14544210260821,27.375030517578125,30763800
2012-03-13,27.699144768065796,29.529097379583302,27.564092354010178,29.299509048461914,77277600
2012-03-14,29.454809546145206,29.711408797927497,29.083417451353064,29.42780113220215,68028700
2012-03-15,29.468334395720156,30.332666031420892,28.98890060253687,30.184110641479492,57117700
2012-03-16,30.298898477102153,30.3326609429745,29.85998126893956,30.09632110595703,48844500
2012-03-19,30.008538084309354,30.62302426616467,29.853228673061434,30.38668441772461,41509300
2012-03-20,30.069298490736116,30.791825800205178,29.961257096121397,30.64327049255371,34796200
2012-03-21,30.744564885688288,30.83910080561808,30.292142247192675,30.467708587646484,27267900
2012-03-22,30.197618549775363,30.454215414610996,29.988287088124714,30.15035057067871,27457200
2012-03-23,30.01528305323634,30.555490097794276,30.00852901622978,30.49471664428711,30639300
2012-03-26,30.710812357768145,31.176740646362305,30.656792918584447,31.176740646362305,33529400
2012-03-27,31.00791641597703,31.392816718347003,30.947145531083052,30.987659454345703,33026400
2012-03-28,30.89987884915065,31.271273698131274,30.62977654869593,31.2442626953125,29755800
2012-03-29,31.00790708653639,31.075434564841427,30.568990069148267,30.839092254638672,32262300
2012-03-30,31.11596080330058,31.14972326507901,30.724309034120797,31.048433303833008,25945800
2012-04-02,30.89312938348027,31.298284148308984,30.69730346425155,31.149728775024414,27669300
2012-04-03,31.088553605927448,31.258473547254006,30.565199875508934,30.87105369567871,31036400
2012-04-04,30.36808794975405,30.490430498125235,29.878717756269292,30.184574127197266,41342900
2012-04-05,29.994268908484713,30.4020757324567,29.776771589996645,30.137001037597656,28832300
2012-04-09,29.355373611819218,30.096224798055886,29.27381275072861,29.83115005493164,29376400
2012-04-10,29.824348083294982,29.91270458378347,28.995137960628554,29.19904136657715,38841000
2012-04-11,29.627247775692364,30.04864859953531,29.613653866178318,29.91271209716797,32142200
2012-04-12,29.987487599594925,30.57881119901342,29.90592670727907,30.476858139038086,33631100
2012-04-13,30.551597301778383,30.551597301778383,29.26700332462424,29.368953704833984,58183900
2012-04-16,29.48450684375382,29.76997108030807,29.11747917437919,29.450523376464844,40387600
2012-04-17,29.69520360866371,29.905905238057088,29.33497421616511,29.83793830871582,26887000
2012-04-18,29.647632834687897,29.844740603505223,29.409745936303352,29.42333984375,20242900
2012-04-19,29.525277318838967,29.69519719828324,29.069893286458683,29.375749588012695,25961800
2012-04-20,29.572856440605282,29.62043639503596,29.02911331252346,29.035911560058594,26178100
2012-04-23,28.49217658713633,29.199044216675976,28.41061573535029,29.124279022216797,25536300
2012-04-24,29.212632941499717,29.43692848508505,29.097088638032556,29.416536331176758,21420400
2012-04-25,29.668012679182933,29.83113431529719,29.212626043423008,29.33496856689453,31694000
2012-04-26,29.375753303557428,29.83113739353623,29.267004670669063,29.76996612548828,28100300
2012-04-27,29.865127989550192,29.899114052073813,29.382555977876294,29.457321166992188,26242900
2012-04-30,29.450524505974492,29.47770972518489,28.913576886789173,29.212635040283203,23518000
2012-05-01,29.22623584776963,30.06904006885104,29.19904802936663,29.76318359375,26359700
2012-05-02,29.538886800103853,29.586464184020393,29.11748600279752,29.362171173095703,22462200
2012-05-03,29.484507968801513,29.491303625409667,29.001933380903807,29.23302459716797,19536400
2012-05-04,28.77084436572246,29.00873123535616,28.34944106412502,28.376628875732422,31279900
2012-05-07,28.159133454399452,28.8184236697871,28.11835173425696,28.39702033996582,25910100
2012-05-08,28.206719181593506,28.437810478599424,27.83289571099453,28.125158309936523,28049700
2012-05-09,27.67656420040793,27.88046763595985,27.268754736531243,27.622188568115234,38769900
2012-05-10,28.023204386506578,28.13875132772949,27.554226148394623,27.690162658691406,35827100
2012-05-11,25.243310451408448,25.821039907888462,24.889876600952828,25.120967864990234,217294200
2012-05-14,24.536439894133217,24.787923288479682,24.305348656997868,24.325740814208984,96488500
2012-05-15,24.597609549397912,25.33166493378558,24.550032173680844,24.631595611572266,89903700
2012-05-16,25.005403760257025,25.134541902592524,24.101428985595703,24.101428985595703,68729600
2012-05-17,23.815989692421702,23.856768836248893,23.02756093422109,23.06154441833496,95429200
2012-05-18,23.102319714043645,23.102319714043645,22.409045941755025,22.762479782104492,82650100
2012-05-21,22.782869806120083,22.912008049453544,21.92647170847259,22.096391677856445,99554800
2012-05-22,22.64693143322224,23.503329459821188,22.422638440485304,23.115909576416016,84721000
2012-05-23,22.850831129709267,23.39457437928533,22.572162552253264,23.285825729370117,52512900
2012-05-24,23.408168018718033,23.435355829081082,22.850830870137056,23.088720321655273,37843800
2012-05-25,23.109115600585938,23.197474709741073,22.62654351472156,22.769275665283203,28796400
2012-05-29,23.09551664158333,23.10911054715552,22.674115939934996,22.857629776000977,35855200
2012-05-30,22.63333579308219,22.728490545915133,22.395448910999836,22.402244567871094,34203600
2012-05-31,22.402246502442562,22.74888466657982,22.36826302960648,22.531387329101562,42124900
2012-06-01,22.02842305301855,22.19154735204946,21.59342837929981,21.702177047729492,50472200
2012-06-04,21.858506513681338,21.865302172182467,20.954532255800117,21.070077896118164,60492400
2012-06-05,20.995309980659606,21.83811412861543,20.97492041501299,21.742958068847656,46502800
2012-06-06,22.232319924891737,22.64012925580087,21.933261823109316,22.477005004882812,47980500
2012-06-07,22.952792742662123,22.99357447398446,22.293502346537487,22.30030059814453,53888800
2012-06-08,22.273104569707538,22.891613006591797,22.123574202733646,22.891613006591797,34238200
2012-06-11,23.360595924877437,23.40817330737588,22.279904850120328,22.307092666625977,46404900
2012-06-12,22.34787278575358,22.959583056543714,22.096389390304022,22.952787399291992,43334400
2012-06-13,22.898413667261327,23.836372604840896,22.85763453482716,23.313018798828125,72456600
2012-06-14,23.38778094093261,23.714026921617073,23.15668971385121,23.550905227661133,44428000
2012-06-15,23.714026461621618,23.83636902610171,23.387780487265548,23.809181213378906,40917100
2012-06-18,23.591681224039384,23.992692341559543,23.448949112575995,23.53050994873047,31084400
2012-06-19,23.781994869966656,24.216989481892263,23.605276688389125,24.047069549560547,32489000
2012-06-20,24.488861379054892,25.107369868459596,24.352927498742044,24.774328231811523,61149700
2012-06-21,24.801517890736466,25.168543024777122,24.0810563447071,24.13542938232422,95637000
2012-06-22,24.48206711592273,24.80151745694402,24.441285393843614,24.46167755126953,44193500
2012-06-25,23.96550871421072,24.10824344335541,23.54410796230508,24.006290435791016,33115800
2012-06-26,24.509251763583453,24.55003088762042,24.18300580742582,24.2713623046875,35053600
2012-06-27,24.223790164285063,25.025812618715086,24.128635397280302,24.998624801635742,34156800
2012-06-28,24.006289779519125,24.420894862880125,23.686839451138166,24.386911392211914,69904800
2012-06-29,24.94424809273052,25.012215032662844,23.95871190707641,24.284957885742188,56063200
2012-07-02,24.651979674334726,24.71315094271856,24.1897973338284,24.658775329589844,34274900
2012-07-03,24.645070678570764,24.76843331361424,24.357226273063063,24.59024429321289,26705900
2012-07-05,24.405195723473195,24.43946253463782,23.452564255390122,23.562219619750977,58519800
2012-07-06,23.246971471245615,23.38404140878286,23.116756468500615,23.233266830444336,32057200
2012-07-09,23.17157546762903,23.38403129525317,22.986531524143487,23.274375915527344,30545000
2012-07-10,23.45257351521987,23.610203000326408,23.17158136970107,23.473133087158203,33175500
2012-07-11,23.44572126622838,23.85007611845889,23.38403992895961,23.706153869628906,35144300
2012-07-12,23.527959596262946,23.69244138306119,23.260672117531783,23.329208374023438,39301500
2012-07-13,24.02826357129768,24.80955862927388,23.89119366661619,24.720462799072266,83001000
2012-07-16,24.50799773167607,24.569679041491636,23.80209144164595,24.048816680908203,52368300
2012-07-17,24.288693476289712,24.316107980061233,23.48683884890504,23.980289459228516,43998300
2012-07-18,23.815800324271102,24.144766461066553,23.747266692835137,23.9597225189209,28944900
2012-07-19,24.000847259566825,24.103647719541037,23.51425161827286,23.61705207824707,34384700
2012-07-20,23.336067322803565,23.390896343575104,23.233266830444336,23.233266830444336,36301200
2012-07-23,22.780924333689974,23.64445998272753,22.68497360433909,23.60333824157715,41248300
2012-07-24,23.699302552399306,23.911758467454252,23.452577192885066,23.80210304260254,29920400
2012-07-25,23.97343606705471,24.29554997109748,23.84322108735649,24.10365104675293,32127700
2012-07-26,24.52171228943635,24.631367693529423,24.220160581778163,24.542274475097656,28900500
2012-07-27,24.679334337459387,25.49489861079333,24.336660976062678,25.282440185546875,63636200
2012-07-30,25.015159806685407,25.028867057292672,24.63136463285423,24.768434524536133,30698200
2012-07-31,24.74787391955033,24.89865105552599,24.61080403360797,24.6724853515625,19681600
2012-08-01,24.802700305292902,24.946625123447223,24.54912271565344,24.6724853515625,22180200
2012-08-02,24.412057698028864,24.562834864072908,23.822658901010666,24.10365104675293,36675000
2012-08-03,24.54912503500151,24.871238905240084,24.329814242529974,24.734169006347656,24516300
2012-08-06,24.83696505478263,25.22075752579184,24.747869253559724,24.878084182739258,18979200
2012-08-07,25.063148471593074,25.954099364765153,25.063148471593074,25.364700317382812,37225800
2012-08-08,25.25503266596356,25.686801952630315,25.186499020507693,25.467491149902344,18672400
2012-08-09,25.16594362688906,25.53602903392634,25.076847781495168,25.303010940551758,23406700
2012-08-10,25.193349722147158,25.357834120830454,24.94662704570845,25.3372745513916,15492700
2012-08-13,25.268742958998736,25.419520134416707,25.11796839797207,25.35098648071289,14453500
2012-08-14,25.64567566263606,25.796452793251174,25.344124015796364,25.42636489868164,18065100
2012-08-15,25.405813217163086,25.638831302988994,25.323572308751395,25.405813217163086,17521300
2012-08-16,25.48119389686551,25.59770159642044,25.220761384273185,25.42636489868164,15894100
2012-08-17,25.49491056338238,25.49491056338238,25.220770699985952,25.344133377075195,17079800
2012-08-20,25.302996009065726,25.70049830441448,25.22075514652077,25.61140251159668,17922100
2012-08-21,25.78960834419561,26.63258484053945,25.741634263342885,26.070600509643555,36880600
2012-08-22,25.960948349976707,26.16655195290049,25.741637491605783,25.926681518554688,16899400
2012-08-23,25.91295949151761,25.967785867660933,25.49489758906534,25.515457153320312,16429500
2012-08-24,25.316718563715064,25.659392081648143,25.131674550304226,25.474348068237305,20019300
2012-08-27,25.570286143853803,25.65937933188547,25.289294103345085,25.515457153320312,17618200
2012-08-28,25.426363936207494,25.69365137065033,25.289296674717338,25.44692611694336,18050500
2012-08-29,25.577151392136923,25.693661748732474,25.398962311592037,25.563444137573242,13681900
2012-08-30,25.398958230426008,25.44693230649456,25.15908523569218,25.289302825927734,13700700
2012-08-31,25.453773498535156,25.631965086944017,25.26187727814708,25.453773498535156,16771600
2012-09-04,25.34414073669486,25.52233248396463,25.20707076519325,25.364700317382812,13631400
2012-09-05,25.412667965707527,25.556590207974967,25.316717189804578,25.4332275390625,13537500
2012-09-06,25.75533287870943,26.63942822531991,25.700503882186684,26.51606559753418,41346800
2012-09-07,26.75594258542632,27.09176108958995,26.72852808301558,26.934131622314453,28082400
2012-09-10,26.886153043703906,27.263093238301913,26.54347966418019,26.56403923034668,20853500
2012-09-11,26.591459178793208,27.16029836030878,26.54348510497755,27.13973617553711,22378900
2012-09-12,27.331642668779843,27.58522035993467,27.269961326132275,27.359054565429688,29882200
2012-09-13,27.30422135995745,28.49672614945527,27.13288463019225,28.373363494873047,47018600
2012-09-14,28.75716071653081,28.846256562352547,28.25685769896348,28.48987579345703,43471600
2012-09-17,28.09922001061151,28.400771674422796,28.06495319201329,28.229434967041016,19740100
2012-09-18,28.133492088248865,28.325391014174095,27.866207193071805,28.277414321899414,25186600
2012-09-19,28.325400180979535,28.62009706289617,28.12664887148914,28.332252502441406,22887200
2012-09-20,28.071811872546096,28.291122698551046,27.790819713327803,28.27056312561035,20997400
2012-09-21,28.462453089588987,28.578963410484448,27.941590647724706,28.016979217529297,28287400
2012-09-24,27.831934989350756,28.421333677318405,27.818227739120037,28.25684928894043,20499500
2012-09-25,28.47616809389365,28.47616809389365,27.777113821343402,27.790821075439453,21988200
2012-09-26,27.516676377018257,27.845642542967735,27.208269779443537,27.578357696533203,23782700
2012-09-27,27.688017026224575,28.092371819623885,27.557799436274472,27.879913330078125,20843400
2012-09-28,27.70171425254396,27.845639056317964,27.52352524869617,27.742835998535156,21380700
2012-10-01,28.016981547743363,28.44189588679372,27.962152541728656,28.078662872314453,21956400
2012-10-02,28.195170692132386,28.26370694990265,27.79767085462849,28.04439353942871,26946100
2012-10-03,28.189379225794177,28.306747402066097,27.906309223422173,28.21009063720703,22419100
2012-10-04,28.417215222182364,28.990255570951206,28.244613088268792,28.87288475036621,24326500
2012-10-05,29.024775934433077,29.300937772884538,28.624337713184,28.796939849853516,22774400
2012-10-08,28.53459098231236,28.886698237620568,28.38270023539117,28.76242446899414,18631300
2012-10-09,28.83836597366576,28.96263972562034,28.513873106484404,28.569107055664062,19947500
2012-10-10,28.686461549352437,28.997145780887337,28.534573529034127,28.83835220336914,25797600
2012-10-11,29.252614728742657,29.439025386440388,28.89360190284703,29.066204071044922,27755000
2012-10-12,28.720991853034604,29.29403215837392,28.410310142495735,28.734800338745117,44564000
2012-10-15,28.93502477974528,29.280229085222413,28.810751019077525,29.259517669677734,26268000
2012-10-16,29.542584897437685,29.763515440770956,29.18357210609616,29.570201873779297,28588100
2012-10-17,29.639251186693226,30.060400993022633,29.528785879598683,29.908510208129883,26177500
2012-10-18,29.749697665298623,29.929202688081347,29.514958707075674,29.6944637298584,23630400
2012-10-19,29.54948199226557,29.56329047771089,29.038581199285215,29.21808624267578,29747500
2012-10-22,29.169760915730354,29.356171538218025,28.651954508942243,29.059295654296875,27993000
2012-10-23,28.63125038129157,28.81766105121544,28.341277350176576,28.53459358215332,22896400
2012-10-24,28.776228436237044,28.914310672312574,28.541489425018522,28.796939849853516,18918900
2012-10-25,29.162864450398384,29.19047879660025,28.58292104095665,28.769329071044922,17311700
2012-10-26,28.596720408522625,28.76241961663695,28.216996238980933,28.41721534729004,21892700
2012-10-31,28.61741723262406,28.852156099853783,28.410295322409123,28.77621078491211,19423500
2012-11-01,28.790029901867623,29.618520482567927,28.70718163390728,29.57709503173828,23325400
2012-11-02,29.715177825772592,29.73588923475031,29.224988499507283,29.28712272644043,17029200
2012-11-05,29.225002054730822,29.245713473314968,28.90050911717801,29.183576583862305,13252500
2012-11-06,29.390680203440734,29.72207586105877,29.28021498423472,29.604707717895508,17190900
2012-11-07,29.004055000904987,29.004055000904987,27.830362857172773,27.947731018066406,47631200
2012-11-08,28.500067153247997,28.651957893297634,27.89250946044922,27.89250946044922,27830900
2012-11-09,27.830370475104722,28.465545096932715,27.519686091080292,28.044395446777344,27553200
2012-11-12,28.203194608425328,28.244620078949428,27.82347034657178,28.016786575317383,12816000
2012-11-13,27.74062539135587,27.975364485290857,27.61635159846673,27.64396858215332,19793500
2012-11-14,27.76133248418266,27.871797768006584,27.01569247679619,27.126157760620117,30986600
2012-11-15,26.967358885278355,27.42302842249352,26.90522201048994,27.195192337036133,24858700
2012-11-16,27.22281313988564,27.38850974015962,26.80856900550071,27.291852951049805,32458000
2012-11-19,27.67848303577606,28.099632735979764,27.67848303577606,28.0236873626709,26781200
2012-11-20,27.844179913006396,28.431026165539524,27.788945961205744,28.09963035583496,19375900
2012-11-21,28.265319761328968,28.292936730211537,27.857978688257948,28.12033462524414,13030200
2012-11-23,28.37579750543886,28.458648448590413,28.28604626757509,28.368894577026367,8316700
2012-11-26,28.161766778087635,28.22390365600586,27.678480242468066,28.22390365600586,20376600
2012-11-27,28.216999756274788,28.444835866619677,28.058206088625273,28.134151458740234,19875000
2012-11-28,27.954645430615972,28.22390436378062,27.5334957623534,28.18938446044922,26106900
2012-11-29,28.410314568927856,28.54839418014762,28.244615348284466,28.458642959594727,18915000
2012-11-30,28.299851184958833,28.54149315439044,28.203191763486252,28.361988067626953,20066600
2012-12-03,28.493149070911155,28.56218884310384,28.13413646137252,28.175561904907227,18955500
2012-12-04,28.154857588411822,28.251514356337413,27.75442203076304,28.009872436523438,24031100
2012-12-05,28.092725791867633,28.64505479467417,27.961549102236013,28.444835662841797,25515600
2012-12-06,28.47935013455845,28.68647215425173,28.38269336761488,28.631240844726562,20541700
2012-12-07,28.886699685130793,29.39069771261549,28.81075430786458,29.3837947845459,34552900
2012-12-10,29.369975263585438,29.459726463281022,29.00405700452959,29.211181640625,22394500
2012-12-11,29.411406993885247,29.749708386121885,29.28713322805954,29.439023971557617,21955000
2012-12-12,29.687556407705774,29.94991229479088,29.480434447880107,29.528762817382812,23110600
2012-12-13,29.445923839296736,29.632331818292354,29.342361509899668,29.535675048828125,18457000
2012-12-14,29.52877378843863,29.763512799108433,29.48734832760293,29.5563907623291,16208600
2012-12-17,29.687567078530563,30.039674273424865,29.5563904046875,30.018962860107422,23879800
2012-12-18,30.260599397330214,30.33654210390629,29.901586737475252,30.2882137298584,33858600
2012-12-19,30.371071976717122,30.647233804707376,29.977536697014408,30.053482055664062,34348500
2012-12-20,30.163941882121943,30.75079059911672,29.970628373967866,30.743885040283203,25014900
2012-12-21,30.253696018545185,30.51605194920574,29.92230030104193,30.37796974182129,38973500
2012-12-24,30.1846628581601,30.391784897856883,30.17775729774042,30.322742462158203,8621200
2012-12-26,30.343463664059605,30.502257353057296,30.18466997506192,30.350366592407227,11498900
2012-12-27,30.35035385846128,30.391779312267058,29.61852261045316,30.122520446777344,19567000
2012-12-28,29.756606356578168,30.16394749143738,29.749703430159997,29.8532657623291,15401200
2012-12-31,29.75660625446317,30.37797497794642,29.722086355091765,30.357263565063477,24209600
2013-01-02,31.26791757627696,31.281820926014774,30.73960354520422,31.045469284057617,31413000
2013-01-03,31.10108157687603,31.108031925601335,30.72569910268433,30.9829044342041,24227700
2013-01-04,30.899471232709963,31.58071908746023,30.89251823573776,31.532058715820312,24487700
2013-01-07,31.34438709404774,31.622448806687554,31.295726692104722,31.566835403442383,24456900
2013-01-08,31.559876632837675,31.629390716552734,31.254008300189867,31.629390716552734,19624200
2013-01-09,31.671091855681972,32.115988230707515,31.379126952201727,31.60852813720703,25920600
2013-01-10,31.900496946093323,32.08818814009837,31.650242020753268,32.08123779296875,23413600
2013-01-11,31.956124343074702,32.08125186061321,31.608548494755137,32.07429885864258,19723900
2013-01-14,31.9005050363923,32.10209962757517,31.615492999537917,31.8935546875,19079500
2013-01-15,31.62244398130623,32.303692156347374,31.525120540478106,32.220272064208984,29898000
2013-01-16,31.914405492065825,32.55394625566984,31.678053874267555,32.546993255615234,43453600
2013-01-17,32.255029056110736,32.581748441638354,32.178561970627975,32.282833099365234,41086800
2013-01-18,32.24112693048946,32.39405845545852,32.10209610177828,32.29673767089844,28679100
2013-01-22,32.15074998471334,32.3592948596612,32.06733256509259,32.35234451293945,24257300
2013-01-23,32.136844635009766,32.282825773188804,31.921346774989427,32.136844635009766,19105100
2013-01-24,32.1437974315111,32.53308046421395,32.03257332905432,32.23416519165039,20008200
2013-01-25,32.49137813418673,32.78334045410156,32.40100770820692,32.78334045410156,26009100
2013-01-28,32.56089437777695,32.67211850491346,32.31063942877168,32.4218635559082,19706800
2013-01-29,32.1716115564789,32.7833456377113,32.15075785941399,32.75553894042969,19907400
2013-01-30,32.69991035121631,32.91540550805772,32.64429698700488,32.762474060058594,18631300
2013-01-31,32.67906815327503,32.82505197159854,32.588700375017986,32.70687484741211,19536000
2013-02-01,32.950173076862015,33.3672628011598,32.81809263112734,33.26298904418945,24520000
2013-02-04,33.04749278181798,33.2351839473038,32.93626868209953,33.144813537597656,20822600
2013-02-05,33.32555125072535,33.9233817729807,33.3186009047466,33.91643142700195,28067500
2013-02-06,33.65922129639869,33.94423584652572,33.58970723408915,33.79130172729492,28282600
2013-02-07,33.81912568932199,33.88863978714258,33.29776200028903,33.52716064453125,21429600
2013-02-08,33.59668419951408,33.84693659343522,33.548021139031015,33.80522918701172,15218300
2013-02-11,33.721810313474116,33.992921724186225,33.631442495030235,33.82608413696289,13935900
2013-02-12,33.923385070176195,34.27791374075903,33.78435427096316,34.15973663330078,16388000
2013-02-13,34.30571979011424,34.37523651969168,33.71484217356246,33.839969635009766,21635600
2013-02-14,33.64533469868879,34.26401912848865,33.624478349826454,34.21535873413086,18017800
2013-02-15,34.305715584544316,34.382182651809295,33.76349841927161,33.97899627685547,20016200
2013-02-19,34.145827702889314,34.53511334665109,34.145827702889314,34.37522888183594,20445900
2013-02-20,34.305712152685146,34.43779258358138,33.61751391972957,33.79130172729492,24786700
2013-02-21,33.65226640362187,33.680073085504915,33.249080123482365,33.54104232788086,24437700
2013-02-22,33.80521728994269,33.99985885620117,33.652283115429626,33.99985885620117,23584100
2013-02-25,34.13194406138469,34.20146081564197,33.123976316687795,33.15873336791992,32775500
2013-02-26,33.52019862300203,33.54800266137258,32.56783937337656,33.089202880859375,39401400
2013-02-27,33.26300167351056,34.3404887319992,33.20043792593246,34.2570686340332,31921200
2013-02-28,34.173646757127266,34.44475541088457,33.88863475551158,34.00680923461914,24711500
2013-03-01,33.78436094227753,34.354384944999474,33.62447641973771,33.99985885620117,25923400
2013-03-04,33.87472982574119,34.15974181404713,33.59667083693597,34.131935119628906,17695200
2013-03-05,34.403053283691406,34.83404652608493,34.27792578561057,34.403053283691406,25561100
2013-03-06,34.67416360133368,34.889658906717,34.493422694852136,34.77843475341797,19607900
2013-03-07,34.79234823663814,35.3554221683322,34.764541527266985,35.19553756713867,24245400
2013-03-08,35.1677112664699,35.34844947310892,34.486463177150085,34.896602630615234,32711900
2013-03-11,34.917471070232594,35.29285364076139,34.69502272883628,35.09125900268555,19473000
2013-03-12,35.0008622156138,35.22331038973515,34.79231738384896,34.95220184326172,18003400
2013-03-13,34.959163910416855,35.05648468037069,34.83403644853561,34.86879348754883,16680200
2013-03-14,34.931357103235584,35.452720642089844,34.88964706548209,35.452720642089844,26378700
2013-03-15,34.73672732433422,34.959175630746785,34.166703207677905,34.771484375,60880800
2013-03-18,34.19449437383377,34.52121636093913,34.02765953277843,34.41694259643555,28011400
2013-03-19,34.51428441518531,34.750636109182906,33.839986389293514,34.20146560668945,24411500
2013-03-20,34.45865453545794,34.507314921102186,34.09022514363948,34.145835876464844,19385300
2013-03-21,33.91643731221681,34.222302972397344,33.61056900024414,33.61056900024414,23535900
2013-03-22,33.80521374306549,34.06241902174831,33.603619198139306,33.90948486328125,22791500
2013-03-25,34.09022353440965,34.28486506779857,33.478489591454746,33.72874450683594,23581400
2013-03-26,33.88168486156146,34.04156938638694,33.58971985620744,33.81216812133789,16417500
2013-03-27,33.50629751184449,33.582764588993534,33.0614010467505,33.20738220214844,26530100
2013-03-28,33.256040578836945,33.318604306199354,32.86675486949392,32.99188232421875,27506700
2013-04-01,33.054451702902234,33.360320045320336,33.01274431205787,33.24909591674805,17442200
2013-04-02,33.37421373246502,33.63142163035594,33.283845970084606,33.56190490722656,17273700
2013-04-03,33.596892332802256,33.62487289674858,32.54764520017635,32.771484375,33467400
2013-04-04,32.84842245183429,33.25413253575168,32.80645428341033,33.21915817260742,21514000
2013-04-05,32.7295063906814,33.603878739214,32.70152583511893,33.512943267822266,22961500
2013-04-08,33.491960279631165,33.988603149415226,33.28910524773422,33.98160934448242,18672300
2013-04-09,34.09353792345761,34.24742568805399,33.8976766446669,34.05156707763672,20066700
2013-04-10,34.23343387800494,34.66712459367476,34.19146570243086,34.450279235839844,20388900
2013-04-11,34.422289517787945,34.695093259954135,34.156482248605435,34.49224090576172,22584700
2013-04-12,34.20545948601921,34.68111842596549,33.89068479511747,34.28240203857422,37805900
2013-04-15,33.84870398074285,34.5132275395734,33.50595149363537,33.52693557739258,31527300
2013-04-16,33.87668455959384,33.9396394792784,33.28910619866227,33.91865539550781,23865500
2013-04-17,33.65284054033531,33.70180517425562,32.44270963218468,32.7295036315918,43466300
2013-04-18,32.73649993629226,33.107235623629286,32.21187653132484,32.62458038330078,26106800
2013-04-19,32.98131117477798,33.12820502265219,32.66653673763936,33.037269592285156,19746100
2013-04-22,33.15620811574996,33.21916304599451,32.78547234058837,33.12123107910156,15230100
2013-04-23,33.352071623465044,33.74379154359293,33.149216521878806,33.69482421875,20568500
2013-04-24,33.79973622791258,34.21943387465357,33.68781667755681,34.07953643798828,16459300
2013-04-25,34.28938090056181,34.71607496589422,34.198445443596164,34.275390625,19058800
2013-04-26,34.177473190056446,34.33835741212586,34.0025986875845,34.191463470458984,13929000
2013-04-29,34.33137418199514,34.34536179833346,34.03058973161598,34.219451904296875,13496300
2013-04-30,34.24742766589038,34.45028276317968,34.079549609658514,34.28240203857422,13802600
2013-05-01,34.1075051794415,34.2124308971805,33.47096240714217,33.582881927490234,17686400
2013-05-02,33.750756869866464,33.750756869866464,33.37302755153551,33.63184356689453,15529300
2013-05-03,34.01657692601559,34.065541555904254,32.86240455093202,33.275108337402344,43257900
2013-05-06,33.37304784108286,33.848706678895915,33.275118551246,33.701812744140625,20829500
2013-05-07,33.97461931122848,34.54820748586347,33.75777395998911,34.37333297729492,24291600
2013-05-08,34.42927630592562,34.967889834136656,34.3523311349852,34.807003021240234,23559300
2013-05-09,34.76503985290346,34.84198503487552,34.21942977545262,34.30337142944336,18103100
2013-05-10,34.31037236935219,34.43628220815422,34.02357832949707,34.24741744995117,16199600
2013-05-13,34.16347862846018,34.76504726851784,34.00259442655196,34.74406051635742,23979500
2013-05-14,34.81401193046343,35.26868397916182,34.737066732032346,35.135780334472656,24188400
2013-05-15,35.1147977137106,35.97517987421191,35.07982334979551,35.73735046386719,27467000
2013-05-16,35.583460468229916,36.13606449688683,35.56247638331506,35.653411865234375,21389500
2013-05-17,35.85626550491404,36.60473080309715,35.84927169915444,36.583744049072266,26080300
2013-05-20,36.569755234571375,36.814581139936465,36.31094171712659,36.576751708984375,22020000
2013-05-21,36.744635644398194,37.54206307978541,36.6886771819646,37.0873908996582,37112600
2013-05-22,37.37417990811341,38.44441103875213,37.276250610979574,37.51408004760742,46968300
2013-05-23,36.94748891196124,37.62600291335434,36.835569324260945,37.31822204589844,25294200
2013-05-24,37.003432318591614,37.53504943847656,36.87752250918189,37.53504943847656,18342300
2013-05-28,38.16460329098897,38.22755820362075,37.79386761954738,38.19258117675781,27162300
2013-05-29,37.83585058329649,38.4444131549652,37.70994071765836,38.24155807495117,20482600
2013-05-30,38.19258630770357,39.101935760855504,38.14362166556436,38.90607452392578,24890800
2013-05-31,38.96902570406172,39.05296736970458,38.18558883666992,38.18558883666992,24990100
2013-06-03,38.19257360960082,38.3744445071127,37.10135889801747,38.115631103515625,28279600
2013-06-04,38.150625654968856,38.74519795143276,37.68196055711483,37.80087661743164,22022600
2013-06-05,37.61898746939203,37.9617425348555,36.86353130043506,37.094364166259766,24326000
2013-06-06,36.96148422789716,37.43714320749859,36.562770475639155,37.423152923583984,23940900
2013-06-07,37.612008651807194,38.10865160290661,37.36018893903195,37.96175765991211,21691000
2013-06-10,38.22055869146397,38.36045878267285,37.786870810251514,38.02470016479492,16007000
2013-06-11,37.395154759826056,37.80785860180486,37.15033157745412,37.416141510009766,17600800
2013-06-12,37.70294593758577,37.84284341279525,37.05241253804318,37.19930648803711,18479100
2013-06-13,37.07339612995182,37.94077487386889,37.05241204262563,37.891807556152344,17090200
2013-06-14,37.800864842718035,37.86381975659964,37.010431516954014,37.16432189941406,17185300
2013-06-17,37.563030427725735,37.954747467466014,37.4511108923182,37.66795349121094,16856600
2013-06-18,37.79386951635013,37.96175018125132,37.57702688180303,37.849830627441406,13259100
2013-06-19,37.76589158320829,38.12962813136829,37.4371267268788,37.45811080932617,20840000
2013-06-20,37.129356174654895,37.199304909290994,36.56276181795903,36.70965576171875,31857100
2013-06-21,37.045410885115565,37.059401164355634,36.15704816616805,36.34591293334961,44412200
2013-06-24,35.59044176871588,35.98915522235101,35.05182824908889,35.6184196472168,30736500
2013-06-25,36.03115414297914,36.76562944954634,36.03115414297914,36.42987060546875,20951400
2013-06-26,36.828566196220486,36.93348928217366,36.28995248286797,36.72364044189453,19332000
2013-06-27,37.094368734221085,37.416139761062624,36.98944566169722,37.17831039428711,17093600
2013-06-28,37.15732751669076,37.16432398994481,36.77960068052619,36.92649459838867,18256000
2013-07-01,37.22728127859632,37.51407532770759,36.67467726472711,36.71664810180664,23511100
2013-07-02,37.04076240654619,37.717176677135484,36.72369237726016,37.20281982421875,23935300
2013-07-03,36.857567752471454,37.209867186469275,36.78710625297307,37.18168258666992,10442300
2013-07-05,37.59738097735838,38.048323642325684,37.42123133086613,38.04127883911133,17070200
2013-07-08,38.428821604462605,38.68952242420156,38.08356698818835,38.54155731201172,21786900
2013-07-09,38.802254478184004,38.87271328083117,38.18220680113108,38.6754264831543,20508700
2013-07-10,38.59088273510926,38.85863107427826,38.35836380397609,38.63315963745117,16915000
2013-07-11,39.344805187134874,39.365942295373806,38.43587190321731,38.851585388183594,21322600
2013-07-12,39.11228141986457,39.351845139066775,38.576787470499774,38.7318000793457,32569200
2013-07-15,39.098187362530346,39.10523216766265,38.471092192514085,38.6754264831543,28292000
2013-07-16,38.68249086521774,39.04183521614066,38.59793703972699,38.75999450683594,19222700
2013-07-17,38.788175070885416,39.16161437495044,38.64020992345327,38.94318771362305,19166600
2013-07-18,39.112268326770455,39.83095924379046,39.09817871962045,39.718223571777344,24563100
2013-07-19,39.81687521742672,39.85210730610956,39.3941170315426,39.57026672363281,17762600
2013-07-22,39.577300854293455,39.92960014345539,39.422290994786785,39.85209655761719,15999700
2013-07-23,39.96484711305942,40.08462762584473,39.78869740284718,39.92961502075195,10577100
2013-07-24,40.105759818723705,40.11280731145452,39.7252785340192,39.90142822265625,16665000
2013-07-25,39.77460793432506,39.809837341308594,39.38003158774763,39.809837341308594,13870200
2013-07-26,39.49980719732953,39.61254289068596,39.17568972707771,39.492759704589844,16762300
2013-07-29,39.4434510202727,39.45754332257057,39.0206927026636,39.23911666870117,10049100
2013-07-30,39.36593973675292,39.450493539876355,38.80930864926352,38.98545837402344,14207400
2013-07-31,39.16161142097672,39.64778373493815,39.112287021054634,39.26729965209961,19404900
2013-08-01,39.71119231445002,40.00712254649549,39.598456603980594,39.83802032470703,15979400
2013-08-02,39.64777138331116,39.823921068137764,39.4645742059062,39.80278396606445,11007300
2013-08-05,39.69005617080257,39.86620589067051,39.46458205656671,39.52799606323242,9370200
2013-08-06,39.450489723052144,39.527993336669596,38.971362303034105,39.09819030761719,10588600
2013-08-07,38.7952075003676,39.08409287557189,38.59791802590868,38.96430969238281,12828400
2013-08-08,39.048870415237985,39.267297045590524,38.13993986145509,38.63315963745117,18587100
2013-08-09,38.53451441434957,38.85863196406275,38.28086105798461,38.41473388671875,12652500
2013-08-12,38.07651452944193,38.273801306042635,37.822858566480605,38.11174392700195,15133000
2013-08-13,38.2033600154287,38.54156722506435,37.76650668446301,38.252681732177734,15078100
2013-08-14,38.28085785768681,38.64724690441644,38.04833894066811,38.154029846191406,15785800
2013-08-15,37.71013405670385,37.82286977500274,37.26623598997568,37.54807662963867,16933200
2013-08-16,37.39306400904087,37.893328591002714,37.39306400904087,37.54807662963867,17139000
2013-08-19,37.266224861999945,37.308501751674655,36.498212170475796,36.519351959228516,22793300
2013-08-20,36.484126324772525,36.89279493372698,35.6949763927947,36.723690032958984,18701500
2013-08-21,36.58276098061685,36.794142727977466,36.13181827019793,36.3784294128418,17136200
2013-08-22,36.63915944265818,37.10419482037861,36.589837712281216,36.78712463378906,14658500
2013-08-23,36.829379362440505,36.93506756906431,36.56867856070447,36.86460876464844,11126800
2013-08-26,36.75186686058817,37.01961511026431,36.49116610286255,36.49821090698242,16548400
2013-08-27,35.948627566746524,36.322064033952095,35.61746530317579,35.65269470214844,23596800
2013-08-28,35.46245353705909,35.96976276869777,35.321533260780846,35.63860321044922,18748100
2013-08-29,35.645649685364695,36.0613630415621,35.54700629369596,35.7231559753418,13576000
2013-08-30,35.80771643985306,35.8147639341483,35.434279877151475,35.6033821105957,15863100
2013-09-03,36.11068558755476,36.4418478569514,35.81475540558144,36.0261344909668,15277200
2013-09-04,36.047278020253586,36.70959998930554,35.88522060296954,36.547542572021484,19923800
2013-09-05,36.660267474671635,37.00552200123485,36.5757163879374,36.716636657714844,13913200
2013-09-06,36.92802720197343,37.139406328456865,36.13182971479334,37.03371810913086,22339900
2013-09-09,37.188725103188055,37.47761051376784,37.00553059143332,37.245094299316406,19936400
2013-09-10,37.92854953019513,37.99900832546973,37.55511038931363,37.81581115722656,20233200
2013-09-11,37.604434239943046,37.879227320234655,37.38601034936813,37.52692794799805,16028600
2013-09-12,37.646706605951266,37.843993370578005,36.695499490408814,36.80823516845703,21976700
2013-09-13,36.843453461829405,37.202797487379804,36.801176587364154,37.054832458496094,11942900
2013-09-16,37.66080175177986,37.68898634538251,37.32963949652564,37.44237518310547,17055300
2013-09-17,37.47762053882306,37.569219163118156,37.25919656497652,37.407161712646484,13207000
2013-09-18,37.125309769507304,37.9567365677528,37.033713860831746,37.63262176513672,20844500
2013-09-19,37.787627229874765,37.87217831724628,37.01256708417229,37.167579650878906,22452200
2013-09-20,37.308510729924556,37.674902465118265,37.20281982421875,37.20281982421875,30792200
2013-09-23,36.69551648408542,36.90689564233659,36.209341463492684,36.258663177490234,28189500
2013-09-24,35.94158605588789,36.124783261563884,35.441321518858814,35.455413818359375,34906900
2013-09-25,35.38494769156448,36.56867372652025,35.272212006703484,36.42775344848633,39175500
2013-09-26,36.58981866292916,37.03371669305282,36.31502554022496,36.5616340637207,22298700
2013-09-27,36.2868309775899,36.920970846505256,36.20932469496351,36.80823516845703,23026000
2013-09-30,36.44890375010903,36.702559804870276,36.24456940734784,36.420719146728516,21350600
2013-10-01,36.38548666700487,36.70255670870897,36.251613843988245,36.610958099365234,19188000
2013-10-02,36.42641528103449,37.228478578383445,36.4051224517459,36.97295379638672,23841200
2013-10-03,36.90906250617391,37.0510209804165,36.55416767438378,36.86647415161133,18614500
2013-10-04,36.958755489501634,37.39172771033057,36.91616712580864,37.38462829589844,17407200
2013-10-07,37.11490517936338,37.16459024324744,36.78840255737305,36.78840255737305,16159300
2013-10-08,36.788402446547636,36.880673160549826,36.085709433166876,36.10700225830078,19536000
2013-10-09,36.31995346065693,36.44061917015593,35.66694795204501,36.02184295654297,24721200
2013-10-10,36.79549905610403,37.30654851904376,36.4689964359516,37.27815628051758,24328700
2013-10-11,37.59047843504147,37.86729610686347,37.02264696622275,37.27107238769531,32498800
2013-10-14,36.8664788376075,37.505290699080426,36.73871646531291,37.41301727294922,18881600
2013-10-15,37.55496968514172,37.647243096333995,37.03682357367101,37.12909698486328,17566500
2013-10-16,37.342043982087894,38.36414037875915,37.32075115329267,38.328651428222656,24864000
2013-10-17,38.17959647346676,38.53449139653456,38.05183408455167,38.47770690917969,17791000
2013-10-18,38.51318796234006,38.74032315754921,38.186685349903215,38.54158020019531,24796600
2013-10-21,38.520294189453125,38.931970880644144,38.25057329738316,38.520294189453125,19471700
2013-10-22,38.79001868814488,38.81131151846615,38.05893325805664,38.05893325805664,24820900
2013-10-23,37.83889330743058,37.87438225411695,37.42011723821206,37.441410064697266,21034400
2013-10-24,37.50528821644443,37.540777160258635,36.98714205538494,37.24976348876953,17759000
2013-10-25,37.02263615326536,37.55497850748657,36.95875496245349,37.45560836791992,20889600
2013-10-28,37.54077116822608,37.682729628457224,37.26395365997318,37.39171600341797,14836800
2013-10-29,37.498192358340326,37.61175860569256,37.086513019417914,37.42721176147461,23363100
2013-10-30,37.618866550427185,37.789217326165314,37.26397158297032,37.3349494934082,16157200
2013-10-31,37.37042458993656,37.41301023426757,36.582557678222656,36.582557678222656,23738000
2013-11-01,36.518696706873264,37.41303093180849,36.41222712187987,37.27107238769531,25794400
2013-11-04,37.4342997906664,37.44849319809021,36.90905436412648,36.93744659423828,18891300
2013-11-05,36.80259652014209,37.001339486287065,36.667737445813636,36.87357711791992,14532200
2013-11-06,37.09361539802072,37.15039988419735,36.78840826153796,36.98004913330078,14013000
2013-11-07,37.00134716306782,37.150402387876774,36.610963271010945,36.660648345947266,17348900
2013-11-08,36.78840824572166,38.307358051060305,36.76711270959792,38.30025863647461,31183100
2013-11-11,38.26475719232741,38.43510788752823,38.115702026296965,38.39961624145508,12062800
2013-11-12,38.278965545204734,38.38543510219259,38.04473360288478,38.30735778808594,15964800
2013-11-13,37.987932691333086,38.470589746679885,37.725311346040016,38.428001403808594,22121900
2013-11-14,38.51318363618863,38.683534336551936,38.11570318139511,38.61255645751953,17634000
2013-11-15,38.52029040668202,39.01004436387477,38.4635059265033,38.946163177490234,20530100
2013-11-18,39.38621992516197,39.748211373094556,39.25135818940447,39.56366729736328,22318800
2013-11-19,39.72693580109275,40.20249366537764,39.59207400678918,39.854698181152344,22979900
2013-11-20,40.05343433161921,40.0605310374989,39.58497322220512,39.8192024230957,17682800
2013-11-21,39.94695847723236,40.741924791776,39.94695847723236,40.61416244506836,22843600
2013-11-22,40.63546399492684,40.82710755615076,40.50060491449508,40.78451919555664,16730600
2013-11-25,40.81290683761804,41.267171802241585,40.7490256577408,40.919376373291016,18649600
2013-11-26,40.90518346926409,41.139412675465884,40.578678131103516,40.578678131103516,16263300
2013-11-27,40.8696904608995,41.04713787823727,40.69224304356173,40.798709869384766,11238900
2013-11-29,40.86968713848364,41.06132795091261,40.59996632791946,40.61416244506836,7128800
2013-12-02,40.52899879074967,40.9903632699146,40.38704298882202,40.443824768066406,12465300
2013-12-03,40.37993540257851,40.614167302098366,39.84759313017827,40.358642578125,20426800
2013-12-04,40.06054539476917,40.79163091350456,39.89729402469961,40.59288787841797,20287200
2013-12-05,40.25218453137426,40.27348006953982,39.57078687801539,39.6204719543457,21324900
2013-12-06,40.15279347067122,40.28765250654028,39.478492876061566,39.790802001953125,18661200
2013-12-09,39.94696292943994,40.12441035212954,39.81210386294365,40.11021423339844,12714000
2013-12-10,40.09602004349785,40.50769664817249,39.99664721431029,40.24507522583008,14543700
2013-12-11,40.1315146594387,40.29476598330606,39.71983528892988,39.79791259765625,17836100
2013-12-12,39.78371486783796,40.17409868804464,39.6843447362544,39.96826171875,15325300
2013-12-13,40.010835861300826,40.145697607626886,39.77660671960817,39.86887741088867,11461300
2013-12-16,39.98954773603951,40.41542042963968,39.982451031120284,40.046329498291016,26379200
2013-12-17,40.2166933762576,40.2166933762576,39.50690351595822,39.54949188232422,18338500
2013-12-18,39.63465043406404,40.64964975464732,39.322343992204715,40.62835693359375,27685900
2013-12-19,40.528995795533845,40.84130503501414,40.330255521415964,40.62126922607422,16790000
2013-12-20,40.60706637228262,41.167800861434,40.599969666940765,40.954864501953125,22001700
2013-12-23,41.14650649577348,41.444616846348204,41.02584084842232,41.33815002441406,13990600
2013-12-24,41.21749822476623,41.37365286522485,41.19620539475224,41.34526062011719,4532600
2013-12-26,41.41622787769553,41.49430517785222,41.11101809033732,41.30976104736328,6677000
2013-12-27,41.2884704088507,41.41623278649853,41.210395807073155,41.26717758178711,8943700
2013-12-30,41.26717949442779,41.35945292870193,40.961969656749204,41.132320404052734,8815800
2013-12-31,41.30976270284745,41.558188024544485,41.20329316061561,41.50850296020508,11017400
2014-01-02,41.65853820099593,41.79427932365895,41.41563116941738,41.587093353271484,15627600
2014-01-03,41.64424928585376,42.11577438008195,41.587093407599546,41.90858840942383,14214100
2014-01-06,42.265821222463025,42.48729625045543,42.0300599445877,42.151512145996094,17550700
2014-01-07,42.358676063897114,42.458696112871486,41.51564604348181,41.66567611694336,17851200
2014-01-08,41.82285546418736,42.087194576044396,41.65139056236471,42.058616638183594,14687400
2014-01-09,42.13720599790376,42.15149496730663,41.672826756350645,41.98003005981445,13242500
2014-01-10,41.91573517915628,41.98003418511661,41.56566493308309,41.787139892578125,12694900
2014-01-13,41.80142079832408,41.91572982483587,41.101277670271564,41.22273254394531,20711600
2014-01-14,41.65138865148991,41.851431481995846,41.122710452030454,41.25130844116211,30272400
2014-01-15,41.24416208659204,42.615873045328435,41.24416208659204,42.501564025878906,35186600
2014-01-16,42.00146879191958,42.73733307003914,41.96574772775365,42.14435577392578,21689400
2014-01-17,42.30151818557254,42.315807152653974,41.45848820516059,41.51564407348633,20997900
2014-01-21,41.50136049095821,41.7514106339713,41.13700132180455,41.55851364135742,19548300
2014-01-22,41.67282693437178,41.67282693437178,41.02269108780408,41.14414596557617,15433500
2014-01-23,40.786929847925464,40.79407296997629,40.15822881910459,40.3439826965332,26234600
2014-01-24,40.00820357257581,40.265399603025756,39.358070373535156,39.358070373535156,26833100
2014-01-27,39.350927250619364,39.86531658617666,39.07229640073687,39.358070373535156,23935000
2014-01-28,39.57238068298756,40.25109150180722,39.46521753812632,39.82243347167969,18041000
2014-01-29,39.26518680123104,39.915319890622285,39.18659883569878,39.67241287231445,25459000
2014-01-30,40.0582116330926,40.28682970991732,39.74386245879421,40.008201599121094,17031100
2014-01-31,39.650965298934175,40.08676913737342,39.4223473386613,39.55094528198242,18174000
2014-02-03,39.65096946760215,39.951029550003945,38.72220856568154,38.80079650878906,28549900
2014-02-04,39.09371853994717,39.543808721903225,39.00798474071027,39.25803756713867,20709300
2014-02-05,39.36521390028994,39.61526681038933,38.99371154732062,39.44380187988281,19491600
2014-02-06,39.54382600627641,40.40114529598269,39.43666279840244,40.35113525390625,20881600
2014-02-07,40.47257235514408,40.67261243544784,40.19394159642452,40.45113754272461,23388500
2014-02-10,40.558308768366146,40.66547194320493,40.28682381982553,40.5368766784668,14715200
2014-02-11,40.44400441747482,41.12985862688255,40.42257232510032,41.02983856201172,18774100
2014-02-12,40.9655410893869,41.229880231466076,40.83694307965272,41.094139099121094,13437900
2014-02-13,40.77263814379973,41.50850230608105,40.69405017980036,41.458492279052734,16605500
2014-02-14,41.35846613309395,41.60137311088479,41.258446093769784,41.544219970703125,13067300
2014-02-18,41.45135589196945,41.901448933691775,41.365624792469845,41.787139892578125,14983800
2014-02-19,41.69426327909693,41.82286129204804,40.87981101396825,40.90838623046875,18669900
2014-02-20,41.10126963006594,41.41562143548669,40.915518520324106,41.136993408203125,12457000
2014-02-21,41.1441392250157,41.322747226040185,40.98696331200476,41.15842819213867,16790100
2014-02-24,41.16557523845455,41.60137923856596,41.13700002682556,41.458492279052734,16151400
2014-02-25,41.36562613194286,41.42277929167912,40.66548016643982,40.74406814575195,17991800
2014-02-26,40.986964888227355,40.994110734734555,40.165369687123956,40.54401779174805,23661700
2014-02-27,40.565451032254906,40.64403899401375,40.10821495512201,40.50115203857422,16277500
2014-02-28,40.41542046211665,41.044121423171156,40.28682247632501,40.59402847290039,18599000
2014-03-03,40.22251736690713,40.308248435950695,39.78671345081153,40.15821838378906,19151000
2014-03-04,40.68691399454159,40.979831085076334,40.46543903327189,40.90838623046875,17157000
2014-03-05,41.06556223225609,41.64425329119831,40.97983113197142,41.55137634277344,17761500
2014-03-06,41.801416826763855,42.215788711838414,41.7228315928439,42.080047607421875,19420600
2014-03-07,42.401547330122455,42.723042345100225,42.2015071987329,42.43727111816406,18602200
2014-03-10,42.25151709238227,42.49442413341607,42.05862008403111,42.29438400268555,16945200
2014-03-11,42.45155466552134,42.47298948205278,41.529939314936016,41.57280349731445,19420000
2014-03-12,41.22273629297178,41.40848745594339,41.0226934343765,41.37990951538086,17932100
2014-03-13,41.43705403849031,41.67996101600547,40.85836316476081,41.022682189941406,17192500
2014-03-14,40.801232704176556,41.10129298859826,40.45115964700805,40.57975769042969,18635800
2014-03-17,40.87265162176447,41.22272447998077,40.75834261761373,41.136993408203125,13581400
2014-03-18,41.30846596556257,41.5513730012871,41.16557899301714,41.47993087768555,12554800
2014-03-19,41.42992546203248,42.10149076487376,41.358480605128534,41.651397705078125,21450700
2014-03-20,41.69425901655332,43.216000197340406,41.52993995576857,42.944515228271484,33736500
2014-03-21,43.55176757258907,43.723232426174995,42.86591360892815,42.98736572265625,35144100
2014-03-24,43.13026427372631,43.716098366286886,43.1159753049636,43.630367279052734,25810500
2014-03-25,43.65894390641122,43.92328300723349,43.26600681592578,43.53034591674805,24053500
2014-03-26,43.75182619230775,43.86613522762628,42.787341151799225,42.79448699951172,22745200
2014-03-27,42.823062010786174,43.25886605753606,42.165785742164445,42.808773040771484,24632600
2014-03-28,43.01594904668281,43.287433963345855,42.63730096776401,42.89449691772461,14708700
2014-03-31,43.458906575487774,43.59464769531462,43.29458479182604,43.373172760009766,15216700
2014-04-01,43.54463588401752,43.78754290058235,43.13026396885429,43.3445930480957,14584400
2014-04-02,43.40211024445321,43.6896853750033,43.279892596607226,43.48119354248047,14012200
2014-04-03,43.60341137411419,43.71124998485252,43.33740343408331,43.610599517822266,11925200
2014-04-04,43.86943036385057,43.89818843276327,42.99232845965616,42.99951934814453,16966900
2014-04-07,42.91323957603693,43.136110467425844,42.30214577475641,42.41717529296875,18685700
2014-04-08,42.27337234532626,42.43153890382764,41.87795869159186,42.30931854248047,16956500
2014-04-09,42.4890543519047,42.74068322934716,42.057694479887886,42.61127471923828,15308400
2014-04-10,42.66878959614137,42.69754765329673,41.252489562730915,41.266868591308594,29977200
2014-04-11,39.67083915136083,40.296311922252045,39.217909269154205,39.757110595703125,47241300
2014-04-14,40.15252810076586,40.21723237569137,39.16758768691766,39.51267623901367,31081500
2014-04-15,39.60613972093999,40.00155352687746,39.07412647370987,39.397647857666016,26691400
2014-04-16,39.54142588086477,39.7930520394625,39.318555038592905,39.72834777832031,27049400
2014-04-17,39.78586020164036,39.95121491086741,39.548610351975995,39.699588775634766,17955400
2014-04-21,39.72835064716634,39.83619200436386,39.534240592242206,39.56299591064453,12384800
2014-04-22,39.57017622518193,40.31786915427412,39.498281092085236,40.123756408691406,16257600
2014-04-23,40.11657285828489,40.34663184121618,39.94402999234613,40.29630661010742,11379000
2014-04-24,40.31068977034783,40.44728644842423,39.97998029130831,40.3969612121582,15360600
2014-04-25,40.483236210782955,40.51199153028502,40.00154827073682,40.04468536376953,15937700
2014-04-28,39.99436156827288,40.04468680736537,39.3113726544921,39.89371109008789,21394100
2014-04-29,40.0662397406149,40.48322327917425,39.95121027179143,40.332244873046875,13453400
2014-04-30,40.43291543441899,40.5119959999242,40.05906881444871,40.24599075317383,14388100
2014-05-01,40.202843949285864,40.39695672870538,39.900892565201744,40.059059143066406,12744600
2014-05-02,40.138153600107835,40.526376524447315,39.857766567918006,39.95841979980469,15153800
2014-05-05,38.736236620036806,39.354521446977316,38.606828040327365,38.980674743652344,25232300
2014-05-06,38.85125084262822,38.86562987276107,38.33361672792378,38.34799575805664,25327400
2014-05-07,38.49897663974719,38.908769454842385,38.27610849900556,38.85844421386719,18502600
2014-05-08,38.9662731654619,39.20352026266556,38.86562271558646,39.081302642822266,16090800
2014-05-09,38.980659843448244,39.045364108570006,38.59243425271763,38.829681396484375,12366500
2014-05-12,39.01660266943474,39.32574493796736,38.8440570632112,39.289798736572266,12825500
2014-05-13,39.354512262312106,39.419216537065964,39.18196661546182,39.26823806762695,12310700
2014-05-14,39.28260354257314,39.32574062502793,39.038165560367474,39.081302642822266,10325800
2014-05-15,38.966281803126606,38.966281803126606,38.35518534089101,38.47021484375,19763000
2014-05-16,38.40550418677981,38.47020844277947,38.08198564930071,38.32642364501953,19992400
2014-05-19,38.16107412858174,38.75778879957221,38.14669509834443,38.70027542114258,12068900
2014-05-20,38.621192932128906,38.851251935688005,38.39832207257868,38.621192932128906,16888200
2014-05-21,38.858450081016144,39.253863923746785,38.808124832442445,38.908775329589844,13210200
2014-05-22,38.94470707323251,39.253849338185944,38.83686847029578,39.21790313720703,11800900
2014-05-23,39.21790838873103,39.24666645037278,38.93752414402325,39.203529357910156,10876500
2014-05-27,39.36168280452893,39.85055871903691,39.31854572647748,39.642066955566406,14503700
2014-05-28,39.60613501101571,39.97279070755025,39.54143074191905,39.864952087402344,11374900
2014-05-29,40.08062631549545,40.202843949285864,39.82180927626942,40.059059143066406,11741000
2014-05-30,39.95840853716378,40.174088488232165,39.764295758446416,39.95121765136719,11991900
2014-06-02,40.0087353755958,40.0087353755958,39.55580554038557,39.793052673339844,9440000
2014-06-03,39.606130296814435,40.01592303814358,39.606130296814435,39.97278594970703,9131500
2014-06-04,39.91527065260755,40.06624634108764,39.72115787776772,40.03030014038086,9727800
2014-06-05,40.19566837202883,40.7348697914761,39.89371689354807,40.71330261230469,16803400
2014-06-06,40.806762301617944,41.072770310377706,40.727681730318814,40.957740783691406,15399800
2014-06-09,40.91457542051031,41.46096460921535,40.907387279910324,41.28123092651367,11999700
2014-06-10,41.31719667922564,41.65509427536619,41.2596805609348,41.626338958740234,11609200
2014-06-11,41.32438803145507,41.54725889335806,40.96492049178425,41.17341232299805,14232200
2014-06-12,41.02961618149586,41.2812423096558,40.88582864718199,41.00804901123047,11670200
2014-06-13,41.000858126129266,41.460976041918364,40.89301953228319,41.00804901123047,12040800
2014-06-16,40.87145471075992,40.943349858132216,40.49761091450176,40.885833740234375,11199100
2014-06-17,40.82830402071865,41.40345125686036,40.74922076152697,41.28123092651367,11200500
2014-06-18,41.1877966960164,41.561643314866785,40.94335862763422,41.54007339477539,13729400
2014-06-19,41.475372552447546,41.475372552447546,41.13028397014276,41.19498825073242,11624400
2014-06-20,41.47535672358834,41.532872836615205,41.2309187282626,41.37470626831055,17124800
2014-06-23,41.367532626371684,41.856408788393274,41.15185261195514,41.8348388671875,16007700
2014-06-24,41.61194298699871,41.78448578658205,41.194959526722,41.28123092651367,12322900
2014-06-25,41.13747196733277,41.51131859085422,40.88584300826945,41.3603401184082,14836600
2014-06-26,41.22374693211579,41.33158831554459,40.69173364573146,41.25969314575195,11854400
2014-06-27,41.21655527610924,41.482560525386404,41.151851000066685,41.3603401184082,10178600
2014-06-30,41.29563265662853,41.54007070920777,41.252498304274454,41.42504119873047,11549000
2014-07-01,41.374358824816696,41.98248597789008,41.32368179220151,41.67842102050781,14472200
2014-07-02,41.461236767365605,41.61326787776645,41.135453843869946,41.244049072265625,19189900
2014-07-03,41.432276973354575,41.73634195072357,41.26576631786091,41.301963806152344,12599800
2014-07-07,41.186135380742876,41.258533128147434,40.83139608438143,41.02686309814453,13916100
2014-07-08,40.795186568378014,40.88206384554032,40.27393671385944,40.36804962158203,18343400
2014-07-09,40.45493558941336,40.62868465768124,40.25946581634326,40.55628967285156,10914300
2014-07-10,39.86130129100183,40.40427214502643,39.78890352011634,40.22328186035156,12436600
2014-07-11,40.02781092126562,40.4766660416478,39.955413152370106,40.397029876708984,10230000
2014-07-14,40.92549997807276,41.1499288029407,40.686594368611715,40.75175094604492,14004400
2014-07-15,41.953528689020025,42.48925813162123,41.81597437026981,42.18519592285156,36178000
2014-07-16,42.35894188758298,42.699204320773475,42.21415194823398,42.50373458862305,20507500
2014-07-17,42.39515904767718,42.61234680503889,41.815988012456394,41.88838577270508,17013500
2014-07-18,42.228636295504714,42.3372287623624,41.91733291946819,42.1562385559082,12803300
2014-07-21,42.07661298608472,42.286562341083076,41.91734344237224,42.163490295410156,9141400
2014-07-22,42.293783230006994,42.56888907228311,42.25758574695009,42.47477340698242,10375200
2014-07-23,42.53993608675018,42.85123945676334,42.366187038463174,42.713687896728516,11122100
2014-07-24,42.764366495459306,42.967074646432636,42.70645106447754,42.836761474609375,9844100
2014-07-25,42.655763987948255,42.90915189512824,42.597848566846885,42.72092056274414,10500600
2014-07-28,42.67025944862962,42.90192674282335,42.474789651336415,42.85124969482422,12382800
2014-07-29,42.80779061155464,42.80779061155464,42.30825603520389,42.45304870605469,13498800
2014-07-30,42.72816517968309,42.91639376563271,42.43134137304137,42.648529052734375,11815700
2014-07-31,42.46030809024948,42.48202603361074,41.74358558071951,41.750823974609375,15955900
2014-08-01,41.54810544745337,41.620503176761616,40.52008254649527,40.88930130004883,23915400
2014-08-04,41.20061494194351,41.25129198429528,40.78795744754105,41.012386322021484,13543900
2014-08-05,40.85311178626562,40.97618380756324,40.25222294338939,40.58524703979492,16863300
2014-08-06,40.46216622071432,41.04133427331559,40.41873034282618,40.70831298828125,12190600
2014-08-07,40.997910651442915,41.04134654231589,40.31014717513736,40.47665786743164,11743800
2014-08-08,40.46215436712961,40.80241670659121,40.28116423110796,40.78793716430664,12213200
2014-08-11,40.93274409122445,40.96170318588633,40.66487660813898,40.77347183227539,9066800
2014-08-12,40.70832199651149,40.939989268817,40.63592700955042,40.795196533203125,11289600
2014-08-13,41.04132861876367,41.14992382190435,40.91101547967116,41.06304931640625,7012600
2014-08-14,41.09925444962576,41.2657651002061,41.04857741517485,41.251285552978516,8275900
2014-08-15,41.43951216490482,41.627740733949096,40.82414390573623,41.08477020263672,12727400
2014-08-18,41.16440536742262,41.57706274071114,41.09200764124603,41.43227005004883,8881400
2014-08-19,41.70014469018639,41.78702198234359,41.51191608056218,41.67118835449219,9040500
2014-08-20,41.56983081711759,41.88113420456935,41.548112875287956,41.729103088378906,8121400
2014-08-21,41.74357274672888,42.547169544331084,41.700134111669826,42.35169982910156,12745500
2014-08-22,42.30826310336037,42.77160027982766,42.22862974469459,42.34446334838867,10228600
2014-08-25,42.6992049245736,43.314573222272905,42.612330407397515,42.95983123779297,13996800
2014-08-26,43.12634919561843,43.40145510198407,42.996036016902686,43.24942398071289,10281100
2014-08-27,43.32906344756744,43.401461202414275,43.097396155441515,43.14083480834961,11410900
2014-08-28,42.89467012121594,42.98154462920067,42.576128417478046,42.82951354980469,9096100
2014-08-29,42.95982692642232,43.18425573176931,42.88019080963175,43.03946304321289,8897900
2014-09-02,43.0467031970005,43.227693374682154,42.82227714415744,43.198734283447266,8671100
2014-09-03,43.45211854203258,43.70550366484247,43.046699583846035,43.22045135498047,11791800
2014-09-04,43.169780041508375,43.538998806689634,43.02498734002297,43.22769546508789,9811900
2014-09-05,43.16253684536594,43.37248611450195,42.87295421778716,43.37248611450195,9600900
2014-09-08,43.32182328736848,43.5969292211907,43.24942829716404,43.3580207824707,8090000
2014-09-09,43.169775586648115,43.205973067861336,42.554407359260196,42.757118225097656,14868700
2014-09-10,42.82228591246791,43.11910975417599,42.655772484617394,42.872962951660156,9153800
2014-09-11,42.84400110694601,43.32181513275357,42.6919699991189,43.26389694213867,11467000
2014-09-12,43.29285519249554,43.73447172139538,43.256657704913366,43.45936584472656,14359100
2014-09-15,43.27836958497728,43.430403430239586,43.03946399103518,43.394203186035156,10685600
2014-09-16,43.22769378421219,43.58243575097301,43.162537209161876,43.43040466308594,10947900
2014-09-17,43.40143734781535,43.864771677406196,43.30732169908895,43.66206359863281,15091800
2014-09-18,43.8285914382309,44.45119822411981,43.8285914382309,44.393280029296875,16973700
2014-09-19,44.69734520457724,44.77697858023476,44.14713339836089,44.241249084472656,18739300
2014-09-22,44.11816492865145,44.48738643943631,44.016810870535124,44.0964469909668,13225200
2014-09-23,44.03130478051848,44.4512034573447,43.99510728533839,44.11817932128906,14328800
2014-09-24,44.29190444189179,44.624925615333936,44.17607087018625,44.6176872253418,13728200
2014-09-25,44.5163532097774,44.52359160302391,43.54624557495117,43.54624557495117,16340100
2014-09-26,43.67656031631966,44.074738239779286,43.66931916112153,43.84307098388672,11948900
2014-09-29,43.45936139222367,43.799623816356316,43.242173727290684,43.676551818847656,10686500
2014-09-30,43.727222749409776,43.97336947178484,43.53175304972746,43.61138916015625,14384800
2014-10-01,43.611399696426204,43.727233313664485,43.24217814281644,43.27113723754883,18995800
2014-10-02,43.11078660781536,43.35859174131867,42.717213258081145,42.88484573364258,24559100
2014-10-03,43.183668265444474,44.01454346317253,43.03790005279278,43.94894790649414,18321100
2014-10-06,44.29879790790804,44.31337500982204,43.7303048347516,43.86149597167969,11578000
2014-10-07,43.67200465106234,43.67200465106234,43.13995284235015,43.19826126098633,14542000
2014-10-08,43.26385031049329,44.04370722008159,43.13265916866553,44.02184295654297,15834100
2014-10-09,43.970836041029955,43.970836041029955,42.921306630653504,43.05978775024414,19189500
2014-10-10,43.023340670355275,43.599123818271345,42.64434427351046,42.651634216308594,16689400
2014-10-13,42.63704158944845,43.110787608116894,42.3527950903664,42.38923645019531,17169300
2014-10-14,41.31784677905944,42.651622349575895,40.8586806012764,42.26533889770508,29096800
2014-10-15,41.55837124422252,41.82075354680105,39.54677544465259,40.4724006652832,37866900
2014-10-16,39.903906407776994,40.800377396178945,39.56135143567693,40.14442443847656,31965100
2014-10-17,40.61817267822307,41.38345261135146,40.50155861965397,40.96072769165039,20183500
2014-10-20,40.88784541620632,41.3615916307039,40.8659811473306,41.274131774902344,10807600
2014-10-21,41.71142355923611,42.27991665235466,41.60209946148916,42.22161102294922,14020400
2014-10-22,42.30178759627963,42.46213017715135,41.86448282407923,41.87177276611328,13750700
2014-10-23,42.360096637555145,42.70993881526996,42.22890547337478,42.316368103027344,12641900
2014-10-24,42.272631872827326,42.84112499797338,42.272631872827326,42.811973571777344,13758000
2014-10-27,42.60061545156797,42.84842067936627,42.454847179869226,42.73909378051758,11087100
2014-10-28,42.90672114403689,43.50436848363896,42.8629926140112,43.46063995361328,13625000
2014-10-29,43.453348653056516,43.56996269664241,42.8265471261705,43.212833404541016,16712100
2014-10-30,42.95773535167432,43.497077004270935,42.943158249680046,43.28571319580078,14709800
2014-10-31,43.817764516588916,44.12387809514372,43.63555491373182,44.08014678955078,18347600
2014-11-03,44.30608945723115,44.568471740611244,43.99268870544915,44.37168502807617,11841200
2014-11-04,43.90522275815493,43.99996974039654,43.30757276239009,43.91250991821289,15295800
2014-11-05,44.31337868173207,44.626779448107406,44.01455501847862,44.56847381591797,14063800
2014-11-06,44.51745355036633,44.68508605906258,44.18947569409192,44.62677764892578,10421600
2014-11-07,44.510160308870965,44.86000240285962,44.35710491405677,44.80169677734375,12384600
2014-11-10,44.64134877728266,45.136959075927734,44.60490741597298,45.136959075927734,10801000
2014-11-11,44.976614510201486,45.10780563737243,44.67050373366776,44.72880935668945,12539800
2014-11-12,44.036418531840475,44.34253213158225,43.89794022499186,44.138458251953125,17219600
2014-11-13,44.094724482015344,44.18947425525351,43.723018110539364,43.8979377746582,12240400
2014-11-14,43.912511501679525,44.182180918310216,43.86149303854123,43.93437576293945,6803400
2014-11-17,43.73031139566553,44.11659492329845,43.65013871325908,44.00727081298828,9017600
2014-11-18,43.985405061451196,44.32796006716289,43.87608094792294,44.11659622192383,8897800
2014-11-19,44.058286066139424,44.306091257143365,43.8396350812061,44.16761016845703,9210100
2014-11-20,43.876084148692435,43.91252552252693,43.548106223584796,43.81777572631836,10917300
2014-11-21,44.51015996519996,44.51015996519996,43.94895407491661,44.05828094482422,12340500
2014-11-24,44.240480702299514,44.68507246327896,44.240480702299514,44.42997741699219,8335000
2014-11-25,44.575749274688256,44.575749274688256,43.693855619576716,43.94894790649414,14802600
2014-11-26,44.145739944220416,44.145739944220416,43.876070525218914,43.97810745239258,7626600
2014-11-28,44.02184246066033,44.13845649871607,43.75217023866433,43.846920013427734,6759600
2014-12-01,43.7157390564195,43.88337160140509,43.40233823483383,43.730316162109375,12771600
2014-12-02,43.737581325391545,44.59761066642043,43.73029416636126,44.51744079589844,12546600
2014-12-03,44.429990722695294,44.91102398283144,44.32066662465863,44.852718353271484,12115500
2014-12-04,44.53203400397689,44.87458900995004,44.34253720553757,44.73611068725586,11515200
2014-12-05,45.195258098508525,45.960540475752794,45.10051112899793,45.698158264160156,20071100
2014-12-08,45.625285394966866,46.033435923733066,45.37748021326917,45.67630386352539,15528200
2014-12-09,45.078648409321275,45.80748672009638,44.8672874122226,45.515953063964844,19676400
2014-12-10,45.30460621492405,45.36291463611618,43.99998448388497,44.22592544555664,29620600
2014-12-11,44.583052010573205,45.23172064448965,44.539323477708045,44.561187744140625,16886200
2014-12-12,44.11658588075182,44.61948613811378,43.70114823006884,43.759456634521484,17405400
2014-12-15,44.269650075804336,44.32066854649331,42.84841449731595,43.11808395385742,19209900
2014-12-16,42.57875055370892,43.628279938698896,42.35281236245032,42.58604049682617,20709700
2014-12-17,42.688065022110266,43.60640296644454,42.52043252313131,43.56267166137695,17856400
2014-12-18,44.19675097928851,44.80897521972656,44.0509827734133,44.80897521972656,18173400
2014-12-19,44.75067564150935,45.44306984728623,44.72880860048542,45.136959075927734,22756400
2014-12-22,45.304601954698576,45.42850594793124,44.903741327742615,45.144256591796875,17073400
2014-12-23,45.22442956705652,45.89496245057581,45.13696972322298,45.5378303527832,13552600
2014-12-24,45.727329924770565,45.82207693046594,45.38477493099993,45.5378303527832,7412500
2014-12-26,45.6763117784955,45.83665715334929,45.48681497391253,45.58885192871094,6086500
2014-12-29,45.494087611402236,46.164620326466014,45.370186428790156,45.88766098022461,10601200
2014-12-30,45.7127489902903,46.12089674751199,45.6034221094356,46.02614974975586,7518100
2014-12-31,46.13547963860325,46.2739607424332,45.6107177734375,45.6107177734375,18529400
2015-01-02,45.61070607102418,46.18285619781191,45.53001765864473,45.83810043334961,12600000
2015-01-05,45.522669804866766,45.684043782467775,44.180314547793614,44.415042877197266,20100600
2015-01-06,44.48108260034627,44.561771028518834,42.80130488095815,43.263427734375,29074100
2015-01-07,43.93093300619777,43.93093300619777,43.03602914177308,43.32944107055664,23843200
2015-01-08,43.98961137433337,44.67179165063743,43.98961137433337,44.297691345214844,16971100
2015-01-09,44.53976447547423,44.59111114639232,43.49082054411823,43.527496337890625,15396200
2015-01-12,43.48348153207478,43.571506790547296,42.74262046145759,43.15339660644531,15455200
2015-01-13,43.46880844905388,43.79156211736869,42.81596987186572,43.160728454589844,21644700
2015-01-14,43.160731840813774,43.160731840813774,40.542040489683345,41.67167282104492,49602300
2015-01-15,40.87946312591931,41.524967728651674,39.977225168898684,40.33665466308594,42458100
2015-01-16,40.09458911822678,41.07751549375469,40.07991824119697,41.02616882324219,29368900
2015-01-20,41.10686865509924,41.36360207890606,40.652079735520786,40.864803314208984,23477700
2015-01-21,40.67407149416858,41.385590760141426,40.48335291288512,40.996822357177734,21842400
2015-01-22,41.356253188873595,42.34651352308134,41.04817039273518,42.24382019042969,31423500
2015-01-23,42.339177930348995,42.44920529778756,41.56163832880642,41.57630920410156,15458300
2015-01-26,41.37825240799367,41.80369935405638,41.22421243021913,41.6423225402832,12577700
2015-01-27,41.11419010042333,41.52496625084942,40.90146658690713,41.224220275878906,15220500
2015-01-28,41.53229330785968,41.57630593027945,40.16059875488281,40.16059875488281,24354400
2015-01-29,40.54203629261117,40.996822234164775,40.10925526491526,40.835445404052734,20393300
2015-01-30,40.336654070116275,40.710751637748835,39.88186528037171,39.88920211791992,26943700
2015-02-02,39.99921892026564,40.820771021030446,39.808503167199156,40.68873596191406,20308900
2015-02-03,41.01150150541817,41.649669321588455,40.9821597488121,41.60565948486328,18812500
2015-02-04,41.31224956993309,41.862394941831894,41.28290781186764,41.35626220703125,14934100
2015-02-05,41.708340073355586,41.84037513950035,41.414928193437646,41.6423225402832,11293900
2015-02-06,42.36119290770739,43.08004917884398,42.20715287778898,42.46388626098633,25214000
2015-02-09,42.11912845066027,42.61792714647209,41.97975929672441,42.412540435791016,14372400
2015-02-10,42.85265439746914,43.06537794073431,42.58125013775591,42.881996154785156,16367300
2015-02-11,42.588591172459275,43.02870638282848,42.42721428950457,42.815982818603516,13061900
2015-02-12,43.2267520593856,43.798902299750154,42.94801097897403,43.69620895385742,23211300
2015-02-13,43.61551034061775,44.172992371260904,43.52748789300474,43.76955032348633,16479100
2015-02-17,43.54215642325815,44.114306499216404,43.512814676239,44.084964752197266,15308800
2015-02-18,44.084966191077285,44.084966191077285,43.36611015474372,43.54949188232422,14278100
2015-02-19,43.388115722363366,43.630178135761646,43.131379637518144,43.44679641723633,11256500
2015-02-20,43.24874362768034,43.93092384132971,42.80129178881539,43.864906311035156,15379000
2015-02-23,43.644862184336205,43.66686710178344,43.1313926578249,43.53483200073242,16814000
2015-02-24,44.19501456007609,44.92854177269146,44.070316277059916,44.61312484741211,22937700
2015-02-25,44.56910590002444,44.943206292499916,44.56177186013725,44.84784698486328,18307900
2015-02-26,44.76716252167257,45.25862718317515,44.679140044307964,45.17060470581055,15444800
2015-02-27,44.840511251997036,45.41999551945754,44.840511251997036,44.950538635253906,15225900
2015-03-02,44.95053376432012,45.35397585376205,44.767152013913226,45.30996322631836,13047300
2015-03-03,45.22194802880866,45.471347361323886,45.11191784162869,45.4566764831543,13706900
2015-03-04,45.21460994940038,45.60337841657839,45.00188641905687,45.574039459228516,16625500
2015-03-05,45.62539711587588,45.64740203873155,45.18527907147091,45.47869110107422,10931300
2015-03-06,45.59603886777614,46.116842373747325,44.59844168563311,44.664459228515625,22719200
2015-03-09,44.627787825699265,45.20727489262628,44.598446070825645,45.111915588378906,13001500
2015-03-10,44.56909793909629,44.75247968354287,43.982276916503906,43.982276916503906,16357700
2015-03-11,44.10697942872295,44.48841380567444,43.98227838328523,44.18766784667969,13015600
2015-03-12,44.488406885340204,45.07522783622056,44.488406885340204,45.016544342041016,18159600
2015-03-13,45.03856346868675,45.37598525120621,44.32704131139612,44.74515151977539,16506200
2015-03-16,45.11189999929689,45.41997992445703,44.92851829198267,45.36863327026367,15182900
2015-03-17,44.994543820642726,45.229272223895805,44.686461042508505,45.192596435546875,11718300
2015-03-18,45.031217942504504,45.5153456060706,44.81116042237141,45.2952880859375,15697900
2015-03-19,45.16326905456226,45.221952573137685,44.569111020814816,44.89186477661133,11523800
2015-03-20,44.979871281079554,45.552021393062255,44.8551730456713,45.2952880859375,18368300
2015-03-23,45.29529896894609,45.53736425798127,44.83317610690504,44.84784698486328,15112900
2015-03-24,44.72313362189994,44.92118621020198,44.341699318301515,44.34903335571289,12128700
2015-03-25,44.40039520530914,44.48108363535922,43.71088072719879,43.72555160522461,14950900
2015-03-26,43.615533695500275,43.85759905378416,43.18275246556804,43.674217224121094,14039600
2015-03-27,43.63751636107161,43.850237034715775,43.27808695011587,43.68152618408203,11755800
2015-03-30,44.65712815871309,45.08257239809958,44.459075516897705,44.7158088684082,20656500
2015-03-31,44.539762275973885,44.70113632024006,44.31970192783931,44.437068939208984,17346700
2015-04-01,44.60690315367035,44.7250474628268,44.10478913555979,44.26723861694336,18100600
2015-04-02,44.35585145025305,44.82104595554331,44.30416348486334,44.688133239746094,12697800
2015-04-06,44.24508705908729,44.857962633126434,44.04572081504215,44.65121078491211,12025200
2015-04-07,45.15331622723467,45.411755988259884,44.931793212890625,44.931793212890625,11505500
2015-04-08,45.086876267066344,45.456077669400315,44.99826590242232,45.079490661621094,11734000
2015-04-09,45.241929202071915,45.47083503001696,44.91703306089595,45.389610290527344,11728500
2015-04-10,45.300998014825616,45.618511355585674,45.190239315795914,45.55944061279297,9869700
2015-04-13,45.515132098829405,45.98032648756401,45.411756193951085,45.832645416259766,15468700
2015-04-14,46.48982704416177,46.969789861124454,46.327380387489264,46.54890060424805,33775400
2015-04-15,46.57842994628025,47.612194548451406,46.52673918106795,47.41282272338867,28732200
2015-04-16,47.31683882281981,47.457131482623915,47.0067082735468,47.117469787597656,16640500
2015-04-17,46.70396720015973,46.814728723394865,46.14278243049865,46.401222229003906,20221200
2015-04-20,46.681806776836304,46.90332696265168,46.62273322500181,46.69657516479492,12755300
2015-04-21,46.7630396380609,46.96240586823313,45.876955923856364,46.00986862182617,14985100
2015-04-22,46.26092109485949,46.63012237154063,45.8031094836917,46.47505569458008,14484700
2015-04-23,46.36429079882262,46.67441847768905,46.22399252971291,46.371673583984375,12851300
2015-04-24,46.24614919907313,46.40121304749346,46.03201179880773,46.223995208740234,9597500
2015-04-27,46.29784980595802,46.63013158397439,46.009873203938085,46.03202438354492,11146400
2015-04-28,46.14277020092502,46.356904770025984,45.61111953715591,46.34213638305664,12307800
2015-04-29,46.194473316040096,47.176547429344694,46.12063135694553,46.96240997314453,17601200
2015-04-30,46.94762942014744,47.1691495931929,46.460281095952894,46.71133804321289,16840900
2015-05-01,47.03624776125418,47.161774855409625,46.763039578788096,46.969791412353516,11640100
2015-05-04,47.02147788531586,47.9001787837753,46.99194110523031,47.7894172668457,14972500
2015-05-05,47.63435966574697,48.23246404889288,47.47191017067882,47.55313491821289,17692400
2015-05-06,47.64912605572084,48.047864195824786,46.82949859554587,47.198699951171875,18087900
2015-05-07,47.01410416176077,47.700818979970535,46.703976342844406,47.62697982788086,15039900
2015-05-08,47.974030916264766,48.47614504664248,47.7008198516177,48.35799789428711,16802600
2015-05-11,48.1881451713522,48.46873607256294,48.05523250581793,48.32843780517578,13798800
2015-05-12,48.2250710255258,48.39490609885099,47.81895298389844,48.261993408203125,12762200
2015-05-13,48.306287833452075,48.46135167483434,48.04046249577855,48.380126953125,11874100
2015-05-14,48.609027329651326,48.867467021595296,48.5204170208865,48.77147674560547,11855500
2015-05-15,48.83055475503152,48.8527115619794,48.32106086650902,48.64595413208008,11152100
2015-05-18,48.58690216224574,49.133318608138,48.58690216224574,49.044708251953125,10510900
2015-05-19,49.30313364859405,49.613266987665945,49.1554553984182,49.48035430908203,14282700
2015-05-20,49.4360451448741,49.495118696957306,49.02992714982109,49.0890007019043,12446000
2015-05-21,48.8379478535002,49.23668593630542,48.74195754291488,49.214534759521484,12934500
2015-05-22,49.19976839107749,49.34745230676874,48.97086536371274,49.081626892089844,9296900
2015-05-26,48.88225033418994,48.94870949827938,48.22507246458845,48.53520584106445,15571300
2015-05-27,48.69765434485795,49.21453959942929,48.60166402483265,49.081626892089844,10963700
2015-05-28,49.000395040222564,49.029931819077035,48.54258341832509,48.88224792480469,11797400
2015-05-29,48.86748666223203,48.89702344369162,48.26199672622303,48.57212448120117,14310700
2015-06-01,48.72719621811299,49.221930345402654,48.7124306417841,48.79365539550781,11899300
2015-06-02,48.609043582177804,49.02254722754388,48.42444293570157,48.74933624267578,12784200
2015-06-03,49.05209096664299,49.56897059668679,48.933943832024156,49.25145721435547,12927300
2015-06-04,48.96347738855488,49.509899399804816,48.74195997609268,48.978248596191406,13863300
2015-06-05,49.746187191524676,50.09323169529294,49.48036179414452,49.783103942871094,20801100
2015-06-08,49.81263575258068,49.87909491207532,49.332672964459626,49.391746520996094,14558700
2015-06-09,49.43604187997561,49.67233043913924,49.08161185801198,49.60587692260742,13263500
2015-06-10,49.90862070380098,50.580569661813065,49.820016012064045,50.40335464477539,17478900
2015-06-11,50.47719163750917,50.71348019478488,50.32212779994357,50.595333099365234,13739900
2015-06-12,50.44029464534801,50.6101297720906,50.115401236571955,50.395992279052734,11804700
2015-06-15,49.90123742622161,50.36642892768486,49.6944856477935,50.2039794921875,14082300
2015-06-16,50.0415387676651,50.59534068495631,49.9307828910584,50.48458480834961,11692800
2015-06-17,50.51413017971782,50.71349642508899,50.24091915929435,50.31475830078125,14521900
2015-06-18,50.46982486141438,50.81687504170837,50.137545890339446,50.78733825683594,16759600
2015-06-19,50.55104538924205,50.70610927169665,50.15230727711656,50.27045440673828,21606400
2015-06-22,50.8537849703676,51.1639126851883,50.7651746374627,50.92023849487305,14306700
2015-06-23,51.20823879439156,51.555289050670986,51.09009726260084,51.50360107421875,15736900
2015-06-24,51.32637522607416,51.51835587928183,50.8833347157681,50.96455383300781,16995000
2015-06-25,51.18606980749658,51.29683132810637,50.68395579648851,50.691341400146484,13314300
2015-06-26,50.90547327168071,51.163913035802324,50.77994055748078,50.9128532409668,14489200
2015-06-29,49.975071595379745,50.40334631319462,49.59110484967314,49.620635986328125,19934400
2015-06-30,50.13014709972871,50.2925965570143,49.59111640989656,50.034156799316406,20677400
2015-07-01,50.62873932441999,50.82940857147112,50.37603862660899,50.591575622558594,13964400
2015-07-02,50.50240038389634,50.636181809790074,49.93755051491068,50.18281173706055,12822900
2015-07-06,49.70714289267747,50.13821698176584,49.45444780827908,50.04159927368164,13527100
2015-07-07,49.863205872476755,49.959829223049894,48.532831619849425,49.647674560546875,22421500
2015-07-08,49.05309955957534,49.172018886353335,48.465948141976575,48.629459381103516,17707200
2015-07-09,49.41726673824567,49.573344059731454,49.045652447931694,49.13484191894531,14984700
2015-07-10,49.95983216281293,50.093613550384035,49.66997343480632,49.8334846496582,12356100
2015-07-13,50.45779801997477,50.64360520245233,50.30172066713985,50.606441497802734,16175600
2015-07-14,50.524679548029106,51.35709189867492,50.36116835904257,51.3125,20185100
2015-07-15,51.45372580035954,51.60236927337378,51.17129526309345,51.42399597167969,16891600
2015-07-16,51.751008016608125,51.9888409539252,51.58750247939005,51.69898223876953,18035700
2015-07-17,51.54291341978963,51.64696499265542,51.22332482587741,51.43886184692383,14040700
2015-07-20,51.65439793933651,51.85506720614568,51.41656496700678,51.47602462768555,11512900
2015-07-21,51.401699017774355,51.68412387916101,51.186162016827346,51.35710144042969,11659900
2015-07-22,51.490879297094764,52.24154181156918,51.43141964497343,52.08546447753906,15493000
2015-07-23,52.1672276339766,52.47938234722817,51.624668152994786,51.75844955444336,14331800
2015-07-24,51.609795410127624,51.69897921241056,51.04494009067093,51.215885162353516,12413900
2015-07-27,50.651037190901796,50.703062973242346,50.21996318271727,50.5469856262207,16801600
2015-07-28,50.94832789921861,50.98548593070843,50.36860477005264,50.57671356201172,14932400
2015-07-29,50.777374509022124,51.35709187304222,50.65846088915373,51.23817825317383,13059200
2015-07-30,51.23074440550674,51.61722075825175,50.94088572335202,51.3125,10197200
2015-07-31,51.290200970631524,51.312496918630096,50.836831126715616,50.933448791503906,11911800
2015-08-03,50.97804068750104,51.16384781466712,50.53953858917318,50.933448791503906,9980600
2015-08-04,50.88888071465245,51.24562739037607,50.769961375820465,50.881446838378906,10964000
2015-08-05,51.31995198219914,51.59494301490739,50.95576577989957,51.08211898803711,11302900
2015-08-06,51.09698676364325,51.23820206885918,50.53956508985806,50.725372314453125,10803400
2015-08-07,50.784816683586016,51.08953749149558,50.20509922480483,50.57671356201172,11453300
2015-08-10,50.70305369394516,51.29020494169525,50.70305369394516,51.20101547241211,12661400
2015-08-11,50.71049499511719,50.83684250898704,50.42806446954364,50.71049499511719,14800300
2015-08-12,50.101035006468905,50.20508654096842,49.10510588576635,49.97468185424805,21069000
2015-08-13,49.98212633700757,50.39090435959045,49.77402322383249,50.20509719848633,11930600
2015-08-14,50.10848338222869,50.472669569980944,50.093621301481036,50.457801818847656,11248800
2015-08-17,50.257124987345115,50.7179231362717,50.0936137717706,50.591575622558594,10326500
2015-08-18,50.524689693704225,50.8071145593312,50.42063245859429,50.69562911987305,10617500
2015-08-19,50.48753831594778,50.769963250523155,50.06389807889152,50.242271423339844,15198200
2015-08-20,49.65510830896791,49.82605340726622,49.00850296020508,49.00850296020508,20972300
2015-08-21,48.3767574125643,48.636892015657466,47.24705218892566,47.26934814453125,28235500
2015-08-24,44.06603444757663,46.763952840960116,37.213464281874366,44.77953338623047,36339100
2015-08-25,46.89773921652473,47.06125047049225,44.39305879038625,44.52684020996094,31772500
2015-08-26,45.93153122583468,46.80854128299943,45.00249538860019,46.75651550292969,33576800
2015-08-27,47.551768461683984,48.10919278173764,46.927456285231564,47.92338562011719,29045700
2015-08-28,47.78216927198942,47.908516778114766,47.26933970310079,47.66324996948242,16687300
2015-08-31,47.2767877726485,47.82677553592408,47.172736186904096,47.640968322753906,14223400
2015-09-01,46.71193601262476,46.71193601262476,45.329532617053225,45.671417236328125,23637300
2015-09-02,46.540971743618016,46.75650870697477,45.73828637121599,46.50381088256836,17757900
2015-09-03,46.73422523754293,47.31394276326595,46.414636643825695,46.58557891845703,17065400
2015-09-04,45.93153279983936,46.020719449416305,45.15114323685809,45.70856475830078,20189000
2015-09-08,46.652466846413986,46.972055421129056,46.32544723202318,46.942325592041016,13385100
2015-09-09,47.5220517146672,47.81934155396635,46.080188764323985,46.21397018432617,13889500
2015-09-10,45.97614191229788,46.82342243608175,45.6714181654073,46.57072448730469,15751100
2015-09-11,46.36260228806143,46.57070539520163,46.07274357877552,46.49638366699219,12766700
2015-09-14,46.555851919911284,46.59301279314533,46.16937260085286,46.362613677978516,10202800
2015-09-15,46.645032124815586,47.48488135255571,46.45922494917704,47.25448226928711,14023500
2015-09-16,47.4848890527756,47.78218171608369,46.97949322626763,47.67069625854492,12235900
2015-09-17,47.67069516081303,48.042309563794355,46.37004475037841,46.56328582763672,21249200
2015-09-18,45.95383048824121,45.95383048824121,45.17343810875433,45.292354583740234,31008000
2015-09-21,45.72344303338329,46.01330185560302,45.39642333258034,45.671417236328125,13136400
2015-09-22,45.03966336295306,45.403846716106955,44.90588195446329,45.27006530761719,14811900
2015-09-23,45.1882905265745,45.448422192866516,44.83154120026897,45.069374084472656,11712200
2015-09-24,44.601141082022366,44.87613766863482,44.1923659736528,44.75722122192383,17293400
2015-09-25,45.53762535207618,45.97613042316289,45.24033272126758,45.68627166748047,18384300
2015-09-28,45.27748750999229,45.34437820118034,44.36331662055042,44.578853607177734,17452200
2015-09-29,44.57885548519383,44.690340920267985,43.64981964355042,44.47480392456055,19334900
2015-09-30,45.113975616653875,45.3369436248195,44.67547063867827,45.31464767456055,18743800
2015-10-01,45.426133234563494,45.983554709061416,44.99506210191839,45.64910125732422,16863200
2015-10-02,44.60855681874916,45.559268136670305,43.81504899248092,45.5218391418457,20435100
2015-10-05,45.84374239563373,46.59233385773608,45.828770223713704,46.427642822265625,13471100
2015-10-06,46.495020279497524,46.682168161572044,46.12820917414545,46.450103759765625,12134800
2015-10-07,46.8243939109256,47.183717458757414,46.233005989105656,46.509986877441406,12773100
2015-10-08,46.30037933280223,46.59981705048693,45.985972299318036,46.509986877441406,13964600
2015-10-09,46.7046151696926,46.824389674800734,46.09825798692929,46.36026382446289,12112000
2015-10-12,46.29289413684519,46.42015330920975,45.96351493574013,46.20306396484375,10857400
2015-10-13,45.95601972547894,46.532435372610905,45.89613390605766,46.0757942199707,15621900
2015-10-14,45.48441383165565,45.641620201562795,44.571134232886294,44.90800094604492,28989400
2015-10-15,45.26733500745107,46.38273489331297,44.99035405912802,46.3303337097168,18147900
2015-10-16,46.734554290771484,46.89924528777175,46.480033138884316,46.734554290771484,17456600
2015-10-19,46.41267102375142,46.98908679688567,46.34529767739418,46.577362060546875,14510400
2015-10-20,46.68216258727203,47.02651396381426,46.47255789818541,46.801937103271484,11545100
2015-10-21,47.07142524967627,47.131311073199264,46.450093053685,46.45758056640625,12113400
2015-10-22,46.72707396258825,47.59544273071207,46.72707396258825,47.303489685058594,15295700
2015-10-23,47.632877786732,48.052090053376766,47.535560092472515,47.812538146972656,16985200
2015-10-26,47.79007494318248,47.90236479509681,47.468180413720944,47.834991455078125,13880200
2015-10-27,47.55801245729358,47.80504899898706,47.3933242851476,47.640357971191406,8831900
2015-10-28,47.68526633497317,49.21239041520162,47.677778822816876,49.03273010253906,17962000
2015-10-29,48.853071346525454,49.279768172256716,48.568602988505575,48.81563949584961,12753700
2015-10-30,48.88303117433577,48.912969810804825,48.007174708156626,48.097007751464844,15731400
2015-11-02,48.246711724010126,49.21988279380648,48.201798069228396,49.062679290771484,15253300
2015-11-03,48.87552812438446,49.481885267907124,48.78569510962984,49.24233627319336,11519500
2015-11-04,49.41451612577447,49.51931845683793,49.13004776034618,49.29473876953125,11388400
2015-11-05,49.24983785164466,49.908596347428464,49.21989350484083,49.73642349243164,12715900
2015-11-06,51.18120280977993,51.67527022892622,50.97907990685199,51.248573303222656,23262700
2015-11-09,51.428223645187714,51.4431986705688,50.215509309063386,50.44757080078125,17143800
2015-11-10,50.2978684035071,50.79193585988616,50.103233000060655,50.664676666259766,13239700
2015-11-11,50.979088216133235,51.031489401118606,50.34278648093915,50.41764450073242,8513900
2015-11-12,50.05082879760779,50.08077314335308,49.36960778232738,49.407039642333984,13576900
2015-11-13,49.287268155623075,49.5343047540999,48.830632534454686,49.07766342163086,11837000
2015-11-16,49.002795061500514,49.84121953181334,48.78570285817042,49.788818359375,11041100
2015-11-17,49.908588808723735,49.960989979890186,49.32468841249773,49.50434875488281,12354800
2015-11-18,49.76635622325537,50.56734875157243,49.684010716590166,50.49248504638672,12911400
2015-11-19,50.589815288368655,50.76947565043932,50.1855751902347,50.64970397949219,12839500
2015-11-20,50.89672021079452,50.986553221666945,50.44007906696501,50.55985641479492,11209600
2015-11-23,50.387690461824256,50.589813358832075,49.99093789303819,50.0657958984375,11339000
2015-11-24,49.53431015582012,50.26044500012155,49.436995293368874,49.99095153808594,10910000
2015-11-25,50.10322056435984,50.24545475211029,49.818757900157834,50.050819396972656,7772000
2015-11-27,50.15563493897052,50.40267152654621,49.886141518215304,50.282894134521484,4052500
2015-11-30,50.3652419218781,50.54490230666999,49.91608810424805,49.91608810424805,15147500
2015-12-01,50.41014745755426,50.776961394422756,50.148141582148,50.61227035522461,12708800
2015-12-02,50.77696615944446,50.81439231012909,49.76636871015522,49.90111541748047,13440900
2015-12-03,50.028372569262004,50.17808858849345,49.09263317081539,49.25732421875,14626900
2015-12-04,49.48189334014485,50.90421822698219,49.42949216748082,50.82187271118164,17786000
2015-12-07,50.64970516543071,50.71707566104718,49.706478247699614,50.15563201904297,11686000
2015-12-08,49.59419415039646,50.12569350801066,49.18246648047665,49.37710189819336,13084500
2015-12-09,49.11508603409634,49.841220662427624,48.68838913133358,49.0027961730957,16770200
2015-12-10,49.06268823926818,49.78133540334391,48.718336830104796,49.115089416503906,12839000
2015-12-11,48.508723979281186,48.778217334489334,47.54303755268563,47.962249755859375,17889300
2015-12-14,48.08202655037326,48.47877906548996,47.610410328684466,48.11196517944336,17638200
2015-12-15,48.71085089516393,49.89362688974738,48.71085089516393,49.48189926147461,18126600
2015-12-16,50.08824900592349,50.709575473878374,49.3396576703309,50.552371978759766,21720000
2015-12-17,50.82936615055014,50.90422416146875,49.466929791151074,49.61664581298828,18122100
2015-12-18,49.384589598231614,49.384589598231614,48.20930099487305,48.20930099487305,23819600
2015-12-21,48.67340857833337,49.07764860526575,48.53118010109158,49.062679290771484,18869300
2015-12-22,49.3471446235831,49.40703330739479,48.64347257834308,49.167484283447266,12149500
2015-12-23,49.496861480507306,50.043329960641046,49.44446031513423,49.9535026550293,12524500
2015-12-24,49.87115330767186,50.07327044102206,49.64657363835098,49.856178283691406,4468200
2015-12-28,49.624119695410236,49.74389133771795,49.18993535553533,49.691490173339844,6610600
2015-12-29,50.03585594767369,50.38021308308804,49.960997935701094,50.20803451538086,9820800
2015-12-30,50.185571053377146,50.19305856697537,49.74389913187355,49.84870147705078,7190700
2015-12-31,49.54925885305969,49.990924968639284,49.40702468166371,49.429481506347656,14654300
2016-01-04,48.19355605695162,48.27645107922225,47.48515793633992,47.944862365722656,25393200
2016-01-05,48.00517114484409,48.32922224170237,47.507786447024394,48.02777862548828,16566700
2016-01-06,47.26662445985679,47.5756057806325,46.980250616882145,47.334449768066406,22961500
2016-01-07,46.31706770730844,46.72401953514873,45.27708353590275,45.42026901245117,27630900
2016-01-08,46.06837268407391,46.17387806514989,44.350132746473726,44.40288543701172,22373300
2016-01-11,44.33506774902344,44.62897644907407,43.73971260672244,44.33506774902344,20925500
2016-01-12,44.802308563892446,44.885206481872956,43.78492894523135,44.43303680419922,22971600
2016-01-13,44.809844229364,44.975640068277016,42.888130970752144,43.21218490600586,28808100
2016-01-14,43.83014530821334,44.74955436804667,43.17450260356164,43.86029052734375,31296300
2016-01-15,42.54147109860074,43.38551718446935,42.36814038564241,42.98610305786133,38131700
2016-01-19,43.50609971076821,43.68696818533816,42.58669047508414,42.963497161865234,22818900
2016-01-20,41.923504504501274,42.33799120321888,41.1924987564387,41.83306884765625,34646100
2016-01-21,42.0064024829666,42.594219879319944,41.49394525929219,41.63713073730469,31301100
2016-01-22,42.53392956946446,43.07653201376755,42.428424177473595,42.91827392578125,22732200
2016-01-25,42.564072353585765,42.84290842715399,41.90089194568793,41.946109771728516,21114400
2016-01-26,42.089303676992444,43.069003313901206,42.05916132839745,43.01625061035156,17535700
2016-01-27,43.01624827962971,43.913047066189705,42.624369021060495,42.98610305786133,20560000
2016-01-28,43.347845419248905,43.68697204225314,42.67712991753338,43.16697692871094,15497900
2016-01-29,43.58145224391345,44.870130111412,43.3402933778142,44.83998489379883,26992200
2016-02-01,44.583753197105985,44.953024900203985,44.04115081698026,44.357669830322266,16807900
2016-02-02,43.61913824053812,43.69449841997899,42.76755441378476,42.97856521606445,22448200
2016-02-03,43.23479313329355,43.55884707416256,41.46380307256839,43.26493835449219,31543200
2016-02-04,43.00118238654828,44.10145727972397,43.00118238654828,44.011024475097656,21651300
2016-02-05,44.14667203896014,44.56869368097297,43.27247778094652,43.52117156982422,22001300
2016-02-08,42.72233133193217,42.89566202319424,41.85567787562183,42.609291076660156,28267600
2016-02-09,41.66727754391166,42.722334375648195,41.5466995381473,42.353065490722656,26300000
2016-02-10,42.63191166301427,43.264947061551176,41.802938036866784,41.84061813354492,22389600
2016-02-11,40.61975931953503,40.6272941878612,39.56469951585619,39.994258880615234,44334700
2016-02-12,41.938584757978624,43.38552103355144,41.57684781427859,43.325233459472656,37011400
2016-02-16,43.88291008802104,44.16174625474273,43.43827804523434,43.97334289550781,23730700
2016-02-17,44.35013588903513,44.65158232044586,44.00347450527715,44.28984832763672,21580100
2016-02-18,44.342596330187085,44.35766893764347,43.14435134806093,43.566375732421875,17037800
2016-02-19,43.33276138164615,43.83768087349045,43.01624520015684,43.573917388916016,15658200
2016-02-22,44.09390799609169,44.37274695582697,44.02608269167044,44.13912582397461,14882800
2016-02-23,43.63419591469197,43.77738135653754,42.17218478563413,42.292762756347656,31772500
2016-02-24,41.59945067146346,42.360598765198446,40.94380796945349,42.30784606933594,25560100
2016-02-25,42.30031946299146,42.9785697743133,42.232494144378585,42.963497161865234,14473300
2016-02-26,43.43826758529235,43.79246673530106,43.06146095755761,43.36290740966797,20947500
2016-02-29,43.264939881445095,43.415663117951226,42.42089378174002,42.428428649902344,19554100
2016-03-01,42.77508495529701,44.6139030456543,42.70725965073783,44.6139030456543,23958100
2016-03-02,44.613905236252094,45.141435089302966,44.43303679027798,45.035926818847656,20943100
2016-03-03,44.90028973183474,45.18666076660156,44.53855275405341,45.18666076660156,15790600
2016-03-04,45.29214327343812,45.63126972178547,44.86258406380002,45.25446319580078,18459000
2016-03-07,44.8701187196424,45.254460084810994,44.704322939668856,45.17156219482422,12832400
2016-03-08,44.62144778398569,44.839996355335096,44.22203361033856,44.297393798828125,14132900
2016-03-09,44.57622973959514,44.87013847911841,44.22203055360211,44.553619384765625,13238800
2016-03-10,44.907810143591085,44.96809770394088,43.56637958423882,44.16926956176758,21139200
2016-03-11,44.75710148354005,44.847534290872574,44.199429151047845,44.71942138671875,21055000
2016-03-14,44.57622973959514,44.69680775772794,44.16174010713236,44.553619384765625,13436100
2016-03-15,44.11651843715572,44.62143791291364,44.03362052327157,44.6139030456543,10910500
2016-03-16,44.448103260961155,45.02838573168511,44.06376181921205,44.40288543701172,17423900
2016-03-17,44.289852884039284,44.56115412525833,43.70203544460237,44.2747802734375,19405700
2016-03-18,45.25447164041223,45.947797272499514,44.960562955268884,45.57852554321289,29570200
2016-03-21,45.38259191460242,45.83475872543703,45.18665085504934,45.56345748901367,12684400
2016-03-22,45.20926360418423,45.65389557082125,44.93042461041065,45.397666931152344,12042700
2016-03-23,45.47300854481149,45.601121374932546,45.11127464971004,45.17156219482422,11658700
2016-03-24,44.68926241821008,44.847520501082315,44.36520851053479,44.824913024902344,12921200
2016-03-28,44.86258937310918,45.02838518410152,44.59882592362679,44.76462173461914,11159700
2016-03-29,44.71186503048745,44.71186503048745,44.10897227184522,44.48577880859375,15933400
2016-03-30,44.809841931900536,45.3901244635377,44.7495543684455,44.99824523925781,13307100
2016-03-31,44.802309436215566,45.164043460513845,44.546080809653475,44.62897872924805,14904700
2016-04-01,44.478257659724235,45.26201618782316,44.1315962289597,45.11882781982422,15417500
2016-04-04,45.12641851546309,45.22511438933192,44.76200632282124,44.9442138671875,12305000
2016-04-05,44.48110584662222,44.66331339117668,44.192611774448764,44.30649185180664,12886600
2016-04-06,44.16984002024368,44.70127559176144,43.995226013161876,44.64813232421875,12167900
2016-04-07,44.230577546802756,44.35964184713306,43.32713902885507,43.516937255859375,19226800
2016-04-08,43.81301860139942,44.473518464923465,43.79783439689521,43.83579635620117,13547700
2016-04-11,43.96485384515903,44.70127176970068,43.96485384515903,44.185020446777344,17627800
2016-04-12,44.29129621975574,45.08844786729655,44.185009719562295,45.00493621826172,17779200
2016-04-13,45.91597887888385,47.191422977971506,45.84006075949864,46.9105224609375,37516800
2016-04-14,46.83460477862678,47.76082096071525,46.77387085801438,47.517879486083984,24249900
2016-04-15,47.7380542128455,47.75323841960099,46.652408046603895,46.97126770019531,19290700
2016-04-18,46.79664061821318,47.51028365627782,46.713128952389404,47.274932861328125,13813100
2016-04-19,47.48750754930416,48.1935570625186,47.48750754930416,48.072086334228516,19255600
2016-04-20,48.193560680798456,48.8236892260838,47.94302855193032,48.770545959472656,14594400
2016-04-21,48.78573421584469,49.08941251461117,48.08727528711815,48.284664154052734,15395800
2016-04-22,48.31502819366603,48.876829230658075,48.31502819366603,48.5655632019043,12444700
2016-04-25,48.284664154052734,48.550383389496126,47.94302968805406,48.284664154052734,10687200
2016-04-26,48.4440844596924,48.641473276126504,48.07967233205932,48.535186767578125,12048000
2016-04-27,48.482053906979246,49.07422337932214,48.28466215213776,48.671852111816406,15284100
2016-04-28,48.31503256314756,48.90720206004221,48.09486594134641,48.284664154052734,12852500
2016-04-29,47.8974682578404,48.29224881513252,47.60138356389391,47.980979919433594,16376400
2016-05-02,48.3529806668344,48.5883314398386,47.93542527274133,48.42890167236328,10247300
2016-05-03,47.75321225113138,47.760802902303844,46.91809871376427,47.495086669921875,19120300
2016-05-04,46.88015851532502,47.26734559477484,46.515746294639634,46.74350357055664,17030200
2016-05-05,46.766272657959625,47.0699509190997,46.356310770338204,46.49296569824219,14033900
2016-05-06,46.083009260751055,46.82701794959413,45.99949757900797,46.76628112792969,11057900
2016-05-09,46.59165886661593,46.986439449315625,46.34871741512236,46.47018814086914,11197100
2016-05-10,46.7283169714511,47.26734317258713,46.57647782992371,47.10032272338867,11897200
2016-05-11,47.04717185573226,47.52546116453241,46.92570114135742,46.92570114135742,11254000
2016-05-12,47.27494405990388,47.49511070448541,46.591669265027136,46.895347595214844,11071700
2016-05-13,46.842200960151864,47.37363655179556,46.32594957353695,46.46260452270508,15122300
2016-05-16,46.47018748223496,47.062359795936764,46.310757699968924,46.811824798583984,10951300
2016-05-17,46.637210813803485,47.19142117317389,46.4246377707821,46.811824798583984,12180900
2016-05-18,46.842201900161356,48.717406369437434,46.834608349449084,48.61871337890625,24007100
2016-05-19,48.2315154054993,48.75536026654096,47.753226049014174,48.12522888183594,16076200
2016-05-20,48.48204301728157,48.73257798151678,48.110037345078105,48.21632385253906,11862000
2016-05-23,48.170769333901426,48.48962882442397,47.950602792679774,48.17835998535156,9347500
2016-05-24,48.542785056447414,49.17291355458107,48.4440920807494,48.9983024597168,13839400
2016-05-25,49.3019708067975,50.2585493417121,49.286783710711845,49.7422981262207,18935200
2016-05-26,49.78027273826961,49.78786628824422,49.279208491394,49.37030792236328,9428400
2016-05-27,49.5069649887543,49.69676320100631,49.38549714484753,49.673988342285156,10116000
2016-05-31,49.90174307747887,49.97006764619895,49.317161403806196,49.55250930786133,15139400
2016-06-01,49.16532275322344,50.045983306953985,48.78572638871284,49.87137222290039,14031000
2016-06-02,49.74231961617061,49.962486267089844,49.469015482534985,49.962486267089844,10637600
2016-06-03,48.77813404175913,49.24124208124993,48.24669853912887,49.07421875,20261700
2016-06-06,49.074229002824914,49.92452714311793,49.043860591509215,49.56011199951172,13193500
2016-06-07,49.68915871823944,49.90932529107317,49.3778927305645,49.39307403564453,9924100
2016-06-08,49.29438156905402,49.711939865220124,49.28678802034721,49.537322998046875,9428000
2016-06-09,49.18810232437052,49.2716139959442,48.79331882380742,49.15773391723633,10817800
2016-06-10,48.53518536311589,48.64147186858866,48.26946909943398,48.46685791015625,16678400
2016-06-13,48.19355606630644,48.84645940731282,48.02653273232615,48.03412628173828,14314900
2016-06-14,47.586202209086636,48.185965181783104,46.827009452586964,47.13068771362305,19509300
2016-06-15,47.3812239753634,47.81396365285716,47.001627563801094,47.04718017578125,16982100
2016-06-16,46.652401591443365,47.29771436075951,46.23484609976287,47.23698043823242,16791200
2016-06-17,47.29770831159923,47.608977226979285,47.01680780164419,47.28252410888672,15751500
2016-06-20,48.17077091810831,48.474446219627815,47.328066671027564,47.3508415222168,12213200
2016-06-21,47.62416014244715,47.82914252938968,47.17623631085211,47.79118347167969,11611600
2016-06-22,47.79118198264467,48.3681671716946,47.586199602088804,47.60897445678711,12643500
2016-06-23,48.360577802147205,48.70221511213952,48.23151353122102,48.62629699707031,16583600
2016-06-24,45.91597321636042,46.84218921830685,45.050494019304374,45.24788284301758,44108700
2016-06-27,44.57220963493435,44.602578042706064,43.31194967331599,43.737098693847656,37300700
2016-06-28,44.93661407118412,45.20992390169759,44.230564641054386,45.18714904785156,29088700
2016-06-29,45.82488239195083,46.47019517717398,45.551572493614586,46.46260452270508,21483000
2016-06-30,46.78905196910248,47.21419807355662,46.325943908672976,47.176239013671875,21343600
2016-07-01,47.176235750862546,47.44402054762608,46.7936843734087,46.87019348144531,14217800
2016-07-05,46.25046425361966,46.36522792097406,45.217573735616924,45.56187057495117,23357700
2016-07-06,45.14871502102355,46.1280485913708,44.95743932069639,46.051536560058594,20429800
2016-07-07,46.30400734640836,46.77837011705628,46.02856995744034,46.34991455078125,13771400
2016-07-08,46.92374220106489,47.5664255604686,46.92374220106489,47.30629348754883,16998800
2016-07-11,47.757711810888594,48.163218249297756,47.54348397683984,47.642948150634766,13151400
2016-07-12,48.224427012653344,48.62993346839807,48.117313091049795,48.354496002197266,16588100
2016-07-13,48.262672552719316,48.53045729051465,47.92602554676549,48.32387924194336,18526900
2016-07-14,49.53275155121104,49.71638041831167,49.00483461079162,49.05839157104492,28985900
2016-07-15,49.54039830063499,49.578655769365945,48.668181716454846,49.10429000854492,17607100
2016-07-18,49.06603254576797,49.27261353730791,48.89006219903265,48.93596649169922,10824400
2016-07-19,48.668179448441904,49.043078107999655,48.55341288486751,48.85945510864258,9737400
2016-07-20,49.050739821899846,49.142554257159084,48.74469754164005,48.913021087646484,10411100
2016-07-21,48.96657974139958,49.104298480413114,48.68349251948758,48.72939682006836,9808700
2016-07-22,48.89007463313772,49.03544020930911,48.66054143688782,48.997188568115234,8195700
2016-07-25,48.95127679573704,49.0966452770341,48.7217465394549,48.86711502075195,8168300
2016-07-26,48.951272565459604,49.165503315627,48.7446944770671,49.066036224365234,8067800
2016-07-27,49.027790911731714,49.494504106578276,49.01248558620844,49.21906661987305,11806800
2016-07-28,48.96658170385451,49.11195311121468,48.75235384286357,49.0430908203125,10013400
2016-07-29,48.81356121639488,49.18846289686514,48.775306657645444,48.94363021850586,13210400
2016-08-01,49.08134055910076,49.20375395867978,48.66818439063938,48.81355285644531,11422600
2016-08-02,48.65287666571322,48.97422129003284,48.492205812870885,48.69878387451172,13550000
2016-08-03,48.729400174595874,49.479200628265986,48.69879827831392,49.471553802490234,13122300
2016-08-04,49.34147401708806,49.59395932197166,49.173150480499,49.3950309753418,9873000
2016-08-05,49.838800050712365,50.7798791410149,49.78524308376972,50.726322174072266,20752700
2016-08-08,50.55033581653031,50.87167755378745,50.374359624830205,50.57328796386719,11359200
2016-08-09,50.63450360880573,50.71101272145926,50.25960487071362,50.39732360839844,10097000
2016-08-10,50.435572895661736,50.55033947792918,49.85409899677616,49.94590759277344,11556100
2016-08-11,49.93825820526509,50.25960582413971,49.74698250136719,50.0836296081543,9604500
2016-08-12,49.708728105785795,49.99946505816683,49.62456633375717,49.97651290893555,7685400
2016-08-15,50.16012777141175,50.36670875539308,50.08361867401013,50.28254699707031,8371600
2016-08-16,50.00711374717896,50.466174207144064,49.91529932027776,50.274898529052734,10128900
2016-08-17,50.34375647873799,50.481475188610084,50.144828156196084,50.41261291503906,11868100
2016-08-18,50.20603953600633,50.48912378934572,50.137177260011505,50.458518981933594,9313600
2016-08-19,50.282553593118905,50.42792498334072,49.90000221865789,50.38966751098633,9084900
2016-08-22,50.30550778488077,50.40496904486298,50.04537564157145,50.34376525878906,9055600
2016-08-23,50.55034924894104,50.756924467135235,50.31316921374179,50.32081604003906,8949600
2016-08-24,50.48912378934572,50.67275263381847,50.3208002672141,50.458518981933594,10167200
2016-08-25,50.42792533980513,50.60389570442948,50.336110907868004,50.55033874511719,9978700
2016-08-26,50.74926567996372,51.17006868074413,50.382013799730956,50.665103912353516,14038600
2016-08-29,50.871678629533335,51.33839175948717,50.848726481711104,51.22362518310547,14583100
2016-08-30,51.22362324944697,51.720941170147206,51.22362324944697,51.644432067871094,13791200
2016-08-31,51.613827259506586,51.85100722774364,51.15476680857957,51.644432067871094,14952300
2016-09-01,51.75155610320298,51.81276573190707,50.99410591912209,51.42256164550781,12226500
2016-09-02,51.56791953417342,51.7056382440145,51.2465778236342,51.636775970458984,13720700
2016-09-06,51.6444417475838,51.68269922452762,51.04000980295432,51.59853744506836,16649400
2016-09-07,51.38431167602539,51.7133003071445,51.23128759929034,51.38431167602539,10070400
2016-09-08,51.43021480999991,51.782161422573694,51.261891248057765,51.45316696166992,12253000
2016-09-09,51.284831765952944,51.590874005762146,50.98644218738828,50.99409484863281,19686900
2016-09-12,50.60390700277142,51.491429197841846,50.31316999263046,51.30780029296875,16453000
2016-09-13,50.58094855659412,51.15477567907498,50.35906803542897,50.90229034423828,18876100
2016-09-14,50.70335883015148,51.45316212543437,50.657454531126135,50.802825927734375,12648600
2016-09-15,50.71866538239753,51.208330708090934,50.56564131982389,50.9864501953125,12531300
2016-09-16,50.565641196904835,50.69571310909402,50.068329047245,50.359066009521484,25161500
2016-09-19,50.61155369443322,50.98645244908597,50.38202050906217,50.64215850830078,13466900
2016-09-20,51.0706086784077,51.1471177861272,50.6804046405863,50.84872817993164,10092200
2016-09-21,51.13946533203125,51.361345831409146,50.73396180592608,51.13946533203125,14116800
2016-09-22,51.25422616701489,51.58322054820869,51.13945959919936,51.56026840209961,12781700
2016-09-23,51.560280894311006,51.95048498451583,51.39960999534938,51.45316696166992,13967400
2016-09-26,50.95583316217766,51.10885718805191,50.14482625548821,50.32844924926758,16408100
2016-09-27,50.04537531029376,50.81047808522731,49.81584214290532,50.772220611572266,13711400
2016-09-28,50.940543472235866,51.08590902817774,50.489129805703605,51.04000473022461,11278000
2016-09-29,51.03233902801935,51.42254297272603,49.99945172710813,50.22898483276367,18727200
2016-09-30,50.55798680071874,51.30778416277625,50.55798680071874,50.948184967041016,21680100
2016-10-03,50.76456273081655,51.20067103420613,50.69570629004098,50.88698196411133,14901700
2016-10-04,51.0257046909721,51.77325032640298,50.94093111088997,51.326263427734375,17226900
2016-10-05,51.54975246247148,52.45913688753497,51.48039547363723,52.16628646850586,16280000
2016-10-06,52.19712678263697,52.382084678722144,51.67307451064105,52.30501937866211,17485000
2016-10-07,52.243347311273595,52.54390599676435,51.94278862578284,52.489959716796875,18497000
2016-10-10,52.667209095292385,53.22208847591378,52.58244140963966,52.89841079711914,13027500
2016-10-11,52.79051687781621,53.03712927621787,52.35123835942252,52.64408874511719,15657100
2016-10-12,52.605572709264635,52.859887585118635,52.44373383201031,52.5053825378418,11899800
2016-10-13,51.989022180029515,52.30499742124774,51.49579741105236,52.20480728149414,17890000
2016-10-14,53.02172630812521,53.19897587173992,51.86572941954432,52.03527069091797,24163800
2016-10-17,51.95821106041536,52.24335910731486,51.434158845389575,51.76554489135742,14963400
2016-10-18,52.28960067163468,52.56704044437112,52.05069648721924,52.17399978637695,11870300
2016-10-19,52.25875957919071,52.79051998315394,52.25875957919071,52.67491912841797,12705800
2016-10-20,52.46683665320777,52.92923414273788,52.358944101640844,52.60555648803711,14122000
2016-10-21,52.25876944395615,52.813648947669144,52.173995859794175,52.78282165527344,12175700
2016-10-24,53.15273361207415,53.21438818564623,52.790520341967905,53.07566833496094,10197100
2016-10-25,53.08337721700744,53.12191280011288,52.69804490477093,53.021728515625,9945100
2016-10-26,52.690345834560866,53.368528630427065,52.690345834560866,53.27604675292969,9801300
2016-10-27,53.55347982377663,53.76926496464184,53.25292110904234,53.353111267089844,14210700
2016-10-28,53.58428242054415,53.59969899761855,52.76738022664267,53.26060485839844,12766500
2016-10-31,53.50723989477573,53.622840753115156,53.35310933679242,53.37622833251953,14336300
2016-11-01,53.5457849290874,53.77698080688627,52.65951936492937,53.15274429321289,15564500
2016-11-02,52.90613362391801,53.060264214346155,52.41290867890177,52.92925262451172,12449800
2016-11-03,53.06797310541743,53.32229387422259,52.57474815484661,52.69805145263672,10369700
2016-11-04,52.782819627352445,52.836765917046094,52.12775585829965,52.220237731933594,13571300
2016-11-07,53.237510108016764,53.923401107533756,53.17585553105468,53.85403823852539,16515100
2016-11-08,53.71532949573655,54.37039922203272,53.36082442440155,53.96965026855469,17531700
2016-11-09,55.07167806015898,57.1447672055849,54.963785513082065,56.451168060302734,50948400
2016-11-10,57.19873386009153,59.53384691483316,57.19873386009153,59.071449279785156,56192300
2016-11-11,58.801709504709876,59.12538721552306,58.39325234045045,59.10226821899414,27574300
2016-11-14,59.53382847392443,61.992249939012844,59.53382847392443,61.27553176879883,46130700
2016-11-15,60.39697125706135,61.19846294011686,59.94227620276996,61.15992736816406,28126300
2016-11-16,60.28140091786473,60.38158522404237,59.24870704004789,59.64945602416992,26054900
2016-11-17,60.05787843711127,60.466329638627755,59.8035577675887,60.127235412597656,19306700
2016-11-18,60.081021436959055,60.4355265059655,59.76505195620114,59.88835525512695,19770000
2016-11-21,60.11183978369861,60.242851356713516,59.56466861430896,60.15037536621094,11983500
2016-11-22,60.38156289902457,60.543401739800196,59.926873662517394,60.52028274536133,14410100
2016-11-23,60.782320719278,61.067462865775916,60.027066804319965,60.77461242675781,13373700
2016-11-25,60.95958371164457,61.229315212197164,60.4740670106499,60.75150680541992,6185700
2016-11-28,60.25057069218915,60.78233125386029,60.12726150931247,60.358463287353516,13007200
2016-11-29,60.41240285372731,61.005817940717904,60.41240285372731,60.82085418701172,14144100
2016-11-30,61.59150593153308,62.061611750745996,61.421958799396805,61.78417205810547,25351900
2016-12-01,62.15410422117841,63.41028546423352,62.15410422117841,63.03266143798828,23823600
2016-12-02,63.04035544512867,63.06347443827343,62.34675625226965,62.8862190246582,16931500
2016-12-05,63.42567505306303,64.1886310735043,63.41796676364789,64.16551208496094,18529800
2016-12-06,64.42755485803588,64.5893937071022,63.525878750507474,64.49691772460938,16130000
2016-12-07,64.38902903280103,64.80518273846617,63.84956029041663,64.7897720336914,18996900
2016-12-08,64.91306997822977,65.89181125423495,64.68957657952237,65.59896087646484,20844900
2016-12-09,65.52188104971319,65.89180252816847,64.84369853219802,65.88409423828125,14567200
2016-12-12,65.7839557921829,66.11534193163986,64.95934459116764,65.2984390258789,14511300
2016-12-13,65.49106505764107,66.02281950972191,64.59709150737869,65.32151794433594,16669000
2016-12-14,64.64336916251276,66.36966275767332,64.55089313828715,65.2984390258789,22622600
2016-12-15,65.81477060144412,66.65479235382017,65.42943822775851,66.27716827392578,19438900
2016-12-16,66.50066235566953,66.50066235566953,65.42173052368317,65.46026611328125,23008500
2016-12-19,65.35235879704999,65.8455836583353,64.88225293243364,65.83787536621094,21685100
2016-12-20,66.11529505136552,66.69329331176127,65.93033725435554,66.68558502197266,14587300
2016-12-21,66.60852829851974,66.90137867128706,66.30026134419971,66.85514068603516,11400500
2016-12-22,66.61626169220119,67.17884365710678,66.43900621576874,66.96305847167969,13924200
2016-12-23,67.04782915906283,67.1634300404505,66.5854315132172,67.08636474609375,10759400
2016-12-27,67.08634630440173,67.17111986880187,66.85514460518255,67.14799499511719,6946400
2016-12-28,67.17113232545317,67.34838189864854,66.54688997367919,66.66249084472656,9455600
2016-12-29,66.72412789297141,66.79348486955163,65.53730396285128,66.19236755371094,14689000
2016-12-30,66.3542279568164,66.60084041991487,66.01513949487156,66.50065612792969,13617800
2017-01-03,67.30983482461777,67.63351838423536,66.26173651056799,67.22506713867188,20550700
2017-01-04,67.38780294849731,67.55828821833695,66.95384474325978,67.34906005859375,15266600
2017-01-05,67.27158151621056,67.50406257045567,66.07044516858095,66.72913360595703,14300800
2017-01-06,66.94611329145988,67.12434955606781,66.5973976196151,66.73688507080078,12893300
2017-01-09,66.4346477517658,67.24056849039886,66.2719075031368,66.78336334228516,12806600
2017-01-10,66.69813691129976,67.34132938208634,66.42691295140146,66.97711181640625,13989000
2017-01-11,66.97709951761973,67.48080444335938,66.5741391243707,67.48080444335938,14713100
2017-01-12,67.23282315227233,67.62803257645942,66.65937159362105,66.8298568725586,21337400
2017-01-13,67.50404872137732,68.32547136330703,66.7213689723808,67.18632507324219,28296000
2017-01-17,65.81469209845066,66.039422121942,64.5360586120797,64.74529266357422,30024600
2017-01-18,64.80732196197415,65.2722841765711,64.34236565961734,65.04755401611328,21270100
2017-01-19,65.14050097034364,65.61320792376483,64.41207205358943,64.55155944824219,16555600
2017-01-20,64.65231371570687,64.96228643587094,64.54382415048514,64.83829498291016,18436800
2017-01-23,64.55156027524436,65.09400797682326,64.4818136209062,64.86927795410156,12179200
2017-01-24,65.03201693771751,65.86894137649693,64.75304212479104,65.65196228027344,15175300
2017-01-25,66.51986830224541,66.77559615962846,66.00066755827574,66.66710662841797,17551000
2017-01-26,66.60512935055517,67.38005816632538,66.60512935055517,67.2250747680664,15962800
2017-01-27,67.15535001832947,67.40332706198929,66.85312226888746,67.36457824707031,12535400
2017-01-30,66.7910980425077,67.03132401701151,66.11690803092586,66.66710662841797,13661900
2017-01-31,66.33389614733657,66.76010930114933,65.16375214415356,65.58221435546875,15655100
2017-02-01,66.28738053909065,66.72133858059362,65.62094159693399,65.83016967773438,15430900
2017-02-02,65.35749916350021,65.79921430262074,65.21801764028933,65.55123138427734,11081400
2017-02-03,66.79110322537947,67.65901954241224,66.54312629019346,67.55828094482422,17885200
2017-02-06,67.25608721767922,67.76753727265498,67.11659976409693,67.24058532714844,11828400
2017-02-07,67.52729668735898,67.72877983534563,67.0158467421469,67.20182800292969,9392800
2017-02-08,66.78336981773109,66.88410844176866,66.15567932903916,66.61288452148438,13970900
2017-02-09,66.61287389075389,67.67452839470955,66.61287389075389,67.57378387451172,13749100
2017-02-10,67.79078409342088,67.79078409342088,67.33357295915404,67.41881561279297,10992500
2017-02-13,67.75977593374759,68.76717982298308,67.75202499034741,68.30997467041016,18739100
2017-02-14,68.42620489755384,69.51110032117023,68.27896655624735,69.4026107788086,17932100
2017-02-15,69.80555825274851,70.41775245576369,69.23985786618876,70.20076751708984,17381800
2017-02-16,70.0535658870965,70.54951985450438,69.56535695100855,70.15430450439453,17672700
2017-02-17,69.60412835740283,70.1078334319241,69.50338970739439,69.9218521118164,15776600
2017-02-21,70.138811213387,70.63476519977262,70.10006240635398,70.52627563476562,14068300
2017-02-22,70.14654783640516,70.75099722757916,70.06905614386608,70.56501007080078,11839000
2017-02-23,70.65798860126476,70.78197410047484,70.1465328974039,70.6192398071289,11067000
2017-02-24,69.8830880964026,70.16206297201605,69.53437245800494,69.99932861328125,15062300
2017-02-27,69.99154724145278,70.30927078864785,69.75906630876197,70.07678985595703,12361000
2017-02-28,69.62734635700556,70.37902818346734,69.42586322845443,70.22404479980469,15183500
2017-03-01,71.90564240309955,72.82780954574751,71.76615498582707,72.53333282470703,24451400
2017-03-02,72.74256104920781,72.78130393785202,71.31668913054635,71.40193176269531,16862500
2017-03-03,71.4019504453517,72.15363244612624,71.4019504453517,71.91340637207031,12817500
2017-03-06,71.4871961750438,71.54144096546214,70.59602669339498,71.2314682006836,15059200
2017-03-07,71.01448063306528,71.36319625701468,70.68126098501313,70.83625030517578,11156800
2017-03-08,71.82038999725805,71.95212645336798,70.59600126906345,70.68124389648438,17378400
2017-03-09,70.98347488369106,71.40193713328743,70.63475929847944,70.9602279663086,13726200
2017-03-10,71.25471274391373,71.29346155530659,70.15431508232342,70.73551177978516,13729900
2017-03-13,70.75875180273671,71.12296931025963,70.46428096647291,70.79750061035156,10004300
2017-03-14,70.53401507636663,71.02222399244404,70.34028288103113,70.91373443603516,10237700
2017-03-15,71.13851147662893,71.71970844649603,70.61930435691093,71.08426666259766,16601400
2017-03-16,71.3166947127966,71.92113821553828,70.96022818328838,71.01447296142578,14492000
2017-03-17,71.16170756289637,71.32444188871303,70.24729141385247,70.27053833007812,21734700
2017-03-20,69.95281932805324,70.65025642206042,69.58085681940771,69.76683807373047,14623600
2017-03-21,70.02257080108578,70.23954993139897,67.46530325156522,67.72103118896484,33089200
2017-03-22,67.33356718902161,68.24798346695619,66.65163193058689,67.82952117919922,21741000
2017-03-23,67.58154376058667,68.5812026785906,67.48855017092193,67.72103118896484,16090100
2017-03-24,68.03101152338579,68.26348665521084,67.24058070336037,67.64354705810547,16093200
2017-03-27,66.27965465910667,67.7287735416506,66.04717958279035,67.60478210449219,16689300
2017-03-28,67.4342949737685,68.98415242205976,67.40330302757121,68.65868377685547,16264400
2017-03-29,68.65868965073999,68.82917493059529,68.25572928109447,68.40296173095703,10207600
2017-03-30,68.34872049346706,69.32513247544166,68.28673068032028,68.99191284179688,11631000
2017-03-31,68.74393815844182,68.76718507818137,68.00000716558601,68.06974792480469,16987600
2017-04-03,68.18598721639668,68.32547464457761,67.10883659798084,67.82176971435547,19831800
2017-04-04,67.72044416221341,68.32836065606783,67.58795076149288,68.04778289794922,14280800
2017-04-05,68.91289807557877,69.00642597894058,67.12811405666048,67.17488098144531,17635500
2017-04-06,67.0111883634082,67.73601301094219,66.4422375545286,67.40087890625,14379600
2017-04-07,66.97223840633328,67.65809184103037,66.80077356110708,67.16708374023438,13097100
2017-04-10,67.08915316507375,67.5645763006237,66.55917356870046,66.93327331542969,15081600
2017-04-11,66.6682913510155,66.86313671762022,66.09155073080397,66.81637573242188,14690500
2017-04-12,66.97225245651467,66.98783747016496,66.27080791807236,66.5591812133789,14730600
2017-04-13,66.63711115512376,67.79838780154373,65.77979278564453,65.77979278564453,30529800
2017-04-17,65.81096631831686,67.08915131918901,65.75640985899457,66.91768646240234,19071700
2017-04-18,66.52799762175137,66.73842798608321,66.04477900700024,66.37212371826172,14127000
2017-04-19,66.63711072676081,66.96444949271455,65.74861639276733,65.82655334472656,17588500
2017-04-20,66.23183923046817,66.85534083209234,65.89670496409454,66.67608642578125,15635800
2017-04-21,66.63709486329239,66.77738372190548,65.86550911402377,65.87329864501953,19820600
2017-04-24,67.4554444343211,68.62451622038415,67.35412107395673,68.19585418701172,25468300
2017-04-25,69.0142293404311,69.46626605945976,68.7882080078125,68.7882080078125,18253800
2017-04-26,68.85834813176982,69.40391870034045,68.69467874506114,68.92070007324219,12832200
2017-04-27,68.87393244658217,68.87393244658217,67.81397332863038,68.28160095214844,13329000
2017-04-28,68.27381820141689,68.46866357639023,67.76721903724442,67.80619049072266,10755600
2017-05-01,68.086767876781,68.38293070423659,67.4632603023168,67.85295104980469,15712300
2017-05-02,67.58015802196184,67.7126514280519,67.04238297273889,67.41648864746094,14414200
2017-05-03,67.07356997803603,67.8841274514702,67.04239400449522,67.80619049072266,11540500
2017-05-04,68.34395523349035,68.37513120228938,67.47104594574189,67.88411712646484,11540100
2017-05-05,68.001035865696,68.0711773465061,67.35414779369437,67.80619049072266,9436000
2017-05-08,67.83735614637034,68.05558198175544,67.53339788333994,67.88411712646484,8162200
2017-05-09,68.00882192924337,68.46085861747446,67.41649040639916,67.61133575439453,10273900
2017-05-10,67.43986724150137,68.18028309147788,67.39310626330354,68.14131164550781,8334900
2017-05-11,67.87630766234017,68.18027180894923,67.29956722391117,67.93087005615234,10907400
2017-05-12,67.55677795439823,67.84515120434465,67.29178519435406,67.74382781982422,8738800
2017-05-15,67.88410951717374,68.18806774613275,67.69705967155453,68.07115936279297,8835600
2017-05-16,68.0867556134986,68.65570067247975,68.07116465653021,68.28160095214844,9795000
2017-05-17,68.2816275140838,68.2816275140838,65.44467875544973,65.6784896850586,24679700
2017-05-18,65.5225991966714,66.09155027960485,64.96923907283676,65.4368667602539,23350100
2017-05-19,65.63171864225968,66.51241764011218,65.58495765273756,66.07596588134766,13412900
2017-05-22,66.38771657712961,66.47344901804493,65.63171556880846,66.01361083984375,11636000
2017-05-23,66.05256021959418,67.08134322056436,65.86551038656515,66.83973693847656,11753000
2017-05-24,66.93326702068637,67.00341443298126,66.4344634411519,66.80077362060547,9833800
2017-05-25,67.0190139536436,67.08916138112608,66.30977987608384,66.52021026611328,12238500
2017-05-26,66.33313169770635,66.68385084489532,66.2629843005447,66.5279769897461,8113500
2017-05-30,66.34871885095774,66.36430980470084,65.29655542914949,65.39008331298828,12603200
2017-05-31,65.25759258583666,65.32773404190765,63.628682733552715,64.02616882324219,28327900
2017-06-01,64.26779255429028,64.75101118566093,63.63649549337402,64.73542022705078,17123500
2017-06-02,64.13528354860719,64.68084804318968,63.89367726475024,64.40806579589844,14998500
2017-06-05,64.40809309999187,65.08615721316905,64.36133210812088,64.5250015258789,9080200
2017-06-06,64.13529423693753,64.86011915550957,64.01059036241811,64.65747833251953,12196800
2017-06-07,64.93023191891612,65.55373912343791,64.76656261562538,65.39786529541016,13711100
2017-06-08,65.39786871621592,66.81634203180481,65.3822777648744,66.20841979980469,17951000
2017-06-09,66.64492345267718,67.84517185132488,66.55139551839729,67.7750244140625,19120200
2017-06-12,67.77499742296372,68.38291388815834,67.72044096957978,67.79058837890625,16053400
2017-06-13,68.23483331530737,68.46864413114723,67.79058622438365,68.0166015625,12557200
2017-06-14,67.62691808754569,68.04778473609228,66.88650817297037,67.8763198852539,16175700
2017-06-15,67.2216370405211,67.86852494579793,67.21384156259282,67.47103881835938,12509700
2017-06-16,67.68926780799947,67.77500023061256,67.04237987235798,67.16708374023438,16936600
2017-06-19,67.78277295031074,68.76479476838892,67.68924508080616,68.64009094238281,15972300
2017-06-20,68.39072428341703,68.52321770679052,68.09456146419237,68.21146392822266,11197800
2017-06-21,68.18029705735668,68.23485352516529,67.61914141920583,67.89971923828125,10005900
2017-06-22,67.75159775351668,68.08673185690887,67.53337200176469,67.82173919677734,12180600
2017-06-23,68.32056704465124,68.58555383027047,67.5022143079662,67.69705963134766,18812000
2017-06-26,67.81397072286268,68.32835930510468,67.51001248194521,67.99322509765625,10082400
2017-06-27,68.35955703893322,69.31819898984013,68.19588762218511,68.62454986572266,15415200
2017-06-28,69.05320475760871,70.19889659773663,69.05320475760871,70.0040512084961,17466200
2017-06-29,71.9680864884973,72.20969880240064,70.38594295899802,71.0406265258789,27697800
2017-06-30,71.67190236209439,71.70307832708583,71.0484009008876,71.2354507446289,16892700
2017-07-03,71.75269701529163,73.25734531137442,71.63515150529204,72.68526458740234,13208100
2017-07-05,72.97521007010545,73.50026651000299,72.57553747635666,73.4140625,17535400
2017-07-06,73.30436782289912,74.06452738645628,72.78714363283933,73.1789779663086,16596100
2017-07-07,73.63349863831968,73.79806832170871,73.061423926384,73.54729461669922,12817800
2017-07-10,73.27300275899334,73.41406332431703,72.95169581284428,73.03006744384766,13987200
2017-07-11,73.13977426916728,73.13977426916728,72.31692004565059,72.74794006347656,13262300
2017-07-12,72.57554278095871,72.74795081356613,72.1523610588086,72.49717712402344,13540100
2017-07-13,72.63820993890039,73.1789369503528,72.36392127607361,72.95951080322266,12820100
2017-07-14,71.16492682448046,72.5755323624834,70.98468643729512,72.29341125488281,22235200
2017-07-17,71.95643874113082,72.08966094621113,71.50974795198465,71.61946105957031,14374200
2017-07-18,70.88279871044466,71.76834775801457,70.78092397901476,71.3686752319336,14719400
2017-07-19,71.58027890910098,71.79971111442232,71.31383448529945,71.47056579589844,11651200
2017-07-20,71.43138595770682,71.87807676972183,71.23546882999995,71.47056579589844,11561700
2017-07-21,71.3608528274053,71.5959557726968,70.93767111323037,71.22763061523438,10971300
2017-07-24,71.28249806640711,71.73702730801664,71.24331822214799,71.53327178955078,10725100
2017-07-25,72.38746382333603,73.28867784416056,72.30909218768488,72.72444152832031,16447700
2017-07-26,72.95950815605563,73.03004140302495,71.84670074803459,72.04261779785156,11815500
2017-07-27,71.96428402437054,72.14452444178296,71.43922753341572,71.74485778808594,12332400
2017-07-28,71.66649402208273,71.90159700330618,71.24331822214799,71.53327178955078,9351900
2017-07-31,71.71348560458046,72.37960244333928,71.7056472477251,71.94075012207031,11520300
2017-08-01,72.48148905942449,72.99087471814182,72.31691941194636,72.90467071533203,12523700
2017-08-02,72.77928271796299,73.04572709038253,72.49716163015694,72.96736145019531,10165600
2017-08-03,72.6460424725734,72.9830200503662,72.28555580452525,72.48931121826172,11078800
2017-08-04,73.27299428227163,73.97829702729581,73.24948518725671,73.39838409423828,14324000
2017-08-07,73.57861386308271,73.81371673715374,73.43755333442297,73.68048858642578,7978300
2017-08-08,73.62565035615175,74.62091266112596,73.35136758746765,73.4140625,13745400
2017-08-09,72.86548714663256,73.41405261010132,72.74793569619922,73.29650115966797,11214400
2017-08-10,72.80280282788932,72.93602503425689,72.15235655597803,72.24639892578125,13252300
2017-08-11,72.19936340942765,72.6225450386894,71.50189905163931,71.64295959472656,10679500
2017-08-14,72.38745470419839,72.80279801359386,72.35610724967026,72.48149108886719,10994800
2017-08-15,73.12408635850153,73.3200034313548,72.60686839520449,72.66956329345703,8812700
2017-08-16,72.91250303636176,73.06140193414366,72.00344489251532,72.16801452636719,11085400
2017-08-17,71.90943101811945,72.06616234351877,70.92200692713664,71.03955841064453,13837500
2017-08-18,70.77307643568726,71.73699099608721,70.67904007393108,71.11005401611328,13040700
2017-08-21,71.19628039816513,71.26681367058568,70.65555321121576,71.02387237548828,11502100
2017-08-22,71.36868206954689,71.87022937510946,71.3138255198421,71.75267791748047,9211800
2017-08-23,71.21195886202426,72.36394653658878,71.18844378469683,71.8388900756836,8811300
2017-08-24,72.04264331010809,72.19154223395059,71.63513833290233,71.7213363647461,8623200
2017-08-25,72.00346840264352,72.47367434308039,71.94077945897992,72.01130676269531,11794600
2017-08-28,72.22288548672856,72.24639458303723,71.41570198033185,71.78402709960938,7292900
2017-08-29,70.88281852727879,71.55677396402449,70.77310540770779,71.39220428466797,10886100
2017-08-30,71.50975212697266,72.00346113993257,71.46273392923827,71.55677032470703,9165300
2017-08-31,71.94860421171778,71.9799516696844,71.15710331899669,71.22763061523438,13217400
2017-09-01,71.50974022867551,72.37961261552385,71.27463732128909,71.86238861083984,9815800
2017-09-05,71.32948346721875,71.40001672071497,69.76214692364721,70.14614868164062,16897300
2017-09-06,70.53012903845244,70.93763381995285,70.24800804398559,70.6163330078125,11845700
2017-09-07,70.6163715373212,70.63204227715819,69.02552538208691,69.378173828125,14592300
2017-09-08,69.20575004375337,70.07562239017072,69.15089349843494,69.29195404052734,14242200
2017-09-11,70.05210918053079,70.72606439994036,69.7072932136939,70.3655776977539,13219000
2017-09-12,70.6633883296678,71.50975175801766,70.60853177295529,71.22763061523438,14003800
2017-09-13,71.00820712449934,71.7056716491118,70.78094252967152,71.43138885498047,12485400
2017-09-14,71.4705388031387,71.72915074897995,71.11005214177544,71.29029846191406,10562800
2017-09-15,71.3765314095411,71.87024043284484,71.12575771817654,71.79971313476562,18171800
2017-09-18,72.04262859764619,72.99086654343947,71.97993369736693,72.8184585571289,11318700
2017-09-19,72.65390585485451,73.94696007452228,72.50500692672979,73.6178207397461,12626100
2017-09-20,73.74319084777454,74.67575810142942,73.43756066830892,74.13502502441406,15311600
2017-09-21,74.02531699868615,74.73845811884826,73.81372915954486,74.47200775146484,10851500
2017-09-22,74.21341161720176,74.43284384036251,74.0018237327998,74.31529235839844,8358300
2017-09-25,74.06448020475163,74.35443360030112,73.23378788131346,73.75885009765625,10463400
2017-09-26,73.49243582484029,73.6883529627734,73.14761974882472,73.42974090576172,9358100
2017-09-27,74.4249841968875,75.01273545970939,74.1193540185333,74.58955383300781,15090200
2017-09-28,74.91085411960388,75.1381186567928,74.37796538553813,74.74628448486328,10270400
2017-09-29,74.68359777980446,74.85599979828606,74.46416561471713,74.8481674194336,11438400
2017-10-02,75.0519169798473,75.92178934672408,74.80898169899682,75.89044189453125,13797200
2017-10-03,75.88260284221211,76.35280262592276,75.8355786786008,76.29010772705078,9633500
2017-10-04,76.25094008817001,76.36065318927633,75.45159494706324,75.51428985595703,12166600
2017-10-05,75.6719390088466,76.77548932216537,75.3172292002888,76.5311279296875,14236200
2017-10-06,76.89373386045742,76.9646734220944,76.04242303761856,76.39713287353516,10231900
2017-10-09,76.42865836303675,76.51536627503829,75.78229411875789,75.99512481689453,7765100
2017-10-10,76.03452699853592,76.60206745856215,75.86111118976514,76.56265258789062,10631500
2017-10-11,76.32618250578938,76.46806762284137,75.78228855477921,76.33406066894531,14283600
2017-10-12,76.69667336181024,76.85432084517703,75.37241405438486,75.6640625,18251600
2017-10-13,75.26204428034131,76.23158753187025,74.85215128490836,75.56157684326172,13190600
2017-10-16,75.9399329013513,77.20901472581413,75.9399329013513,77.12230682373047,12434000
2017-10-17,77.30362342163434,77.39033134235657,76.71243633336432,76.94891357421875,10335700
2017-10-18,77.36665467105634,77.68195553136665,76.9567617484938,77.24053192138672,10158600
2017-10-19,76.60997120156323,77.40609887044651,76.53114144008718,77.33515930175781,9133900
2017-10-20,78.25739019892391,78.73822275707074,77.82385668860239,78.43869018554688,15326600
2017-10-23,78.43868681751403,78.81704310068079,78.22585614610111,78.30467987060547,9238600
2017-10-24,78.73034505411223,79.76295582012288,78.6357589784137,79.55012512207031,13000800
2017-10-25,79.81024438835055,79.96789184826298,78.9747020258575,79.62894439697266,14632700
2017-10-26,79.88907826058957,80.73250490731465,79.86543173998719,80.19649505615234,13054400
2017-10-27,79.95212903736298,80.5827309010323,79.65259645974584,80.22013092041016,10400400
2017-10-30,79.71564075949615,80.346242535551,79.51070029406293,79.93635559082031,8839500
2017-10-31,79.90482671470069,80.16494439040432,79.27422492432937,79.30575561523438,8690200
2017-11-01,79.69201024948354,80.16495866957251,79.40036183092583,79.55012512207031,8418200
2017-11-02,79.51072775130399,80.22014747701753,78.95107133837608,80.07826232910156,8731800
2017-11-03,79.69199424532034,80.03094164752358,79.40034588533297,79.93635559082031,7103500
2017-11-06,79.8811759555,80.15706800356372,79.34517223983553,79.43975830078125,8121500
2017-11-07,79.26632857398141,79.41609782931171,77.44547505439083,77.839599609375,18822600
2017-11-08,77.46124785652243,77.54007758926096,76.57841258294783,76.96465301513672,18524700
2017-11-09,76.5547842435176,77.42185738471458,76.31042283897007,76.956787109375,13697800
2017-11-10,77.09865377330328,77.516424894919,76.85429844115771,76.8621826171875,9314000
2017-11-13,76.21582654690803,77.28784607328107,76.16064933660347,77.13807678222656,9303100
2017-11-14,76.72818135895452,77.0750129635645,76.34194089900728,76.67300415039062,11043800
2017-11-15,75.97934234823919,77.8317268249867,75.63251076465836,77.398193359375,15384100
2017-11-16,77.6661971440307,78.08396828164301,77.49278134792043,77.61890411376953,9808000
2017-11-17,77.10654799558131,77.57161822010578,76.90948566621068,77.3587875366211,9017900
2017-11-20,77.60313201874251,78.15491007192645,77.05924415537423,78.0445556640625,9483200
2017-11-21,78.4307852045118,78.47020006493378,77.96572112362188,77.98148345947266,13389400
2017-11-22,78.06032353069068,78.44656398556982,77.71349193063166,77.7529067993164,7342200
2017-11-24,77.90270322285015,77.95788044991225,77.45340122709673,77.50069427490234,3680000
2017-11-27,77.49278512617553,78.13914929800526,77.19325256347656,77.19325256347656,13076200
2017-11-28,77.4139780474534,80.16496695418509,77.22479986264037,79.89696502685547,16773000
2017-11-29,80.72461731907445,82.15134669160742,80.36990150985126,81.76510620117188,21105500
2017-11-30,82.56122555229813,84.07466869733841,82.00945347755632,82.38780975341797,23945900
2017-12-01,82.68734724157076,83.01841048209738,80.55907066561856,82.60063934326172,19683500
2017-12-04,84.91809262801664,85.44621817148844,84.16136807114839,84.30325317382812,23576600
2017-12-05,83.22336292478683,84.66586059383017,82.07251966309269,83.3337173461914,17193900
2017-12-06,83.19971526169009,83.36524689151649,82.3956976152591,82.71099853515625,15476200
2017-12-07,81.93852784436038,82.91596149141833,81.76511801717206,82.46665954589844,13371800
2017-12-08,82.5691103188263,83.50712886645537,82.24592523426466,83.4992446899414,13506900
2017-12-11,83.33370652986305,83.60170837167023,83.01052147065118,83.2548828125,10591200
2017-12-12,84.27173294489194,84.6343268900207,83.19182927227942,84.22443389892578,15508800
2017-12-13,84.10620263274657,84.42938775057058,83.14454348433043,83.1681900024414,15020300
2017-12-14,83.64903532989433,83.90915308261668,82.48242347644253,82.4981918334961,13034200
2017-12-15,83.38887840422535,83.96429691667971,82.92380827793583,83.66476440429688,29350600
2017-12-18,84.49245723923126,84.8392828945409,83.93280087279454,84.3111572265625,12713100
2017-12-19,84.61855500507642,84.72890941795049,83.901251321395,83.95642852783203,12149900
2017-12-20,84.81560744306937,84.91808368157005,83.62534954120218,83.66476440429688,13091500
2017-12-21,84.0194843286083,85.18609585995672,83.99583781342295,84.99691772460938,12323700
2017-12-22,85.28857468996718,85.49352119866302,84.19290860764973,84.6973876953125,14573400
2017-12-26,84.50032169758848,85.12303935993768,83.8697258723019,84.35843658447266,7403700
2017-12-27,84.08255846542127,84.57127523755095,84.08255846542127,84.51609802246094,9496500
2017-12-28,84.65799152301878,85.00481718909184,84.46881334026385,84.96540832519531,7440600
2017-12-29,85.20188463078746,85.35165395857666,84.29540252685547,84.29540252685547,8925700
2018-01-02,84.8392750369635,85.14669180112756,84.19291081309738,85.09151458740234,13578800
2018-01-03,85.02056757685575,85.51716245683312,84.7210350163104,85.17821502685547,11901000
2018-01-04,85.8596431433214,87.18287538795049,85.73286336062525,86.39844512939453,12953700
2018-01-05,86.57276746305108,86.80255129366749,85.4000786111454,85.84379577636719,14155000
2018-01-08,85.69325780871105,86.11320530193157,85.33669416800416,85.9705810546875,12466500
2018-01-09,86.14491611619285,86.86595668852648,85.96267163801937,86.4063949584961,13292300
2018-01-10,86.73915667663373,87.71375054648767,86.67576678642737,87.35719299316406,15834500
2018-01-11,87.69001562443255,87.8960298267065,87.19875889349586,87.82471466064453,13676800
2018-01-12,88.46647368626962,89.41729766293267,87.82466175909022,89.27467346191406,18884200
2018-01-16,88.35555501405001,89.87687597713163,88.00691669306343,88.9577407836914,22703300
2018-01-17,88.6566617544596,89.77388597848392,88.19709408591658,89.52825164794922,14940300
2018-01-18,89.34599455028493,90.10665499143984,88.95773606063935,89.74217224121094,14572900
2018-01-19,90.28099645886421,90.597933853794,89.37771158388902,89.54410552978516,18785500
2018-01-22,89.26677927735598,90.63755099527789,89.13999948750329,90.59001159667969,12475700
2018-01-23,90.06703854445642,90.83562426400037,89.81348505354222,90.49491119384766,12320800
2018-01-24,91.00998059059727,91.9132656487017,90.8515118610049,91.65178680419922,15904500
2018-01-25,91.94495645053563,92.04796051559855,91.18429570150093,91.67555236816406,13510000
2018-01-26,91.67552363595783,92.16678619384766,91.0891822924839,92.16678619384766,13883900
2018-01-29,91.92909206187379,92.982926437905,91.92909206187379,92.07171630859375,11679900
2018-01-30,91.54083383274988,92.38865401192355,91.10504191637055,91.20804595947266,14279100
2018-01-31,91.6359423493178,92.43622333770665,91.24768973018034,91.65178680419922,13141400
2018-02-01,91.73101166897506,92.69768653688165,91.50123384842118,92.60260772705078,13800600
2018-02-02,92.30148165379576,92.64219472794075,90.39982742706071,90.55037689208984,16477300
2018-02-05,89.53618906424498,90.79603165469481,82.38914371209941,86.20829772949219,30097600
2018-02-06,84.66319391073485,89.1241597686556,84.47303026105166,88.83098602294922,33114800
2018-02-07,88.38727257724973,90.68509905854526,88.07032911752817,89.43318176269531,21878300
2018-02-08,89.62333900222151,89.62333900222151,85.44762176320404,85.47931671142578,27425800
2018-02-09,86.44600252121094,87.99109970720899,84.17194561372983,87.1908187866211,28188000
2018-02-12,88.08617642862009,89.32225535712622,87.2145864199975,88.5378189086914,18043300
2018-02-13,88.20502611159887,89.57580397442503,87.79300385499309,89.08454132080078,16358200
2018-02-14,89.24301382828068,91.33483224062552,89.16377947307852,91.14466857910156,15186900
2018-02-15,91.7072628712423,91.90535183046967,90.50288465902591,91.5250244140625,12130200
2018-02-16,90.76434365731664,91.96872160575643,90.72472345607048,90.86734771728516,13214300
2018-02-20,90.84356625267039,91.42990767499481,90.30476422953105,90.89110565185547,13461500
2018-02-21,91.12088910825302,93.06215780596028,90.85941032344385,91.27143859863281,14212500
2018-02-22,91.51705605574382,92.25394687877959,90.93071470526999,91.10503387451172,17070400
2018-02-23,91.36652172023862,93.01462280859938,91.36652172023862,92.95123291015625,12162500
2018-02-26,93.60890370802929,94.2110957442223,92.95917226338753,94.10808563232422,16511200
2018-02-27,94.2190059362884,94.55179383263338,92.98292710741738,92.99085235595703,17563300
2018-02-28,93.35533160845057,93.8862083815023,91.39028716458459,91.5170669555664,17735600
2018-03-01,91.50125448727826,92.42038411239271,89.25888602334237,89.87692260742188,18690000
2018-03-02,89.05284295712836,89.97989753284723,88.04655403262207,89.78973388671875,18353700
2018-03-05,88.78344812020717,91.85778569694297,88.65666832148312,91.1684341430664,13933000
2018-03-06,91.62801565656814,91.77063992903341,90.58210634022093,91.24768829345703,10674400
2018-03-07,90.13044839532351,91.20012723317438,89.62334130115431,90.9069595336914,13006500
2018-03-08,91.20805259024002,91.3031374374574,89.70257575786204,90.91487884521484,11173700
2018-03-09,92.34903224271403,93.56133514190704,91.65175556173008,93.5296401977539,15366600
2018-03-12,93.49795174819862,94.09221839066598,92.90368510573124,93.22855377197266,12339300
2018-03-13,93.65643446763316,93.87037387628469,91.77855546499092,92.11134338378906,13312300
2018-03-14,92.35695349699706,92.38072319434195,90.80393747014102,91.08126068115234,12905100
2018-03-15,91.81025361461002,91.91325767539018,90.98620299278669,91.31106567382812,8748000
2018-03-16,91.39028780572608,92.38865750853577,91.39028780572608,91.46952819824219,19888900
2018-03-19,91.20012418002518,91.47744741830341,89.7738877923686,90.74848175048828,13214900
2018-03-20,91.01790732447427,91.47746906586202,90.6851133145936,90.83566284179688,9921200
2018-03-21,90.9703434947933,92.41243042902636,90.49493134909325,90.91487884521484,13633000
2018-03-22,89.69463144244685,90.01157482060374,86.79461373851287,87.11947631835938,22550400
2018-03-23,87.37305303982704,87.88808541060347,84.59188911898312,84.78997802734375,23081500
2018-03-26,86.51731257870907,88.07825412629693,86.08943981603063,87.40474700927734,20217500
2018-03-27,88.00693113130416,88.49819375099972,85.0197533529373,85.70909881591797,18039900
2018-03-28,85.79626809777821,86.50146413676946,84.50473057534126,85.57440948486328,19189300
2018-03-29,85.97057424357506,87.77714386874375,85.40007729979698,87.13533782958984,13274600
2018-04-02,87.12741418595807,87.73753133519635,84.05307687644947,85.4555435180664,18822500
2018-04-03,85.85966412592597,86.76294914020849,84.98807406506319,86.62825012207031,14050700
2018-04-04,84.86127245375349,88.11785402750967,84.79788256319648,87.94353485107422,15302600
2018-04-05,88.89919606000652,89.85484816826603,88.70806806869433,89.0982894897461,16627000
2018-04-06,88.03911475455725,88.83548845265058,85.86501188538884,86.87640380859375,18906000
2018-04-09,87.60906959932365,89.97430038381577,87.51350257111474,87.9196548461914,15974300
2018-04-10,89.29737260732098,89.88669346590613,88.73194806125841,89.5999984741211,13951400
2018-04-11,88.92308559588218,89.04253678393965,88.01521403570361,88.09485626220703,14503300
2018-04-12,88.8434411744111,91.09718002976314,88.79566070036857,90.28488159179688,16435500
2018-04-13,91.59888993145407,91.70242238927744,86.84454458436849,87.84001159667969,39152800
2018-04-16,88.34968115456908,88.77175815234021,87.43385038205463,87.76832580566406,16580500
2018-04-17,88.69212201469718,89.13012380965777,87.59312265734069,87.76832580566406,15501400
2018-04-18,88.02319716230534,88.45323975327831,86.71714458639484,87.05958557128906,16081400
2018-04-19,87.22681809962926,89.09033588180395,87.20292785865324,88.97087860107422,17911000
2018-04-20,89.43276589871554,89.78316618322094,88.30191066553077,88.77177429199219,15584400
2018-04-23,88.85139150763256,89.15401125153878,88.10279847036475,88.34171295166016,11285800
2018-04-24,88.99475001485662,89.91058087223736,87.27458011829646,87.9276123046875,16453100
2018-04-25,87.81610800979796,88.02316683244305,86.48616564972907,87.59312438964844,13548200
2018-04-26,87.5771987252824,88.25411501570684,87.07547950906418,87.68072509765625,10299500
2018-04-27,87.24274829542078,87.72853677763389,86.90826669682266,87.123291015625,9384000
2018-04-30,87.40201533706102,87.8400233112311,86.60564162100579,86.62953186035156,13744900
2018-05-01,86.36672707584951,86.78084481067383,85.64203015368088,86.62953186035156,10503400
2018-05-02,86.0959387623421,87.19493199471377,85.79331902248984,85.94462585449219,12162100
2018-05-03,85.68182859149894,85.82517607564657,83.76257146713985,85.4030990600586,15379100
2018-05-04,84.75805217850292,86.59767346049199,84.39968644788267,86.35079956054688,11967900
2018-05-07,86.61359971091234,87.34626200931862,86.29504903634695,87.0993881225586,9356700
2018-05-08,87.22681381917002,88.66824832858454,87.0277203863404,88.38951873779297,12543200
2018-05-09,88.74787732513578,90.49989684237268,88.42136122758929,90.31673431396484,11368100
2018-05-10,90.14151511640837,91.13698195504405,89.79110884493745,91.01752471923828,9159700
2018-05-11,91.17681543478713,91.36794948109564,90.52378929952131,90.67510223388672,10253000
2018-05-14,90.87421561462797,91.34407324441095,90.57955511869376,90.70697784423828,8710700
2018-05-15,90.71494247119097,90.71494247119097,89.64779841978685,90.01412963867188,11536200
2018-05-16,89.9026282160464,90.53972961849782,89.6955693488723,90.26099395751953,7571100
2018-05-17,90.14947907678784,90.3167228609587,89.35310556524078,89.9583511352539,8617200
2018-05-18,89.79113466118532,89.83095577651886,88.27005797801176,88.50100708007812,11806300
2018-05-21,89.2336725636244,89.62389396247869,89.13014009750563,89.31330871582031,9441900
2018-05-22,89.47259745471891,91.01756460966813,89.42481696979472,89.99820709228516,11507600
2018-05-23,89.60000680423052,89.80705959188717,88.49304784586542,89.58407592773438,11453900
2018-05-24,89.30535493718438,89.31332037619859,87.69668257974884,88.58065795898438,14084800
2018-05-25,87.96745345937062,88.46120742647801,87.76039456015137,88.1267318725586,8283500
2018-05-29,86.94806985065344,86.96399464927276,83.58737228807848,84.35985565185547,30643800
2018-05-30,85.72165432716476,86.4861722586046,84.93324615971873,86.28707885742188,17490800
2018-05-31,85.9685426268272,86.15967669864789,84.75009177925524,85.21995544433594,19808200
2018-06-01,86.2791253717892,86.75695446149685,85.84908891241116,86.32691192626953,13594200
2018-06-04,86.79676461796379,87.01178891140336,86.22337460325686,86.3667221069336,9415400
2018-06-05,86.19948635958009,86.25523227475249,85.26773060204886,85.88093566894531,10415200
2018-06-06,86.53396175086041,88.19041428741812,86.39061425409739,87.8877944946289,15453600
2018-06-07,88.54082476297084,88.79566409401838,87.62499382844571,88.23820495605469,13444400
2018-06-08,88.09485551629925,88.50896714170608,87.64888213988175,88.48507690429688,10383200
2018-06-11,88.49303402727463,89.12216988194855,88.21429841476031,88.2620849609375,12642900
2018-06-12,88.50897878557586,88.81956406445248,87.21885111311559,87.75242614746094,15294100
2018-06-13,87.96743851533205,88.75584678016335,87.26663184390968,87.57721710205078,14979700
2018-06-14,87.82408247930263,87.887793827569,85.83314841484311,86.03224182128906,20487300
2018-06-15,85.84909003890924,86.31098218205194,84.63063313518548,85.92872619628906,26028600
2018-06-18,85.4190330065093,86.32689841348646,84.96510030302072,86.15169525146484,9786800
2018-06-19,85.13234977612632,85.91279259993458,84.89343523569977,85.64999389648438,12707200
2018-06-20,86.15171516759528,86.51804637475972,85.56240027570901,85.64203643798828,8876900
2018-06-21,85.29160222862454,86.17557731621066,84.83766956817607,85.61811828613281,11048700
2018-06-22,86.1357702221105,86.30300794654234,84.02537899806404,84.21650695800781,19478900
2018-06-25,84.14483542247649,84.17668501894642,82.79099669027137,83.45198822021484,16907600
2018-06-26,83.38828656933143,83.78647340582476,82.11408990772256,83.50774383544922,17086800
2018-06-27,83.36440094646949,84.35190265440498,82.20966148705011,82.21762084960938,16276800
2018-06-28,82.56802470537541,83.98556890630059,82.43264263581494,83.56349182128906,14491300
2018-06-29,84.95713347379267,85.13233663294345,82.94230929525516,82.98212432861328,18972400
2018-07-02,82.59986153166618,83.6908893531753,82.32909137848992,83.68292999267578,11130000
2018-07-03,83.94575071930237,84.24040508602017,82.44059890670127,82.51227569580078,8311700
2018-07-05,83.37702857539611,83.57720391097324,82.89660899178426,83.04874420166016,10723400
2018-07-06,82.5683287413914,83.67329444976565,81.83167882694181,83.32098388671875,12173700
2018-07-09,83.8414438381893,86.04337271385492,83.8414438381893,85.89924621582031,13900800
2018-07-10,86.49175795834891,86.79602838390552,85.29871464603103,85.37078094482422,14575900
2018-07-11,85.12255741696934,85.7230834213796,85.04248850482125,85.18661499023438,10186500
2018-07-12,86.01132346161438,86.12342114354267,84.85030913784327,85.55492401123047,12456800
2018-07-13,85.91526659088743,86.31561730918817,84.18574855557196,85.16260528564453,21289100
2018-07-16,85.71508989180624,88.69369405795271,85.659041036475,88.54156494140625,24662600
2018-07-17,88.62963612985742,88.82180274715509,87.8769748912138,88.47750091552734,14821900
2018-07-18,88.4134517457697,89.77464786227846,88.23729645113833,89.30223083496094,14244900
2018-07-19,88.92591699320685,88.94993706358586,87.86098851690394,87.98909759521484,16775300
2018-07-20,88.07716150868949,89.47038035298043,87.90100620825332,89.10205841064453,13578100
2018-07-23,88.92589921061229,91.47213001237856,88.82181022349518,90.75950622558594,18140000
2018-07-24,90.91962778246615,91.9044868816852,90.8155327121223,91.4000473022461,14000400
2018-07-25,91.18385553081642,92.49700508317858,90.78350490853855,92.22476959228516,13329100
2018-07-26,92.41694025665657,92.55305800810692,91.74435411382007,91.96054077148438,11897800
2018-07-27,92.22477772352325,93.12156539568495,91.92851603772529,92.9053726196289,12802700
2018-07-30,93.10556963598174,94.17050409932207,92.929414328197,93.46588897705078,13411600
2018-07-31,93.74612447387378,93.74612447387378,91.93653753963369,92.0406265258789,15843800
2018-08-01,92.68117578557167,93.43383696493098,92.30484519589201,92.60911560058594,13531600
2018-08-02,91.7363627454825,93.08154139450616,91.54419611244114,93.00147247314453,11058100
2018-08-03,92.88135075929061,93.78614102870225,92.83331063614882,93.75411224365234,11016100
2018-08-06,93.5139119233179,94.10642921515387,93.025483608373,93.77814483642578,9857400
2018-08-07,94.27458089382321,94.71496910628764,93.9462964972408,94.12245178222656,10562100
2018-08-08,93.9462914520344,94.69894657173525,93.90625394073619,94.31461334228516,8997100
2018-08-09,94.09042909953986,94.258575670975,93.44185677101318,93.58598327636719,9694200
2018-08-10,92.4810123803453,92.84132556944924,91.82443747186983,92.66517639160156,12630600
2018-08-13,92.52904910496454,92.78527330106623,91.13583042046577,91.19187927246094,10336300
2018-08-14,91.49613699889107,92.11268043524807,90.99970609097721,91.80040740966797,10597600
2018-08-15,91.13582787779563,91.5441872788625,90.45523294859524,91.03974151611328,10152100
2018-08-16,91.56019129929271,92.3288638047091,91.52015990010815,91.896484375,10118600
2018-08-17,91.79239540648089,92.13669720557151,91.52015990010815,91.896484375,8505100
2018-08-20,91.75236390396101,92.12069189731004,91.36803068052981,91.7763900756836,8618700
2018-08-21,92.37692869045206,93.19364148336076,91.98458058069797,92.3368911743164,10976700
2018-08-22,92.32887616782591,92.4089511946494,91.9045054046756,92.056640625,8314700
2018-08-23,92.04862933081928,92.20076454689652,91.62425857951615,91.86447143554688,9265400
2018-08-24,92.0646528743753,92.25681950660214,91.64027598610983,91.8244400024414,8845700
2018-08-27,92.2568313081421,93.90627450589325,92.2167937880758,93.44987487792969,13768000
2018-08-28,93.68205762682604,93.70607768982454,92.85733621658972,92.99345397949219,8302600
2018-08-29,93.16159694060775,93.17761438790072,92.36890434786076,92.6891860961914,7221700
2018-08-30,92.5530637305958,92.91338299413589,92.064641539832,92.2327880859375,8991800
2018-08-31,91.94453721434861,91.95253982944104,91.13582714276086,91.7443618774414,13065700
2018-09-04,91.55221037991366,92.27284298161511,90.98371302436803,92.2007827758789,10174200
2018-09-05,92.08066325599852,92.64115180618387,91.48013719128548,91.75237274169922,11462400
2018-09-06,91.6803205749929,91.84045842939346,90.87961908525497,91.36003875732422,9877600
2018-09-07,91.68030507701103,91.89649175479354,90.98369269950467,91.53617858886719,10955600
2018-09-10,91.96055145677755,92.05663782071858,91.00772097704568,91.0477523803711,8276900
2018-09-11,90.91162106297669,91.7443510997495,90.62336812298358,91.6242446899414,9333800
2018-09-12,91.48014662295395,91.98458637012887,90.35916329814204,90.54332733154297,10800800
2018-09-13,90.77550668922365,91.38403526616362,90.21501212557978,90.8956069946289,12470800
2018-09-14,91.12782363142277,91.6723008233098,90.6634214659722,90.87960815429688,10337900
2018-09-17,91.11180118109652,91.62424952169333,90.71945925664154,91.1518325805664,9561300
2018-09-18,91.54419218363152,91.80842511076523,90.92764868698623,91.52017211914062,7944200
2018-09-19,91.63228156040017,94.5308170790029,91.63228156040017,94.17851257324219,16052800
2018-09-20,94.88311652188095,95.47563385128169,94.54682339780489,94.9872055053711,15590000
2018-09-21,95.38754470799013,95.46761972595455,94.274570377586,94.3626480102539,24788200
2018-09-24,94.29060069115593,94.85108924019124,93.2256663391218,93.45787048339844,12492500
2018-09-25,93.71409882902573,94.45875142496315,93.13759280522032,93.19364166259766,9308300
2018-09-26,93.4818959079129,93.57798228277068,91.80843278066142,92.0966796875,14023600
2018-09-27,92.4169289776024,92.68917055614324,91.4080498864766,91.69629669189453,13283000
2018-09-28,90.99972285433957,91.47213378713569,90.09492628786901,90.35115051269531,15815100
2018-10-01,90.77551917234304,91.76838718971344,90.51128624638312,90.87960815429688,10146300
2018-10-02,90.76751493549024,91.37604973506578,90.32712670378416,91.25594329833984,13753100
2018-10-03,92.03260199663154,92.60910786381942,91.66428016123164,92.1126708984375,17142000
2018-10-04,92.36266207349433,94.18491526739888,92.08851392249152,92.94319915771484,16357400
2018-10-05,93.39471519006158,93.61241577870733,91.93529261946314,92.41908264160156,13777600
2018-10-08,92.12075531403009,93.35440645782329,91.39507636131461,92.98350524902344,14370900
2018-10-09,92.45937215908994,92.74964364196687,91.65306385146384,92.33842468261719,14069500
2018-10-10,92.48357664179603,92.68515375405073,89.87920379638672,89.87920379638672,23086400
2018-10-11,89.47604580669262,89.87920001423714,86.5813953976676,87.18612670898438,33705600
2018-10-12,88.99228317534718,89.3631843963953,85.14618767476874,86.23470306396484,32075700
2018-10-15,86.43625405345632,87.76666408274316,85.72670490860416,85.74282836914062,18903200
2018-10-16,86.40400545583758,87.71022104150755,86.0572926204072,87.58121490478516,19302800
2018-10-17,87.38771088989107,89.33898208768133,87.26676953914924,88.5568618774414,18794500
2018-10-18,87.90375975165591,88.5649325492139,86.9281270962134,87.15389251708984,17582500
2018-10-19,86.79910898854143,88.0650130544161,86.49270782948997,87.00875091552734,15234500
2018-10-22,87.20227287249543,87.35546731731881,85.5574026553333,85.75897979736328,16199100
2018-10-23,84.01733397382185,85.59770387298518,83.61417976828211,84.86396026611328,21407500
2018-10-24,84.46887424952752,84.68657482251255,82.97720485962867,83.28359985351562,23168900
2018-10-25,84.00122471222286,85.38807639798162,83.6303235186251,84.54951477050781,17464700
2018-10-26,83.8560881639923,84.30761897788709,82.83207902486777,83.388427734375,19174900
2018-10-29,84.22699825815681,85.97668649861103,83.61420198048583,84.54145812988281,18445200
2018-10-30,85.23486790679202,86.25888311199287,84.54950693535929,86.03311157226562,18019700
2018-10-31,87.14582177244651,89.08096334983819,86.91199157564566,87.90374755859375,20860000
2018-11-01,88.38751967843508,88.87130343696143,87.33931640859115,87.8714828491211,13065000
2018-11-02,88.61332611111749,89.34706381891719,86.67011921872087,87.38773345947266,19009200
2018-11-05,87.57316519082615,88.12145520758631,87.41996460989968,87.96018981933594,10276400
2018-11-06,87.62154700113352,88.427855535941,86.8878094333146,88.37141418457031,10825000
2018-11-07,88.99227275463902,90.0888528239607,88.16983462682488,89.88727569580078,12679600
2018-11-08,89.5083068664773,91.05641768515949,89.50024205914634,90.61294555664062,11662500
2018-11-09,90.49201713765312,90.59683504135337,89.3631838641687,89.73408508300781,10432200
2018-11-12,89.83887259720636,90.25815637347051,87.56508335406414,87.8472900390625,13279700
2018-11-13,87.96824526198732,89.5969916758771,87.96824526198732,88.36333465576172,13746100
2018-11-14,88.87939561150836,89.26642027684957,85.45258421855424,86.54109954833984,18361400
2018-11-15,87.27483535319433,88.75844627765268,86.12181388560053,88.75038146972656,19100000
2018-11-16,88.25045240358922,89.30672059650371,87.52477976092324,88.68585968017578,13798600
2018-11-19,88.66166867490442,89.66148934306091,88.31495582564081,89.3631591796875,13987000
2018-11-20,88.51654459463437,89.08902288140517,87.06519301105423,87.44415283203125,18936200
2018-11-21,87.91182218942016,88.37948263527994,86.79105377197266,86.79105377197266,10619600
2018-11-23,86.06535502380197,86.58945670274504,85.51706507764757,85.99279022216797,6488400
2018-11-26,86.85553629702605,88.67779488735547,86.63782959797919,88.09725189208984,13948300
2018-11-27,87.69411473929803,88.71812383407617,87.5892906965792,88.46817016601562,9238200
2018-11-28,88.53267496034327,89.82276731835199,87.78280781605606,89.45186614990234,13977300
2018-11-29,88.9116412573057,89.33898995693592,88.4036690845097,88.74231719970703,11144300
2018-11-30,88.57297827700383,89.75825263291728,88.35527771138372,89.65343475341797,18652700
2018-12-03,90.61295136784125,91.02417044505421,90.09691439518598,90.50006866455078,16034500
2018-12-04,89.98403667942873,89.98403667942873,86.0573178152232,86.4604721069336,23555900
2018-12-06,84.67043890148042,84.95264558480413,82.95299823277095,84.8155746459961,27213900
2018-12-07,84.79139885720313,86.25887997806421,82.97720485962867,83.28359985351562,19248600
2018-12-10,82.94493661203606,83.44484381843105,80.05028663096255,81.72740936279297,23636400
2018-12-11,83.15460660316883,83.5819553434543,80.8001868854608,80.92919921875,16860700
2018-12-12,81.96933601514493,82.9691569662755,80.67923732145152,81.45329284667969,22621500
2018-12-13,81.88064852368535,82.21929669127304,81.17109295161931,81.533935546875,17250900
2018-12-14,80.62278242683897,82.19508763888969,80.5179645400271,80.86467742919922,19879500
2018-12-17,80.44540883942106,81.08239339160538,79.37302304302396,79.8326187133789,25113500
2018-12-18,80.16317770017417,81.34845200358394,79.11498049667762,79.45362854003906,20837200
2018-12-19,79.34882274294824,81.09851071828221,77.88940016921657,78.44575500488281,28767900
2018-12-20,77.8974601813206,79.24399382221115,77.1556578805283,77.76844787597656,31825200
2018-12-21,77.95387366957125,79.36491295888791,75.54301397771314,75.93003845214844,41313900
2018-12-24,74.89799768439832,75.97038948886721,74.29326629638672,74.29326629638672,17009300
2018-12-26,74.73672633295348,77.37335205078125,73.4627576055522,77.37335205078125,22542900
2018-12-27,76.45415052583257,78.33285028632882,75.43014172147902,78.24415588378906,20304700
2018-12-28,78.97789811957965,79.27623441497497,77.76037697575532,78.07483673095703,17963300
2018-12-31,78.68763571918933,79.67133297540472,78.02646306115611,78.71183013916016,13237200
2019-01-02,77.36529641555983,80.45345937914512,77.35723775992166,80.07449340820312,15670900
2019-01-03,80.18017008616478,80.38338422490742,78.59510228461359,78.9365005493164,16286400
2019-01-04,80.56220476674024,82.04160328542534,79.88753241220074,81.84651947021484,16935200
2019-01-07,81.63517537166506,82.48054684301606,81.04991772214494,81.9034194946289,15430700
2019-01-08,82.61060356350214,82.76504828245623,80.91986676283818,81.74897766113281,13578800
2019-01-09,81.94406200847652,82.49680467807852,81.2287505190634,81.61079406738281,14230300
2019-01-10,81.3019172066538,81.87905086996511,80.69227473563281,81.60267639160156,14376100
2019-01-11,81.19622566611928,81.42382446688954,80.43213866216006,81.21248626708984,15439900
2019-01-14,80.36712333798813,82.39113426010587,80.1964242194098,82.04973602294922,21258500
2019-01-15,80.3833822691986,83.29341015357763,80.14765312979999,82.65125274658203,26504900
2019-01-16,83.11458827693288,84.0900137271698,82.74880528349497,83.31780242919922,18533000
2019-01-17,83.00076798417295,84.13063789063398,82.84632328275957,83.6591796875,14247600
2019-01-18,84.35011291290365,85.26864469030383,83.58603205046074,85.01665496826172,16428700
2019-01-22,83.78927552342317,84.20382800198001,83.01705788770194,83.67547607421875,17083700
2019-01-23,84.08189173233235,84.29322999082827,82.88699149481958,83.46411895751953,12146700
2019-01-24,83.01703543698362,83.79737696404139,82.86259691288886,83.51287841796875,11296800
2019-01-25,84.13879717097346,84.78907879778033,83.5128940508469,84.04125213623047,14369400
2019-01-28,83.63479567865723,84.7321505938034,83.3909362745793,84.43952178955078,12283100
2019-01-29,84.4395333154803,85.43934956675123,84.31760979840114,84.67526245117188,9743300
2019-01-30,84.6508637423047,85.54500452870097,84.3582349465238,84.8703384399414,12526300
2019-01-31,84.05749164545989,84.3745051768028,83.50474899052304,84.13064575195312,17520600
2019-02-01,84.53706679150241,85.22799350092019,84.14689298529817,84.43952178955078,13000800
2019-02-04,84.36637454529793,84.74028778076172,83.732347485094,84.74028778076172,9871500
2019-02-05,84.95976825273563,84.98415915983854,83.95995811764311,84.36638641357422,12763000
2019-02-06,84.30134466801083,85.04104704045179,84.10626084955719,84.32572937011719,8745000
2019-02-07,83.92744043568777,84.13065457717853,82.4561720358077,83.22025299072266,13177500
2019-02-08,82.97639384760937,83.18773207459274,81.33442022810478,82.3911361694336,12892600
2019-02-11,82.71627899113425,82.91949311567896,81.91154659278303,82.00096130371094,10978500
2019-02-12,82.87072796771484,83.65919986271696,82.82195855618191,83.39908599853516,12852300
2019-02-13,83.64294762837329,84.41515893848636,83.64294762837329,83.7973861694336,10754100
2019-02-14,83.29339188051539,83.80548915276553,82.38299052824661,83.25274658203125,11518500
2019-02-15,84.45581278596896,85.9189511322071,84.26072891345811,85.79702758789062,14716900
2019-02-19,85.27679303270503,85.65070634270882,84.38264576790903,85.49626159667969,12764900
2019-02-20,85.52063849784902,86.0002270962481,85.25239434289378,85.91081237792969,10030300
2019-02-21,85.71571113864182,86.15465437078495,85.31741321009817,85.73197174072266,8400100
2019-02-22,85.91892686099303,86.23594038987177,85.17110039295096,85.34992980957031,10647300
2019-02-25,85.95957343055046,87.19511256108339,85.91080402588292,86.24407196044922,11230700
2019-02-26,84.94352059780715,85.73199254680901,84.488322854715,85.58567810058594,15465400
2019-02-27,85.4962653911349,85.65883424561977,84.95165290684587,85.48001098632812,9968800
2019-02-28,85.35808527729542,85.52065413946065,84.68341271626102,84.82972717285156,15156900
2019-03-01,85.43121667419615,86.08963465447128,84.69964458589207,84.88660430908203,13813300
2019-03-04,85.28491014566902,86.09776671862035,83.94369555997862,84.6915283203125,12466300
2019-03-05,84.64275739437593,84.98416188713311,83.93557610578739,84.62650299072266,10856600
2019-03-06,84.42328581547272,85.00041324937325,84.17130225743826,84.30948638916016,9070800
2019-03-07,83.92742026367756,84.10624965746423,83.04140979650066,83.69982147216797,12705700
2019-03-08,82.90322096609903,83.91116734860871,82.90322096609903,83.73233795166016,10582400
2019-03-11,84.52083363010092,84.98416165299076,84.26071976113829,84.82158660888672,9763200
2019-03-12,85.01665504413029,85.17923005875458,84.33385858751632,84.56958770751953,10219100
2019-03-13,84.69151901350577,85.33367637976264,84.4964289922815,84.85408782958984,13022200
2019-03-14,84.94353081785896,86.05714680374261,84.91101580349685,85.62632751464844,10926500
2019-03-15,85.68319981184867,86.813069760657,85.53688540544746,86.60985565185547,24811700
2019-03-18,86.60986115071933,87.61780145792044,86.56921584573747,87.13008880615234,12935500
2019-03-19,87.95108174344269,88.1136567845973,86.60987331313841,86.8130874633789,12889300
2019-03-20,86.51232930549592,86.6911587520665,84.87036168095521,84.95977020263672,14920700
2019-03-21,84.12251256393759,84.12251256393759,83.13895700024057,83.61854553222656,19751000
2019-03-22,82.76504320988701,83.17147143350688,80.89547090059457,81.09056091308594,31115200
2019-03-25,80.952360257678,81.74896220286793,79.73307574264967,80.41587829589844,21032300
2019-03-26,81.1393500362896,81.610808378661,80.32649339148541,81.22063446044922,15987100
2019-03-27,81.18810524396895,81.65143320236889,80.53782376287589,80.94425201416016,12753200
2019-03-28,81.28565791237007,81.93594565631045,81.07431346534892,81.86278533935547,12454100
2019-03-29,82.53742963605939,82.90321249126026,81.76521242832216,82.28544616699219,14523400
2019-04-01,83.03329341667686,85.08981938679122,83.00890871372737,85.05730438232422,17499300
2019-04-02,85.02477143434338,85.70757398084659,84.80530295251123,85.46371459960938,10295400
2019-04-03,86.00834317263198,86.45541672251449,85.17923228201687,85.63442993164062,11499200
2019-04-04,85.63444535360635,86.60095581464182,85.55253270935424,86.46170806884766,11952100
2019-04-05,86.65827939673454,86.91219106280302,85.99482331101822,86.25692749023438,9933700
2019-04-08,86.09310609023775,86.53540802001953,85.92929333804715,86.53540802001953,8056300
2019-04-09,86.06854306178492,86.16682822290875,85.38870820174805,85.89653778076172,9092200
2019-04-10,86.10951932485368,86.59277776059982,85.56893202704951,86.28152465820312,10882300
2019-04-11,86.58457477375505,87.42003629076699,86.46171205077592,87.010498046875,11183800
2019-04-12,89.6397377143415,91.61370890810883,89.1810506067931,91.0895004272461,25834100
2019-04-15,90.85194668974074,90.91747429711585,89.37761301814038,90.04925537109375,15163800
2019-04-16,90.01649289019916,91.23691491247584,89.98372908603015,90.99938201904297,11583200
2019-04-17,91.4908339236263,93.91530563419158,90.92567544127486,93.62043762207031,17791900
2019-04-18,93.80880732314404,94.1528178682117,92.82591826607752,92.9323959350586,12501900
2019-04-22,92.41638731584247,93.31737006317441,92.27714583423939,93.04707336425781,7975900
2019-04-23,92.55562840917193,93.67776526874884,92.4327657057201,93.1617431640625,9193100
2019-04-24,92.76859350128228,93.49757098704443,92.40000537706271,93.0061264038086,9245700
2019-04-25,92.56380758127649,93.49755399443899,92.1460769493704,93.05525207519531,9311800
2019-04-26,93.33375085585786,93.8497729738497,93.0470753731162,93.75967407226562,7889300
2019-04-29,93.86616809580491,95.96300823979587,93.74330536779225,95.11116790771484,14242200
2019-04-30,95.36504156505548,95.60257441132087,94.40672391736972,95.05379486083984,11389100
2019-05-01,94.78351749341232,95.83193423562824,94.28388041328493,94.32483673095703,10412900
2019-05-02,94.33300400560714,94.83264098515545,93.84975204945196,94.52958679199219,8613300
2019-05-03,95.01287647549313,95.56984875996696,94.74257972367688,95.11116790771484,8185400
2019-05-06,93.52215311017991,94.5787625234902,93.14537867776082,94.26750946044922,9387000
2019-05-07,93.39928832551513,93.39928832551513,91.97409702582446,92.72764587402344,15017700
2019-05-08,92.27714711414117,93.10440975094436,92.11332809022707,92.23619079589844,9575800
2019-05-09,91.03215238142973,92.34267339732072,90.57347158813216,92.1624755859375,12205900
2019-05-10,91.53176668659627,92.42455675808664,90.54068522001062,92.15426635742188,13189000
2019-05-13,90.163925539024,90.46697978721612,89.26294280951869,89.64790344238281,13783700
2019-05-14,89.72984082865867,91.507235487479,89.68888450049631,90.36052703857422,10503600
2019-05-15,89.4513300532274,90.83557112496351,88.9598854786466,90.01649475097656,10142000
2019-05-16,90.60622070326805,91.8757851928788,90.58164316556328,91.17137908935547,9672700
2019-05-17,90.09840934316745,91.53179312817238,89.9591678466836,90.72909545898438,9570100
2019-05-20,90.573484049495,91.5809446803911,90.40147872834342,91.20417022705078,8518200
2019-05-21,91.2778556359171,91.67100872066514,91.09765786830108,91.51538848876953,7967900
2019-05-22,91.24511587970905,91.5645551886324,90.71271494848438,90.77005004882812,7918900
2019-05-23,89.80352761752658,89.92639031587507,88.05070478498718,88.98445129394531,14558000
2019-05-24,89.70525146308044,90.0656471064382,89.43496097961962,89.86087799072266,8537300
2019-05-28,89.44314164342114,89.95916378210447,88.82064806995183,88.88616943359375,11665500
2019-05-29,88.00976476789192,88.7878911688308,87.69032544246213,88.64045715332031,9966400
2019-05-30,88.99265768304593,89.42676720238326,87.26440587088827,87.69032287597656,10367800
2019-05-31,86.46169773811884,87.30534538103173,85.8719617646886,86.7893295288086,10952800
2019-06-03,86.65826549014281,87.52648427276972,86.24872738527267,87.1988525390625,11680700
2019-06-04,88.33738320820653,90.0164922274299,87.74764723561967,89.88543701171875,12858600
2019-06-05,89.98372427634811,90.40964120966647,88.98445017430325,90.20487213134766,8340500
2019-06-06,90.22126094390143,90.81099691406138,89.22198679991448,90.40145874023438,8726700
2019-06-07,89.85268090008442,90.11478510488884,89.24656609817245,89.41038513183594,10618900
2019-06-10,90.71271643239156,91.08949084782205,90.2786069156794,90.37689208984375,11380600
2019-06-11,90.77006572830796,91.38437315913004,90.40148376943804,90.6553955078125,9847700
2019-06-12,90.67175249228251,90.83557151722141,89.1892262486623,89.50047302246094,9670500
2019-06-13,89.65607580092502,90.2294328628519,89.3202578245445,89.72160339355469,8406900
2019-06-14,89.74618156666595,90.34410995945696,88.9762479168118,89.9509506225586,9077400
2019-06-17,89.85268690033858,90.40147288843706,89.32847845572375,89.45953369140625,8128600
2019-06-18,89.28751201592664,91.25329644745389,89.26294072600422,90.67993927001953,11057300
2019-06-19,90.77004498357869,91.4007310521657,89.85267718021339,90.02468872070312,13126500
2019-06-20,90.81918677320652,90.99119206313574,89.30389671987662,90.2540283203125,13638000
2019-06-21,90.25403204183283,91.46626163485888,89.35304298735211,89.63972473144531,27089500
2019-06-24,89.50868559002629,89.910031355197,88.9025706845969,89.00086212158203,13039600
2019-06-25,89.01722833437472,89.26295376761307,88.18995937480008,88.26367950439453,18660100
2019-06-26,88.70595196430912,89.5332143990552,88.59128180010559,88.85338592529297,10324600
2019-06-27,89.14826202392578,89.72981169956229,88.82063650121758,89.14826202392578,10906600
2019-06-28,90.95026160283689,92.08877751668746,90.83559138482735,91.57276153564453,21634700
2019-07-01,92.7440203660502,93.80062338693003,92.62115766041909,93.11260223388672,12724500
2019-07-02,92.97335122078003,93.53850961026441,92.73581834732178,93.21088409423828,10174900
2019-07-03,93.49134072983213,93.92852981881217,92.60048040553285,93.06240844726562,6849400
2019-07-05,93.63156755336685,94.25846805259857,93.14488800724796,93.61506652832031,7929400
2019-07-08,93.17791159727823,93.60685027045702,92.79846972072713,93.10367584228516,6917200
2019-07-09,92.61699461083136,93.61509293559175,92.50976309096912,93.4996109008789,8947300
2019-07-10,93.51611311714271,93.89555499219924,92.99643766104221,93.22740173339844,9242300
2019-07-11,93.51610026552915,94.3327249215052,93.30988147307977,94.11825561523438,11595200
2019-07-12,94.14299224786598,95.1493408698502,93.97801974632324,95.10810089111328,10783400
2019-07-15,95.30606454430125,95.33080978900666,93.64806392276914,93.9532699584961,12946600
2019-07-16,93.60681552129954,95.27306021223792,93.14488125294999,94.95960998535156,16945000
2019-07-17,94.3904509984307,94.8111390305951,93.813040988242,94.02750396728516,13120900
2019-07-18,93.97802646073515,94.91838363196861,93.66457616809,94.58843231201172,9397200
2019-07-19,94.76990649976793,94.95963055536048,93.54084427516655,93.65632629394531,10402800
2019-07-22,93.13667451087645,94.40697695341919,93.0211861773461,94.25849914550781,9061100
2019-07-23,94.76164972780526,96.05670338998027,94.71215923539654,95.98246765136719,12752200
2019-07-24,95.33906150343525,96.41139531173577,95.28956472010327,96.37015533447266,10011000
2019-07-25,96.41964185061492,96.70834685274708,95.12458830393886,95.4462890625,10138400
2019-07-26,95.49579154924923,96.106203679936,95.29782327909835,95.86698913574219,12800400
2019-07-29,96.06492649291249,96.65883740554682,95.51226184104836,95.56175231933594,8500400
2019-07-30,95.01737551401506,95.75151393246405,94.6626789292241,95.34732055664062,7121100
2019-07-31,95.76801024883501,95.83400177576927,94.74516675454777,95.6855239868164,13648000
2019-08-01,95.1328509121994,96.34541836862552,92.8809390226512,93.1613998413086,15664500
2019-08-02,92.71596963609285,93.56559004757045,91.89109447259254,93.15315246582031,11025500
2019-08-05,91.38789444417458,91.54462269506257,89.30920609190963,90.38154602050781,15855300
2019-08-06,90.77750736885535,91.14869864693107,89.36696540825346,91.09095764160156,10203500
2019-08-07,89.08652184070463,89.31748589040095,87.38728093796888,89.11126708984375,17320900
2019-08-08,89.95263411326258,90.80225447766756,89.68042381399758,90.62078094482422,10903300
2019-08-09,90.20008877292526,91.10745010260362,89.32572320165488,90.52178955078125,9980800
2019-08-12,89.44949314500374,89.50723417305024,88.43489360270095,88.82258605957031,9393700
2019-08-13,89.04529536051656,91.00850280600747,88.28641151613677,90.1918716430664,12124700
2019-08-14,87.68423508542729,88.1874094540515,86.15821095153187,86.4469223022461,19491800
2019-08-15,86.46342801099829,87.75023145497372,86.06748510107559,86.7768783569336,13365600
2019-08-16,87.74196493934845,89.07001432788093,87.32952739740166,88.85554504394531,11830600
2019-08-19,90.43107151077525,90.5300588064929,89.4329732121592,89.65569305419922,8265400
2019-08-20,88.96279024166422,89.44946988863644,88.45961585952443,88.5173568725586,8374000
2019-08-21,89.25972477661095,89.44119828716103,88.6328180019735,88.76480102539062,8189300
2019-08-22,89.39173011150177,90.13411277697668,89.02878299981288,89.68043518066406,9343400
2019-08-23,89.08652569869014,89.729927377364,86.70263676447611,87.4532699584961,14762300
2019-08-26,87.94818491273067,88.25338467023354,87.44501060121249,88.15440368652344,8209500
2019-08-27,88.55034717970634,88.72357020813476,86.47990876569375,87.22229766845703,14331800
2019-08-28,86.677893243,88.43487526928965,86.64489747762806,88.0966796875,10585500
2019-08-29,89.20201342475634,90.64554518335062,89.10302612429365,90.09288024902344,10002200
2019-08-30,90.60427991822154,91.19819100996419,90.29908015234656,90.62078094482422,10170300
2019-09-03,89.89488369258414,89.90312791172441,88.52558811965378,89.54843139648438,9868800
2019-09-04,90.28257599992588,90.91773334288676,89.54843767396667,90.6290283203125,6929200
2019-09-05,91.76736070821855,93.80480334165678,91.72611443327769,92.69122314453125,13224700
2019-09-06,92.9304369484381,93.19439674336738,92.353020570388,92.88919067382812,7836600
2019-09-09,93.79656397641442,95.73501955637295,93.70582719539817,95.19060516357422,13985100
2019-09-10,95.93298910826873,96.7331127728286,95.46281049192808,96.40316772460938,14333100
2019-09-11,96.41965682221307,96.67536610762161,95.17409357012664,96.66712188720703,9919200
2019-09-12,96.1392013953304,97.722960175336,95.61952602233316,97.26103210449219,12283500
2019-09-13,98.16015953512158,99.31498620007693,97.95394071256881,99.17475891113281,16257200
2019-09-16,98.07765259482797,98.87778246463267,97.64871401006984,98.29212188720703,11993900
2019-09-17,97.6817255227789,97.83845383401923,96.70837247676269,97.80545806884766,10735400
2019-09-18,97.59921858899895,99.05100048262734,97.12904004814112,98.78704071044922,10665600
2019-09-19,98.73753916619037,99.26545868509459,98.23436489140714,98.47357940673828,9382600
2019-09-20,98.7705440501444,99.26546785819073,98.0529067311314,98.07765197753906,21862800
2019-09-23,97.15378068726146,98.25911650749383,97.07129444235983,98.06114196777344,9135100
2019-09-24,97.9539215757037,98.37460965364696,96.54338586020931,96.78260040283203,11696500
2019-09-25,96.73311965893737,97.63223697124562,96.60939340369669,97.33528137207031,9389400
2019-09-26,97.23626826363211,97.37650180451189,96.46913421827811,96.53512573242188,9899200
2019-09-27,97.30227736695176,97.86319275197515,96.74136198192838,97.10430908203125,10207800
2019-09-30,97.6322011529703,97.97039661538595,96.69184419833637,97.07953643798828,9755000
2019-10-01,97.66523973087942,98.16016366718013,95.19886427144971,95.31434631347656,11250300
2019-10-02,94.70390979196078,94.77815182471008,93.15314684376052,93.41710662841797,12548700
2019-10-03,93.35060195948752,93.88275696324958,91.89550657947717,93.28408813476562,12735200
2019-10-04,93.40878670290185,95.5706473355038,93.35058315317555,95.30457305908203,9453100
2019-10-07,94.94703539833148,96.03627597901499,94.84725516552636,95.0967025756836,6771600
2019-10-08,94.00748541634181,94.00748541634181,92.84341405026456,92.97644805908203,10806300
2019-10-09,93.6831853121937,94.0906165375963,93.18429679571538,93.6499252319336,7273700
2019-10-10,94.07397474510114,95.95312787427352,93.9575676466641,94.96366119384766,10994100
2019-10-11,96.47697965308977,98.10668570998997,96.34394566054301,96.56844329833984,15076500
2019-10-14,96.3272834516211,97.17539948070467,96.1693060295059,96.826171875,8779000
2019-10-15,98.82175095502966,101.1000125451609,98.00690118668956,99.74469757080078,23379000
2019-10-16,99.74470082379825,100.29348265375937,99.26243915693155,99.51188659667969,11087700
2019-10-17,100.40157182328585,101.0833876266396,99.67817933262405,100.06897735595703,10818500
2019-10-18,99.77796284530352,100.6260727382553,99.66155572948097,100.24359130859375,10417400
2019-10-21,101.48250418038269,102.91264963270345,101.43261088592466,102.72972869873047,12714600
2019-10-22,102.64655945402052,104.01850748085086,102.37217492362322,103.76074981689453,12549100
2019-10-23,103.27017191478858,104.06008446279986,103.24522844319965,104.03514099121094,8828300
2019-10-24,104.17650687745339,104.48415787427929,103.16209659227212,103.96031951904297,8020500
2019-10-25,103.93537497781344,105.30732319626294,103.7275042278578,104.79180145263672,9055700
2019-10-28,105.24078202060716,105.77293052674378,105.09943146135132,105.1908950805664,9522200
2019-10-29,104.81673106605795,105.9475483037676,104.71695717924952,105.12438201904297,9797300
2019-10-30,104.80841740201782,104.98302804197483,103.86883770700186,104.54234313964844,8513700
2019-10-31,104.3427804170031,104.54234086722542,102.98746566372417,103.86883544921875,11589100
2019-11-01,104.9331641471109,106.42151964976233,104.78349693612606,106.26354217529297,11682600
2019-11-04,107.32782193216826,107.61052309340992,106.8954472407602,107.11164093017578,9159900
2019-11-05,107.58556872627084,108.34222118776593,107.128250607377,107.34444427490234,13747600
2019-11-06,107.0035447011962,107.9597450351312,106.91208106763018,107.51074981689453,11231100
2019-11-07,108.45033560127307,109.16541158108828,108.02628378399935,108.09280395507812,13528900
2019-11-08,107.99302616146153,108.42538822679874,107.46918776268102,108.40876770019531,9293400
2019-11-11,107.76020765794735,108.17594918025823,107.55233689679191,108.02627563476562,8679000
2019-11-12,107.78514617250741,108.60830622883795,107.26961808112517,107.39434814453125,9099000
2019-11-13,106.53789944854955,107.11162463328694,105.94754105467483,106.82891082763672,8023300
2019-11-14,106.19700946902708,107.12826636636844,106.08891261936294,106.92871856689453,8483400
2019-11-15,107.45254840315071,107.70199584960938,106.7624159658322,107.70199584960938,10163600
2019-11-18,107.72695205766664,108.63326562240619,107.2530132720625,108.60832214355469,8749300
2019-11-19,108.91597673157673,109.1321577718803,108.24246475760442,108.57506561279297,8824500
2019-11-20,108.34222538736425,108.60829332031112,107.21140812563992,107.7851333618164,11782800
2019-11-21,108.09279394749933,108.69146274435634,107.5855887914795,108.03458404541016,7705500
2019-11-22,108.21749287724538,109.10718565801753,108.17592888275263,108.74964141845703,8167900
2019-11-25,109.13211985407543,109.81394185474484,108.81615232328512,109.33168029785156,10068500
2019-11-26,109.60609908548747,109.60609908548747,108.39212827943211,109.48136901855469,10490700
2019-11-27,109.99687870874523,110.11328581936583,109.46473010484769,109.8056411743164,6607900
2019-11-29,109.64763885249917,110.09664669433793,109.29841757963644,109.5561752319336,5712000
2019-12-02,110.01349074707042,110.37103495993361,109.21527433856559,109.31504821777344,8615600
2019-12-03,107.90155607020249,108.05953987547252,106.92039949993686,107.90986633300781,10361300
2019-12-04,108.40877519704316,110.14657190414312,108.08449728190284,110.0384750366211,10318200
2019-12-05,110.32114030083969,110.8449785651122,109.90539886885746,110.6371078491211,9587400
2019-12-06,111.99242824819062,112.8987415190298,111.95916182889253,112.28343963623047,10170600
2019-12-09,111.94254792118771,112.63268025705435,111.7596206665039,111.7596206665039,8498200
2019-12-10,110.79508102870786,112.05893841355807,110.48743645843382,111.83443450927734,7532900
2019-12-11,111.65984590019944,112.26683762195172,111.42703167641795,111.5683822631836,9011900
2019-12-12,111.82614255061225,115.13544102187473,111.59332834785543,114.76127624511719,13717400
2019-12-13,114.70307810735274,115.43478721239872,113.26461605986351,113.75518798828125,10592100
2019-12-16,115.06060347575463,115.4430784905503,114.17923366457484,114.19585418701172,11372000
2019-12-17,114.5201452008459,115.30174121782356,114.10440371840446,114.8943099975586,11546800
2019-12-18,114.86937196316056,115.59277080431247,114.51184036129338,114.77790832519531,10381500
2019-12-19,114.54507619245692,114.92756389708836,113.99630713787691,114.20417785644531,9350400
2019-12-20,114.7612953338913,115.47637127199265,113.83002568053921,114.11273956298828,29992600
2019-12-23,114.4120609421573,114.66981863105643,113.81339219297467,114.07946014404297,9738400
2019-12-24,114.18756838616433,114.43701583779108,113.96306441095781,114.39543914794922,3324300
2019-12-26,114.65316718884183,115.6592669979557,114.56170356983148,115.60936737060547,6770900
2019-12-27,115.82559862985765,116.21639670273692,115.30176021569496,115.69255828857422,7868200
2019-12-30,116.32446793932967,116.47414147848109,115.13545332585889,115.26849365234375,6963000
2019-12-31,115.16870258176316,115.97524208448179,114.9857753118214,115.90872192382812,7201600
2020-01-02,116.2330265576758,117.3222801659944,115.79234149330603,117.31395721435547,10803700
2020-01-03,115.06285123397215,116.51054753239568,114.71138805701291,115.76577758789062,10386800
2020-01-06,114.27626243133238,115.70723181831836,114.22605521931075,115.67375183105469,10259000
2020-01-07,114.87879690757089,115.36415466651778,113.65704528063249,113.7072525024414,10531300
2020-01-08,113.55660617094503,115.12983372347342,113.47293173298874,114.59426879882812,9695300
2020-01-09,115.52312604693599,115.67374767759257,114.67792877867379,115.01266479492188,9469000
2020-01-10,114.82020151324515,114.85366873100081,113.6486445898197,113.86622619628906,10190900
2020-01-13,113.96664407393357,114.81182861328125,113.60680443556343,114.81182861328125,12355200
2020-01-14,115.43107510414494,117.79090336379701,115.22186988256105,116.15074157714844,24906000
2020-01-15,115.35576027530323,115.9833759182181,113.93315460293115,114.41014862060547,16293400
2020-01-16,115.02102219814923,115.39758902333696,114.51056097368989,114.8536605834961,10783800
2020-01-17,115.09633864626238,115.7239543086037,114.91224979933907,115.64864349365234,14697700
2020-01-21,114.80346677730796,115.53987329039177,114.38505630739657,114.51057434082031,8474200
2020-01-22,114.84530891297356,114.97919055729287,114.1256424031519,114.37667846679688,7549100
2020-01-23,113.56497894838986,114.42690352211966,112.73652159500534,114.25952911376953,9345700
2020-01-24,114.11727895207599,114.16748617049382,110.72816402011786,111.42271423339844,15166400
2020-01-27,109.01266576825114,111.246976111746,108.54404809201051,110.48546600341797,12860500
2020-01-28,111.16328564907364,112.94571825784713,110.86202961334958,112.49382781982422,13062800
2020-01-29,112.81182709116236,113.4227027923998,111.87459173925022,112.32646942138672,9326000
2020-01-30,111.03776710819666,113.91643304317671,111.03776710819666,113.71559143066406,9048900
2020-01-31,112.54403674273706,112.82855275716986,110.01683428961246,110.76160430908203,12785200
2020-02-03,111.01266818140591,112.33484678953893,111.01266818140591,111.60680389404297,10021100
2020-02-04,113.43108259615978,114.30974714952525,113.03777572721404,113.2135009765625,9157100
2020-02-05,114.2846657678937,115.2553685566354,113.81603521778769,115.13821411132812,10150700
2020-02-06,115.68211606457074,115.72394689094689,114.73650444121536,115.15491485595703,8992300
2020-02-07,114.41851704021073,115.2051307220703,114.05869018554542,114.7867202758789,6379800
2020-02-10,114.60261439103574,115.35576082746236,114.43525277256528,115.26371002197266,5960700
2020-02-11,115.69888450918074,116.1675150665097,115.29721394320444,115.48131561279297,6578600
2020-02-12,115.98341339692116,116.56080924912838,115.3139539410426,115.48131561279297,7958000
2020-02-13,115.27207620397022,115.76579745857197,114.142362908578,115.38086700439453,7447500
2020-02-14,115.34739458830758,115.64028702303725,114.5942608545372,115.02941131591797,6627600
2020-02-18,114.92899422243384,115.23862667835898,113.01267973161454,113.50640106201172,8996400
2020-02-19,114.56918475054397,115.80767645606545,114.09219057414504,115.0545425415039,7071200
2020-02-20,114.7867536490251,115.7825728435052,114.25118863294469,115.0545425415039,7422800
2020-02-21,114.2679108935163,114.57753057961614,112.90388856804907,113.6486587524414,9772800
2020-02-24,109.99174146872312,111.46454166034339,109.4561766018727,110.59425354003906,13618400
2020-02-25,109.62355029572213,110.65283654382442,105.09634565027717,105.65702056884766,20797200
2020-02-26,106.21768494859738,107.9080604824711,105.72395726117247,105.97500610351562,24825600
2020-02-27,102.85367709156866,105.1214613438502,101.50639470640527,101.56497192382812,23005500
2020-02-28,98.34320628330354,99.15492371750662,94.27626188308123,97.16329193115234,45931400
2020-03-02,97.59840702804841,101.74067379419748,95.78250743505895,101.69046020507812,27355400
2020-03-03,101.2302263867551,102.887128211348,97.27206067789544,97.87457275390625,32547700
2020-03-04,99.02102657724083,100.57751408692808,95.98336238038152,100.2929916381836,25795900
2020-03-05,96.79505983894045,97.43104543087159,94.20928664655762,95.37246704101562,25025600
2020-03-06,88.92058974796662,92.3180805255653,87.88292724536751,90.443603515625,38159400
2020-03-09,80.81179001743871,83.03773656468222,77.8243398091737,78.19254302978516,40352000
2020-03-10,82.8452674644574,84.75321805728049,79.14652069174339,84.26786041259766,31102700
2020-03-11,81.75740487203669,83.72393922677846,79.12142396739294,80.30133819580078,38127000
2020-03-12,74.97078170336951,81.13815406248132,72.23438015722502,73.68208312988281,49725200
2020-03-13,80.32645813083408,87.02102714164577,76.98754362433453,86.95408630371094,38543300
2020-03-16,71.29714795891229,78.64444183711454,70.7532194064478,73.9415054321289,38589700
2020-03-17,76.05867112266685,81.53985201508141,73.221848035256,78.4603500366211,35239800
2020-03-18,73.36407885603505,75.97496208076369,67.24692077998913,70.20089721679688,41525600
2020-03-19,68.25109934993085,73.73227789835724,64.35988791165774,71.38081359863281,32175100
2020-03-20,72.21766686809116,74.86201834810471,69.02101037166469,69.87456512451172,30150800
2020-03-23,69.1883625546027,70.08376079535691,65.3473507325973,66.13396453857422,32536600
2020-03-24,71.04611403438622,75.39758128436812,69.37247180217189,74.00009155273438,34363200
2020-03-25,74.67790027448977,79.62351518558174,70.74484433776689,76.76158905029297,38111700
2020-03-26,78.72810684154408,82.48543065805436,78.27622281789671,82.1088638305664,29826300
2020-03-27,77.98333866542895,79.36408798890209,75.77413208654806,76.25948333740234,30041500
2020-03-30,75.85780645348443,78.73646565103644,74.72809965548574,78.24274444580078,21656900
2020-03-31,77.02937115548133,78.80342748699304,74.76158075813667,75.3389892578125,23379300
2020-04-01,71.21345340807281,72.43521108894444,69.66533610485227,70.59420776367188,28029600
2020-04-02,69.88292526588964,73.56493903594311,69.4226711504688,73.23020935058594,24018000
2020-04-03,72.71443644782664,73.965804006435,69.98341465917532,71.06568145751953,21199400
2020-04-06,75.24253680447927,76.93357037253631,74.15181937898875,75.63993072509766,26820800
2020-04-07,79.85905088655907,79.90132930248109,76.41779812595433,76.63763427734375,22563800
2020-04-08,77.8720904421856,80.20571845015517,76.56154336601857,79.73223114013672,22903300
2020-04-09,81.94747150299662,88.26348185922733,81.92210703582784,86.88529205322266,42055900
2020-04-13,87.18124260850104,87.18124260850104,82.26879179177872,83.02130126953125,26911900
2020-04-14,85.41411478982333,86.24272419395247,79.17420236160125,80.74686431884766,46151300
2020-04-15,77.06885953308296,77.81291201336639,76.20642876312715,76.76447296142578,30118600
2020-04-16,76.29098157004182,76.57845417763208,73.60223796315987,73.83898162841797,32449600
2020-04-17,77.78754420788441,80.9159537315847,76.90820597752763,80.47628784179688,30191900
2020-04-20,78.18494539145185,80.07890135926661,76.48545468978313,77.54235076904297,23679400
2020-04-21,74.92969384972088,77.26331534616237,74.68449322747828,75.29326629638672,23035000
2020-04-22,76.67989700763607,77.67760678196669,75.40316522717029,75.53844451904297,16662400
2020-04-23,75.87667145512178,77.17876802621197,75.4708270269368,75.58074188232422,16638800
2020-04-24,76.63763720603295,77.02657413441237,74.81977491518718,76.69682312011719,15809200
2020-04-27,77.7368073477061,80.85675957957818,77.39859937804835,80.00279235839844,22870200
2020-04-28,82.6999894872907,83.16502627017273,80.3494540046085,80.56929016113281,20238900
2020-04-29,83.7737951878014,84.08663223458107,82.24340559247275,82.74226379394531,20462600
2020-04-30,80.83138904666153,81.87982786824284,79.94360045004105,80.9666748046875,19127600
2020-05-01,79.05580818237632,79.25873037577038,77.65224742201524,78.84442901611328,18547700
2020-05-04,77.804457591893,78.35404483379519,76.77293245496502,77.90592193603516,15725900
2020-05-05,79.18264823644131,79.65613557197693,77.70299386211137,77.78754425048828,18064100
2020-05-06,77.92283905745634,78.43014789725493,76.0373335694464,76.3248062133789,20978000
2020-05-07,77.2294674256481,78.55693441015774,76.58687958502422,77.11955261230469,16771900
2020-05-08,78.4639666360693,79.5462271771271,77.88055794252529,78.37940979003906,20487800
2020-05-11,77.03504814868617,77.03504814868617,75.53002904266985,76.07115936279297,31907600
2020-05-12,76.22332611950057,76.7644562511451,73.47539704911377,73.58531188964844,27962900
2020-05-13,73.03573788244042,73.44158877934244,70.51610146466173,71.04877471923828,35451600
2020-05-14,69.94115667448186,74.4984920978814,69.67059153350982,73.9996337890625,35152500
2020-05-15,73.43312106392513,73.79669348790055,72.12257410366412,72.6298828125,26099000
2020-05-18,74.98888486611797,77.06885535927641,74.30401189158918,76.47698974609375,30504400
2020-05-19,76.13879461060237,77.11113382348996,74.9043343379765,74.97197723388672,19597300
2020-05-20,76.69683131724577,78.11729985786384,76.40935868976403,77.22105407714844,20552400
2020-05-21,76.32477711153675,77.58460143179661,75.81746846516967,76.24022674560547,14621400
2020-05-22,76.1049562345076,76.40088577481374,75.01423897099622,75.64837646484375,13557900
2020-05-26,78.54006826712542,82.43790188783325,78.30332455536758,81.0174331665039,41233900
2020-05-27,86.30190407175726,86.73311946872943,83.53706682821218,85.71004486083984,39402000
2020-05-28,87.03748126219281,87.04593178366966,84.04435171055194,84.43328857421875,24713900
2020-05-29,83.41868203269075,83.85834788527457,81.82910648314643,82.27722930908203,26526400
2020-06-01,82.64925492693693,84.1373660801775,82.33641143511161,83.3679428100586,15176800
2020-06-02,84.7884035159599,84.90677532375804,82.8014407984573,83.64695739746094,21195000
2020-06-03,85.88756756637824,88.71158957830085,85.44789537420723,88.16200256347656,25941100
2020-06-04,87.78155455863678,90.14054722194749,86.91067328040572,89.99681091308594,26784700
2020-06-05,97.17523856119851,97.88546952185551,92.6094469044096,94.04682922363281,42231000
2020-06-08,95.89005128092835,96.54955326955961,94.64714070968617,95.92386627197266,24881800
2020-06-09,93.55643204353164,94.38503486704825,92.16978505452828,93.46342468261719,17031100
2020-06-10,93.39577372528396,93.43805214051349,89.49794122984319,89.67549896240234,24913300
2020-06-11,84.57702942321608,85.88758281034386,81.6261781224752,82.19267272949219,36259200
2020-06-12,85.15198815102345,85.50710362546094,82.29414395789493,84.44175720214844,24856800
2020-06-15,81.524726320917,85.76076719189626,81.05969596271932,85.60857391357422,22153600
2020-06-16,89.09209098831637,89.35419908337653,83.9682557456013,86.29342651367188,22193600
2020-06-17,86.69084502383161,86.69930199888464,83.88372922894396,84.11202239990234,15639800
2020-06-18,83.42713289941489,84.99133753535651,82.97055309824404,83.65542602539062,16591900
2020-06-19,84.99979585717874,85.0589817702631,81.78683615280032,82.69998931884766,40371200
2020-06-22,82.22649214002821,82.8183511997987,81.62617610775246,81.8037338256836,16216900
2020-06-23,83.68079850991401,84.5263153077092,82.73381737410217,82.80146026611328,15381400
2020-06-24,81.80374026095656,81.87983366715027,79.74067746040981,80.03661346435547,22919800
2020-06-25,79.77448968179202,83.03818426411533,79.69839628439335,82.8268051147461,25743600
2020-06-26,80.41709801872315,80.63693417832935,77.78754042944783,78.28639221191406,41896300
2020-06-29,78.97126462600964,79.89287477413252,77.93973317343782,78.633056640625,18499700
2020-06-30,78.48932250042284,80.03661972180419,78.26948633626405,79.52930450439453,19137000
2020-07-01,80.23105663854011,80.92437988000073,78.65839550167941,78.85286712646484,18755700
2020-07-02,80.88483135213954,81.07265869048744,78.48577938093723,79.10902404785156,27845600
2020-07-06,80.6201633312243,81.27755245467966,79.8090978977399,81.10680389404297,18625300
2020-07-07,80.09938238987067,80.33843301196137,78.54554683264016,78.8187484741211,25757200
2020-07-08,78.79312321795996,79.68956289584324,78.37478470161442,79.6554183959961,18762200
2020-07-09,79.84324316392149,80.35550187801958,77.50395398985803,77.93083190917969,25600800
2020-07-10,78.54552875224644,82.67770344266552,78.43454285000672,82.1910629272461,28954200
2020-07-13,84.29130517823515,84.75232753545177,82.15691587629465,83.36924743652344,32079200
2020-07-14,83.98397040384145,85.33289977830036,82.50696982774555,83.84736633300781,42731700
2020-07-15,86.13543404417288,86.47693771409406,84.22302261171127,85.14508056640625,22508400
2020-07-16,84.3340097253257,86.41717627894283,84.13764950905964,85.3841323852539,16886900
2020-07-17,85.37559532747791,85.44389736701373,83.78760873329554,83.8046875,16137700
2020-07-20,83.18144338831189,84.0010483277327,83.03630643848176,83.0704574584961,14458100
2020-07-21,83.42046810108722,85.41825981266601,83.36070546303704,84.87185668945312,17798100
2020-07-22,85.07675340021208,85.48655247216082,83.26678904379517,84.25714874267578,14271200
2020-07-23,84.09494745715249,84.82063859441008,83.64245791910857,84.50475311279297,12870200
2020-07-24,85.03406942489654,85.20482447911952,83.6168382998619,83.90711212158203,12744200
2020-07-27,83.2497344588176,83.35218099172053,82.10569823682677,82.72894287109375,11959100
2020-07-28,82.38744483250805,83.57416501936692,82.38744483250805,83.0875244140625,11754300
2020-07-29,82.8740608153292,85.12797521378388,82.81429818028073,85.10236358642578,12743500
2020-07-30,83.27533940385551,83.44608795407366,82.00324511790318,82.83138275146484,14834800
2020-07-31,82.3703680869518,82.75455561778743,81.32024551508597,82.50696563720703,14535000
2020-08-03,82.8313673026214,83.30093549860186,81.83247479150494,82.04591369628906,12962800
2020-08-04,81.88371519376538,81.91785969096401,81.13240598260944,81.57636260986328,13366200
2020-08-05,81.84956931456828,84.06933304908985,81.72150464430672,82.99359893798828,15260900
2020-08-06,83.30950648193453,83.75345670629638,82.42159951956994,83.01922607421875,10482100
2020-08-07,82.75457557740393,84.94018901775902,82.43868348868561,84.84627532958984,14743700
2020-08-10,85.46949228697004,87.11724121506279,85.401190260793,85.92198181152344,14989900
2020-08-11,88.67106812412598,90.63470885289166,88.37225492982837,88.63691711425781,31518600
2020-08-12,90.63471470964852,90.86522589910528,86.83549766521008,87.8856201171875,19240800
2020-08-13,87.08310241565688,88.24421096895689,86.77574976839273,87.39899444580078,13598600
2020-08-14,86.65621506950265,88.20151100755955,86.58791304114966,87.43313598632812,12134400
2020-08-17,86.65622993132932,87.08310791128662,84.97432964811505,85.12800598144531,14988000
2020-08-18,85.29875951816373,85.29875951816373,83.77053559629067,83.9412841796875,13246500
2020-08-19,84.45352740357397,85.8792981146092,83.95834744563015,84.13764190673828,13533000
2020-08-20,83.03629721027275,83.69368635997705,82.64357029421508,83.13021087646484,13672600
2020-08-21,83.04483401335624,84.1547192953126,82.7630995150731,83.0875244140625,12228300
2020-08-24,84.05226373117779,85.55487590291459,83.17289621747673,85.42681121826172,17898300
2020-08-25,86.45985651856337,87.06602893530133,85.20484082585325,85.8024673461914,13648900
2020-08-26,85.32434561763431,85.60608004455484,84.56450357574153,84.59864807128906,12052400
2020-08-27,84.52181660247216,87.63802629508913,84.52181660247216,87.38189697265625,22163900
2020-08-28,88.05637815553358,88.15029182045288,86.92088130779307,87.74048614501953,13756700
2020-08-31,87.18555275785276,87.23677602625688,85.39266020002327,85.53780364990234,14219400
2020-09-01,84.99138915306717,86.11834650420262,84.55597188837133,85.49510192871094,11595600
2020-09-02,85.33289759493458,87.03187648584401,84.9999333228477,86.78428649902344,14475700
2020-09-03,88.21005789993986,89.63582866659269,85.9219918644223,86.5110855102539,23281200
2020-09-04,88.8333097262568,89.82366324699748,86.5452435062326,88.38081359863281,26325500
2020-09-08,87.91978664229876,88.42349950359367,84.93164095170798,85.30728912353516,22108600
2020-09-09,86.05859977260404,86.81844202411953,84.99993773667887,86.11836242675781,13434000
2020-09-10,86.57084225106257,87.44167032951165,85.06823017015195,85.2304458618164,15922800
2020-09-11,85.34996299938055,86.53668296564065,85.02553164705888,86.28909301757812,13784300
2020-09-14,86.66475493730009,88.32957617748775,86.54522964383226,87.48435974121094,19017400
2020-09-15,87.70634109932038,87.8087876323136,84.64135421901601,84.76087951660156,23683000
2020-09-16,84.88895744012751,86.34034000217872,84.3169424962072,85.11946868896484,19270600
2020-09-17,84.26568922335103,84.81209237774556,83.42047286165315,84.14616394042969,18290100
2020-09-18,83.57416150956428,84.94016959746904,83.18997397390493,83.96688842773438,20121600
2020-09-21,81.27754630560037,82.0032439175036,80.09936569360666,81.3714599609375,28378800
2020-09-22,81.07264457241632,81.67027750069091,79.97129888232625,80.48355102539062,19257000
2020-09-23,80.9189774531091,81.40561802124377,79.10901924148409,79.17731475830078,19952700
2020-09-24,78.81874365759377,80.5091831890843,78.0162110350675,79.10902404785156,18366500
2020-09-25,78.58822825906019,80.01399895913818,78.43455194617727,79.8005599975586,13293100
2020-09-28,81.15801621221769,82.75454174474203,80.55185043599018,82.09715270996094,20894100
2020-09-29,81.98617866666828,81.98617866666828,80.53479623093901,81.40562438964844,12848200
2020-09-30,81.4056092029971,82.98505603278721,81.32877431228638,82.1910629272461,16400600
2020-10-01,82.91675331335607,83.47168928993973,81.98615624261882,82.78868865966797,15778700
2020-10-02,81.32023542009368,84.17177650670278,81.18363137315603,83.57415008544922,15149600
2020-10-05,84.72018220774804,85.52154302500098,84.0394557867197,85.34059143066406,13871900
2020-10-06,86.22812793017233,86.90885442379465,84.02223407930258,84.46168518066406,19220400
2020-10-07,85.27167711404175,86.46940933149702,85.0217896376836,85.93517303466797,16358500
2020-10-08,86.60727832151893,87.82224117339567,86.08165408995829,87.70160675048828,15659000
2020-10-09,87.89116547750136,87.98595059364877,86.2625944078154,87.20182037353516,13689100
2020-10-12,87.11566486894309,88.75285476683725,86.90024531853814,88.27031707763672,16058000
2020-10-13,88.75286212068403,88.94243239260099,86.39186549336262,86.83993530273438,21697300
2020-10-14,87.05532553144808,87.83083703061523,86.25396474465556,86.35736846923828,15204100
2020-10-15,85.39229579444415,87.70159329507463,85.340597213725,87.64989471435547,17171200
2020-10-16,87.38278186652033,88.1755241642369,86.78822185619171,87.46894836425781,13275000
2020-10-19,87.54650791621532,87.77916472262693,85.78868351678098,85.99549102783203,11725700
2020-10-20,86.43493576921655,87.692985117845,86.27122138608017,86.48664093017578,11257100
2020-10-21,86.47801369252446,87.02086852289511,85.59048631112135,85.62495422363281,10730500
2020-10-22,85.58185777793899,88.95963392388417,85.57323915728875,88.64942932128906,14837200
2020-10-23,89.18369515081817,90.00228682450164,88.69253883179148,89.45081329345703,15087600
2020-10-26,88.45126700381444,88.49434696861412,86.38323804502714,87.23629760742188,12410700
2020-10-27,86.60725728881245,86.9605418489361,85.44399330808704,85.5904769897461,10391700
2020-10-28,84.01361922778105,84.70296437415483,82.78141921614363,83.18640899658203,16389500
2020-10-29,82.82451274985443,84.42723476259675,82.06623170996932,83.7292709350586,14208800
2020-10-30,84.36691943743013,84.8063706054665,82.91929973463898,84.47893524169922,15194500
2020-11-02,85.64220353043024,86.92610232399583,84.32383681685221,86.38324737548828,15011600
2020-11-03,88.77010241384917,90.25219025590928,88.48575354924144,89.10616302490234,17482600
2020-11-04,87.02950608403309,87.95150157859366,85.24583231141278,86.38324737548828,18886500
2020-11-05,87.08120025671914,90.56238111226378,87.02950166636654,89.91612243652344,17837400
2020-11-06,90.50203399356661,90.56235118707465,88.22720473257596,88.7183609008789,12552800
2020-11-09,97.50749695039478,102.45352740359269,95.08617701904782,100.73017120361328,47792400
2020-11-10,101.1179272750439,101.2040937732567,98.82586686698791,100.4027328491211,20539300
2020-11-11,100.72156096281967,100.7818781718746,98.1968436568071,98.9034194946289,14443400
2020-11-12,96.96464818679212,98.19684829345279,96.55965837512221,97.68846130371094,22063000
2020-11-13,98.83448345026662,98.97235511299968,97.86078948502457,98.30024719238281,11847900
2020-11-16,101.49707245238278,102.20364828895308,99.72201752555358,101.0748519897461,19858600
2020-11-17,99.42902923140602,100.33379380960619,98.73107211764587,100.0494384765625,14553200
2020-11-18,101.10930712466732,102.20364201508377,99.26531647964039,99.30840301513672,12571200
2020-11-19,98.38639483788,99.79954623963665,97.85215210830607,99.57550811767578,10202500
2020-11-20,98.60183109990129,99.6530794961665,98.30885710998484,98.72246551513672,12718900
2020-11-23,99.99775549563999,101.82450903123377,99.58414707632505,101.56600952148438,13209200
2020-11-24,103.46169209289934,106.41724832138782,103.15148744231121,106.26214599609375,20121600
2020-11-25,104.58186962333102,105.45215973986618,103.80635804625051,105.15057373046875,11715600
2020-11-27,105.12472165486739,105.426307656274,104.33197943000376,104.4526138305664,5983600
2020-11-30,103.40136771203656,104.0217769701619,101.47982273612517,101.5746078491211,14411800
2020-12-01,103.69432787542672,104.76281333403064,103.08253728130171,103.17732238769531,12668900
2020-12-02,103.14285731302687,105.39183749183844,102.77233549805571,105.15918731689453,10811300
2020-12-03,104.99547278781255,105.02994069992032,103.7115742886875,104.4698486328125,12904400
2020-12-04,105.53832743410258,106.23628453090774,104.85760100520797,105.41768646240234,13583700
2020-12-07,104.39231799541646,105.27122688997807,103.58233836236803,105.0213394165039,9724300
2020-12-08,104.2975303158975,105.40909598490842,104.05626147129041,105.12474060058594,9592100
2020-12-09,106.13289045743511,106.24491281833134,103.78051291576504,104.30613708496094,13073900
2020-12-10,103.3927491380836,104.07347559805663,103.02222730731555,103.63401794433594,13668400
2020-12-11,102.48799583836265,103.41860319478783,101.99683958183078,103.02223205566406,9981600
2020-12-14,104.5560112914051,104.6249471130924,101.77279487511856,101.93651580810547,12112400
2020-12-15,102.78958893727986,104.17689130677181,102.21226614537724,103.67711639404297,12590200
2020-12-16,103.65986681667118,104.33197460992115,103.2807263900865,103.97868347167969,11169400
2020-12-17,104.48709902152027,104.65081340702672,103.0394794012775,103.11702728271484,11618000
2020-12-18,102.66034880013281,103.29798888066931,101.9106863368229,102.60865020751953,28954800
2020-12-21,106.13290809537811,107.70978086502203,104.34061576400416,106.4603500366211,28323600
2020-12-22,106.32245752431695,106.43447330779357,104.78867159724606,104.84037017822266,11788200
2020-12-23,105.79683691272662,109.01951119177124,105.42631506379843,107.77008056640625,14973200
2020-12-24,107.78729111501198,108.18366875538324,106.47754352962163,107.29613494873047,4164900
2020-12-28,108.41633970929479,109.13153411950955,107.52881230643943,108.00273132324219,8072600
2020-12-29,108.74377628307735,108.81271211056406,107.61498004783243,107.7183837890625,8389200
2020-12-30,108.1319895480708,108.44219420898803,107.62360259350693,108.01997375488281,7398000
2020-12-31,107.7873131462177,109.71747687320942,107.55466294582905,109.49343872070312,8580200
2021-01-04,109.86395211477635,110.17415674079169,107.52018675114137,108.45941925048828,16819900
2021-01-05,108.47678462927577,109.6137168084052,107.4179654283193,109.04959106445312,13731200
2021-01-06,112.72073323779794,115.22891646855689,110.98495930808527,114.17009735107422,24909100
2021-01-07,117.76315220539861,119.93286165499957,117.09487798692196,117.91936492919922,21940400
2021-01-08,118.00615608084536,118.33595614784592,116.40056582533288,118.04955291748047,12035100
2021-01-11,116.79982020022287,119.94155577059362,116.3919136960981,119.8113784790039,15937900
2021-01-12,121.01772330328377,122.94442646418551,120.48831363757913,121.69467163085938,18033500
2021-01-13,120.28001870641562,122.18936051376713,119.85476409847915,121.80750274658203,14816800
2021-01-14,121.92897999008059,123.89039229150654,121.5037122298488,122.51913452148438,18565600
2021-01-15,119.2732194278356,122.93568874608768,118.9087099580426,120.3233642578125,27881000
2021-01-19,121.38220501474157,122.11122408561613,119.6117282364958,119.80265045166016,19843800
2021-01-20,119.61174718833558,119.91549856123447,117.5461795840597,118.00615692138672,16028800
2021-01-21,117.76314997542309,118.17105640365236,116.5741534572705,117.01676940917969,13411700
2021-01-22,115.15948690460344,116.64356057221084,114.73421913661069,116.11415100097656,12933200
2021-01-25,114.6821486740385,115.57606780289431,112.87694903476884,114.66478729248047,14212800
2021-01-26,115.21157418794611,115.57608379397432,113.98785485444411,114.19615173339844,11307800
2021-01-27,112.46904835121575,112.69470659435373,110.52499066801282,110.96761322021484,17603900
2021-01-28,112.73808771661744,114.70818743032284,111.94832361149837,112.92034912109375,13761800
2021-01-29,113.8576716563152,114.3176489859016,111.2540203977408,111.67060089111328,14808100
2021-02-01,112.30414357035058,112.8856372931597,111.5056921690905,112.49507904052734,11080700
2021-02-02,114.50857498982388,116.63488735969987,113.88369768007651,115.95793914794922,12253600
2021-02-03,115.99264570011648,117.82388074987713,115.87114251760006,117.28579711914062,10600800
2021-02-04,117.57218620576685,120.34073686390731,117.57218620576685,119.98490142822266,12419500
2021-02-05,120.9743143480922,121.06110801949187,119.22987279294023,119.75059509277344,10051300
2021-02-08,119.941532278475,121.76409346090502,119.92417089537757,121.62522888183594,10136400
2021-02-09,121.00903829817936,121.48637706207816,120.23662220490912,121.13922882080078,8614800
2021-02-10,121.50373362870515,122.25878830711245,120.67055934268024,121.20865631103516,10323200
2021-02-11,121.2086370669511,121.98105300695565,119.95888245776311,120.87016296386719,9201000
2021-02-12,120.67924321728916,122.90102359290128,120.63584637937294,122.58858489990234,8324600
2021-02-16,124.58470358367666,126.1208613888902,123.58662941661031,125.53936767578125,12130600
2021-02-17,124.93184229038062,126.17292273180617,124.21149730909288,125.92991638183594,10810100
2021-02-18,124.97524699241808,126.52875291637099,124.45451149947486,126.35517883300781,10587800
2021-02-19,126.58952501567848,129.17581489720442,126.58952501567848,128.4641571044922,11969800
2021-02-22,127.46606978145438,130.34744990900285,127.39663749903532,129.67050170898438,11488400
2021-02-23,131.49304984335396,132.18735942670543,129.8267147890227,130.7119598388672,16234400
2021-02-24,130.2780276187949,133.44579794536324,130.2780276187949,133.01185607910156,15061400
2021-02-25,133.88838930320819,134.435146895107,130.69457118343647,131.2066192626953,18127700
2021-02-26,130.44292060352188,130.9376074180649,127.15363401886582,127.7264404296875,19829200
2021-03-01,129.76597851041575,131.38024277162066,128.86337201874485,130.6165008544922,14845500
2021-03-02,130.2520118891564,131.72741180928188,130.04371499438253,130.19125366210938,14221700
2021-03-03,131.25004786712572,134.50461173280527,130.894225615714,132.70809936523438,14324100
2021-03-04,132.44771255655075,133.98387018819466,128.984852334127,130.66854858398438,20093900
2021-03-05,132.97712960433375,133.21146189024103,128.42074058944826,130.97232055664062,18465100
2021-03-08,132.32622841947128,134.9212054424673,130.83346740031791,132.70809936523438,17133300
2021-03-09,131.4843792633632,133.8710594150084,130.02634101820087,131.77078247070312,16238800
2021-03-10,131.84022464563913,135.528730611252,131.4930631972801,134.6348114013672,14342200
2021-03-11,133.7495470820704,135.52002386482374,133.09863435794952,133.9318084716797,11771500
2021-03-12,136.1362227172353,136.80449680062867,134.5827168921993,135.52001953125,12849500
2021-03-15,135.69359877104975,136.18828550983943,133.6193576096692,134.8430633544922,12101100
2021-03-16,133.7322102477597,134.17483945683185,132.0832363411283,133.2288360595703,12805600
2021-03-17,134.81708389333122,136.15363253561117,132.82963555903237,134.60011291503906,13952400
2021-03-18,136.7784853029494,140.32812668826665,136.35321749489435,136.82186889648438,21898500
2021-03-19,134.9645911289082,135.337788010919,131.21534038370794,134.6434783935547,54418800
2021-03-22,132.61262750997625,133.62804981538775,130.71196015259557,131.02439880371094,19944800
2021-03-23,130.46896759949217,132.02247370743615,129.27997108263804,129.7139129638672,17076300
2021-03-24,130.18255841942363,132.94242230134518,130.06105522794633,130.72064208984375,13079800
2021-03-25,130.18255432823972,132.7601699633672,129.60107384138274,132.39566040039062,15608300
2021-03-26,133.91449045049316,134.91255165349406,132.39569360244803,134.60011291503906,16754400
2021-03-29,132.0224863109907,133.41977983165563,131.08517016891207,132.5084991455078,17570300
2021-03-30,134.05333057070013,135.27703660019225,133.54995640385823,134.0706787109375,13184300
2021-03-31,133.02921573656664,134.07936086615723,132.02246744161036,132.11793518066406,16736700
2021-04-01,131.83155437617563,133.4718543585257,131.52780296780378,133.40243530273438,16561500
2021-04-05,134.7904628250701,135.26188772517932,133.21908201364084,134.10952758789062,13508000
2021-04-06,133.3849663876135,134.68573437868773,132.57308702868517,133.16671752929688,13071600
2021-04-07,133.6556039342198,135.5150751179113,133.2627453391139,135.253173828125,16903500
2021-04-08,134.4412863183193,135.7595045250246,132.96592201894424,135.41903686523438,12335500
2021-04-09,136.02137759888387,137.09515794624372,135.2880648407283,136.4316864013672,12122400
2021-04-12,135.82061172112137,137.27851228809533,135.81188656354115,136.14361572265625,12273400
2021-04-13,135.09601649442558,135.48886169728289,133.07066109707603,134.51983642578125,16113600
2021-04-14,132.2325739147524,134.29284296230108,131.76114908306621,132.00559997558594,19939600
2021-04-15,132.04053491296614,132.86987775734025,130.35566043172142,132.84368896484375,17694100
2021-04-16,134.32778534102604,134.88650181180782,133.29765725961806,133.83018493652344,13773400
2021-04-19,133.93495126968034,134.33653501065837,132.88735946479974,133.2627410888672,11900200
2021-04-20,132.4683111681028,132.47703632556676,129.7707455764075,130.31201171875,13716700
2021-04-21,129.01996311748528,131.48181613521513,128.1469678608464,131.4207000732422,12236700
2021-04-22,131.15008754333905,131.21120361177466,128.55729029128113,128.6533203125,15256100
2021-04-23,128.48743386619284,131.93577574333642,128.05967472115046,131.1151580810547,14041900
2021-04-26,131.6302161389818,133.09685501239358,131.28102338480505,131.4381561279297,10799100
2021-04-27,131.38579611029508,132.3199074999052,131.04532846716225,132.04054260253906,12821200
2021-04-28,133.0706687856252,133.47225248963014,132.17148468147752,132.8960723876953,8943700
2021-04-29,134.03971311517705,135.55872996629742,133.74289786453326,135.48016357421875,12976900
2021-04-30,134.52859726976385,134.869064944958,133.57702215424706,134.27542114257812,11705100
2021-05-03,135.18332082857745,135.7332987821211,133.68176792138271,133.88255310058594,11801100
2021-05-04,133.45477359327973,135.87297405668858,132.8174908193246,135.73329162597656,12977700
2021-05-05,136.1872646267433,138.17769281331226,134.99126534750124,137.51422119140625,10506700
2021-05-06,137.99432776865532,140.39506404865963,137.1998991117234,140.2815704345703,13542400
2021-05-07,137.25231975139087,140.98873850492453,137.077723358589,140.7617645263672,14257800
2021-05-10,140.988715528359,142.93549096649807,140.65697311150302,140.74427795410156,14014300
2021-05-11,140.62210951935805,141.76573143431105,137.96819587592418,138.40469360351562,15451700
2021-05-12,139.3387828194196,140.36018573990313,137.0864533072567,137.45310974121094,14381700
2021-05-13,138.09040320857827,141.81809722165787,137.65390551733228,140.98875427246094,15395000
2021-05-14,141.7656686336097,143.56403634329186,141.41647593456665,143.17991638183594,10584000
2021-05-17,142.62122234401596,143.91326483811827,142.324407171391,143.75611877441406,9886800
2021-05-18,143.76484098897143,144.4807034362585,141.6347439223854,141.73077392578125,11098100
2021-05-19,140.55222439161605,140.70935713046856,138.49195522794847,140.64825439453125,13278900
2021-05-20,140.4038543701172,141.30303858303355,139.2602325063606,140.4038543701172,10426000
2021-05-21,140.84905887435238,142.49029430532863,140.4998660817771,142.0014190673828,10249000
2021-05-24,142.6125205517149,143.3720222416404,141.530001524919,142.7696533203125,9440300
2021-05-25,143.04027143746296,144.65530459418636,141.04110493360093,141.29428100585938,12609100
2021-05-26,142.79585692652023,142.94426453869556,140.82287889452047,141.27684020996094,13058300
2021-05-27,143.12758524864088,143.82598419417906,141.92286072146075,143.47679138183594,15707500
2021-05-28,143.7648746048134,143.9918619318331,142.5252227480186,143.38076782226562,10291300
2021-06-01,144.80369989491416,145.71162230198132,144.46323232247616,144.96084594726562,9445400
2021-06-02,146.01716550125695,146.17431155672105,144.50688760599962,144.96957397460938,10498600
2021-06-03,144.4021716052963,146.00847993644146,143.7474250584961,145.06564331054688,13354400
2021-06-04,145.10056062779523,145.50213102259542,144.0704192046849,145.3013458251953,8510800
2021-06-07,145.79021762978675,145.87752248964213,144.16644581077662,144.6204071044922,7267200
2021-06-08,143.59901238883506,144.70770691140612,142.4379269548466,144.0442352294922,10370700
2021-06-09,143.2934258846676,143.3632670963863,141.66965434454383,142.24583435058594,12377400
2021-06-10,143.4855096712699,144.25374980667183,139.94987600192403,140.0284423828125,12119400
2021-06-11,140.05462236732058,140.72683244351674,138.8586231306284,139.93240356445312,13683800
2021-06-14,139.81020825983413,139.96735435899018,136.76346283311784,137.55789184570312,19917900
2021-06-15,136.79836162267063,136.99042165542937,134.55477061577247,135.47140502929688,24485500
2021-06-16,135.0785534665989,137.60150924668224,133.66430540161497,136.4229736328125,25321200
2021-06-17,137.14753704115353,137.4618158134312,132.04051032185328,132.48573303222656,29722400
2021-06-18,130.33823725774013,130.68743014666163,128.81922021713655,129.1334991455078,43595700
2021-06-21,130.1461408518226,131.99688662414513,130.09376326518722,131.32467651367188,18664800
2021-06-22,131.47309702745187,131.79610102459804,129.7794840203104,131.13262939453125,14251200
2021-06-23,131.1238784723635,132.73018646904276,131.02784846599408,131.92703247070312,12733300
2021-06-24,132.62543892088306,133.67303057361173,132.01434490019557,133.1405029296875,13733200
2021-06-25,133.2103302439318,134.8777542212763,132.40717628331672,134.4849090576172,15484900
2021-06-28,134.17934840671884,134.86028354036975,132.8000145070329,134.72933959960938,14125800
2021-06-29,135.31428363825998,136.45790545251148,134.1008205952413,134.56350708007812,14528700
2021-06-30,134.22300433247995,136.2570846307846,134.18809038764823,135.78565979003906,12531000
2021-07-01,136.41424911062376,137.18248928419743,135.68093621085907,137.13011169433594,10479400
2021-07-02,136.92815413834836,137.25303287375047,136.19939093936293,136.99839782714844,11424000
2021-07-06,136.7789002894367,136.7789002894367,133.7672772963023,134.69798278808594,15083400
2021-07-07,133.46872019517411,135.46184285836395,133.06483575975147,134.8560028076172,12271800
2021-07-08,133.1175575840013,133.92534010981572,131.73904996875416,132.52928161621094,17834600
2021-07-09,134.38184935440995,137.10372125502803,133.9691761627893,136.77008056640625,13694500
2021-07-12,135.523299291223,139.74660161027944,135.1633054667117,138.72808837890625,19940400
2021-07-13,137.01595230561605,138.1925038642932,134.77698345149216,136.66473388671875,22671700
2021-07-14,136.92816511286307,138.0959414122336,134.2940868610057,136.19940185546875,14622800
2021-07-15,135.12822323264075,137.43743636455721,134.95262067682717,136.49795532226562,11539300
2021-07-16,136.93694372294473,137.21790508207013,132.5994930484834,133.3809356689453,14002700
2021-07-19,130.43075487022858,131.5458515551326,127.9371644389265,129.04347229003906,22172900
2021-07-20,128.64835973740676,132.68727087394151,128.48153267133895,131.4492645263672,15385200
2021-07-21,133.5038129097383,134.9086460179557,132.89797302157066,134.2150115966797,12356700
2021-07-22,134.23259259774684,134.72428491680498,131.67753422805816,132.5204315185547,9913300
2021-07-23,133.00336191779087,134.19747769867826,131.92339379314515,132.2658233642578,9666100
2021-07-26,131.87073835883882,133.42484826305022,131.85317408600525,133.15264892578125,8208000
2021-07-27,132.0551358454577,133.89022079571427,131.52832816113738,132.97706604003906,11218700
2021-07-28,133.71454997721563,134.13601202889745,132.47654371853233,133.19651794433594,9217300
2021-07-29,134.4609052856526,135.10186053425366,133.3809370233988,134.33798217773438,9063500
2021-07-30,133.96917746621367,134.92622236774722,132.7574975813592,133.26675415039062,9805200
2021-08-02,133.4862581013055,135.61107887864088,132.64336085617933,132.7311553955078,10203200
2021-08-03,133.41604746280052,134.6189521881496,131.2824507225734,134.24139404296875,10394800
2021-08-04,132.80145427130557,134.66286540922667,132.5029285977929,132.7926788330078,10155000
2021-08-05,133.70580242925368,134.94382234376494,133.4687316504376,134.4696807861328,9151500
2021-08-06,136.26084009527807,138.570052474613,136.19059641632208,138.28907775878906,13328800
2021-08-09,138.30662807137503,139.2109935755543,136.88421716187298,138.13980102539062,9516900
2021-08-10,137.62176578096933,140.46656073784604,137.2442077282616,139.83438110351562,8667000
2021-08-11,140.48415693488087,141.80119590614538,139.67637464021888,141.50267028808594,9156500
2021-08-12,142.13484917035447,142.56507332378376,140.96707301547912,142.05581665039062,8844200
2021-08-13,142.05582345860012,142.38070219541186,140.1066180257987,140.4665985107422,8980900
2021-08-16,139.55346656960253,139.6324857009621,137.65692703128508,139.544677734375,8755800
2021-08-17,138.35057732397297,139.48322508423675,136.3311146390291,137.85887145996094,9347200
2021-08-18,137.24425730247717,138.73689899029063,136.39257091518775,136.60330200195312,8065500
2021-08-19,134.47846817411445,136.58572525892404,134.3467562328052,135.46185302734375,9517700
2021-08-20,135.52334018157111,136.00624384088312,134.47848693047737,135.84820556640625,6974100
2021-08-23,136.3837483523182,137.92906892846068,136.3047292461905,137.58663940429688,7934600
2021-08-24,137.85004830611183,139.2109909529872,137.73590066677593,138.43832397460938,7670900
2021-08-25,139.17590047431958,142.0470493289427,138.5525094988987,141.2919464111328,11335000
2021-08-26,142.46847930885104,143.84698641816675,141.49387001301488,142.02069091796875,11027500
2021-08-27,142.02068829256447,143.2587080179914,141.5904507815518,143.16212463378906,8780200
2021-08-30,143.30261899392167,143.54846518433746,140.37879101760586,140.8704833984375,7937600
2021-08-31,140.87045350518903,141.6870110220194,139.91340865290087,140.44021606445312,12340800
2021-09-01,140.67732476124132,141.1514528994477,139.57979227708336,140.23831176757812,8729900
2021-09-02,140.50172792975985,141.8977860906836,139.98368239408455,140.8880615234375,8813300
2021-09-03,140.8265489898141,141.26556186320312,139.73779224066996,140.0363311767578,7959700
2021-09-07,140.4753558945951,141.69581124961712,139.57099037096927,139.79049682617188,9285600
2021-09-08,139.50957443798697,140.11541462510718,138.76324685143854,139.16714477539062,7852700
2021-09-09,138.96519731624315,141.21294203258662,138.7983702103619,139.77297973632812,7904300
2021-09-10,140.9758330893875,141.11632044555472,138.04322986685818,138.16615295410156,8311600
2021-09-13,139.1934452554055,140.52804837857414,138.78956084290695,140.36122131347656,10052800
2021-09-14,140.87926345212634,141.66070602533475,137.20033251392047,137.9115447998047,11685600
2021-09-15,137.60423176200297,139.3339440031566,137.3847252684313,138.86859130859375,11691500
2021-09-16,139.9661450581767,141.23050479701223,138.04326573849892,138.80714416503906,10880900
2021-09-17,138.1837159936538,139.6148890543382,137.85006187512798,138.44711303710938,25581600
2021-09-20,135.11942950704966,135.70770535809726,132.1341462693962,134.30287170410156,15819900
2021-09-21,134.80330568382118,135.69889578889905,133.96918381818708,134.3203887939453,8999900
2021-09-22,136.26964672751683,138.06960289469723,136.18185215693177,136.89305114746094,11236200
2021-09-23,138.7281167294576,141.98559928938445,138.4383665235115,141.52023315429688,12336100
2021-09-24,141.7484870732699,143.6362371812646,141.20411536535917,143.1533203125,10102400
2021-09-27,144.87428998151455,146.98154702220026,144.53186037746278,146.61277770996094,13220900
2021-09-28,147.2449687419452,148.64981580805332,145.45380146039113,145.82257080078125,13387900
2021-09-29,145.93666929837656,146.54249582639704,144.90936735637086,145.7083740234375,7777100
2021-09-30,146.56007993158508,146.62154817473058,142.93382871913178,143.72406005859375,13161200
2021-10-01,143.99623592809735,147.77174967158794,143.64503095560977,146.7444610595703,11285000
2021-10-04,146.60402057235007,149.6507722440687,145.51526337344845,146.58645629882812,14120000
2021-10-05,147.69943298765432,150.2875451788787,147.2224342872719,148.98023986816406,12292900
2021-10-06,148.38840249612895,149.36888473884486,146.6305971122774,149.2982177734375,8692600
2021-10-07,151.22386004502053,151.4976861446159,149.7575506644839,150.24337768554688,10195400
2021-10-08,150.18153939328573,151.34751066367502,149.5455501627658,150.3582000732422,8190100
2021-10-11,150.87052426990664,151.30334091057665,147.03693228438064,147.1959228515625,12154700
2021-10-12,146.40980072682257,147.2401209085964,145.54415379359702,146.0653076171875,13032600
2021-10-13,144.9257935568031,146.10943483164164,141.86068318864355,142.21400451660156,22753500
2021-10-14,142.87650686024773,144.8727981780843,141.38369916062845,144.39581298828125,15176800
2021-10-15,146.05645911909076,147.66408891582077,144.98763970805834,147.16943359375,14267400
2021-10-18,147.05458591123198,148.9360551211635,146.55110231376943,147.11642456054688,12672900
2021-10-19,147.8672489065941,148.9713950707065,147.14293603167667,148.90074157714844,8053900
2021-10-20,148.66221928402013,150.93233643827594,147.9202364110735,150.9058380126953,8185600
2021-10-21,150.83518818092938,151.33868528082886,148.99788742140487,149.7222137451172,8415200
2021-10-22,150.19035586352214,152.00998633240653,149.89885969933025,151.7361602783203,8817900
2021-10-25,152.5576456027512,152.77847479572247,150.58783949703948,150.99417114257812,10159200
2021-10-26,151.0471761001418,152.36332301310165,150.64084443279242,151.40049743652344,8015100
2021-10-27,150.446565117662,150.7822164284669,147.81427062713556,148.24710083007812,9847000
2021-10-28,148.66222676717004,150.61434943437698,148.36190227657596,150.4818572998047,7212900
2021-10-29,151.206199699995,152.1425270548706,149.62506817840836,150.0667266845703,8140100
2021-11-01,151.9658189153475,152.22198833955926,149.28937004428454,149.98719787597656,7435500
2021-11-02,149.98720459342672,151.65667290933862,149.2098814483772,150.5790252685547,7173800
2021-11-03,150.27869769972352,151.16201453618186,149.41303749558577,150.63201904296875,8402700
2021-11-04,150.1638436228387,150.3405042726086,147.06340676259438,148.6533660888672,9574200
2021-11-05,149.1922175204525,150.2433667774321,147.8760839788109,148.44140625,7975600
2021-11-08,149.32475932763828,150.97655800126734,149.050933181566,149.33358764648438,6413700
2021-11-09,147.82309157193944,148.81240220671603,147.16060388364872,148.20291137695312,7990300
2021-11-10,147.9113917202805,149.23636688674168,147.59339714119605,148.06155395507812,6999200
2021-11-11,147.97323909512457,148.9978763741024,147.4255734953994,148.052734375,5815300
2021-11-12,148.08805788005458,148.16756663653692,146.38326290549796,147.39024353027344,8113400
2021-11-15,147.69942346631709,148.21173540281754,146.6306040963473,147.12525939941406,6492500
2021-11-16,147.56694390333138,147.57578569995567,145.8533066734319,146.0653076171875,9706100
2021-11-17,145.93277304741497,146.24192583741888,144.32513001735416,145.27911376953125,9909600
2021-11-18,145.20845209989736,145.61478376924597,143.59198069522526,144.02481079101562,8122500
2021-11-19,142.4790210639631,143.19450560847116,140.84487938011773,142.1433563232422,12193600
2021-11-22,145.0052786255287,146.61290807640935,143.97179966174602,145.17311096191406,14549900
2021-11-23,146.18895695458215,148.89190469702558,146.07412143665246,148.6445770263672,12354400
2021-11-24,148.80353644452927,149.66918303212577,147.01923294580158,147.4785614013672,9629800
2021-11-26,143.22097913491066,143.6714658309599,140.28837449619786,143.0354766845703,13619300
2021-11-29,144.25444509019673,145.55292169018784,141.17167849809422,142.41714477539062,12104400
2021-11-30,140.58873743934387,141.8872145120869,139.82024248141875,140.2972412109375,18922600
2021-12-01,142.21401976268808,144.2191528835896,139.38740840096227,139.46690368652344,12253400
2021-12-02,141.18052413223066,144.20146593596874,140.27070891699717,142.39950561523438,12969900
2021-12-03,142.65568958904026,142.9471858043638,138.8485956333234,139.8202362060547,12681800
2021-12-06,142.22281119936403,143.63612325291157,140.85368115302177,141.4720001220703,11186500
2021-12-07,142.99135447509192,144.32515823880397,142.35536518261202,143.60084533691406,9851600
2021-12-08,143.68032036618484,144.21914417748232,141.4808565833452,141.95785522460938,11705700
2021-12-09,141.021516865373,142.15216125211387,140.1382000958352,141.7370147705078,11189600
2021-12-10,142.4966670424313,142.83231824795863,140.56220116996215,141.17169189453125,10405400
2021-12-13,140.88903516082263,141.1451911124613,138.9280707091567,139.49339294433594,12069000
2021-12-14,139.07824591221674,142.1168582638054,138.94575376598036,140.56222534179688,12563600
2021-12-15,141.19821644954544,141.19821644954544,138.98992412770923,139.51107788085938,14014200
2021-12-16,141.67521623820915,142.93836658501112,140.18240831851048,141.69288635253906,19542800
2021-12-17,140.73006805472795,140.7830649171172,137.0731228096996,138.46876525878906,28082000
2021-12-20,136.48129737450375,136.6491297518863,134.1228427305287,135.97781372070312,15148000
2021-12-21,137.27627362457898,138.83973473022053,136.99360576558558,137.87692260742188,11291300
2021-12-22,137.57657752949976,138.73372026261904,137.12609085977692,138.4157257080078,7273000
2021-12-23,139.21958196645264,140.55338567941027,138.86626058556288,138.91041564941406,8055200
2021-12-27,139.2107432718601,139.74072530368716,138.09775539616646,139.7053985595703,6188100
2021-12-28,139.74070250008174,141.46316740954396,139.63470880668206,140.12936401367188,6342300
2021-12-29,140.31490053816606,141.00388666930672,139.69656790089135,140.05873107910156,6398900
2021-12-30,140.54457694260222,141.54272952627852,139.89091747070867,139.9880828857422,6948200
2021-12-31,139.9615688477645,140.70355185528675,139.5287521658834,139.8732452392578,5805900
2022-01-03,141.20706677596263,143.66268714232368,140.89790041137846,142.83236694335938,13120900
2022-01-04,145.13782106717184,148.9095886118186,145.0671540863844,148.24710083007812,20195800
2022-01-05,149.12678695790527,149.60663119712194,145.4923556540437,145.5367889404297,17539400
2022-01-06,148.31814672091514,148.7269004122922,145.61676020419483,147.08297729492188,14047500
2022-01-07,147.2163078418781,148.86912624874714,146.67425412889577,148.54034423828125,13913300
2022-01-10,150.23759620894182,150.45085435269394,147.0919029972045,148.68252563476562,12922500
2022-01-11,149.5178089348874,149.74885666891277,147.78501872539383,148.83358764648438,11854100
2022-01-12,149.69554092408404,150.6996629783714,148.5581054130719,149.67776489257812,12568000
2022-01-13,149.58891300531943,150.89517348711306,149.1890403915162,149.4911651611328,13623400
2022-01-14,142.85321348813127,143.09314244617144,139.42317174829145,140.3029022216797,40158400
2022-01-18,138.42792174596542,138.42792174596542,133.77159181888788,134.4202880859375,32324800
2022-01-19,134.68689043666924,135.2733638909941,132.00327913556836,132.3409423828125,22380000
2022-01-20,132.39422669856626,133.83377292910407,130.94578567555584,131.21237182617188,14860800
2022-01-21,131.0702076775015,131.07908891198704,128.1999960788168,128.91976928710938,20705400
2022-01-24,126.43163874088846,129.27519273022804,124.02350925270359,128.80422973632812,28471400
2022-01-25,127.6490462987777,130.49261416322426,125.10761667234571,130.208251953125,18915900
2022-01-26,132.15432771174122,133.7982647132606,129.70176440119016,131.4434356689453,20709100
2022-01-27,132.77637099608768,133.62944427383624,128.07562062977985,129.12417602539062,17536800
2022-01-28,128.12891928877008,130.41264423744002,126.33391991289939,130.27935791015625,14117000
2022-01-31,129.41740247756024,132.2165238014522,128.55544807691786,132.04769897460938,13985700
2022-02-01,132.127637339725,134.59797606112332,131.78107942007946,134.31361389160156,14584900
2022-02-02,133.73603887989051,134.12703013312077,131.57671931200926,133.23841857910156,12441100
2022-02-03,133.29176416335298,134.7579681454941,131.7722320858694,132.13656616210938,12474900
2022-02-04,132.49198576766128,136.40187111203926,132.19874233296252,135.5665740966797,16654400
2022-02-07,136.19752554484307,136.5085315191782,134.04708675547963,136.01980590820312,12572300
2022-02-08,137.73478599878143,140.8271503007767,137.55706640609404,138.57896423339844,20411400
2022-02-09,139.14767564146086,139.89410606931915,138.46345452882537,139.1565704345703,9131100
2022-02-10,139.20988438044486,141.3158893500189,137.93028161847832,138.57896423339844,16455600
2022-02-11,138.2768411085387,140.569460489383,135.93090720520848,136.77508544921875,16830000
2022-02-14,135.71762208244368,136.56180024264617,133.576078806764,135.50436401367188,17026500
2022-02-15,137.29936278530573,138.5700843254955,136.7128894797387,137.48597717285156,9500000
2022-02-16,136.61512620736576,138.7122497257266,136.61512620736576,137.73477172851562,9076500
2022-02-17,135.95759642470927,136.60627919932702,133.8871294402951,134.56246948242188,11367500
2022-02-18,135.18450865644775,136.970613376671,134.2958969144013,135.19338989257812,11733300
2022-02-22,133.82491841429336,136.17085260164424,133.656080033223,134.9534454345703,11333500
2022-02-23,136.06419773181378,136.22415486336882,131.48785362134933,132.12765502929688,11799000
2022-02-24,127.01814157472695,128.8397980278499,124.21012572419556,128.4488067626953,25655100
2022-02-25,129.0708294688803,133.40725823333327,128.76870479178615,131.48785400390625,18367700
2022-02-28,127.56019724524256,128.90199587315186,125.18760591236533,126.005126953125,31315300
2022-03-01,124.44116531855944,124.83215660088355,118.70074184556387,121.25105285644531,36840400
2022-03-02,121.99746634674968,124.44114796128909,121.39321703772129,123.76580810546875,19405600
2022-03-03,124.26342069730795,125.27643719802546,121.79308197522256,122.88607025146484,16640800
2022-03-04,119.90924779601342,120.33577755437399,117.65216680811822,119.42938995361328,21016000
2022-03-07,117.44780309843951,117.9098849645849,114.58647242895984,114.81752014160156,27560100
2022-03-08,115.19960158739515,117.11011100930516,113.09358975884925,114.00886535644531,19207800
2022-03-09,118.09649703874501,120.17585885431559,117.68774322379154,118.57635498046875,17536200
2022-03-10,117.17231750488281,118.58520659082672,115.80386170749996,117.17231750488281,15604200
2022-03-11,117.73214909217735,119.14503820190129,114.1154935767853,114.53314208984375,20061800
2022-03-14,115.03967890605813,118.11426785528963,114.83528844846657,115.67058563232422,15786900
2022-03-15,117.1190247832844,118.67409525843652,116.52365657132277,117.72327423095703,15096600
2022-03-16,119.84704305549445,123.06382629192916,119.45605177908848,122.98384094238281,20354900
2022-03-17,121.615383723619,124.57446196911069,120.78008665286835,124.53890991210938,17050500
2022-03-18,124.57445573329831,125.1609426122298,123.0371615437987,124.4944839477539,23656500
2022-03-21,124.71662812410041,125.08094853028821,123.27706828917717,124.09458923339844,12676100
2022-03-22,126.42275876663082,127.89784351510995,125.93401974192308,126.7337646484375,13548600
2022-03-23,125.27647538574998,125.81852907254175,123.69474762281112,124.21014404296875,12093200
2022-03-24,124.6721798955504,125.03651381720739,123.61473017905672,125.01873779296875,10017600
2022-03-25,125.37421370822199,127.23140879162514,125.11652229725551,126.11176300048828,8383500
2022-03-28,124.40562318946073,125.2675775205758,122.53953341796407,125.1787109375,10818100
2022-03-29,127.38251567346043,127.60466863866762,124.61893224391731,125.45421600341797,11316500
2022-03-30,126.09396443377601,126.28946004541757,124.32563625456628,124.88545227050781,8771000
2022-03-31,124.25456576101922,124.71664760484681,121.08221573580495,121.13554382324219,17353900
2022-04-01,122.09520891435301,122.10410370677992,118.89621580080315,120.2380142211914,15721300
2022-04-04,119.18056472149429,121.68645554802976,118.08757642183737,120.77118682861328,17416400
2022-04-05,120.01924250827702,121.20984422550885,119.07032083720041,119.36573791503906,12110300
2022-04-06,117.79021271384181,118.6675033628699,117.23519405052832,117.70964813232422,12914700
2022-04-07,117.22619715611913,118.09454047028326,115.23885613397438,117.35152435302734,12994200
2022-04-08,117.87078556927074,119.86707441165291,117.70965639492512,119.50005340576172,13126900
2022-04-11,119.06138610839844,120.76225758894675,118.67645735655651,119.06138610839844,10466400
2022-04-12,118.29151904881667,120.47580538611007,117.00243113437179,117.75439453125,12989900
2022-04-13,113.6364835328424,115.70438958672177,112.80394877364837,113.95875549316406,30838000
2022-04-14,113.2425929632811,114.85395274923266,111.9176963804074,112.90242004394531,18835200
2022-04-18,112.49956627201276,115.69543069004666,112.38319295428252,114.99717712402344,11834400
2022-04-19,114.98820981817026,117.5574380247392,114.79126511495896,117.37838745117188,15015400
2022-04-20,118.63168790538111,119.51792552028705,117.57534676059812,117.79019927978516,13430200
2022-04-21,118.36313839616385,118.89130219551528,116.33999484664385,116.87710571289062,12174200
2022-04-22,116.62643506241318,116.84128757488934,113.41267639877834,113.52009582519531,14318800
2022-04-25,112.80394525261418,113.79761596095285,110.20786868875477,113.48429107666016,17149000
2022-04-26,111.57752794275534,113.16203293422205,109.9930297811104,110.12730407714844,17209500
2022-04-27,109.50961054439861,110.61070063740868,108.51593987715282,108.69497680664062,17215200
2022-04-28,109.93930330819055,110.69127344722898,108.44432375546964,110.41375732421875,13015600
2022-04-29,110.15414422881588,110.65545304886665,106.43907023211564,106.85086059570312,14874800
2022-05-02,107.31635930112945,108.05937545697543,105.83033381925786,107.82662200927734,18545000
2022-05-03,108.79345581426466,111.15677894297625,108.12205704293021,110.1362533569336,15720900
2022-05-04,109.93036005711683,114.04827109909934,109.87664351186505,113.77970886230469,17128500
2022-05-05,112.1235911909059,112.88450840787395,109.357431620678,110.93297576904297,15055400
2022-05-06,110.82554663769969,111.26419187004964,108.48012475220237,110.7539291381836,14417900
2022-05-09,109.31267441124565,110.40481752445056,107.87140447723873,109.08887481689453,14312300
2022-05-10,110.20786808921241,110.8076493373406,105.23951457454741,106.43013000488281,16382400
2022-05-11,106.79715364321274,110.01091207295845,105.57968348040339,105.75872039794922,14630300
2022-05-12,104.73819012846585,105.91985148749163,103.27901951105244,105.66919708251953,16318800
2022-05-13,106.89563138718512,107.64759467458123,105.59758976514999,106.60916137695312,10443200
2022-05-16,106.11680432654518,106.94038510029867,104.94409677196529,105.86614990234375,10269000
2022-05-17,108.35479499483735,110.08252785856429,108.14889639602573,109.37532043457031,11160200
2022-05-18,108.58756000162548,109.18734124268848,107.00305513515012,107.50436401367188,12664900
2022-05-19,105.80349213223052,107.1104808661012,105.30217642635515,105.9109115600586,12765800
2022-05-20,106.94039499867564,107.1283858342271,102.9657121046693,105.04257202148438,13150100
2022-05-23,107.8355820058582,113.30524394244324,107.82662811087305,111.54170227050781,24376700
2022-05-24,111.3268595893978,114.12882777077668,110.20786172992719,113.11725616455078,19324900
2022-05-25,113.04563218026361,114.46004703268784,112.05196159164588,113.90502166748047,12780400
2022-05-26,114.91659723943366,116.54586464307526,114.77337589794683,115.87446594238281,15990900
2022-05-27,116.51901699820503,117.51268768310547,115.60591088405918,117.51268768310547,11177800
2022-05-31,116.53688848683387,119.19562808228658,116.11615792364844,118.3720474243164,17015000
2022-06-01,118.94498324722605,118.94498324722605,115.18515345114257,116.29520416259766,10768000
2022-06-02,116.28626145259125,118.17513053780456,115.18517129494153,118.16618347167969,8374800
2022-06-03,117.4589810764959,117.96028996508691,116.36683800079004,116.5190200805664,8596000
2022-06-06,117.35154158150395,118.5153021005844,115.89237764463138,116.13407135009766,11323500
2022-06-07,115.32840282445537,116.6622532574595,115.14040516437245,116.4384536743164,6722200
2022-06-08,115.4805788397789,115.8834153363614,113.60066380602575,114.58538055419922,8422100
2022-06-09,114.0214126863742,114.67491046629475,112.14149074706746,112.17729949951172,13560100
2022-06-10,109.74237037591585,110.46748573607636,106.81507456507099,107.0209732055664,12945200
2022-06-13,104.61287036368077,105.58863319952776,103.00151074598203,103.83404541015625,16805600
2022-06-14,103.44016599334948,105.024663974578,101.35435232131394,102.10631561279297,13357900
2022-06-15,103.50281012343045,104.69341844421916,101.30957060970655,103.3148193359375,14083500
2022-06-16,101.92727102237767,102.28535168037054,100.14582845688422,101.5423355102539,16724900
2022-06-17,101.64081819280963,102.61658108445162,100.4054469684815,101.18426513671875,30919900
2022-06-21,103.7266351695584,104.76506170301334,102.98361890064393,103.69082641601562,11680500
2022-06-22,102.84036268443056,104.02202398843987,102.40171749615209,103.10892486572266,9842700
2022-06-23,102.95675723635067,103.10893930648048,99.79670836569515,101.98098754882812,11851500
2022-06-24,101.36330064638827,105.47225732721432,101.00521998115269,105.024658203125,14841100
2022-06-27,105.6871152674744,106.0810047279565,103.52073689446567,104.18318176269531,11280500
2022-06-28,105.33798503858414,106.78820878072199,103.48492478298523,103.68186950683594,11590900
2022-06-29,103.84301340033966,104.57707580808022,102.70611444840577,103.21637725830078,9338400
2022-06-30,101.30959747379785,102.1242312654354,99.30435504565995,100.80828857421875,15172600
2022-07-01,100.84408737790281,102.42858532476683,99.51024385609563,102.09736633300781,10573600
2022-07-05,100.03824332673796,101.79029209598392,98.71066743947011,101.70901489257812,12514200
2022-07-06,100.90524853947022,102.04317080789157,100.05631649679593,101.04974365234375,10656200
2022-07-07,102.5037718018326,103.7681368849243,102.4134614866622,103.60557556152344,10347400
2022-07-08,104.00295287018402,104.44547825322968,102.6031188200428,103.28045654296875,8807800
2022-07-11,102.54893416090198,103.16305397288542,101.34778694345508,101.92578125,7939500
2022-07-12,101.67291613771455,104.02101902026914,101.3839189658653,102.02513122558594,11250900
2022-07-13,100.92332329215692,101.5826017243374,99.68605053954447,101.06782531738281,12979900
2022-07-14,97.52760325324036,97.74435629499365,95.78458716133092,97.53663635253906,26204800
2022-07-15,98.58424262457284,102.84694854048983,97.23859350289715,102.00704956054688,18863900
2022-07-18,103.65071889096141,104.61705365462404,100.50787607971097,100.95943450927734,13977900
2022-07-19,102.16960225613366,103.80424836793415,101.7541693502751,103.4610595703125,11862300
2022-07-20,103.04564239024498,103.6236366857545,102.4857142922276,103.4430160522461,11667500
2022-07-21,103.3527128198628,104.33710705335987,102.38637789486025,104.14745330810547,11595900
2022-07-22,104.07520067350357,104.98735076858702,102.65730726561468,103.64170837402344,7645500
2022-07-25,104.61707997823399,105.17701505227093,103.65074497142342,104.0571517944336,9394000
2022-07-26,103.47913748042467,104.38225439285937,102.07930351005679,102.4315185546875,10675100
2022-07-27,102.96436532334556,104.52675378716924,102.3231531161435,104.0751953125,9337400
2022-07-28,104.08421749297067,104.74349582853401,102.53085540061632,103.68684387207031,10384800
2022-07-29,104.39127625510282,105.21311591851733,103.66878688937415,104.18356323242188,12944500
2022-08-01,103.40688611480245,103.95778798069401,102.11542865889463,103.14498138427734,14740400
2022-08-02,102.88308747549105,103.31658666925588,101.39294304035913,101.53744506835938,14942900
2022-08-03,102.4586016375402,103.04562895525977,100.88718028214372,102.60310363769531,14394500
2022-08-04,101.91675331138906,102.34121940898883,100.26404752763345,101.47422790527344,18033900
2022-08-05,101.62774442272418,104.93315560902127,101.19425216597926,104.54481506347656,14174600
2022-08-08,104.9873391914096,105.39373903863714,103.11788749173971,103.27141571044922,10332500
2022-08-09,103.63264568602959,104.75250851188981,103.28946380607204,104.20160675048828,10233800
2022-08-10,106.53167286991405,107.80507105610468,106.11623990647016,106.92001342773438,12847300
2022-08-11,108.28371926317938,109.4577671161164,107.7508767015062,108.5004653930664,11684900
2022-08-12,108.9791185627527,110.40604496938778,107.86828859459865,110.29766845703125,9906700
2022-08-15,109.40358145514749,110.83050782046035,108.91589749901897,110.59569549560547,8456200
2022-08-16,110.44217791592202,112.20325329641884,110.06287043246668,111.65235137939453,9555000
2022-08-17,110.45120639440503,111.22788752721789,109.90030450042765,110.71310424804688,8149300
2022-08-18,110.39700945549183,110.60472937707176,108.8707465587163,109.85514068603516,9531800
2022-08-19,108.93396451461521,109.26811336263808,106.6671391339676,107.13675689697266,13464500
2022-08-22,105.43889681778322,105.80917804968098,104.31000070624378,105.36664581298828,8967600
2022-08-23,105.38471600185508,105.92658477787596,104.20162814678007,104.32806396484375,7607000
2022-08-24,104.12034110045066,105.13183443969528,103.36171937345851,104.5809326171875,9771300
2022-08-25,104.90605778614368,107.23609404883676,104.47255866155261,107.06450653076172,10758900
2022-08-26,107.88634016819071,108.36499100554353,103.4971916407808,103.56040954589844,11276200
2022-08-29,102.95534106308367,103.73202225741002,102.467657041746,103.30755615234375,8117300
2022-08-30,103.85844296072511,104.38225241366172,102.37733180363446,103.32560729980469,10745400
2022-08-31,103.38883216285497,103.88554235455337,102.35927249391588,102.71149444580078,10738300
2022-09-01,102.3141202887131,103.52429369672289,101.0678213758057,103.41592407226562,9979800
2022-09-02,104.64416396801747,106.07108351913415,102.22381025505076,102.69342803955078,10666600
2022-09-06,103.25333959633159,103.63264697736382,101.21229381374283,102.72049713134766,9751900
2022-09-07,102.16960428775607,104.86089546733656,101.8354554710919,104.6712417602539,10647900
2022-09-08,104.11131702987369,107.28125933599948,103.52428965611183,107.10966491699219,11435000
2022-09-09,107.59735064869666,108.41919036352955,107.17288458852893,107.62444305419922,9299700
2022-09-12,108.93396027977191,109.773859251728,108.18437161754805,108.89783477783203,8614600
2022-09-13,106.63102159261226,107.39866964785035,104.5628828808155,105.11378479003906,12904600
2022-09-14,105.39372896583332,106.42328157796501,103.75005664732181,104.86992645263672,9345700
2022-09-15,104.86994658531653,107.81410299001807,104.54482392009714,106.45040130615234,10821400
2022-09-16,106.01691018721237,106.0259432869989,104.19261677380491,105.73694610595703,14844100
2022-09-19,104.761574713181,107.22708721873819,104.31904930098625,106.71231079101562,8201300
2022-09-20,106.0349663163099,106.28783796442598,103.53332846122807,104.60803985595703,9619000
2022-09-21,105.24924771692922,105.30343252778589,101.52840348951455,101.59162139892578,12606300
2022-09-22,102.3954083971615,102.59409525011158,100.30921022165818,100.4356460571289,11684500
2022-09-23,99.38801704991926,99.64991488605993,96.77800977461236,98.56617736816406,18138600
2022-09-26,97.53662591583632,98.99064468672641,95.78457691210252,96.44385528564453,15753600
2022-09-27,97.31085622494093,97.6901637092377,94.5111949180942,95.59493255615234,12793600
2022-09-28,95.68523615261769,98.19590701041275,95.40527210868036,97.52759552001953,12762600
2022-09-29,96.58834178824247,96.88637199448999,94.28539801599652,95.87488555908203,12713900
2022-09-30,95.78458508211477,97.19345226198486,94.28541447216162,94.37572479248047,15973400
2022-10-03,95.38721593433704,97.861754479068,94.33959695190116,97.29279327392578,12248100
2022-10-04,99.89376112502073,102.04317687223383,99.21642344822523,101.84449005126953,16013600
2022-10-05,100.00387819494289,101.09731189559268,99.16557856098592,100.58704376220703,10943500
2022-10-06,99.7396220998444,100.40479896409765,98.35460572819726,98.5368423461914,11521400
2022-10-07,97.97188638248103,98.14501601587976,95.92169338356972,96.56864929199219,11681100
2022-10-10,97.25206813664191,97.78055716357537,95.2383164570821,95.66658020019531,8931700
2022-10-11,95.1016354318209,95.25653725669072,92.80541504953237,92.90564727783203,12739700
2022-10-12,92.75986185675725,95.42966947366055,92.2860355008398,94.40912628173828,13181000
2022-10-13,92.92388480007685,100.14056427881758,92.72342032257589,99.65763092041016,22398700
2022-10-14,102.01763592398889,105.00636157630844,100.88775336193991,101.3160171508789,33387100
2022-10-17,105.16124557761913,106.61915933831425,104.16803726597354,105.57128143310547,22276300
2022-10-18,109.03383984906542,109.47121053002003,106.57360369913953,108.28665161132812,21539700
2022-10-19,107.51214973652017,108.2775589571755,105.39817262748919,106.16358184814453,17072000
2022-10-20,106.75585297771477,108.1682042772518,105.37994344363553,105.81731414794922,12207400
2022-10-21,106.11799986373619,111.52139825394362,105.99954675855895,111.3756103515625,20593300
2022-10-24,111.22982970761538,112.16836160821882,110.55554580021095,111.51229858398438,12624200
2022-10-25,111.02937023414486,112.32326850583931,110.15462181306061,111.80388641357422,11289100
2022-10-26,112.07725464252127,114.08188568464249,111.96790847677757,113.08868408203125,11667000
2022-10-27,114.08185778244749,114.99305475180212,113.17977472931312,113.53514099121094,10727600
2022-10-28,114.16386634605897,115.06594937723771,113.0339840780859,114.88371276855469,11859500
2022-10-31,114.53746131099942,116.11383519622927,114.437229083806,114.70147705078125,13295200
2022-11-01,115.6035808436739,116.88836516485655,115.11153356581171,116.76990509033203,13386900
2022-11-02,116.31431648262505,118.78365990143475,115.39400542334299,115.6947021484375,16546100
2022-11-03,115.09330908445177,116.79724329527335,114.72883578819814,115.9042739868164,12474400
2022-11-04,117.99091300143729,119.21191373214344,117.05238113639679,119.07522583007812,14953200
2022-11-07,119.36681052386072,120.54224857090551,118.89298417681917,119.70394897460938,12011200
2022-11-08,119.58550424752289,120.33267858857003,118.58318194442667,119.77684783935547,9884100
2022-11-09,119.65842032434264,119.75863866650504,117.74490068526922,118.2187271118164,9494000
2022-11-10,120.85206561867041,123.23939736990351,120.76094035485838,123.0844955444336,16351600
2022-11-11,123.18474090515808,124.07771018990518,121.89994962876507,123.28497314453125,10704700
2022-11-14,122.82935924980212,123.67676579199158,122.01839447021484,122.01839447021484,11085600
2022-11-15,122.72001842388198,123.658564225819,119.91354359874846,121.1345443725586,14038300
2022-11-16,121.18921426403391,121.69948241528019,120.30535196499507,121.29855346679688,7893400
2022-11-17,120.27802495953037,121.0889898746978,119.62196189290444,120.77006530761719,8820200
2022-11-18,122.6197889339358,122.71090029314199,120.53313998430247,121.95460510253906,9468500
2022-11-21,121.86350759407385,122.61068200104424,120.96141744169577,121.23477935791016,7800500
2022-11-22,122.10039592175396,123.25761998511068,121.81792708116386,123.04803466796875,9185700
2022-11-23,122.95693867266063,124.37840392144629,122.88404123634287,124.36017608642578,7316200
2022-11-25,124.36014869483135,124.96154198416667,123.97744766628013,124.5970687866211,3220500
2022-11-28,123.98660997041009,124.56977562363569,122.27355478116228,122.41934967041016,9906900
2022-11-29,122.70180600598485,124.50597238832647,122.47400672878844,124.43307495117188,7925300
2022-11-30,124.00479655077068,125.90919494628906,121.36233080891587,125.90919494628906,14761200
2022-12-01,125.90918218674135,126.34656671368248,123.40339068749034,124.14147186279297,8858500
2022-12-02,122.54688647349019,123.33051643006151,121.49900160741416,123.15738677978516,8931900
2022-12-05,122.31909389637052,122.619790583699,119.00233727460613,119.70394897460938,10154500
2022-12-06,121.54458418364526,123.11184435399014,118.33716640436216,119.90442657470703,13966700
2022-12-07,119.64928092154898,121.26210357302698,118.75631171671813,119.8224105834961,11739400
2022-12-08,120.57872615350223,121.17099876712841,119.7586403379824,121.07988739013672,8907300
2022-12-09,120.4602470010914,121.88171217179693,120.27801037218929,120.4238052368164,7957800
2022-12-12,120.64248495106634,122.69267833213345,119.91353842747566,122.29176330566406,8841600
2022-12-13,124.73373980567905,124.9159764001359,121.26208193254853,122.17327880859375,10025400
2022-12-14,121.89994364450186,123.65856123012237,120.9705187344653,121.56280517578125,9966100
2022-12-15,119.50348341733348,120.35090387451348,117.5899780207003,118.54673767089844,12087800
2022-12-16,117.68109538160311,118.36449318034359,117.02503238251116,117.80866241455078,21133700
2022-12-19,118.13669030170381,119.66750855403016,117.62642218551616,118.51028442382812,9017200
2022-12-20,119.33946172304945,120.32355606508722,118.63783620160591,119.0843276977539,8549900
2022-12-21,120.44201916707213,121.17097958644418,120.06843894414003,120.4238052368164,8051700
2022-12-22,119.45795106242893,119.64018771035774,117.00682852205627,119.05702209472656,8648200
2022-12-23,118.9841130845784,119.7677431078592,118.12758562846174,119.6219482421875,5091900
2022-12-27,119.88620534406591,120.47847787890198,118.9567804382913,120.04110717773438,5411000
2022-12-28,120.14134328470699,121.56280853714826,119.37592715328417,120.69717407226562,8827700
2022-12-29,121.12541639679057,121.43523395864068,120.56047867866042,121.3896713256836,6585200
2022-12-30,121.01608391154252,122.40110738841506,120.67894543573863,122.19153594970703,9292500
2023-01-03,123.23030189903062,124.59709756111664,122.00018024164741,123.1209487915039,11054800
2023-01-04,123.91369193390555,125.45360327047507,123.53099084105126,124.26905822753906,11687600
2023-01-05,124.52608674454538,124.57198593511444,122.72694212209034,124.24153137207031,8381300
2023-01-06,124.95749545555589,127.02283266770857,123.45209467006761,126.61894226074219,10029100
2023-01-09,127.22481028297125,127.48182896988894,125.64597320249523,126.09574890136719,8482300
2023-01-10,126.48125923328347,127.33493932902984,126.04065783257313,127.22479248046875,9048700
2023-01-11,127.50016021912604,128.2804044174537,126.76582921654246,128.17025756835938,8703700
2023-01-12,128.5098861612776,129.2993045936698,127.7939036303249,128.041748046875,11001700
2023-01-13,124.47102289684221,131.71347312162536,123.73667781062686,131.27285766601562,20200000
2023-01-17,129.58383037111213,129.92345908206804,127.80304868557386,129.24420166015625,14292900
2023-01-18,127.51850302948277,129.17994977725914,125.21450975031,125.36138153076172,13392600
2023-01-19,124.21400624931772,124.7463920889025,122.62598094754337,123.69078063964844,13303400
2023-01-20,124.0671034946987,124.37002129743313,122.58923943033857,123.99366760253906,13092500
2023-01-23,124.03039135827426,126.63731677662348,123.7550242423093,126.00394439697266,10487100
2023-01-24,125.2237199473262,128.77609636762236,123.92026403601977,127.08711242675781,6945000
2023-01-25,126.71994240447722,127.70211791992188,125.98559732370131,127.70211791992188,8967000
2023-01-26,127.97749403770443,128.56496727790358,127.00449279673089,128.4915313720703,7487600
2023-01-27,129.06982754069324,129.6664750035876,128.28040907841356,128.8036346435547,7489900
2023-01-30,127.80308045535273,128.59249890374153,127.50935085010865,127.71129608154297,6729300
2023-01-31,128.39972389741584,128.57413239158794,126.90349734895452,128.47315979003906,9188700
2023-02-01,126.86678380033891,129.31764888963855,126.78415966879446,128.13351440429688,8841800
2023-02-02,128.5098508913004,128.93210370707234,126.67399587856755,127.53684997558594,11822100
2023-02-03,126.83927855039477,130.64868798108924,126.79339335765663,129.5104522705078,11501200
2023-02-06,128.72100816641475,130.56605196116956,128.5374254124228,130.27230834960938,8406200
2023-02-07,129.7766350523773,132.49369345920246,129.59303828974151,131.86032104492188,10447900
2023-02-08,130.94238651534624,132.21830551375518,130.60275773359731,130.93321228027344,6958000
2023-02-09,131.37381844664688,131.57576367731173,128.3905531831035,128.89541625976562,6443100
2023-02-10,128.3079242736944,129.68481573235314,127.2155881421242,129.46450805664062,6582900
2023-02-13,129.70317030826118,131.01580002914295,129.1891331027001,130.8689422607422,7134600
2023-02-14,130.80470374559593,132.0071868512753,129.97857437715746,131.44725036621094,9249400
2023-02-15,129.9877222437719,132.08059595863665,129.70316694139885,131.99798583984375,6728300
2023-02-16,131.18103391721556,131.62163523413452,130.05197290831964,130.1804962158203,8165300
2023-02-17,129.40944218223726,131.10761401615034,128.5741386268763,130.5660400390625,7948800
2023-02-21,129.1432587526021,129.73990619381777,127.36247665775814,128.17025756835938,9996300
2023-02-22,127.51851147045936,127.98664954436532,126.15998242751405,127.18805694580078,11107500
2023-02-23,127.34410071216634,128.66591878736003,126.61894402154833,128.2069549560547,8068000
2023-02-24,127.69290450080067,129.75824152809,127.5276702552567,129.363525390625,9126900
2023-02-27,130.44670030301876,131.54821069355833,130.0887090759318,130.4925994873047,10014700
2023-02-28,131.20862237820765,131.96131600790164,130.25396947412153,131.58497619628906,11019800
2023-03-01,130.4375365175559,131.68591879522734,130.16215539624525,130.85060119628906,7139200
2023-03-02,130.56603914188472,130.7404336368515,128.0876231836981,129.4920654296875,11106800
2023-03-03,129.89595372601622,131.94294273833358,129.5012515079117,131.8695068359375,9513100
2023-03-06,131.66757576249648,132.21832407998284,130.95159314523687,131.0984649658203,9261300
2023-03-07,130.35492352579823,130.63030467066204,126.49962951710546,127.24314880371094,11747600
2023-03-08,126.67402310809568,127.21559709171632,125.6551227967502,126.49044036865234,10002500
2023-03-09,125.53578669498069,126.07737468067371,118.61461802820187,119.64269256591797,25888100
2023-03-10,118.37598325399638,124.15891757979506,117.32953904827383,122.6810531616211,37599700
2023-03-13,120.44130876643051,122.89217422955804,118.78903598048326,120.47801971435547,42901100
2023-03-14,124.17727738787076,124.40675934844954,120.51474025470523,123.57144165039062,29648100
2023-03-15,120.23017062275473,120.23935886422856,116.32898475826423,117.73340606689453,34280600
2023-03-16,117.50393104721145,121.12056877135511,115.67725671081043,120.01905822753906,24558500
2023-03-17,117.84357051123271,117.93535488350913,115.15403488649747,115.48448944091797,38396000
2023-03-20,116.5676469566076,118.84411093507273,115.66808165297395,116.70533752441406,22875500
2023-03-21,119.87216015936606,120.9185970477165,119.50499472735179,119.83544921875,17807800
2023-03-22,119.8446512409009,119.93644962342164,116.65026642100555,116.74205780029297,17250200
2023-03-23,117.40296272339263,118.89918246146308,115.67725404048872,116.4299545288086,16677600
2023-03-24,115.31925779345237,115.36515698108417,113.00608300340433,114.65835571289062,22311100
2023-03-27,116.38404549345259,118.76148170593095,115.9250816766963,117.94452667236328,18853900
2023-03-28,118.14649758924867,118.72478259984153,117.25609946717891,118.30254364013672,10820500
2023-03-29,119.42241560509294,119.53256246199581,117.28363508937053,118.54119873046875,14595300
2023-03-30,119.28469981231537,119.44074583792137,117.1734703396777,118.18318939208984,12134700
2023-03-31,119.01852585266334,119.6427100542387,118.27500655106505,119.61517333984375,13105200
2023-04-03,119.24799609229113,120.65242441429587,118.78903222218591,119.47747802734375,11775400
2023-04-04,119.78955542884124,119.87216555379253,116.95316242046833,117.88026428222656,11579900
2023-04-05,117.30669876634833,118.5556180530066,116.99215032778558,118.0560531616211,9614700
2023-04-06,117.49173114174333,118.49087511628561,117.36221326262064,117.92654418945312,8760200
2023-04-10,117.06615249779956,118.62962008869617,116.7701106706895,118.31507873535156,9477300
2023-04-11,118.69438861726475,119.28647228416146,117.99128661600213,118.89791870117188,10516300
2023-04-12,119.50850783742182,120.66492247797463,118.4723648367312,118.87942504882812,11821000
2023-04-13,118.84241452332907,119.37897844234462,117.33444546032153,119.33273315429688,12450200
2023-04-14,125.03154782646573,128.70432192868034,124.80026489366325,128.34352111816406,43931300
2023-04-17,129.47217155904576,129.57393660517366,127.3536262923324,129.3611602783203,16050500
2023-04-18,129.7681944187581,131.16513784761642,128.62102632140292,130.81358337402344,13760100
2023-04-19,130.65637148104094,130.90616104127133,129.8885103265491,130.64712524414062,9158100
2023-04-20,129.4351788688871,130.84136888185074,129.37041287435343,130.26779174804688,10586200
2023-04-21,129.27791129017788,130.5453372259555,128.38977863013324,130.01800537109375,11842500
2023-04-24,129.94399598403788,130.53607966724374,129.55542827395698,130.1937713623047,7567500
2023-04-25,129.14838837782244,129.48143634780217,127.32587783604285,127.36287689208984,10629300
2023-04-26,127.31662457997942,127.49240186787424,123.96765222371779,125.10556030273438,14416100
2023-04-27,125.81790792821276,127.58491281719678,125.50336654632562,126.78929901123047,9041100
2023-04-28,126.33597685856019,127.96421760984927,125.51261024824288,127.89020538330078,9887300
2023-05-01,131.6092384765832,132.63613529000807,130.28630684187388,130.62860107421875,20415800
2023-05-02,130.813625179713,131.74801729153333,128.06598272399427,128.51930236816406,14113400
2023-05-03,128.07523821272034,128.28801455678996,125.59587785026044,125.79940795898438,12930900
2023-05-04,124.85578041389068,125.55887542382537,121.94160708974137,124.07865905761719,17089200
2023-05-05,126.22496774557277,127.55715961355598,125.73464908810521,126.50251007080078,11261400
2023-05-08,127.19635388664483,127.6404131199334,126.26196189853924,126.80780029296875,7484900
2023-05-09,125.75314646438558,126.69678476042392,125.08706462079395,126.19721984863281,7343600
2023-05-10,127.62191524894041,127.72368030064162,124.77250791769616,126.26197052001953,8133400
2023-05-11,124.89279789658636,126.56728426161423,124.80027906640264,125.86418914794922,7057300
2023-05-12,126.57653251816012,126.73380322132961,123.16279410993192,124.06017303466797,9988600
2023-05-15,124.21744174422045,125.5126205238824,123.93065316560887,125.10556030273438,7639500
2023-05-16,125.31835970821457,125.76241901916092,123.93066200966516,124.26371002197266,6477200
2023-05-17,125.72541410791614,128.21402106955233,125.31836794734856,128.08450317382812,12711500
2023-05-18,127.91796959832806,129.26865403308437,127.44614337660093,129.05587768554688,10999600
2023-05-19,129.32412692551387,129.97173027238733,127.78841935504093,128.75979614257812,13492200
2023-05-22,130.4435494444244,131.0356330758287,127.35361343417028,127.69590759277344,11402500
2023-05-23,127.24261901218485,128.62107044847593,126.24348911062097,126.3637466430664,9514900
2023-05-24,125.26281154493921,126.14169784788635,124.9667767768842,125.20730590820312,8578000
2023-05-25,124.72624277997282,126.06768070885347,124.50420612530243,125.5125961303711,8472500
2023-05-26,125.91967713660947,127.29812846119732,125.4756178700777,126.68753814697266,8579900
2023-05-30,126.5579889385125,127.40910820380067,125.83638751541194,127.1685791015625,7399900
2023-05-31,126.49323032136442,126.59499535446234,124.33767215948086,125.54960632324219,14219900
2023-06-01,126.29896485324518,127.88093191979492,125.30906730559707,127.27960205078125,12248100
2023-06-02,129.11137386102004,130.88762497695384,128.90784376390783,129.9532470703125,12922500
2023-06-05,129.62022843721687,129.62022843721687,127.7884712650642,128.6765899658203,8511900
2023-06-06,128.29726184168473,129.6109613237915,127.86246291464288,128.90785217285156,9329500
2023-06-07,129.10211932541532,130.69334682795227,128.43602343521897,130.15676879882812,9281400
2023-06-08,130.13826572268985,130.3417958122033,129.03735681570043,130.1937713623047,7368100
2023-06-09,129.8422284251007,131.1836664499092,129.71271056304445,130.4528045654297,7249100
2023-06-12,130.50832372818618,130.7396066319792,129.29638945454474,130.4435577392578,7596600
2023-06-13,129.96249631843122,132.1735605006986,129.64795493065176,131.38720703125,7701600
2023-06-14,132.29385564424732,132.85818664207076,130.16604954836916,130.89691162109375,9068700
2023-06-15,130.06424623131701,132.66386372822592,129.54617480200406,132.3770751953125,9343100
2023-06-16,132.3400625675205,133.19118184499564,131.83123742435976,132.53433227539062,13813500
2023-06-20,131.9330057453425,132.29380647106268,130.4805424928366,131.85899353027344,8428600
2023-06-21,132.2012977833272,133.2374547571487,131.08189647121839,131.66473388671875,9926500
2023-06-22,131.65551948471403,131.92381564304245,128.54707571116498,129.12991333007812,10075200
2023-06-23,128.16772615370698,128.7598098153655,127.3166067723471,128.45452880859375,9919500
2023-06-26,128.47303981337902,129.5276894290137,127.38139113947207,128.7690887451172,8429700
2023-06-27,128.59329680943318,129.3704039921469,128.1677300476299,128.7783203125,8154000
2023-06-28,128.7413363845071,128.787595794806,127.63118111928345,128.21400451660156,7558600
2023-06-29,129.58317631790393,132.8118762268143,129.37964625806364,132.6916046142578,15423200
2023-06-30,133.77402510360878,135.06920360117488,132.9043992053629,134.55113220214844,14212800
2023-07-03,135.24497612738625,136.43838955015056,135.0691988839155,135.63352966308594,8021600
2023-07-05,135.0094746633107,135.46589334013433,134.46921151169312,134.7300262451172,8934900
2023-07-06,133.22101054193988,133.56565550023117,131.74926229481898,133.3979949951172,9709500
2023-07-07,134.04999930948824,135.8477583969193,133.20234461437886,134.45053100585938,8981500
2023-07-10,134.5995880179342,135.98750584163207,134.5995880179342,135.20504760742188,9100100
2023-07-11,136.31354381636666,137.6921521769117,135.7267177922639,137.31954956054688,11260900
2023-07-12,137.34749017886975,139.60168266189007,136.92832468067778,137.99952697753906,11323200
2023-07-13,138.5118457555372,139.13593913104512,137.62693766230464,138.67019653320312,11234900
2023-07-14,141.16657203083565,142.41475867382297,138.24170933806354,139.50852966308594,27028400
2023-07-17,140.04881657822773,143.21586082329412,140.04881657822773,142.8712158203125,17262400
2023-07-18,142.87118909341595,143.82129366119753,142.3495597118885,143.1320037841797,13491700
2023-07-19,142.28436702190382,144.57582691160744,141.79068099352648,143.6815948486328,12510000
2023-07-20,143.94238425882045,145.8612411959439,143.83061060060632,145.45138549804688,9935900
2023-07-21,145.1253708680238,145.44207236779047,144.09142191368718,144.33360290527344,10636400
2023-07-24,144.35225326286724,147.9105191062399,144.1286917124975,147.17465209960938,14381400
2023-07-25,146.52262466290972,146.9138467409362,145.27443790730095,146.0755157470703,9944700
2023-07-26,145.97304752136864,147.40752843202105,145.57250150657455,146.9510955810547,8728600
2023-07-27,146.96040590631952,147.9012007257925,144.89250787962217,145.33030700683594,10778400
2023-07-28,146.50399251319206,146.80207460243022,145.72154834894633,146.1593475341797,9103800
2023-07-31,146.4108490617418,148.4601280424455,146.38290564049012,147.13742065429688,8892700
2023-08-01,146.64371420502223,147.17466761311678,145.45141423737533,146.4108428955078,6853900
2023-08-02,144.90183339950252,145.02293102206662,143.39283194499754,144.75279235839844,8299400
2023-08-03,144.3801999189191,146.16864972199187,143.77474024975461,145.63771057128906,6084000
2023-08-04,145.68426167422783,146.98834932181535,145.03222495710128,145.33030700683594,6209400
2023-08-07,145.87055023509018,146.89517516178245,145.87055023509018,146.0195770263672,7251800
2023-08-08,143.74679087902237,145.29304537972598,142.13531138402956,145.1999053955078,8623400
2023-08-09,144.678282915512,144.8645771061865,142.95502967176765,143.2530975341797,6277800
2023-08-10,143.80267347705555,144.7900454033658,142.60104974534997,143.03884887695312,5995100
2023-08-11,142.5451820973321,143.93310019210654,142.17259369462016,143.86788940429688,5180700
2023-08-14,143.0854133056043,144.3056563975641,142.44268637299444,144.1659393310547,5044300
2023-08-15,142.3774992145369,142.76872123992968,139.93699865613291,140.4958953857422,10300300
2023-08-16,140.28167735935745,140.61701260121524,139.42469846423708,139.89976501464844,6978200
2023-08-17,140.54249705592846,140.8964517807913,138.23240343540263,138.4466552734375,9953900
2023-08-18,137.5337539063372,139.2570068334218,137.33815001674006,138.76332092285156,8517500
2023-08-21,139.3967693744042,139.81594912981797,137.8784580014025,139.23841857910156,8327000
2023-08-22,139.03345154398735,139.3874204064113,135.85709836907898,136.3507843017578,9673300
2023-08-23,136.32284468786418,137.47787706972557,135.49382355013,137.27294921875,7858000
2023-08-24,137.39406785150376,139.17320800573074,136.91901551336065,137.14256286621094,6534000
2023-08-25,137.18913690480042,138.43732364145492,135.85711991269957,136.9748992919922,6695500
2023-08-28,137.4592751202293,138.42801345557166,137.04941936604513,137.449951171875,5094100
2023-08-29,137.58967052049192,138.65156296708244,137.0959703407015,138.56771850585938,6337000
2023-08-30,138.43729471616837,138.93098062398232,137.105278002381,138.00881958007812,6277300
2023-08-31,138.10200479301696,138.18584927174794,135.95959998405277,136.3042449951172,10933900
2023-09-01,136.0806410881326,137.93430136650196,135.71736250439858,136.76063537597656,7903500
2023-09-05,137.07734972697506,138.05541191750527,135.07464824858758,135.2516326904297,7854700
2023-09-06,134.78588096759674,135.56832498141824,134.2363082112221,135.028076171875,8629200
2023-09-07,134.25497449996251,135.31686712330395,133.5656702936985,133.87306213378906,8373700
2023-09-08,133.54705064445676,134.24566465990313,132.8763800525612,133.9755401611328,7107900
2023-09-11,134.83248713391345,135.11193554577025,133.8451150635779,134.56236267089844,6854200
2023-09-12,134.5996082805782,137.22640330610213,134.18044279295984,136.31353759765625,8363200
2023-09-13,137.24499737774224,137.58033254844756,135.8291504021716,136.37872314453125,8325900
2023-09-14,137.71075722793276,139.62961430794292,137.41268937938833,139.02415466308594,10034900
2023-09-15,138.71676752441178,139.47126822554205,138.14856101154376,138.6143035888672,19863400
2023-09-18,138.00884312924032,138.92169459580555,137.62693080683306,138.90306091308594,6512400
2023-09-19,139.25701225047322,139.46194009453058,137.12391778157357,138.72605895996094,7943400
2023-09-20,139.3967481436906,139.9556449235615,137.99021067257405,138.13925170898438,7332000
2023-09-21,137.46860214361922,138.6515924531836,136.5836939521621,137.05874633789062,8052400
2023-09-22,137.19841456769586,137.40334239755046,135.2423046645373,135.74530029296875,7071700
2023-09-25,135.39137520674385,136.4812111505419,133.8544161475396,136.41600036621094,7044700
2023-09-26,134.69274451018882,135.84777688075621,134.34808537509963,135.0001220703125,7468400
2023-09-27,135.2423126241728,136.08064345867572,134.60889541825193,135.79188537597656,6717800
2023-09-28,136.2576316177098,138.67017447964932,136.00612667513934,137.47787475585938,8868100
2023-09-29,138.41868737944853,138.56771418882906,134.9349280934962,135.08396911621094,11917800
2023-10-02,134.9069732590024,135.64284014969974,132.85770911680754,133.9196014404297,9170600
2023-10-03,133.38868491115792,133.7519635899987,132.59693097693417,132.93226623535156,9431100
2023-10-04,133.37935557719555,133.6401702717152,132.20567523852245,133.5283966064453,8128700
2023-10-05,133.28441140684586,134.27908326777714,132.14900584136882,134.09140014648438,8576200
2023-10-06,134.10080033947847,136.887725890521,133.37826037337527,136.1558074951172,10270600
2023-10-09,134.8045824052137,136.43731699351122,134.65444161234075,135.84616088867188,6964900
2023-10-10,136.456071843743,137.72286136492562,136.32470224525247,136.67189025878906,11288800
2023-10-11,137.47889238092142,138.15451161542055,136.08074744364407,137.14108276367188,8698200
2023-10-12,137.2818375161742,137.90115749984994,136.1839599005015,136.82203674316406,10484400
2023-10-13,139.34623919306574,143.6720725111144,138.72691913805838,138.87705993652344,29427000
2023-10-16,140.23764705898526,140.3033390136578,137.67593287277654,138.7362823486328,12663500
2023-10-17,138.4735622533662,140.10629677990593,137.74162949534926,138.43601989746094,11482700
2023-10-18,137.55395513849086,138.38909354612682,136.40915673905107,136.91587829589844,9620300
2023-10-19,136.51241213818358,137.95749247468856,135.9494055401641,136.33412170410156,11143600
2023-10-20,135.65847115964922,136.19332796432457,133.3594817877876,134.13832092285156,13332900
2023-10-23,134.12895027857195,134.82332632207172,132.0551719409711,132.30853271484375,10133400
2023-10-24,132.48681927202136,132.9935264869155,131.70798011425575,132.46804809570312,8881400
2023-10-25,131.90504744438604,132.47743232413248,130.91037551094828,131.74551391601562,8242600
2023-10-26,131.14495466103745,132.93722250244394,130.83529469486157,132.08331298828125,9109400
2023-10-27,130.3848946183031,130.52565696685784,126.85667224833921,127.32585144042969,17434700
2023-10-30,128.02963146191738,129.53099641740945,127.6542794843839,128.94921875,9855500
2023-10-31,129.2213532980071,130.6570406349182,128.99614210700008,130.48812866210938,9672500
2023-11-01,130.6664076128331,131.86750522317087,129.93448920397768,130.37551879882812,9432000
2023-11-02,131.45463350489638,132.75895119434472,130.64764465484973,132.70265197753906,10186200
2023-11-03,133.42518891230668,134.90779696611224,133.10615047898756,134.1852569580078,9538700
2023-11-06,134.34475991989768,135.30188942226263,133.98817917391213,135.19866943359375,7625100
2023-11-07,134.66378596754328,135.3675546480643,134.0163308087607,135.13296508789062,6297900
2023-11-08,135.22684086786677,135.91183854786163,134.7670400589858,135.7992401123047,7618200
2023-11-09,136.47487290105138,136.6719201828241,134.84212383242863,135.395751953125,7992500
2023-11-10,136.00566379274653,137.45072937566965,135.19867502565089,137.40380859375,7983300
2023-11-13,136.7187986379114,137.23489855595207,136.21209146633308,136.7938690185547,6676300
2023-11-14,137.63841219585038,140.05000031352267,137.48828572392293,139.28993225097656,9927700
2023-11-15,139.30868337201736,140.9038896625068,139.30868337201736,140.50978088378906,8365300
2023-11-16,140.8382269803148,142.18946554146723,140.8382269803148,142.11439514160156,8126200
2023-11-17,142.8181713297739,143.43749142164924,142.1988512378985,143.39996337890625,7812400
2023-11-20,142.70553681952364,144.27259351545732,142.55539605006354,143.8409423828125,7019000
2023-11-21,143.75651362775946,144.16001521220784,143.1653575326202,143.5406951904297,7083500
2023-11-22,143.95353411889587,144.39456361596459,143.47496227583295,143.8784637451172,5174500
2023-11-24,144.12245178577953,144.92006208978685,143.83156299577104,144.07553100585938,3496900
2023-11-27,143.97232820902488,144.0661697800708,143.29672330670553,143.74713134765625,6259100
2023-11-28,143.77526378715154,144.38519097147827,143.30608462437354,144.07553100585938,6582700
2023-11-29,144.66670225894777,146.03671172304357,144.5071830607674,144.80746459960938,9126100
2023-11-30,145.36109159390628,146.50588989611353,144.86376282700448,146.45896911621094,9869800
2023-12-01,146.21500393948176,148.12924865998028,146.21500393948176,147.172119140625,8916000
2023-12-04,146.40266892816993,148.30753517013585,146.27129933624855,148.25123596191406,9607500
2023-12-05,147.5662421222463,148.72981173453707,147.29412447649986,148.23248291015625,9135600
2023-12-06,149.04886588841504,149.4054467126476,146.38393109208457,146.67481994628906,9366000
2023-12-07,147.03135587178542,147.61313340253793,146.52463440069536,147.12518310546875,8130900
2023-12-08,147.56620988328277,148.99251839993292,147.303470724717,148.74855041503906,7369400
2023-12-11,148.74858181520628,149.48050024260286,148.4013794609291,149.29283142089844,8093900
2023-12-12,149.41479959863634,150.74726676899562,149.08638275928868,150.6252899169922,10223000
2023-12-13,150.62529654091423,152.04221259071235,149.9215277308042,151.1320037841797,12379100
2023-12-14,151.85452087001664,154.67897411407043,151.74192245920852,153.88137817382812,13643000
2023-12-15,153.02747252604237,155.0918579121995,152.38000301132783,155.04493713378906,20309300
2023-12-18,155.69241808275353,156.82783800354287,155.42030045712647,155.98330688476562,8469600
2023-12-19,155.7674620289851,158.0852079407768,155.34520370037984,158.06643676757812,10345700
2023-12-20,157.63483828772257,158.96730554417292,156.18975828294603,156.28359985351562,10734700
2023-12-21,156.55568318545207,157.7286309694204,155.467184205559,157.1750030517578,7601700
2023-12-22,157.17500304902336,157.8600005457501,156.92164231859175,157.08116149902344,6576300
2023-12-26,157.13751113323246,158.3667584024014,156.87475759648876,158.0101776123047,4683600
2023-12-27,157.49406424527845,159.0235929591434,157.25009622539955,158.95790100097656,6428600
2023-12-28,158.91099163409547,160.14023877653213,158.58256048568646,159.80242919921875,6320100
2023-12-29,159.52090454026552,160.16837403196033,159.1737165651524,159.61474609375,6435100
2024-01-02,158.66703547185546,161.5571813726501,158.4981378144459,161.4727325439453,9977400
2024-01-03,161.26626493211452,161.43516256062196,159.86810585055085,160.76893615722656,9852300
2024-01-04,161.10882011637017,163.66745810125212,161.01439990188666,161.8358154296875,11972500
2024-01-05,161.89246287069327,163.6957823711867,161.89246287069327,162.6477813720703,10066000
2024-01-08,162.41175842285156,162.73276412987786,160.02307373300323,162.41175842285156,11229900
2024-01-09,162.03408678564674,162.19458963405594,160.59899740933972,161.12771606445312,9923600
2024-01-10,160.5045892801076,161.5242672231382,159.51323452384145,161.46762084960938,9670200
2024-01-11,160.81614972326213,160.84447290843832,159.22054306132225,160.78782653808594,11919500
2024-01-12,164.0923376980296,166.462135505877,159.46602042005398,159.60765075683594,19436500
2024-01-16,155.6611013618835,158.70124784848338,155.1229464804616,158.60684204101562,17206400
2024-01-17,157.99317729822775,159.62655807074142,157.1906629133129,157.75714111328125,11107500
2024-01-18,157.78543356151846,158.17253628697256,156.01045159296535,158.0686798095703,9382300
2024-01-19,158.19143770205324,161.0427585556814,157.74768856764243,160.79727172851562,13115700
2024-01-22,160.93890059826145,162.3739900687929,160.23079212299132,160.6084442138672,12837500
2024-01-23,160.1930215808949,160.26855488193198,159.03172769127113,159.55101013183594,8360800
2024-01-24,159.90032978664777,161.45816261165356,159.4282574873729,160.97665405273438,9967100
2024-01-25,162.68557970472884,163.32760562665345,161.36378281621577,163.2803955078125,8873500
2024-01-26,162.96879600167017,163.39365817999206,162.1851542740306,162.6572265625,7443000
2024-01-29,162.6194554370599,163.1859334986304,161.7319572934474,163.0820770263672,6971200
2024-01-30,163.1765026583571,166.88698378728637,163.1765026583571,166.4243621826172,10822100
2024-01-31,166.35825510687616,168.34096428477284,164.60214579135385,164.62103271484375,11521800
2024-02-01,163.9412603058267,165.07423089295798,161.85469449593688,164.02622985839844,9354800
2024-02-02,163.6202779551912,165.99952661212967,163.58250409988003,164.97039794921875,8607600
2024-02-05,164.14896768478164,165.31026141665458,163.26146952628443,164.7532196044922,7820200
2024-02-06,164.85709660484454,166.04671366806508,164.0545678961099,165.31973266601562,6764800
2024-02-07,165.876758165275,166.04669726902134,164.24339212886858,165.6312713623047,7225500
2024-02-08,165.22527925634878,165.51796173170558,163.8751596038317,165.0364532470703,6060300
2024-02-09,165.22532020919914,165.31974044049196,163.96960604682866,165.23475646972656,6296700
2024-02-12,165.01758009799576,166.93419234482644,163.99790227497954,165.97116088867188,8539300
2024-02-13,165.5274165749169,166.3865770997975,162.9782149625526,164.526611328125,8397600
2024-02-14,165.291383260851,166.2638509358633,164.67768069666255,166.19775390625,7056700
2024-02-15,166.31105388639688,170.1442927955507,166.31105388639688,169.82327270507812,8723400
2024-02-16,169.57778740152335,169.9271162423942,168.20878081287964,169.03018188476562,8152600
2024-02-20,169.18126934064728,170.3803369892637,168.44483772187573,169.69110107421875,9668000
2024-02-21,169.89881139519073,170.8807298093038,168.5486915839137,170.79574584960938,7024000
2024-02-22,171.66434765744413,173.1749701057652,171.1167421577337,172.8445281982422,9296500
2024-02-23,173.54324225629446,174.85560286789266,172.95787712790698,173.71319580078125,7105800
2024-02-26,173.48656297025775,174.15691194699042,172.28749534475142,173.11834716796875,7145400
2024-02-27,173.07114369699448,173.2882929203907,172.06091647001833,173.2033233642578,5717100
2024-02-28,173.1844262826999,174.8555661544977,172.740691602304,174.0813751220703,6131600
2024-02-29,175.28988942751164,176.01687039489642,173.58099001109568,175.66754150390625,9643000
2024-03-01,175.3276545127971,176.0263267237568,174.76117637998172,174.9405517578125,6311800
2024-03-04,174.3929627424366,177.1120895084215,173.97753679591705,176.25291442871094,7063600
2024-03-05,175.95076912151524,178.72655624906596,175.95076912151524,178.01844787597656,6617800
2024-03-06,178.67936624942297,179.4535717395751,177.14985660151692,178.9437255859375,7572900
2024-03-07,179.3025127255679,179.85955460773695,176.20571944704687,177.37644958496094,7618300
2024-03-08,177.9146068809261,179.8217829654967,177.42364766572413,177.70689392089844,6172200
2024-03-11,176.81938370326284,177.91459479875962,175.81859282191311,177.77296447753906,5762600
2024-03-12,178.39611631521126,179.53853760103095,177.414212286439,179.2364044189453,5708400
2024-03-13,179.7273676387081,181.02084113787032,179.2364084101379,180.69039916992188,7795500
2024-03-14,180.35995129496604,180.9264438474357,176.64946973645232,177.4708709716797,10310900
2024-03-15,176.06409109634802,180.27498259329946,176.06409109634802,179.6707305908203,17214200
2024-03-18,179.9822980481685,181.9366699693492,179.283625825452,181.89891052246094,9013800
2024-03-19,181.94611105231482,183.09795420303539,181.63454160750808,182.9657745361328,8478700
2024-03-20,183.34345313071188,185.5810713562907,182.79584750122132,185.36392211914062,9367000
2024-03-21,185.54331563108366,188.29076568737148,185.36392583772889,187.94143676757812,11203800
2024-03-22,187.8942156367921,189.28210938068972,185.56217727290985,185.63771057128906,8108800
2024-03-25,185.61883922109416,185.9398449363506,183.50395007266218,183.93826293945312,8620000
2024-03-26,183.72110001493044,185.67548631330965,183.22070451376646,184.79742431640625,5961500
2024-03-27,185.5244417850672,188.4512962475865,185.41114902611992,188.37576293945312,8725800
2024-03-28,188.34741253300237,189.5087063639185,187.45046363259627,189.11216735839844,8628300
2024-04-01,188.81947969003542,189.71641415949492,187.4787961155744,187.828125,7309000
2024-04-02,187.30886010645364,188.6212206187008,187.01617756441715,187.7526092529297,7014700
2024-04-03,187.92253473655921,188.41349396209645,186.65738443085098,187.223876953125,9353400
2024-04-04,189.12317442642808,189.6264887857288,185.70443620234025,185.7993927001953,9243800
2024-04-05,186.28372916944238,188.14503886854453,185.28659172822546,187.50877380371094,6532300
2024-04-08,187.6701915401048,188.96171861907263,187.6701915401048,188.4868927001953,8001000
2024-04-09,188.0975541725691,188.86676987420657,185.09665076448175,187.22386169433594,7351500
2024-04-10,185.7044529033459,187.14792801161985,184.403419799934,185.62847900390625,7681400
2024-04-11,186.1317779148481,186.67308646934464,183.51074380978386,185.59046936035156,10137700
2024-04-12,178.83847246165408,179.41774627354178,173.349470543772,173.58688354492188,31532300
2024-04-15,175.21079455248963,178.02177085719086,173.02659204749432,173.68185424804688,14766600
2024-04-16,173.69132756620658,173.93824633536272,170.60495887605967,171.6970672607422,16451800
2024-04-17,172.2383655340612,173.2355029565091,170.17762258928934,171.01332092285156,9017100
2024-04-18,171.9819781662318,174.12818640936294,170.9088667993967,172.12442016601562,9557700
2024-04-19,173.2164875912191,176.521286385087,172.27634155565858,176.4453125,13402300
2024-04-22,176.62577297349486,180.55733150196284,176.6162671799652,179.8735809326172,11529700
2024-04-23,181.50696705471898,182.5515754203008,180.92767883278688,182.4661102294922,9144400
2024-04-24,180.9371798624841,183.50123715835463,180.59530459033215,183.35879516601562,6964900
2024-04-25,182.5705802853631,184.17549433691693,181.5544457829329,183.63418579101562,9802300
2024-04-26,183.82414284345316,185.0586788392553,183.33981105412394,183.7481689453125,6413700
2024-04-29,183.7386640733004,184.4793914707138,182.74152657969333,183.54873657226562,5387800
2024-04-30,183.10236257410855,185.17261104827713,181.99127169887444,182.08624267578125,8153700
2024-05-01,182.58958661184525,184.66932672506982,181.18409127627694,182.20022583007812,7445300
2024-05-02,183.34931243535902,183.7576558261807,179.97804505051766,182.0102996826172,6501700
2024-05-03,182.33316895286868,182.83648331208926,178.97140752613703,180.91818237304688,8922800
2024-05-06,182.07676557355808,182.52310315238356,180.26294134934142,182.3331756591797,7911100
2024-05-07,182.048248154212,183.21631581722875,182.00076266584585,182.09573364257812,7688800
2024-05-08,181.38351706013,186.7490446219761,181.38351706013,185.7993927001953,9227600
2024-05-09,185.34355330557528,187.6417090868601,185.27708520990666,187.55624389648438,7977300
2024-05-10,188.54389871184065,189.30362319789123,188.2875031090983,188.7623291015625,7529800
2024-05-13,188.79081731113357,189.78795479240884,188.06907252937202,188.72433471679688,7049200
2024-05-14,188.98074337890372,191.43084721785675,188.18303919613928,191.36436462402344,8596200
2024-05-15,191.83917208168646,192.48494289859786,189.7119611331261,191.93414306640625,8370000
2024-05-16,192.03858802672138,194.1847958766919,191.82017217021777,192.2760009765625,8497900
2024-05-17,193.5485778563232,194.72615158975563,192.59892582661507,194.47923278808594,9260500
2024-05-20,194.09935656412168,195.5143431503724,185.56198053328913,185.73292541503906,17373300
2024-05-21,187.08145166205853,189.8354367786342,186.7015966427171,189.47457885742188,14420800
2024-05-22,188.98074742598823,190.82307461887865,187.73670562825322,188.3254852294922,9425300
2024-05-23,187.85065231317077,188.31598699121523,186.19826717298557,187.00546264648438,8069400
2024-05-24,187.7936686936961,190.6521157793426,187.61323250895558,190.60464477539062,7356200
2024-05-28,189.79744169216855,190.3197531693412,188.65786223595305,189.45556640625,6910200
2024-05-29,188.03109678197524,188.97125748247936,186.97698247796984,188.13555908203125,6120000
2024-05-30,188.56287714580822,189.78793619981712,188.4109293655293,189.2941131591797,6829100
2024-05-31,189.26562078755566,193.06422827153858,188.36345440821725,192.42796325683594,14417900
2024-06-03,192.1240725961019,192.2285348841936,189.1611633201013,191.65875244140625,6444300
2024-06-04,190.08235773813888,191.81071693344333,188.29700724780082,189.13270568847656,6848300
2024-06-05,189.70246850036162,189.75945978946976,187.0054604374614,187.32833862304688,8351600
2024-06-06,187.32834117271204,188.050085939184,185.49551983793776,186.9959716796875,7640300
2024-06-07,187.48977708707585,190.8040676012864,187.0909250078892,189.88290405273438,6964500
2024-06-10,189.20864625788192,190.7280805753343,188.44892185388684,189.5600128173828,6070800
2024-06-11,187.94563898281825,187.97412738481577,183.8526410030533,184.57437133789062,9235300
2024-06-12,186.1317706744125,186.81552119531665,181.67790098621728,181.88682556152344,12751300
2024-06-13,182.6370767511411,184.78328502112268,181.26957557395173,183.90960693359375,8587800
2024-06-14,181.81086871750486,185.04918544782888,181.782380317341,184.0235595703125,6874000
2024-06-17,183.73863865854184,185.73291336990764,182.94093457021054,185.16311645507812,8725400
2024-06-18,184.80229232188427,187.99312374799223,184.35595470494803,187.08145141601562,9023000
2024-06-20,186.50215302869765,189.40808578858326,186.23625163174992,188.6673583984375,8731100
2024-06-21,186.80603251150688,187.24286427287902,184.4413940526895,186.4166717529297,20972100
2024-06-24,187.85062584214262,189.19912969949723,187.17638115873376,188.86676025390625,9785900
2024-06-25,188.11654730267455,189.99686855692946,187.78417782155648,188.09756469726562,6862500
2024-06-26,187.5087737075856,187.97410837739193,186.39768267041245,187.48977661132812,7758600
2024-06-27,187.49925729088454,189.79741295190468,186.98643719439153,189.14215087890625,7913500
2024-06-28,189.9398822232405,192.39949179846778,189.26563745017523,192.07659912109375,15307600
2024-07-01,192.62739541375998,196.66341614580904,192.456465020567,195.10598754882812,10205800
2024-07-02,194.95403526327408,198.3442995554348,194.46022670063942,198.31581115722656,7802900
2024-07-03,198.99957787989445,199.78779077234964,197.1952304002432,198.18287658691406,5560900
2024-07-05,197.65766152477934,198.0205189502343,195.29902269057897,195.5568389892578,8093100
2024-07-08,195.79556476635938,197.57170543108006,194.7738143390953,195.91970825195312,8707000
2024-07-09,196.3589557129889,200.30274032818102,196.18706362908594,198.26878356933594,9058900
2024-07-10,196.84597630825238,198.5934707205277,196.31122678618965,198.43113708496094,8328500
2024-07-11,196.91282452161653,198.71761141867634,196.12024414438065,198.09690856933594,10658100
2024-07-12,194.8024669591454,198.09691753031748,192.98813608540777,195.70008850097656,15443400
2024-07-15,197.84864192295402,202.06936022366006,197.399831159295,200.57969665527344,10719700
2024-07-16,200.5319547422106,204.103338610262,198.69852147592457,203.98873901367188,11557000
2024-07-17,204.16061521328382,207.7510865919412,203.65451196118357,207.09219360351562,11572500
2024-07-18,205.90813668832794,206.87259470557402,199.80623603458022,200.5128631591797,12415100
2024-07-19,201.6778604654813,202.77602045270945,199.50065742420858,200.32188415527344,8095900
2024-07-22,200.97122377634756,202.60411869419946,200.2550382160326,200.79933166503906,7663200
2024-07-23,201.50596945015192,201.9452217590213,199.91126471505578,200.84707641601562,5557300
2024-07-24,200.1022402481423,202.47042299049144,198.6889715469956,199.18551635742188,7119000
2024-07-25,199.24283001036292,200.71340594952446,198.66989026734552,199.26193237304688,6403800
2024-07-26,199.8062023324824,203.54946330899216,199.21414576883134,202.6709442138672,8027800
2024-07-29,203.06246151742548,203.97918539227317,201.0571508081206,201.3436279296875,6533600
2024-07-30,203.6163228292422,206.06090051426332,203.3585065216416,205.4879608154297,8850700
2024-07-31,205.09641398983877,206.63382600949274,203.08154500222804,203.2056884765625,9071600
2024-08-01,203.5876634120221,204.18926389919798,197.07515746003358,198.58392333984375,10918600
2024-08-02,194.68787296906385,195.44224862559494,188.0130187954611,190.1615753173828,18041700
2024-08-05,185.30107897199048,187.3254921461836,182.29309089642146,186.1127471923828,13927000
2024-08-06,186.59018717395054,193.46557953489605,185.25331342089507,191.30746459960938,10605800
2024-08-07,194.33455999549548,196.47357278922297,191.17379670868857,191.36477661132812,9204400
2024-08-08,193.34144664469503,195.67143923122063,192.69209752133338,194.85975646972656,7761200
2024-08-09,194.29636501927146,197.16110720023582,193.75205701088876,196.5213165283203,5540200
2024-08-12,197.10383533269922,197.8009185899137,194.4778213917653,196.8937530517578,6936000
2024-08-13,198.3642962283073,198.70806587728862,196.13934469057153,198.56483459472656,6387800
2024-08-14,198.37383866850263,201.25766844388264,197.78178208313386,200.76112365722656,6999800
2024-08-15,203.3966767937516,204.24654964916456,201.58234606852469,202.01205444335938,7001000
2024-08-16,202.1457343930743,204.4375220219115,202.0502371706934,204.32293701171875,7931200
2024-08-19,204.35161406403563,205.81263144751844,204.17973652284124,205.73623657226562,6090800
2024-08-20,205.30651444011903,206.26142846077076,204.0460209388596,204.84815979003906,5640000
2024-08-21,204.76221233636878,205.30652033777525,203.243902496917,204.924560546875,5202300
2024-08-22,204.90544526132746,207.0253554800207,204.6762606587443,206.86302185058594,5247100
2024-08-23,207.7893347547373,209.3076448284769,206.73892331142636,208.46731567382812,7214000
2024-08-26,209.13570818905114,209.77549881533403,208.2189989161922,209.2884979248047,5105200
2024-08-27,209.61316956542558,210.4821448134977,209.30760465836428,210.25296020507812,5185200
2024-08-28,209.3649089626926,212.19146100911343,209.3076164500679,211.31292724609375,6506400
2024-08-29,212.13417545467235,212.92675595835988,209.06890915150584,212.1914825439453,6416100
2024-08-30,212.46836770938904,215.31400738584378,211.92405972844904,214.6646728515625,8574100
2024-09-03,212.27739707735762,213.996245288392,209.35536240401527,210.36756896972656,8956100
2024-09-04,211.07419429732093,212.05776916977618,207.41688632380843,209.44129943847656,7389500
2024-09-05,210.2243202798102,210.8450231489062,206.2900790938934,207.8179473876953,8067900
2024-09-06,207.78928441426794,208.87788575049703,201.57278518271178,202.8810272216797,7777000
2024-09-09,205.48795601656894,208.314493434803,204.52348350418274,207.034912109375,8935100
2024-09-10,208.74420064438215,208.78239079219478,191.5652929984222,196.2921142578125,28406900
2024-09-11,195.99608479477803,198.33562101701736,192.73028089164237,197.88681030273438,13658700
2024-09-12,198.28789589472862,199.3669534297621,195.65233837232228,197.28524780273438,9054400
2024-09-13,197.53352278350428,198.47889294720295,193.86665629476207,195.10804748535156,10226700
2024-09-16,196.5499594935612,198.82265958173997,196.32077487742177,198.48843383789062,8634900
2024-09-17,198.36429194198743,200.46509994221952,198.29745553518015,199.81576538085938,7573300
2024-09-18,199.58656265629648,201.81151394410617,197.38071372762678,198.1732940673828,8259900
2024-09-19,200.32185852176175,202.35583001221985,197.9918660215026,200.99029541015625,11635200
2024-09-20,200.46511108252966,201.887938344578,200.054505011351,201.57281494140625,20885000
2024-09-23,201.48684845967347,202.25078255283367,200.52239059169264,201.90701293945312,7223500
2024-09-24,201.63009793345375,203.3489461555587,200.885266132347,202.05026245117188,7323200
2024-09-25,202.1362068285364,202.6709709564552,199.20462815992724,200.71339416503906,8976500
2024-09-26,201.61102405350505,202.1553175284066,199.58659619853518,200.32188415527344,7807500
2024-09-27,201.15263068745014,202.86193492764392,199.89215176914445,201.0093994140625,7032500
2024-09-30,197.0083329598229,201.44869243231116,196.0056702034008,201.3531951904297,8663800
2024-10-01,199.48153927593128,199.66297527681832,196.8937303593284,197.7053985595703,8540100
2024-10-02,197.7435832850478,199.5292677158403,196.4162534722088,197.94410705566406,5810900
2024-10-03,196.87461120814038,197.18019067216935,195.1271168966555,195.97698974609375,7251300
2024-10-04,201.0882843092368,203.36529455762485,198.79205464006816,202.93295288085938,10211700
2024-10-07,202.75039457261175,204.9601587244365,201.46297198907035,202.65431213378906,6718900
2024-10-08,202.31805585707016,203.03863017834183,200.20437411336428,202.48138427734375,6021800
2024-10-09,201.4725809875625,205.8344658352612,201.16514356144955,205.046630859375,7024000
2024-10-10,206.38210499398414,206.38210499398414,203.17315064958478,204.48939514160156,7927100
2024-10-11,207.2083540023907,215.8168218411878,206.71836873226076,213.56861877441406,18320700
2024-10-14,214.4429236222028,214.9233065221899,210.29242298957834,212.7904052734375,9048900
2024-10-15,214.88486468087592,216.6046288710412,213.11705927263557,213.66468811035156,9235800
2024-10-16,213.60706077635464,214.90408580240648,212.3676646922106,214.86566162109375,6382500
2024-10-17,215.47097276597972,216.98898464908373,214.54863105037725,215.61508178710938,6470200
2024-10-18,216.1723075958534,217.0562103832528,214.346858417982,216.5277862548828,7000500
2024-10-21,216.3836794948193,216.8448429843129,214.1546957520413,214.2507781982422,5870000
2024-10-22,214.2699944111594,216.44131985763096,212.42532582068287,215.3268280029297,9586800
2024-10-23,214.88489055585592,215.98016302329464,213.79922046913993,214.6446990966797,6180500
2024-10-24,213.1266698976376,216.22993919174453,212.9633414779606,216.153076171875,6002200
2024-10-25,216.17229177940365,216.7679618477346,212.21394161672643,213.58782958984375,6369700
2024-10-28,214.58705403134348,216.78720133196657,214.2027389032037,216.65269470214844,6843000
2024-10-29,216.37405952653384,217.8536323209502,214.06821294624783,214.15467834472656,6580000
2024-10-30,213.80881150303662,217.4309026200245,212.88648455841675,215.60545349121094,7110900
2024-10-31,215.88406239391045,216.83522576978615,213.11706698611923,213.213134765625,7829900
2024-11-01,214.78878529863542,217.2771650330181,213.96252618040887,214.193115234375,6923500
2024-11-04,213.91448216462666,214.98093270257803,210.57102155650406,211.15708923339844,8229600
2024-11-05,211.3972786603129,213.25156410968123,211.3684568617324,212.8000030517578,5600700
2024-11-06,225.77997234815385,238.26992826528578,225.55900030983912,237.36680603027344,23987800
2024-11-07,234.9072489252101,234.97450957116857,225.99134306314903,227.1058349609375,16451100
2024-11-08,229.94967402068818,229.94967402068818,226.52935025266495,227.68226623535156,9502100
2024-11-11,230.5837767101351,232.60139062039747,229.62301097384287,229.90162658691406,9017100
2024-11-12,231.11223527581708,231.98653574470558,229.39245614161896,230.16107177734375,6861000
2024-11-13,231.14102680865892,234.5133093268565,230.88161595029848,231.69827270507812,11472600
2024-11-14,232.90885627997872,234.70548373350155,231.59261175286292,232.38043212890625,10172200
2024-11-15,231.98650078048627,236.75189061553345,231.98650078048627,235.68544006347656,11518800
2024-11-18,238.03931397224375,238.2026423884912,233.15862226392747,235.4164276123047,9051400
2024-11-19,232.74551152817256,235.5317264419634,232.07297841037365,233.55255126953125,6792700
2024-11-20,234.8111584643265,235.01292573519365,229.27715266778316,231.33319091796875,9015300
2024-11-21,233.6870425569754,235.8583824721,232.61098963911496,235.15701293945312,8783500
2024-11-22,234.05215449936182,239.3747905212111,233.494908582397,238.79833984375,7997300
2024-11-25,239.79752913732486,244.33234482247553,239.28832444328282,240.47006225585938,10295400
2024-11-26,240.66223049461053,241.1522157749154,238.5965752287518,240.16262817382812,6212100
2024-11-27,239.56694518508607,241.3347506433992,239.0096992918983,239.9896697998047,5472300
2024-11-29,240.05694620237495,241.89201242042225,239.663028701305,239.9224395751953,5494800
2024-12-02,239.75912279267868,240.43165596124484,235.41645700974286,236.58859252929688,8899700
2024-12-03,238.49089141191638,239.26910936750357,235.03214331373752,235.21469116210938,6657700
2024-12-04,235.09938603307475,235.72389259305228,232.72629335742965,233.8503875732422,7346300
2024-12-05,235.76230474328736,237.4820689702866,235.02251101742607,235.84877014160156,6572500
2024-12-06,236.06013939122127,238.020109710533,235.23388026839805,237.65501403808594,5519700
2024-12-09,237.43405797978028,238.14501529269896,234.19626724942557,234.2443084716797,7076500
2024-12-10,234.3211763716299,238.2315003145499,232.71669920378773,233.3315887451172,9108300
2024-12-11,234.42684183478403,234.68625269082878,232.67824114161692,233.97528076171875,7884400
2024-12-12,233.46608357745416,234.5229317951459,231.5829762059641,232.0537567138672,6113800
2024-12-13,232.5725740613146,233.19706593992657,229.75752276728792,230.52613830566406,10392700
2024-12-16,231.1698702389742,231.22751384397645,228.20110730037192,230.18028259277344,9032000
2024-12-17,229.28674856156636,229.64224187064437,227.34601223254805,229.0081329345703,8083600
2024-12-18,229.62301722507155,229.69027786530154,220.52456428187924,221.33160400390625,11322400
2024-12-19,223.15707657628585,227.08660518171328,223.15707657628585,223.82000732421875,11790800
2024-12-20,222.8207819799516,229.82477222419405,222.50372753604435,228.27793884277344,32348400
2024-12-23,226.80800288109714,229.25794408815656,225.66468916573686,229.03697204589844,8611500
2024-12-24,230.0361513905695,232.97610709056295,229.69028977187682,232.80316162109375,3729100
2024-12-26,231.95767003999572,233.71587313728205,231.34278054095478,233.6005859375,4451800
2024-12-27,233.19706030424,233.84077158728834,230.622200511925,231.70787048339844,5730200
2024-12-30,229.40204160516248,231.3908190789619,227.8071669460935,229.9304656982422,5723800
2024-12-31,230.6318479144193,231.96731187509008,229.651862631155,230.30519104003906,4871000
2025-01-02,231.46767344728772,233.73508111275345,230.0553466786223,230.58377075195312,9220900
2025-01-03,234.32115986119294,235.27232323815673,230.83357547244773,233.73509216308594,9491100
2025-01-06,235.34785053374355,237.2696540677254,232.3347846588933,232.5955352783203,9917800
2025-01-07,233.84131539626446,236.8543812427668,232.64380768852936,234.8360137939453,8753400
2025-01-08,234.43039730150457,235.87898883992787,232.2575099938696,234.79737854003906,8675300
2025-01-10,234.75875339655258,235.45407855004558,230.55784655802114,231.64910888671875,10256800
2025-01-13,231.4559805922125,236.1590702736058,230.80894473301868,235.84039306640625,10005300
2025-01-14,234.34349934137396,239.23007939842697,233.88960612002688,238.9886474609375,12407400
2025-01-15,241.81823501856837,244.97616904789817,235.3285430292593,243.701416015625,18448500
2025-01-16,245.29485240465897,248.23067306346022,243.68208880478696,245.55560302734375,15292300
2025-01-17,245.43008747890718,251.68800013371313,243.49863168235143,250.27804565429688,17678100
2025-01-21,251.1568348369,255.1935699486957,250.60636292028963,254.015380859375,13712100
2025-01-22,253.88981996946433,254.35337989997615,251.33064732237972,253.83187866210938,9021900
2025-01-23,255.61853102956843,257.71414415714094,254.76868572612454,256.8353576660156,10749700
2025-01-24,254.65275515301792,257.9458903481264,253.99606735003593,255.76333618164062,7666300
2025-01-27,255.11632339873924,256.8546216330709,253.2717797821763,256.7387390136719,7522300
2025-01-28,256.7387305271845,258.16798874809257,255.75366935150754,257.9845275878906,7375400
2025-01-29,258.05213886652194,261.403215792934,256.5069683623677,257.4437255859375,7684900
2025-01-30,259.42342506081417,260.4567607263891,257.4823030404665,259.0371398925781,8753500
2025-01-31,260.0029152029212,261.53841892146664,257.8106941591738,258.1390380859375,7193800
2025-02-03,252.85652740325733,258.97926832878824,252.7310075303243,257.6658630371094,8381400
2025-02-04,260.5919875320474,260.5919875320474,257.685137406194,258.7571105957031,5626000
2025-02-05,259.69387796911485,261.3645977484104,259.13373931566724,261.1617736816406,5704400
2025-02-06,263.11259298289946,267.4873394377627,261.8957663293354,267.4100646972656,7264400
2025-02-07,267.7673383397974,269.0034687534413,265.2950775125096,266.34771728515625,6857900
2025-02-10,266.68570908946504,266.7146797427528,260.35053748270946,261.7508544921875,8627400
2025-02-11,260.99758688403824,266.7533159279833,260.4181443491657,265.5654602050781,7196400
2025-02-12,264.68669362698415,266.9754935387278,263.88515242612795,266.009765625,6683900
2025-02-13,266.0579498222643,267.47757055190675,264.42586784493153,266.849853515625,8398700
2025-02-14,267.8639232661803,269.66019235373915,266.97547016746574,267.11065673828125,5688600
2025-02-18,267.2747650036203,270.374742173538,266.56010657900333,270.3554382324219,7919800
2025-02-19,268.8393562958912,270.64526287956545,267.7191083170407,269.6795349121094,7007200
2025-02-20,269.12897724730624,269.1869185491795,256.6324589677004,257.6561279296875,13846700
2025-02-21,259.12410026315285,259.9739454750697,253.83190110728208,255.1839141845703,12835600
2025-02-24,256.3910342716533,257.84929251041825,249.74682306752814,252.38327026367188,10372800
2025-02-25,253.24280502114905,253.98640479801784,244.66713766459245,248.5783233642578,9608400
2025-02-26,248.3465742413543,251.96805363217254,248.12444622891454,249.92071533203125,5943600
2025-02-27,251.26304528909833,254.6044846083782,249.02254977912025,250.17176818847656,8204400
2025-02-28,251.79422790972416,255.734384491467,249.05156440712065,255.57986450195312,10467100
2025-03-03,254.95216859586353,257.1926644233933,248.98397717693555,251.68800354003906,9058300
2025-03-04,246.53097978353009,248.41416069189762,237.52073807328694,241.67337036132812,13465600
2025-03-05,242.6390975305549,244.3774104301798,239.33631038918557,242.9095001220703,7861400
2025-03-06,239.6067147910192,240.81387448934646,235.49271984402083,238.09051513671875,9983200
2025-03-07,236.82541062231493,238.26435026630588,231.21453478534207,233.9765167236328,20498700
2025-03-10,228.1145814395632,229.37001585318157,220.86195587079214,224.26132202148438,18887200
2025-03-11,223.8074153559728,225.32361505963343,218.92083509579416,221.286865234375,18143000
2025-03-12,225.9803164963516,226.28935648100162,219.47130549407655,220.08937072753906,16054000
2025-03-13,221.4414171595584,221.63455979827148,216.54516948427633,217.47227478027344,16467900
2025-03-14,220.3018190104654,225.14977664826623,219.7803324869917,224.47377014160156,11962100
2025-03-17,223.2569076938742,227.59303008201778,222.5615973533061,225.91265869140625,9586000
2025-03-18,226.2893512888045,228.0759389256176,225.51676608074393,226.9170684814453,10344900
2025-03-19,227.66066335557292,234.02480564298997,226.83978887999197,230.9151611328125,10120600
2025-03-20,228.45254307277253,233.47432418139948,228.10488051024566,230.81857299804688,8328500
2025-03-21,229.65969856798603,233.99582118147956,228.394597657511,233.34878540039062,19326900
2025-03-24,237.06687671319258,240.16686970296558,236.03355554049364,239.55845642089844,9422700
2025-03-25,240.76560737952778,243.1895937084644,239.1335249589966,242.5232391357422,9287700
2025-03-26,243.9428660903221,245.9419151205039,241.21950642110772,242.42666625976562,12779300
2025-03-27,240.97804318330196,242.05000157036298,238.7085770867831,239.61636352539062,8022500
2025-03-28,238.47683132194967,240.95874416809394,232.84663633723477,234.52700805664062,11978400
2025-03-31,231.20489964962815,237.4338411071599,229.22515468236256,236.89303588867188,13603000
2025-04-01,234.30488466864583,237.2696762213187,232.6245276519338,235.3092498779297,8054700
2025-04-02,233.3198303518473,238.77618624635787,233.18462905624742,237.39520263671875,7758800
2025-04-03,226.24104223143812,227.0812206514626,219.50991869121611,220.85227966308594,17188500
2025-04-04,209.21161179037864,211.53391744341874,203.01231254789712,204.32408142089844,27170700
2025-04-07,199.94181079233755,215.76069774400244,196.43405920557367,208.36624145507812,22914400
2025-04-08,217.18905702156707,221.3866902762964,207.20993881779174,210.72740173339844,19485700
2025-04-09,206.4811868712684,230.75365353414597,205.02367261100062,227.7025909423828,24022400
2025-04-10,223.4855116081619,223.82560418690176,213.86592377827714,220.6773681640625,18896400
2025-04-11,219.90004107330228,231.82251234099414,218.62714760837213,229.50991821289062,20284500
2025-04-14,230.38443247464087,232.9885175684915,227.01271488147904,228.07183837890625,13017800
2025-04-15,229.41276559774778,231.89052814201884,226.2256687249683,226.52688598632812,10912900
2025-04-16,225.4288882681969,226.96413851059506,221.47415884430876,223.10658264160156,9322300
2025-04-17,224.26286671419214,227.70259388923515,224.0199476676704,225.3900146484375,9557900
2025-04-21,224.09768348354058,225.24425426605643,219.92918434341314,222.50413513183594,8716200
2025-04-22,225.4094389050089,229.30586992458163,224.81671583472937,228.9171905517578,10701400
2025-04-23,233.41604796513516,239.7999526162135,233.20227802415155,234.05735778808594,14126800
2025-04-24,232.9496687853486,238.51736952901837,230.85084453351604,237.71087646484375,9055200
2025-04-25,237.72058361370227,238.66311074243424,234.90272847882687,236.65174865722656,8588600
2025-04-28,237.63314309013901,239.84856377044136,234.018506227203,236.3311004638672,7394300
2025-04-29,235.3302555170814,238.30358224438814,234.84441742891752,237.69142150878906,7216800
2025-04-30,234.3780170157287,238.27443314522645,231.6767436050638,237.69142150878906,12991700
2025-05-01,235.96184886071353,241.41295302844054,235.31082757483912,239.8971405029297,8689600
2025-05-02,244.14334547952194,246.4365017994361,242.3943402610022,245.35794067382812,7165000
2025-05-05,244.06562200982836,247.93290398016413,243.4923366073693,245.4065399169922,5450700
2025-05-06,242.9190495069192,245.4939855010517,241.9473733088915,242.19029235839844,6369900
2025-05-07,242.77330203405427,245.29965123242513,241.78218816867542,242.32632446289062,8724100
2025-05-08,244.4445774614896,248.63249931782082,244.42513978693867,246.29075622558594,8320100
2025-05-09,247.29158256636939,248.27297014978313,245.1927585036889,245.91180419921875,5087600
2025-05-12,255.45368576939853,256.1338710205253,251.3726632222575,252.6844024658203,9603900
2025-05-13,253.6366174742314,256.2018566752562,253.01476017450545,255.560546875,8589000
2025-05-14,255.5508493775398,259.0877651005622,254.86096755474128,258.1160888671875,8643100
2025-05-15,259.40840480607056,261.8861673360341,257.2610086365551,259.9136657714844,9214600
2025-05-16,259.9234217623776,260.8562227487946,257.2124364624061,259.9817199707031,8932900
2025-05-19,258.0286004357537,260.72016246054795,254.5111373718865,257.3775939941406,12145000
2025-05-20,255.0844372504937,259.10719113972414,254.8706672903915,258.1549377441406,8436300
2025-05-21,256.8626235909003,258.12579085940166,253.3451602970923,253.64637756347656,7464000
2025-05-22,252.0917079391651,254.87068799301866,251.53784531756497,253.28688049316406,6514100
2025-05-23,249.53613746652314,254.56941255981235,248.7490821958938,253.32566833496094,6671800
2025-05-27,254.61805316025053,257.78569757489424,254.56945155576832,257.7760009765625,7506600
2025-05-28,258.69905651483856,259.16547175610464,255.45366163402193,256.0269470214844,5535400
2025-05-29,257.29986323793395,257.8926011795443,255.09416879044764,256.8820495605469,5081200
2025-05-30,255.98811191316187,257.8148382973053,255.2885038489264,256.52252197265625,10977700
2025-06-02,255.57025520921368,257.52333379727145,254.4819826448125,257.163818359375,6011200
2025-06-03,256.2601742577228,259.0294276982061,255.43424355915568,258.72821044921875,6998400
2025-06-04,258.3880976506991,259.55409107088866,256.69736122896643,256.7362365722656,5915700
2025-06-05,257.2415799775106,257.2415799775106,252.93706098815088,254.53062438964844,8173800
2025-06-06,256.84318171210543,259.0974778306611,256.7751869079718,258.20355224609375,7738100
2025-06-09,258.46584465758167,260.31202333163833,255.89090890272348,259.18487548828125,8285000
2025-06-10,258.34925772170885,261.28370899928325,258.3201086235384,260.9922180175781,7538100
2025-06-11,261.06994934830874,261.9833273312438,258.2618206032283,260.5549621582031,7434100
2025-06-12,259.3014772187193,260.6909966178402,257.6302227460576,260.64239501953125,6618000
2025-06-13,257.57191067143367,259.45696484697413,255.26904285214047,257.44561767578125,7098300
2025-06-16,259.4375141379156,264.03355268524894,259.29176865611873,262.70233154296875,8566000
2025-06-17,260.5744302326393,262.9258701267818,260.2148851152785,261.88616943359375,6739300
2025-06-18,262.3525493306819,269.8538900754502,262.0804812063929,266.20037841796875,9586400
2025-06-20,267.7648611761629,269.44584229798477,266.054701296511,267.21099853515625,13969700
2025-06-23,267.26923359376445,270.6603737939763,264.40277715275636,270.3883056640625,8094600
2025-06-24,272.2733623996217,274.7025527452778,271.5932068947595,273.29364013671875,9267900
2025-06-25,273.5268847661139,276.2281437563614,272.95359929426087,276.0143737792969,6826900
2025-06-26,276.63622593773266,281.2128125357841,276.4127297366304,280.5715026855469,8942100
2025-06-27,277.71476860931045,280.52292702302657,276.96658862054096,278.9779357910156,17868600
2025-06-30,282.1747507450729,284.36102210361406,280.7366890072825,281.6986389160156,12689200
2025-07-01,282.6508634263035,282.88405619176143,278.4726385749146,282.1844482421875,9338300
2025-07-02,283.7683065006037,284.5262126990607,281.49458790523295,283.72943115234375,8158700
2025-07-03,285.2427883354028,289.39230699277783,284.3250100604397,289.00177001953125,6541600
2025-07-07,288.2694979279885,289.0408285515395,283.2217174873654,285.0670471191406,8825700
2025-07-08,282.43087949139976,282.85073579628744,273.6827259911984,276.0943298339844,15440900
2025-07-09,280.39030853602094,280.409854753331,275.80144667367244,276.4653625488281,11273800
2025-07-10,276.30913716549423,281.49359244381907,276.30913716549423,281.3764343261719,8410900
2025-07-11,278.769565465662,280.5856057975168,276.9437818207337,280.077880859375,7384700
2025-07-14,280.2829223396753,282.4601802440015,278.5157178522438,281.8743896484375,9079900
2025-07-15,281.1909070286815,285.04753034558945,278.7304973187624,279.7751770019531,12526100
2025-07-16,281.58145837626523,283.8563877246872,276.31890766783124,279.0624694824219,9979800
2025-07-17,276.73872984802153,283.4365269712765,276.73872984802153,283.0459899902344,8509500
2025-07-18,282.6750108605671,285.5845669184914,281.41553114681216,284.3836364746094,12217000
2025-07-21,284.1199572500093,287.2247661266358,283.70987409835186,284.0906677246094,7898100
2025-07-22,284.60817760742935,286.68782360397205,282.3430213241299,284.5398254394531,6717500
2025-07-23,285.91647116510006,289.96834804352494,285.6333192022237,289.7438049316406,7083500
2025-07-24,290.38824384601423,292.50692281181034,289.197086573553,289.5387878417969,7001200
2025-07-25,289.6852251081662,291.833193307434,288.9627004391592,291.559814453125,5918500
2025-07-28,290.62253795461066,292.35067977069764,289.8024013403967,291.2278747558594,5840400
2025-07-29,292.90722148986475,294.16673088516893,289.19707526941846,290.0172119140625,7635700
2025-07-30,290.3882180578568,293.50277061247203,290.3491554207025,292.54595947265625,8061700
2025-07-31,292.06760569208376,293.86409997093006,288.5136499824048,289.23614501953125,14749700
2025-08-01,283.53415023190064,284.9010444747119,277.51978576747103,282.52850341796875,12007100
2025-08-04,283.39748816019784,287.36149653658794,283.39748816019784,287.30291748046875,6649500
2025-08-05,287.7227451899489,288.7967442167471,280.44887113196535,284.4812316894531,7182300
2025-08-06,285.3892219809223,286.35583595267855,283.29983288867896,284.4617004394531,6330200
2025-08-07,286.0141816476007,286.52187684447244,279.63856806988866,280.1560363769531,8057100
2025-08-08,282.147783226691,284.3445874627116,277.9787178959617,281.9329833984375,6634100
2025-08-11,282.55786003198295,284.4324795786832,281.9525231375895,282.7140808105469,5510100
2025-08-12,284.60818108673004,287.78134262543284,283.4756029312347,285.92626953125,8570900
2025-08-13,287.00028844951237,287.5860790910363,280.37081292632473,283.6611328125,8420400
2025-08-14,283.7099156263746,287.2443543863174,282.7921670974885,287.2052917480469,6322400
2025-08-15,287.8691692929174,288.51356865630623,282.96786660273153,283.62200927734375,7340500
2025-08-18,283.14362564908606,284.99869861654025,281.59122107019255,284.637451171875,5386900
2025-08-19,283.9539889625262,285.56500239267734,282.6847363528942,283.78802490234375,6031500
2025-08-20,283.9345044896623,286.39491450968626,280.47819081224463,285.3306884765625,7374200
2025-08-21,285.0377771018291,285.8481406203758,282.6261731712258,284.5788879394531,6624000
2025-08-22,286.2680395828637,290.134407056988,283.27061481608513,289.23614501953125,8552800
2025-08-25,289.23611076930126,290.31988299272194,287.1857840368891,287.92779541015625,5856300
2025-08-26,287.20530748693324,291.6770114419159,286.5609080024392,291.51104736328125,6714700
2025-08-27,290.22221942371254,293.95191161496433,290.01719272513293,292.2042236328125,6056500
2025-08-28,292.9267112373769,294.117868354811,291.6379422251854,293.951904296875,6410500
2025-08-29,294.89900749557,295.78749633539695,292.6436242083418,294.2936706542969,6796400
2025-09-02,293.16104602243786,293.3562996005323,287.53721856267,292.6142883300781,7221900
2025-09-03,293.46376953395156,293.46376953395156,289.3728293840743,292.4288330078125,6316900
2025-09-04,292.907239703105,297.23249612499853,291.22790367029796,296.6369323730469,6605800
2025-09-05,296.47089615045866,297.93543213980337,287.3517222989999,287.4200744628906,9837700
2025-09-08,287.9180003045095,289.4508585236368,284.54955591394986,285.98480224609375,8188500
2025-09-09,285.6821383351084,291.9308187983359,285.39898638869516,290.8080139160156,7848200
2025-09-10,289.6852395690516,294.41080559861024,288.4159571280649,293.4344482421875,7787300
2025-09-11,294.11791350814815,298.5017787915897,293.67857052610964,298.3357849121094,7942500
2025-09-12,297.7889929895384,300.278692323977,296.51974034767983,299.6538391113281,6846700
2025-09-15,299.9077224868905,302.62199492875897,299.9077224868905,301.5968017578125,7122000
2025-09-16,302.67082154752813,303.54953732829165,299.8686803218619,301.8799743652344,10525600
2025-09-17,303.051593262514,305.5120032291886,301.4698692167263,304.3794250488281,8657800
2025-09-18,304.41847536441884,306.0294590796202,302.2899936344281,305.8244323730469,8050700
2025-09-19,306.18567402107084,308.33364233519416,301.81158232217626,307.3377685546875,23568600
2025-09-22,302.4755330739034,306.2833510536547,302.2412168152352,305.0531311035156,7520200
2025-09-23,304.44774573735896,308.83158055594043,303.23704240296024,305.3459777832031,8584400
2025-09-24,306.6249982834747,309.09518106173516,304.3012929371278,306.0099182128906,7310500
2025-09-25,306.69335780909455,308.187183322785,304.4282016666437,306.0392150878906,7083200
2025-09-26,307.4549158234408,310.29611921601327,306.2833049105433,308.5874938964844,7258100
2025-09-29,309.5638927898993,310.49144429204733,306.244283396844,308.2262878417969,6462400
2025-09-30,308.77303234033246,309.9056105166974,302.77818351310054,307.972412109375,11823300
2025-10-01,306.5469176424686,307.1522544306594,300.1420158253824,303.3639831542969,9235200
2025-10-02,302.6707739131108,303.21753163713987,298.90204890133435,300.2786865234375,7600000
2025-10-03,301.2160207712093,304.29154051746787,300.9230956835271,302.7000732421875,6029900
2025-10-06,304.31887268736267,305.85921336148397,299.3643087937219,303.3377685546875,7214500
2025-10-07,303.5045825685695,304.15211491707447,298.94245414234075,301.8759460449219,8454200
2025-10-08,302.38610339922974,302.94533995371586,297.8141544414466,298.28509521484375,6489900
2025-10-09,299.28580362246566,302.21932533826873,297.6571971106374,299.7567443847656,7060300
2025-10-10,299.884293196386,304.6034016857315,295.1259321582217,295.2044372558594,8597400
2025-10-13,299.825453091958,303.61250097758057,299.67829344838384,302.1506652832031,10788700
2025-10-14,300.0609096735379,301.19899415642095,288.6506628568037,296.3719482421875,16178800
2025-10-15,300.60054226813855,306.2222503974602,299.6684812643796,299.91375732421875,11354800
2025-10-16,299.58018214659097,302.8472460533356,291.4566403326295,292.89886474609375,10549400
2025-10-17,293.50712003455857,293.889735082381,288.64085185179624,291.9373474121094,10153500
2025-10-20,292.8595893086329,297.95152225168493,292.5260174899358,296.6466369628906,6894900
2025-10-21,295.9598799345198,298.30470327148043,291.387931026513,291.4762268066406,7372700
2025-10-22,292.14339635115977,292.42792496186684,285.0500319167869,288.55255126953125,8054100
2025-10-23,288.8174460117812,290.76983369962494,286.98278603201936,288.97442626953125,5438800
2025-10-24,290.48533977411194,296.8821587918227,289.86726923292923,294.7629699707031,7228300
2025-10-27,296.4504442832031,298.7756564122873,295.3221804580643,298.40283203125,5642200
2025-10-28,299.09941371756173,302.1506633659522,297.43155453276364,299.5899658203125,6336000
2025-10-29,297.7749437102374,302.4253680119533,297.2843916128944,299.7371520996094,7520300
2025-10-30,300.0118408967499,306.70294832164416,299.33487665042094,303.5928649902344,7514600
2025-10-31,302.7098838432525,306.9580516530441,301.44425110203457,305.2411193847656,7721300
2025-11-03,305.12339351121426,306.4184581871798,300.42389620518765,303.50457763671875,7770000
2025-11-04,300.9144809225103,306.3203750071308,299.33491742651887,303.406494140625,7085200
2025-11-05,303.7596346135364,307.18370837912624,299.8548593473778,305.79052734375,6865200
2025-11-06,305.11354450630085,308.89080115603815,304.3973576988964,307.4976501464844,7206100
2025-11-07,305.996596656296,308.4885797126469,301.82690389695847,308.2727355957031,7302300
2025-11-10,309.0478287826136,313.52166162304985,308.2727480666523,310.9021301269531,5794100
2025-11-11,311.5005473671264,313.02124672436145,309.32249509813516,309.65606689453125,5030200
2025-11-12,310.28401450147265,316.16081890087764,310.2349413284004,314.3555908203125,10578300
2025-11-13,313.19793862164465,314.5714786629053,303.25934720374704,303.6321716308594,8973300
2025-11-14,301.69937740150914,301.82692574451625,295.5380439111289,297.873046875,10327000
2025-11-17,298.25568807350635,299.8156402175587,292.04531142677234,294.69427490234375,8344000
2025-11-18,293.8407066733924,297.2255281256325,291.4075574888167,293.7524108886719,8077300
2025-11-19,294.07613244625185,298.6971543004681,293.6150123230367,297.5394287109375,5546600
2025-11-20,300.55143221012577,304.06380172292836,292.526007702832,292.7418518066406,7501600
2025-11-21,295.59690186961166,295.9795169500688,287.2771272196497,292.388671875,11766800
2025-11-24,292.60450449713426,294.1546658866495,288.9450050249646,292.3690490722656,10940200
2025-11-25,294.3802671214879,298.7461922522819,289.9751193849708,297.2745361328125,8877200
2025-11-26,299.236744634426,302.7000408419023,297.47076926541064,301.8268737792969,7910900
2025-11-28,303.2593475520116,307.7920446638407,302.4155822779578,307.16412353515625,4322400
2025-12-01,307.0365511041561,308.1059510186725,302.70987827477467,303.08270263671875,7727300
2025-12-02,302.90608260086213,304.61322416428,301.28726675805535,302.0623474121094,7249000
2025-12-03,301.3952191924132,306.45769046560724,301.00275356361163,306.2320556640625,8535300
2025-12-04,307.3406820896426,312.4718374062237,307.08558544076953,310.12701416015625,9627800
2025-12-05,309.675735141623,312.4620673964715,308.7338535792819,309.0870666503906,6518900
2025-12-08,309.1066855736394,310.490046082808,307.4290057820621,309.25384521484375,7417200
2025-12-09,308.9987496671757,312.7759765165013,294.35084263290827,294.83160400390625,18049200
2025-12-10,294.8218164922271,305.3098229417503,292.8203555109508,304.2502136230469,18874100
2025-12-11,303.39664078542717,311.99112280608637,303.39664078542717,311.3828430175781,9721900
2025-12-12,313.63939676902703,314.21824467866026,310.6176088789046,312.5013122558594,8982900
2025-12-15,313.5510937973793,316.77893506176076,312.37378669898357,313.97296142578125,10864100
2025-12-16,313.0605194158257,313.4823870142149,308.4591385602085,309.58740234375,8331300
2025-12-17,312.4129587684494,313.33519898050224,308.71420723945954,309.0281677246094,8718700
2025-12-18,310.0289142840206,311.696803330905,306.3203417601588,307.0856018066406,11444900
2025-12-19,307.86070475303023,312.5405611519729,307.2720362267728,311.216064453125,24494400
2025-12-22,311.51040652969687,317.1223237946892,311.51040652969687,316.9849548339844,8354600
2025-12-23,317.4951019215588,321.5863194308531,316.9849385385764,319.7712707519531,6668300
2025-12-24,320.0754152651648,323.75455590755524,319.34940775949514,322.9500732421875,4289300
2025-12-26,322.89117420941676,324.60810648135276,320.36975928516057,321.7138671875,4158300
2025-12-29,320.8210653769003,321.5765048132756,317.4166326904015,317.6324768066406,8635300
2025-12-30,318.67246566162106,318.80001400331406,316.39629663998113,317.3087463378906,7904300
2025-12-31,318.2113141665638,318.7411187872734,315.954786613899,316.1313781738281,5048500
2026-01-02,316.40607195521113,319.57504897399025,314.6793191597252,319.32977294921875,8054000
2026-01-05,319.3494195457025,330.8773939839882,319.0452796366472,327.7280578613281,10752600
2026-01-06,327.80690233545573,331.0098740395918,325.8654075148325,329.7680969238281,7660800
2026-01-07,326.34833432050425,327.3436989116676,319.9029613644661,322.25836181640625,9815200
2026-01-08,321.66705777098605,326.6045411861842,320.9377453310003,325.0178527832031,11737100
2026-01-09,324.574337106814,327.09729064970276,323.42128423831076,324.426513671875,6738100
2026-01-12,317.2223373186221,321.3024150573165,316.58174896284436,319.7945556640625,12805100
2026-01-13,319.607276321267,322.13022999961737,306.07597250770414,306.40118408203125,19371200
2026-01-14,303.74028072227304,307.248764223213,301.69036200146564,303.4150390625,25951500
2026-01-15,304.0063656967471,308.4116849186759,303.29678306784643,304.7849426269531,14751400
2026-01-16,305.859168042176,312.61988778165164,305.51422660983957,307.948486328125,14652500
2026-01-20,301.77901133783587,306.6475299831289,297.49195154924274,298.3592224121094,12900600
2026-01-21,299.03927373837826,300.98076847694307,296.7922671947178,297.6694030761719,10270100
2026-01-22,300.4486020899579,303.74029810743053,298.51697209231355,299.2364196777344,10535800
2026-01-23,297.62996155371496,297.99460272094535,292.2194132676643,293.4118957519531,11107900
2026-01-26,293.5005966595185,297.4131507596747,293.1458204050662,296.6838684082031,11752700
2026-01-27,296.9696765737922,297.600430072012,293.83569907896594,295.9644470214844,11527400
2026-01-28,295.92502074698183,297.55116896968093,293.73714339882304,296.41778564453125,9556700
2026-01-29,298.0242044363714,302.39009421648365,297.8468162912432,301.9860534667969,11580000
2026-01-30,300.8329611128116,303.47417366781866,298.18188363582897,301.4637145996094,11953200
2026-02-02,300.0543498440236,304.8243097572213,297.009066824225,303.6811218261719,9839400
2026-02-03,305.24812953525304,311.67377245140426,304.6272410024816,310.2940368652344,12688000
2026-02-04,309.8603851938019,314.68947453105983,309.8603851938019,312.6789855957031,9848800
2026-02-05,310.4418968087504,311.43729156251544,301.11879302745194,305.67193603515625,9388000
2026-02-06,310.1560458706719,319.5580077028489,310.1560458706719,317.7347717285156,17797400
2026-02-09,316.6901052470153,321.67688304511955,315.4778929075789,317.4391174316406,11477500
2026-02-10,317.88260916858553,321.4108225198696,310.5601303365702,313.6744079589844,9902200
2026-02-11,318.5626195530509,320.57310861880575,304.2626036559874,306.3223571777344,8703500
2026-02-12,307.7612334721236,309.081839746651,295.67862894222,298.2607421875,13443400
2026-02-13,294.20031360412065,299.8868391905795,292.22925421492414,298.1719970703125,9114500
2026-02-17,298.37897016857187,303.7796534691019,298.12272283207255,302.68572998046875,8896800
2026-02-18,303.9964824090721,307.7612130759615,302.7744352071208,304.3118591308594,7209600
2026-02-19,302.7251967985789,304.706091211533,300.70484269703184,303.5924377441406,6737700
2026-02-20,303.93735521152445,306.4997384614463,301.25671320907963,306.29278564453125,7792700
2026-02-23,304.33156072845463,306.49973810881244,290.82982182198225,293.3626403808594,12955400
2026-02-24,292.52492033500454,295.41251501499806,287.16363658887093,292.9979553222656,13554100
2026-02-25,294.3186211283634,299.26596968218246,292.7122028119612,298.9111633300781,8095500
2026-02-26,300.1726366788227,304.53855630953854,299.24626638786924,301.7002258300781,7007800
2026-02-27,295.65891244411966,298.56623711354547,290.18923459429544,295.9545593261719,18620800
2026-03-02,290.54400478497735,295.63920650311957,288.9671512696774,293.25421142578125,8508900
2026-03-03,288.06048812026575,298.0143442328302,285.3108518008074,295.9151611328125,10278200
2026-03-04,295.6490329928573,296.6444275734801,291.53939115440386,295.0577392578125,8055700
2026-03-05,293.6681347660462,296.8809409605995,288.1984271847196,289.3022155761719,12732500
2026-03-06,282.19656011677637,285.79373737181714,279.6046122907234,285.2911376953125,13496500
2026-03-09,281.3687378415741,286.88771034332996,276.39182473676505,285.72479248046875,12241100
2026-03-10,285.1038656039175,288.5137895890596,283.0243825142546,284.5519714355469,8344900
2026-03-11,284.63080818846373,286.27665589332094,280.7379541448169,283.3594665527344,10205000
2026-03-12,278.7373493376876,279.7721735590687,275.0613428380194,278.7965087890625,13760500
2026-03-13,280.5507744631018,283.03429867034544,278.8556620459724,279.33856201171875,9091200
2026-03-16,282.19655315580616,285.0841477791627,280.49157605338496,282.0191650390625,8149000
2026-03-17,284.818100819376,287.5381725830032,281.81224707987553,282.7386474609375,8961200
2026-03-18,282.6794583481213,285.22214170630696,280.9942110555422,283.5762939453125,10057000
2026-03-19,282.72878519316,285.32073330008154,280.50147828893415,283.8030090332031,9846700
2026-03-20,283.91138544418305,286.503333392004,281.14204936690925,282.41339111328125,22436500
2026-03-23,290.05122923518974,291.47039433897936,283.80297485577245,285.71490478515625,11470800
2026-03-24,282.0290234995058,291.20430182018856,281.24058176096486,288.1688537597656,11092300
2026-03-25,289.8935606457511,293.33307981455755,288.2083132485988,291.14520263671875,12188200
2026-03-26,288.34627622525977,290.72140649236997,286.5230702788716,287.4396057128906,8669200
2026-03-27,284.9560781932207,285.91201315041053,277.67299911276325,278.7472229003906,9873300
2026-03-30,280.6197223539733,283.09341157112783,278.2445921238412,279.66375732421875,11734400
2026-03-31,284.2957456266251,290.8002474756881,280.8266920092483,289.9034118652344,12956900
2026-04-01,291.1156388473091,294.397439586213,288.67151431082976,291.10577392578125,11267200
2026-04-02,287.6859892507321,291.3422961551757,284.5421469823785,290.3370666503906,6669300
2026-04-06,291.28800548467393,294.0318828624399,290.4361268888688,292.6649169921875,7142600
2026-04-07,290.37670491485227,295.36917315286644,289.9408501945635,294.5965270996094,7849100
2026-04-08,305.06689453125,308.3258895171328,302.45176621640263,305.06689453125,10590200
2026-04-09,304.05651984064076,308.32588881301854,303.22441157516124,307.4046325683594,6586600
2026-04-10,307.0777539881542,307.42446072412105,303.8286744454756,306.948974609375,6069700
2026-04-13,304.57160070566766,310.7824849633817,302.58053852295086,310.7230529785156,8318200
2026-04-14,306.89943109168803,311.3570110002295,305.9583743523699,308.1871643066406,11455500
2026-04-15,310.9905300508767,311.277774570451,301.3918714164569,303.0461120605469,9885800
2026-04-16,302.4715852023421,307.0282287597656,302.3230052425142,307.0282287597656,8208600
2026-04-17,309.52446345258267,311.9315494967679,307.1668939851484,307.3650207519531,11082400
2026-04-20,307.9197564380041,314.1405563626729,307.44427030933883,314.0018615722656,10772000
2026-04-21,314.4971338118941,317.22121061615576,309.80182564829863,310.0494689941406,7084300
2026-04-22,311.8820104577792,312.1791703566839,308.9994385188103,310.0692443847656,5545900
2026-04-23,310.5645671083526,312.0207112419138,305.97823757642897,308.7518310546875,6969700
2026-04-24,308.2169031850131,308.2169031850131,304.9876545011301,305.37396240234375,5215300
2026-04-27,303.98715932508014,309.63340937204396,303.98715932508014,308.6923828125,7925300
2026-04-28,312.22874939034807,312.4763927416317,308.2367397768522,308.51409912109375,7398600
2026-04-29,307.6424030740365,309.1084324302891,304.39332337301636,306.3348388671875,8031800
2026-04-30,304.17537753423426,311.1391072432711,303.68009084019207,310.2773132324219,8865400
2026-05-01,310.99053462942686,313.1004306027845,308.8904936039496,309.52447509765625,6135400
2026-05-04,307.6919127315306,307.72162872511296,303.62067046123263,304.7499084472656,7338200
2026-05-05,304.8093270030217,308.0386059028864,303.90790159754107,306.4833984375,6316800
2026-05-06,308.51408907378806,313.2787445789234,308.41502569052057,311.9315490722656,8629500
2026-05-07,311.6838826212042,313.31832251929217,303.2541243993441,303.38287353515625,8359600
2026-05-08,305.3442480983084,306.0772627348545,297.6673043099487,299.2522277832031,9464300
2026-05-11,299.25220709578446,300.33192839088537,296.06255978470045,297.1719970703125,9512000
2026-05-12,297.1918096957407,303.17488127688546,292.76394555078735,302.0060119628906,9498200
2026-05-13,299.4206252163842,300.143754716122,297.2413817689282,297.419677734375,7709500
2026-05-14,299.40079322196567,300.8866532379556,295.9932185002369,297.0828552246094,7364300
2026-05-15,297.3800250884659,297.9545745759545,293.6554897467313,295.0026550292969,8699300
2026-05-18,295.19086540817983,298.42014428050857,294.41821938577056,297.8951416015625,7546300
2026-05-19,298.25174205727603,298.94515553081476,292.4767124232877,292.9125671386719,8066900
2026-05-20,293.9031355505058,300.074388394629,290.901699401834,299.13336181640625,9327000
2026-05-21,298.39043377179394,301.11451059994795,297.38002956476026,300.14373779296875,7874400
2026-05-22,301.80786510847753,304.55177249042686,300.975787165941,303.4918518066406,5973900
2026-05-26,305.58198370417455,307.00841184289453,302.5607468746074,303.8484802246094,7725400
2026-05-27,302.12488223740917,303.0163922373755,292.9620784318484,296.45880126953125,11779200
2026-05-28,294.76490876803416,298.2319153725138,292.9620580785291,293.9328308105469,9757700
2026-05-29,293.60592291457107,297.0531289146851,292.4172530810099,296.4884948730469,13969000
2026-06-01,294.88379289768517,296.7262448803003,292.48659200890455,293.78424072265625,7930000
2026-06-02,293.7050065215912,299.22250749118643,292.48659038411694,298.1229553222656,8296200
2026-06-03,297.0927815796737,299.11352951035826,293.76443930165715,298.0140075683594,7003900
2026-06-04,302.8579038720382,309.96032850348195,301.5701705345185,307.9593811035156,10345200
2026-06-05,311.32732931074025,312.03062797609164,306.68153754248186,309.4254150390625,9118800
2026-06-08,310.29711820213583,313.3183549865249,307.85040068979765,308.1772766113281,6827000
2026-06-09,310.55465078803394,313.43722277274946,306.0970708543314,309.7522888183594,11594600
2026-06-10,309.61360453133113,311.7829625909436,306.11688180741817,306.2258605957031,7446200
2026-06-11,306.64190479742024,311.7532672608839,305.96832212848904,310.53485107421875,9116600
2026-06-12,312.9914924475245,318.2712356052093,312.5754382997044,317.69671630859375,7426200
2026-06-15,320.86654063669926,322.84768738488117,315.834410967573,316.3891296386719,7988900
2026-06-16,321.24294492243723,328.6227289223758,320.9655855767026,328.01849365234375,11094900
2026-06-17,329.04865664392645,334.58595818581273,328.3750740037103,330.31658935546875,12246400
2026-06-18,333.7737342633915,334.9029722707317,321.1042914420739,322.154296875,20111000
2026-06-22,326.5920358258478,329.63307294473424,323.6698324387262,328.3552551269531,10182500
2026-06-23,326.36421286951514,332.20858976825195,324.12550735610625,330.9902038574219,7582200
2026-06-24,329.9302789435224,331.376507596468,326.66136869109727,330.30670166015625,7907400
2026-06-25,331.80244213579863,340.2124304661794,331.60434560297165,331.9609375,10043100
2026-06-26,332.8326475495511,333.228870845892,324.41277402523207,325.9481506347656,17640900
2026-06-29,325.1854209967859,329.25669322074043,324.1156150705066,326.28497314453125,7981800
2026-06-30,325.7897071147089,327.32508382610723,323.6005180876161,324.244384765625,8080100
2026-07-01,325.27455736702245,332.47604477525243,321.94624551076066,330.92083740234375,15210200
2026-07-02,334.83360102273184,336.7949471861684,328.6425174347508,331.31707763671875,8413900
2026-07-06,333.33698899073767,338.03355912489224,332.4513925636696,336.0434875488281,8673500
2026-07-07,339.2873139639983,339.7052119900014,335.41661017250277,337.5360412597656,7115800
2026-07-08,334.85939443262805,334.85939443262805,328.4911714262899,328.9787292480469,18505200
2026-07-09,329.81455375578497,335.32706052327,329.16778656686455,333.8046569824219,15570600
2026-07-10,335.7947489831923,336.9091842748567,334.10317589443326,334.7997131347656,6299000
2026-07-13,336.6604076851862,336.6703677602959,330.8494022785692,332.86932373046875,7120300
2026-07-14,325.3767024569635,343.018697898117,324.13290772280084,341.1878356933594,14537900
2026-07-15,344.13316113736585,349.496388677335,342.3420783547094,345.1878967285156,10750000
2026-07-16,347.5461075961992,347.6058073157005,339.4166516418319,341.446533203125,12432400
2026-07-17,337.34700676099266,344.4117674477453,333.3867531021779,339.40673828125,9250900
2026-07-20,340.1032222467978,342.5510321636463,335.69522096718543,337.1877746582031,7723300
2026-07-21,338.4315863984231,344.0236829830589,335.62557803051845,343.5162353515625,6015300
2026-07-22,343.35701810674095,347.3371613915108,342.5410814455031,346.4814147949219,8040200
2026-07-23,344.85949871525867,348.18294505289737,343.7052838943091,348.16302490234375,10913000
2026-07-24,348.8993849481548,351.6158133838037,345.77495780407526,351.45660400390625,7520800
2026-07-27,356.11337561990405,357.26759042115583,350.8297076061441,354.4317626953125,7884900
2026-07-28,355.52629480722857,357.51636649462665,352.39193797279347,355.5362548828125,6533800
2026-07-29,354.7302597849737,355.5959360652867,342.0734032983392,342.998779296875,8265300
2026-07-30,345.8147711364633,350.5312313936644,343.6555299601254,349.10833740234375,7606500
2026-07-31,351.54615414092115,352.71035944809563,347.9640493688736,350.0436706542969,6603400
2026-08-03,351.99390996328265,353.85462202804894,349.09835217661595,350.8894348144531,6436600
2026-08-04,353.23772931183936,361.1980161695709,352.1133339346112,355.7452087402344,8477200
2026-08-05,357.1880162943574,360.3721431251799,356.42184963021657,357.4566650390625,5269500
2026-08-06,361.0089428958536,361.0089428958536,353.1879759378353,354.53125,5820100
2026-08-07,353.9939662804709,357.0686234353396,351.5760060692107,355.7452087402344,4566200
2026-08-10,356.18300425984785,358.20292570669625,354.73026050334704,358.0039367675781,5327500
2026-08-11,358.2626254551437,361.3173926303437,356.81984177360647,360.2427673339844,4576500
2026-08-12,361.16816675533465,364.27267377511737,359.5064435106501,363.3671875,4366800
2026-08-13,364.68062001340013,364.68062001340013,359.7253308069399,361.30743408203125,5102700
2026-08-14,361.1979972145266,364.08359497580625,359.6557038632118,361.0387878417969,5058600
2026-08-17,360.14326737396806,363.93435142155386,359.1681213378906,359.1681213378906,5282600
2026-08-18,360.54129106421675,361.7651961078663,357.48652367602523,361.44677734375,5525100
2026-08-19,361.2079672672532,361.2477468369722,353.88448774980554,355.48651123046875,6696200
2026-08-20,355.8248251857026,356.17309380558993,349.8048400878906,349.8048400878906,6799700
2026-08-21,352.3123461628449,355.08847428503344,348.6307014187966,349.8346862792969,8112100
2026-08-24,351.5461317844577,356.5014209409171,351.068534040469,354.6208190917969,4394400
2026-08-25,355.2278007272063,355.5959591354929,351.31731709949815,354.9193420410156,4298000
2026-08-26,354.73028564453125,356.5711080668152,352.83972357546315,354.73028564453125,5796500
2026-08-27,352.91928632954495,355.7949543352699,350.48146686631793,352.4615783691406,5209900
2026-08-28,353.9043944648907,356.94920156741074,352.46158041613097,355.8446960449219,3914500
2026-08-31,354.13325558497917,355.99396777979376,353.00886020751335,354.2526550292969,7962900
2026-09-01,353.9641150321938,358.1432473964739,352.36209151798977,353.18798828125,5079000
2026-09-02,355.7750444325669,359.67559819859304,352.03373040736835,354.45166015625,5341400
2026-09-03,356.8994388812256,361.048751591374,354.62082872816893,360.2626647949219,5414200
2026-09-04,359.2079195426516,361.0586715329967,353.4367241174852,356.8596496582031,4873500
2026-09-08,355.3273019487728,356.7700856866122,351.47651813459794,351.755126953125,5631400
2026-09-09,350.2526190648876,354.56111093264843,346.95905283194486,352.94915771484375,6318200
2026-09-10,351.75513095969814,352.46159790649506,349.3769807166142,351.80487060546875,4184200
2026-09-11,356.54123003498995,358.26262251003124,353.0287549259634,354.46160888671875,5354600
2026-09-14,352.47155979321,353.5163352884343,345.8246972423431,348.39190673828125,9609900
2026-09-15,349.257579656171,352.93922440866675,341.36695273698433,350.74017333984375,14026500
2026-09-16,351.6257786998183,353.83475953392957,342.97891460693876,347.18792724609375,8303400
2026-09-17,350.50136597854834,351.7352006725114,343.5560050551891,347.5759582519531,6480100
2026-09-18,346.16304147739197,347.9342041015625,343.2973333290521,347.9342041015625,18312400
2026-09-21,351.91433268274113,352.740199054288,348.3421273580351,350.29241943359375,6414700
2026-09-22,350.25262522977937,350.35213488970936,335.6255858365337,338.31219482421875,11485600
2026-09-23,335.9340206549813,339.7450247602914,335.30717361074363,335.85443115234375,7068500
2026-09-24,336.44151529469224,337.6853101018364,333.61561713679083,336.87933349609375,6934300
2026-09-25,339.07835404086876,341.6057535902091,336.95895319807937,341.35699462890625,11460300
2026-09-28,340.1330758005002,340.30224524839605,334.63052901448964,334.9190979003906,10483700
2026-09-29,335.3270695682872,337.0683822440869,331.6752747671049,333.3171081542969,7254900
2026-09-30,333.2275564240448,334.67034012645917,329.18768310546875,329.18768310546875,9113300
2026-10-01,327.1180300425678,331.9240397540555,324.2523219854466,331.5260314941406,8160000
2026-10-02,332.34196415750074,333.18775067842364,328.3618208741774,330.7300109863281,6658200
2026-10-05,331.6553870118408,332.093205202293,328.94888836453754,330.7300109863281,5346100
2026-10-06,332.7300109863281,333.7900085449219,330.92999267578125,331.2799987792969,6286800
2026-10-07,327.20001220703125,329.8699951171875,325.07000732421875,329.5799865722656,7003000
2026-10-08,327.25,332.30999755859375,325.6300048828125,331.4200134277344,8060800
2026-10-09,331.20001220703125,333.5400085449219,330.5799865722656,332.989990234375,5052000
