timestamp,open,high,low,close,volume
2012-05-18,41.65108131916242,44.573096156215996,37.639503420804616,37.8673210144043,573576400
2012-05-21,36.18343970510469,36.31220745673168,32.686929925253004,33.707157135009766,168192700
2012-05-22,32.300634606631526,33.27133704563711,30.646477561314136,30.705907821655273,101786600
2012-05-23,31.072400088693257,32.19167917966843,31.062494729927494,31.696422576904297,73600000
2012-05-24,32.637409014712006,32.89494077090432,31.468603196630706,32.71664810180664,50237200
2012-05-25,32.58788470706986,32.637409609720365,30.814865231223614,31.607275009155273,37149800
2012-05-29,31.18135474290699,31.38936349505314,28.378202493013106,28.5664005279541,78063400
2012-05-30,28.427729321389656,29.26966402186225,27.59569809027798,27.92256736755371,57267900
2012-05-31,28.279150989667365,29.388526600442212,26.57546897270477,29.319190979003906,111639200
2012-06-01,28.61592606035904,28.873459721921698,27.130156243904196,27.4570255279541,41855500
2012-06-04,26.94196101520599,27.387690841829166,26.189170722421114,26.644805908203125,35230300
2012-06-05,26.446704393620667,27.49664790418736,25.505716055296446,25.62457847595215,42473400
2012-06-06,25.82267879978713,26.91224369671252,25.277897295951437,26.5556583404541,61489200
2012-06-07,26.743856557520555,27.09053655741329,25.901919954710774,26.060401916503906,26159500
2012-06-08,26.298121712970637,27.49664353105467,26.18916655805666,26.842905044555664,38034000
2012-06-11,26.92215052748691,27.80370671837937,26.585375870218172,26.75376319885254,28219600
2012-06-12,27.21930140267294,27.506551128229066,26.70423410190233,27.140060424804688,15816800
2012-06-13,27.397592926002606,27.8334192306243,26.84290610419108,27.011293411254883,17102800
2012-06-14,27.387690053610456,28.051333984120184,27.120251031781006,28.02161979675293,16855000
2012-06-15,28.239530111354963,29.814446169776396,28.08104815861793,29.725299835205078,43563800
2012-06-18,29.67577191062848,31.775662427316778,29.13099045506136,31.112016677856445,42978900
2012-06-19,31.240786195332106,31.874714017677434,30.408754983876896,31.607275009155273,30849000
2012-06-20,31.617178661525877,31.627084019372287,30.854483110636725,31.300214767456055,15553600
2012-06-21,31.36954986222147,32.191675657283476,31.211067917818223,31.53793716430664,21875300
2012-06-22,32.102533773984725,33.132668444545594,31.75585565336719,32.7364616394043,74834000
2012-06-25,32.54826147986882,32.70674342672149,31.250687942288565,31.75585174560547,24352900
2012-06-26,32.37987379540795,33.122758664381735,32.19167765553075,32.78598403930664,24858700
2012-06-27,32.152057695809475,32.5878859238256,31.5973708305466,31.924240112304688,28568000
2012-06-28,31.65680068122042,31.88461826175611,30.606857227628744,31.0624942779541,17713300
2012-06-29,31.61718075551479,31.6865163757779,30.468185618787448,30.804960250854492,19526900
2012-07-02,30.95353808517077,31.428983976738024,30.26017807636133,30.478092193603516,14122000
2012-07-03,30.616761054807732,31.14173369997156,30.50780400467372,30.904010772705078,8763600
2012-07-05,31.022873059404127,31.329931621796224,30.725719855702614,31.171449661254883,10032100
2012-07-06,31.14173583997191,31.59737100956291,30.963443159956647,31.428983688354492,10945600
2012-07-09,31.795473411911484,32.56807630653644,31.686518240480744,31.864809036254883,17785200
2012-07-10,32.122343313756915,32.17186821795583,30.86439109886279,31.171449661254883,14269500
2012-07-11,31.181355197883185,31.260596178606047,30.260177616196163,30.676193237304688,13030300
2012-07-12,30.408754569857212,31.102112643793756,30.309702876650874,30.517709732055664,11300700
2012-07-13,30.745529874793036,30.775244060935925,30.270082114713368,30.428564071655273,8108300
2012-07-16,30.210653186899368,30.210653186899368,27.942377007991873,27.981998443603516,24672100
2012-07-17,28.20981446789838,28.318771520540576,26.892432034853552,27.823514938354492,30438600
2012-07-18,28.041427735045165,29.012132092063474,27.882945776604213,28.833839416503906,16841800
2012-07-19,29.13099044286857,29.22013677399734,28.35838953617048,28.72488021850586,13685100
2012-07-20,28.72488074594574,29.190421236524507,28.447536389646597,28.487157821655273,11869100
2012-07-23,27.85323237477126,28.72488317074983,27.74427531680368,28.47725486755371,12390700
2012-07-24,28.54658828980382,29.17061262374065,27.833419511701326,28.180099487304688,11539800
2012-07-25,28.120664980797862,29.210229717362765,27.813606463242184,29.06165313720703,17230200
2012-07-26,27.486741192258393,27.962187072973798,26.47641727879767,26.595279693603516,64597400
2012-07-27,22.970000067237326,24.30719317370528,22.068633267976423,23.485065460205078,123102300
2012-07-30,23.772314475738238,23.8119359067063,22.811517445808523,22.930377960205078,29285900
2012-07-31,23.14829539883341,23.14829539883341,21.40499185851965,21.50404167175293,56179400
2012-08-01,21.296030385307276,21.375271353031295,20.642291929270698,20.68191146850586,44604400
2012-08-02,20.572956187896647,20.64229179805772,19.631968049058344,19.849882125854492,56374500
2012-08-03,20.16685076980156,21.94977389904256,19.711213683459626,20.889925003051758,80647000
2012-08-06,21.187076806557535,21.939867067510665,21.097930467151638,21.71204948425293,27778900
2012-08-07,21.98939267507889,22.237020962459265,20.305519565190775,20.5234317779541,36782900
2012-08-08,20.51352641974842,20.949352734528972,20.028175203193353,20.5234317779541,29537400
2012-08-09,20.553146757539132,20.969162333743814,20.414475528555506,20.810680389404297,15610700
2012-08-10,21.206887294561245,21.612997552236322,20.92954292060466,21.603092193603516,25794700
2012-08-13,21.939865856966264,22.237020935008225,21.19698099574221,21.395084381103516,24973100
2012-08-14,21.206886165729085,21.39508419122672,20.057891075039947,20.186656951904297,39308800
2012-08-15,20.444189782653932,21.20688532319479,20.206466865327002,20.998878479003906,47861100
2012-08-16,20.246089780040506,20.28570932453853,19.50320490047656,19.68149757385254,157565300
2012-08-17,19.820169718422576,19.889505341400294,18.819751141555713,18.86927604675293,129293400
2012-08-20,18.86927397427424,19.939028056623975,18.572120797220247,19.820167541503906,101186600
2012-08-21,19.394248969610707,19.79045388379628,18.908897713576625,18.978233337402344,70640600
2012-08-22,19.17633610717657,19.344723426313085,18.780129316793722,19.255577087402344,49892200
2012-08-23,19.315007350258174,19.542824932250518,19.17633610717657,19.255577087402344,32813700
2012-08-24,19.33481573147028,19.493297672773007,19.067376747051767,19.225858688354492,29622200
2012-08-27,19.305099251731782,19.344720680848464,18.918799764112755,18.968324661254883,20704000
2012-08-28,18.918801726604645,19.196144202175912,18.770225130512337,19.156524658203125,25417000
2012-08-29,19.13671255317902,19.196142809453363,18.889084281239843,18.918800354003906,16124700
2012-08-30,19.08719008064172,19.265482761381094,18.879181323361106,18.908897399902344,30647500
2012-08-31,18.502787082347606,18.522597799987057,17.858953873097576,17.888668060302734,58764200
2012-09-04,17.908478083942715,18.09667611571631,17.383505422365396,17.561798095703125,46622400
2012-09-05,18.096679411433797,18.57212536741869,18.007533058529845,18.403738021850586,60781800
2012-09-06,18.562218150634713,19.07728549606314,18.542407432136518,18.78013038635254,46066500
2012-09-07,18.91880060528551,19.235764495297,18.60183671527402,18.799938201904297,36371700
2012-09-10,18.879180028991044,19.017853154088595,18.37401809794842,18.63155174255371,24797800
2012-09-11,18.74051211277554,19.39425075363074,18.671176482571845,19.24567413330078,50508200
2012-09-12,20.563050395173153,20.959255222880472,20.08760460192437,20.73143768310547,121584000
2012-09-13,20.76115714025397,21.276224491789936,20.414479008695263,20.51352882385254,65041600
2012-09-14,20.929542972550156,21.87053126320825,20.70172539119217,21.791290283203125,72819800
2012-09-17,22.45493132504833,22.534172294910835,21.296030960025625,21.315841674804688,50667600
2012-09-18,21.395084267610393,21.771478430695563,21.167266698131108,21.66252326965332,36760500
2012-09-19,21.781383537879645,23.148292717514124,21.563471329051975,23.06905174255371,78782800
2012-09-20,22.801613327340213,23.019525541746695,22.326167465405756,22.37569236755371,57248900
2012-09-21,22.75208641811557,23.019525422538976,22.38559760990919,22.643131256103516,51218100
2012-09-24,21.573381426535104,21.771482962830135,20.166852395046977,20.5927734375,79106500
2012-09-25,20.998878561340263,21.008782029837302,20.02817428354859,20.08760643005371,46291700
2012-09-26,19.958840746952045,20.582865125461627,19.612160746586056,20.42438316345215,38271900
2012-09-27,20.790873668444647,20.800779028025637,19.968747715764277,20.127229690551758,30215900
2012-09-28,20.37485593329647,21.74176518792898,20.305520312558613,21.45451545715332,65486000
2012-10-01,21.870527932140433,22.37568981120289,21.523847988950077,21.781381607055664,51262700
2012-10-02,21.870529245782027,22.276639467003786,21.612995612207822,22.058727264404297,29341400
2012-10-03,22.088440466899375,22.276638477159214,21.593183937244646,21.622900009155273,32000100
2012-10-04,22.10825287056548,22.18749384579406,21.20688606887022,21.741764068603516,46892100
2012-10-05,21.28612742043131,21.424798657219515,20.68191379284742,20.71162986755371,40529300
2012-10-08,20.20646858215332,20.553148574513987,19.968745644628452,20.20646858215332,32236700
2012-10-09,20.19656216550114,20.355044115548175,19.7805465743142,20.0380802154541,27161800
2012-10-10,19.7409297938926,19.75083515331339,19.265483877219577,19.45368003845215,39321800
2012-10-11,19.69139938474643,19.770640356323234,19.423962286458337,19.562633514404297,21817300
2012-10-12,19.562633536386485,19.612158435207466,19.29519454854409,19.334815979003906,18809400
2012-10-15,19.493297922335596,19.691399406873312,19.305099906159043,19.334815979003906,20189700
2012-10-16,19.493298000439744,19.503203358094385,19.116901966578528,19.295194625854492,21834700
2012-10-17,19.31500823431606,20.285710758824813,19.18624234402575,19.691402435302734,44074500
2012-10-18,19.513108843683963,19.602255173906418,18.710791871681838,18.799938201904297,52157400
2012-10-19,18.81974983215332,18.87918009210587,18.62164644663962,18.81974983215332,34835000
2012-10-22,19.01785251245653,19.245670074871736,18.869274034203816,19.1367130279541,32447300
2012-10-23,19.067381736559746,19.612163316188322,18.918805113865975,19.31501007080078,78381200
2012-10-24,23.901080167413795,24.0199425701667,22.633224614069693,23.009618759155273,228949900
2012-10-25,23.069051902801682,23.088860729738986,22.25682954224804,22.345975875854492,76142000
2012-10-26,22.187492405477666,22.662938225985233,21.672425155300928,21.731857299804688,73175800
2012-10-31,20.622484984661924,21.29603427806269,20.533338643520405,20.90973472595215,99378200
2012-11-01,20.88001746016768,21.236602804428443,20.81068184084007,21.0087833404541,37713900
2012-11-02,21.05830973229473,21.48423068779272,20.870111705370384,20.979068756103516,38344400
2012-11-05,20.89982999103154,21.276224195447355,20.721537303425173,21.04840660095215,31806700
2012-11-06,21.03850142796174,21.167269209819157,20.79087311281729,20.969165802001953,29062700
2012-11-07,20.652200593557307,20.751252291387516,20.17675471107711,20.27580451965332,33396800
2012-11-08,20.32532851500412,20.53333535148262,19.790450553910134,19.800355911254883,34254600
2012-11-09,19.77064254385277,19.810263978651992,18.948516664308872,19.02775764465332,42295500
2012-11-12,18.968330083847267,19.978654144105473,18.690987557759787,19.879602432250977,67349200
2012-11-13,19.42396441295822,19.919221011846467,19.374437619517,19.671592712402344,71775100
2012-11-14,19.909314866875853,22.28654606980418,19.740927554333844,22.14787483215332,229751000
2012-11-15,22.12806213265786,22.286544072701215,21.444607585437307,21.959674835205078,78857700
2012-11-16,22.03891705745321,23.702979411712317,21.96958144090139,23.336488723754883,107182200
2012-11-19,23.73269307080474,23.891176905597025,22.60350873652969,22.702560424804688,85021300
2012-11-20,22.51436484082719,23.67326537369037,22.484650653608917,22.880855560302734,46655300
2012-11-21,22.99971252584255,24.297285992040884,22.831325230418155,24.089277267456055,89862400
2012-11-23,24.346811586150125,24.445863272632778,23.653451670025333,23.772314071655273,29520900
2012-11-26,24.70340115653384,25.842491024139076,24.574633375152157,25.69391441345215,123865000
2012-11-27,25.79296135047287,26.24859645761226,25.218461953943407,25.90191650390625,85760600
2012-11-28,25.693910641353874,26.238692096978465,25.505712621177416,26.109926223754883,49205600
2012-11-29,26.248597274920993,27.258921095150185,25.911822668177926,27.06081771850586,88759700
2012-11-30,27.00138788823564,27.73436737060547,26.50613132804626,27.73436737060547,127049600
2012-12-03,27.734365596397705,28.606016255298567,26.724041824822326,26.78347396850586,123526100
2012-12-04,26.80328659964198,27.496646593704373,26.42689241580359,27.199491500854492,72869200
2012-12-05,27.486742102502614,27.635318708989654,27.00139084704278,27.447120666503906,58976300
2012-12-06,27.417403325056988,27.486738940825305,26.565561441608924,26.71413803100586,46001500
2012-12-07,26.81319424582445,27.5164596585711,26.58537664434836,27.229209899902344,51751900
2012-12-10,26.912245620945125,27.902758890925803,26.84290999432714,27.575889587402344,50608500
2012-12-11,27.803702069389526,27.97208936986826,27.397591854573836,27.714555740356445,77099100
2012-12-12,27.734367331142764,27.873038563237248,27.110344897463744,27.31835174560547,46704200
2012-12-13,27.328258492599353,28.477253617866886,27.169776536648932,27.972091674804688,81051600
2012-12-14,27.912662254573306,28.06123885659631,26.506133436197764,26.5556583404541,91631600
2012-12-17,26.516037981200498,26.743855556594994,26.070306299555675,26.496227264404297,57742500
2012-12-18,26.704235744814646,27.64522406798933,26.64480548007064,27.447120666503906,60512900
2012-12-19,27.565980884762144,27.95228040864249,26.694330144165644,27.149965286254883,61390300
2012-12-20,27.229208776448903,27.3381658375525,26.872623405021926,27.10044288635254,35574800
2012-12-21,26.407080586432706,26.753760568865278,25.872204464632834,26.010875701904297,54555200
2012-12-24,26.24859764194201,26.704232769639535,25.95144446207439,26.674518585205078,28230100
2012-12-26,26.773572179263557,26.922148779765326,26.12973709499926,26.25850486755371,33175400
2012-12-27,26.298120597363624,26.54574885869192,25.277893369813413,25.80286407470703,43481700
2012-12-28,25.238275050171364,25.86229940357206,24.911405780522312,25.664196014404297,56574800
2012-12-31,25.95144466227815,26.73394904956826,25.86229832977937,26.367460250854492,60374500
2013-01-02,27.179680552184436,27.91266003455426,27.159869836355938,27.73436737060547,69846400
2013-01-03,27.615504993868466,28.199907886645526,27.328257171069183,27.506549835205078,63140600
2013-01-04,27.744272974777367,28.65554512918442,27.56598030924605,28.487157821655273,72715400
2013-01-07,28.417819864825276,29.507384595043312,28.37819843607923,29.140893936157227,83781800
2013-01-08,29.230044899756724,29.31919123932721,28.58621169450078,28.784313201904297,45871300
2013-01-09,29.388528595077307,30.30970623214535,29.210235905418447,30.299800872802734,104787700
2013-01-10,30.30970321292655,31.151639780640554,29.992739302552792,31.003061294555664,95316400
2013-01-11,30.983254368028,31.65680177426974,30.804961685190403,31.419078826904297,89598000
2013-01-14,31.77566050588705,31.90442448205704,30.32951046828132,30.65637969970703,98892800
2013-01-15,30.349323543251526,31.40917235448785,29.596533291986947,29.8144474029541,173242600
2013-01-16,29.92340169061548,30.062074817865053,29.24985432802668,29.566818237304688,75332700
2013-01-17,29.794634682980007,30.1314092961518,29.74510978250045,29.85406494140625,40256700
2013-01-18,30.022453323267968,30.151221091932896,28.99232062021813,29.378620147705078,49631500
2013-01-22,29.467768336895,30.596952804739097,29.457862977970432,30.4384708404541,55243300
2013-01-23,30.804958952119417,31.20116382924316,30.507803877336205,30.52761459350586,48899800
2013-01-24,30.973346648060954,31.191258860888322,30.51770961673513,30.78514862060547,43845100
2013-01-25,31.112015932029287,31.62708319102957,30.834671587355185,31.24078369140625,54363600
2013-01-28,31.577559595316423,32.20158207234927,31.508223974452104,32.161964416503906,59682500
2013-01-29,31.69642394752642,31.76575957263098,30.4186609502998,30.49790382385254,72976500
2013-01-30,30.68610035874687,31.19126234834328,30.587048654839986,30.943634033203125,87682100
2013-01-31,28.873460835678525,31.171451271490085,28.467350554656004,30.686100006103516,190744900
2013-02-01,30.71581561216878,30.725720971218983,29.34890629130574,29.44795799255371,85856700
2013-02-04,28.784311000269586,28.922984123024722,27.74427297050232,27.843324661254883,92362200
2013-02-05,27.991903390405216,28.68526150011489,27.773991165511433,28.368297576904297,47948200
2013-02-06,28.46734410967207,29.012127406933747,28.38810314324811,28.774402618408203,38375900
2013-02-07,28.833839486925527,28.873459032005545,28.00180825845144,28.378202438354492,34540100
2013-02-08,28.615928495379862,28.893272898183,28.23953427445448,28.27915382385254,37708800
2013-02-11,28.33858523444964,28.40792086100827,27.773992973324624,27.991905212402344,37361800
2013-02-12,27.40750095903423,27.892852211647828,26.842908724141964,27.110347747802734,93498700
2013-02-13,27.10044023646414,28.051331948285533,27.050913445689762,27.645221710205078,50164000
2013-02-14,27.75417982771423,28.35839158436054,27.744274469178524,28.229625701904297,35615800
2013-02-15,28.249435862055574,28.477253436123622,27.823514899686838,28.051332473754883,33109300
2013-02-19,27.962184355407768,28.804120868132934,27.853229199116612,28.65554428100586,49396400
2013-02-20,28.64563945825936,28.774405332373203,28.061236567292408,28.19000244140625,42098200
2013-02-21,28.011717312735563,28.27915447275819,26.892436205430617,27.021203994750977,49642300
2013-02-22,27.35797465328004,27.36787812246068,26.565562981798394,26.872621536254883,36350200
2013-02-25,26.902336362785995,27.377782210053017,26.8924310048112,27.011293411254883,34652000
2013-02-26,27.100439471633717,27.199489271879305,26.44670096589289,27.13015365600586,31611700
2013-02-27,27.08062798044205,27.08062798044205,26.377362705462257,26.615087509155273,44319700
2013-02-28,26.58537532136682,27.041010501644994,26.090118704931896,26.991485595703125,83027800
2013-03-01,26.793382409688217,27.853233164386857,26.555659458591183,27.51645851135254,54064800
2013-03-04,27.496646963234824,27.793800170824188,27.179683038005102,27.4570255279541,32400700
2013-03-05,27.61550409699276,27.912659157319755,26.95186025162572,27.258920669555664,40622200
2013-03-06,27.833419807069248,27.86313399235517,27.09053494685879,27.189586639404297,33532600
2013-03-07,27.308449806103866,28.40792011034986,27.20939810395713,28.308868408203125,74540200
2013-03-08,28.16029033388696,28.199909879131035,27.466930344202797,27.694747924804688,44198900
2013-03-11,27.744273368258785,28.368295817214687,27.565980700198843,27.87303924560547,35642100
2013-03-12,27.833421841245716,28.0513340693686,27.338165231576767,27.565982818603516,27569600
2013-03-13,27.357971370060294,27.38768555254413,26.664611476880456,26.82309341430664,39619500
2013-03-14,26.84290422293567,27.169773456180206,26.575465244120938,26.78347396850586,27646400
2013-03-15,26.77357282138976,26.80328700865038,26.308030402263803,26.39717674255371,31597400
2013-03-18,26.119830818032543,26.53584638827238,25.53542794818959,26.238691329956055,26653700
2013-03-19,26.278313579570067,26.64480237355898,25.96134779629755,26.29812240600586,25254200
2013-03-20,26.426888285305925,26.43679364244479,25.535426924598838,25.614667892456055,44006500
2013-03-21,25.4165666731605,25.86229833575742,25.31751498266631,25.495807647705078,24336100
2013-03-22,25.555238404175476,25.76324714719115,25.386851093830938,25.485902786254883,18456300
2013-03-25,25.50571094582105,25.55523584244155,24.842067129136336,24.891592025756836,39199000
2013-03-26,24.84207075584019,25.23827565440742,24.79254585198953,24.970836639404297,26957200
2013-03-27,24.76282788814179,26.03068535614603,24.48548353566322,25.842487335205078,52297400
2013-03-28,25.84248992337471,25.92173090498273,25.27789769326081,25.33732795715332,28585700
2013-04-01,25.38685154749378,25.644385196696607,25.04017345169568,25.28780174255371,22249300
2013-04-02,25.52552250006751,25.87220245557935,25.059980143800203,25.178842544555664,35153300
2013-04-03,25.58495147777458,26.139638245333032,25.456185615204355,26.000967025756836,48195200
2013-04-04,26.367462555357122,26.97167433045748,25.862300590131106,26.81319236755371,82016800
2013-04-05,26.605182913390433,27.536263882625043,26.35755463426879,27.13015365600586,64566600
2013-04-08,26.932054331423757,26.94195969009541,26.377365581335127,26.595279693603516,27256000
2013-04-09,26.327840307971183,26.634898865469832,26.169358349955495,26.337745666503906,21311100
2013-04-10,26.753761925046376,27.575887810587613,26.64480486780768,27.308448791503906,45949400
2013-04-11,27.219302861975663,27.83342189031971,26.991485274547244,27.754180908203125,33368500
2013-04-12,27.73436870344355,27.73436870344355,26.981578469068182,27.140060424804688,28697400
2013-04-15,26.902339506794107,27.21930344201489,26.109929668742147,26.26841163635254,30275400
2013-04-16,26.555654774568236,26.85280982796635,26.149544568585846,26.66461181640625,27365900
2013-04-17,26.397173920514582,26.941957262851147,26.139640286015194,26.377363204956055,26440600
2013-04-18,26.565564359398106,26.565564359398106,24.911407200121623,25.446285247802734,39059000
2013-04-19,25.376947624917047,25.713720356352233,25.089697905812997,25.485902786254883,20380900
2013-04-22,25.56514702539784,26.10993045863703,25.456191850153314,25.723628997802734,25687600
2013-04-23,25.971254888291515,26.080211942605892,25.525525091035718,25.733531951904297,25191500
2013-04-24,25.684006296074255,26.149546796701934,25.55523852852041,25.8622989654541,19729900
2013-04-25,25.822679832719356,26.149549125946663,25.753344208285395,25.89201545715332,17150000
2013-04-26,26.34765139457416,27.357975308034884,26.34765139457416,26.595279693603516,33018000
2013-04-29,26.902339392269532,27.149967701763362,26.60518617657856,26.72404670715332,29201100
2013-04-30,26.872620152804796,27.58579080934838,26.753759636216763,27.506549835205078,36245700
2013-05-01,27.585790592450085,27.65512620812358,27.05091260424797,27.169775009155273,64567600
2013-05-02,27.744273905107782,28.744692425826866,27.714557830104823,28.695165634155273,104257000
2013-05-03,28.76450758300029,28.794221773336435,27.882949447695136,28.041431427001953,58506400
2013-05-06,28.061239054894703,28.190004940423517,27.219302451809337,27.308448791503906,43939400
2013-05-07,27.288639649419494,27.585794761975098,26.59528149863132,26.63490104675293,41259100
2013-05-08,26.62499186320349,27.041007449624818,26.39717429877734,26.862716674804688,34654900
2013-05-09,26.82309350837449,27.288633965039825,26.595275958682116,26.78347396850586,33457200
2013-05-10,26.882524531977214,27.041006474493734,26.31793237560539,26.426889419555664,30847100
2013-05-13,26.34765098229968,27.070725150730144,26.278315361937025,26.565563201904297,29068800
2013-05-14,26.634899686973466,27.02120112464867,26.56556406435982,26.81319236755371,24930300
2013-05-15,26.664614438005543,26.733950057172557,26.14954713954499,26.3476505279541,30299800
2013-05-16,26.22878868089603,26.298124301553546,25.654291109264385,25.882108688354492,35499100
2013-05-17,26.149543602338998,26.347646963950996,25.951442129980673,26.000967025756836,29462700
2013-05-20,25.931634881533665,25.941540239863407,25.446283658899826,25.5156192779541,42402900
2013-05-21,25.624575589155125,25.832582440301497,25.347231231706093,25.416566848754883,26261300
2013-05-22,25.406663580673914,25.604766979326985,24.68358938732205,24.92131233215332,45314500
2013-05-23,24.564728135538914,25.287804252444847,24.53501394680924,24.822261810302734,37663100
2013-05-24,24.73311088658493,24.73311088658493,23.851554851403343,24.07937240600586,58727900
2013-05-28,24.307192801385884,24.307192801385884,23.6930738374892,23.871366500854492,50079700
2013-05-29,23.564310661736194,23.584119490514205,23.039337969410788,23.09876823425293,64237800
2013-05-30,23.901081117906582,24.544916167103544,23.70297962444541,24.317096710205078,60733200
2013-05-31,24.396338140372077,24.71330393647756,24.039754689791014,24.118995666503906,35925000
2013-06-03,24.039754845301026,24.089279747596738,23.48506611546866,23.62373924255371,35733800
2013-06-04,23.66336001553461,23.702981450832123,23.098767787323222,23.296871185302734,34760800
2013-06-05,23.12848042919091,23.485063847645367,22.57379364217551,22.682748794555664,53819700
2013-06-06,22.771897356055135,22.8709490500554,22.454933446657424,22.752086639404297,31260700
2013-06-07,22.811518101618898,23.178006902340613,22.643130793671283,23.06905174255371,38699200
2013-06-10,23.831746927700976,24.366624959506055,23.762411306375277,24.099185943603516,58393000
2013-06-11,23.802034378051758,24.118998319771702,23.772318300045217,23.802034378051758,29885900
2013-06-12,23.930794097060247,24.029845775607168,23.356296628592464,23.54449462890625,26445800
2013-06-13,23.49496982549045,23.60392687000185,23.049240068337422,23.50487518310547,31189300
2013-06-14,23.336492847149213,23.6633621609732,23.039339612492565,23.40582847595215,30677100
2013-06-17,23.68316865365725,24.01994326709916,23.52468670489093,23.792125701904297,33664500
2013-06-18,23.861461366965205,24.45576962067712,23.85155600899039,23.980321884155273,36709100
2013-06-19,23.970417252078523,24.95102497294713,23.8713655663915,24.07937240600586,31790600
2013-06-20,24.049661536779993,24.515202067629797,23.42563715343989,23.67326545715332,42765600
2013-06-21,24.3567229802678,24.4656800513279,23.821844874250125,24.297292709350586,45833900
2013-06-24,23.722792169127384,23.881274131813704,23.158198051646586,23.712886810302734,40626000
2013-06-25,23.910986189192794,24.198235901759112,23.811936388277093,24.019943237304688,24713200
2013-06-26,24.27747562262345,24.416146848149065,23.762408371737237,23.930795669555664,29890300
2013-06-27,24.010038404447442,24.60434666920807,23.980322329970548,24.426054000854492,34694100
2013-06-28,24.445868959704214,24.743022199027934,24.188335270638355,24.643970489501953,96778900
2013-07-01,24.733116529558067,24.822262878090154,24.38643838443794,24.574634552001953,20582200
2013-07-02,24.46567647361402,24.535012094420587,24.06946968742684,24.17842674255371,18394100
2013-07-03,23.990228940681128,24.475580180287665,23.920893319202193,24.287384033203125,10404400
2013-07-05,24.416147851856614,24.426053209694743,23.97041808466375,24.138805389404297,20229500
2013-07-08,24.23785538582413,24.802449451652883,24.18833048548571,24.47557830810547,27064600
2013-07-09,24.832165272800708,25.2481808865254,24.792545727769483,25.2382755279541,30387900
2013-07-10,25.3373284001847,25.58495670819638,25.228371340098263,25.555240631103516,26721800
2013-07-11,25.71372209661812,25.753343531970778,25.208562020649925,25.56514549255371,26777400
2013-07-12,25.49580870038788,25.68400673117186,25.3076106696039,25.664196014404297,16537900
2013-07-15,25.684009219498172,26.179265851145253,25.406664825644327,26.030689239501953,24234000
2013-07-16,26.139642398759197,26.496227750618512,25.76324821899412,26.0703067779541,30817600
2013-07-17,26.119834252099803,26.52594451819647,26.0504967402323,26.39717674255371,21518500
2013-07-18,26.49622710343833,26.516037820114178,25.87220464218048,25.9316349029541,24806900
2013-07-19,25.575049262622038,25.86229898332223,25.357137049481615,25.634479522705078,46539700
2013-07-22,25.743433820979277,25.88210504276194,25.47599484532383,25.80286407470703,27526300
2013-07-23,25.85239450193211,26.05049600534587,25.723626729921897,25.882108688354492,28221600
2013-07-24,26.07030683264935,26.278315584755006,25.80286781819378,26.25850486755371,82635600
2013-07-25,33.22181419362323,34.54910205508815,32.43930784561978,34.034034729003906,365457900
2013-07-26,33.44963018212877,34.40052191785601,33.24162332340867,33.68735122680664,136028900
2013-07-29,33.746781268995655,35.291983076901225,33.6873491222851,35.09387969970703,124718800
2013-07-30,35.31179831790464,37.5998814711326,34.98492713686743,37.273014068603516,173582800
2013-07-31,37.599877022843124,37.94655888097486,35.98534336229947,36.45088195800781,154828700
2013-08-01,36.94613846863389,37.92674811595185,36.569742426596854,37.13433837890625,106066500
2013-08-02,37.30272634187759,38.12485409791946,37.144244383647674,37.68902587890625,73058500
2013-08-05,38.06542597977881,38.94698220199274,37.887133285566065,38.818214416503906,79994800
2013-08-06,38.73896523830916,38.87763645805698,37.58006302747447,38.18427658081055,63950800
2013-08-07,38.243711844826606,38.570579206842496,37.342345064378165,38.501243591308594,68854800
2013-08-08,38.75877647387216,38.818204838273815,38.06541658729608,38.174373626708984,41301000
2013-08-09,38.223904334267985,38.37248282487483,37.64940486766334,38.13475799560547,43532300
2013-08-12,37.8376073416535,38.13476056437556,37.73855374840733,37.857418060302734,31161000
2013-08-13,37.8772198270556,37.956458904416955,36.42116446778071,36.668792724609375,65379200
2013-08-14,36.480607458519835,37.19377448088759,36.27259678925863,36.30231475830078,48423900
2013-08-15,36.01505429256256,36.718317635404,35.67827971199652,36.213157653808594,56521100
2013-08-16,36.61927627470702,37.13434362112513,36.54994064908422,36.728233337402344,45840800
2013-08-19,37.07490553969531,37.91684016112162,36.78765583459406,37.45130157470703,57609600
2013-08-20,37.98618399093943,38.214005377709725,37.33244535638104,38.045616149902344,57995200
2013-08-21,38.01589882887306,38.4814374776303,37.78808123937312,37.95646667480469,46116900
2013-08-22,38.00598393298982,38.38237994266772,37.97626975118882,38.18427658081055,21931200
2013-08-23,38.63001518635243,40.24455277648223,38.56067956393962,40.16530990600586,86442300
2013-08-26,40.51198672912821,41.54211746691073,40.23464049566084,40.947811126708984,94162400
2013-08-27,40.29407344053702,40.80914070890123,39.04602481144091,39.263938903808594,72695100
2013-08-28,39.580906961020716,40.46246311327619,39.501667869052376,40.16530990600586,57918200
2013-08-29,40.50208620956017,41.38364239796947,40.412939865872254,40.88838577270508,58303400
2013-08-30,41.62136287034803,41.85908390954936,40.67047115652712,40.89828872680664,67735100
2013-09-03,41.44307557527828,41.760039520983376,41.11620438085899,41.4727897644043,48774900
2013-09-04,41.61145403620182,41.769935982462115,41.04686186649279,41.383636474609375,42581900
2013-09-05,41.393549336283876,42.36425186110777,41.37373861800076,42.25529479980469,50035400
2013-09-06,42.68121242545584,44.18679288948156,41.99775970195729,43.53305435180664,117535700
2013-09-09,43.939171602607054,44.36509263367853,43.28543296071966,43.62220764160156,75794700
2013-09-10,43.8203062958785,43.8401132350922,42.81988583272438,43.18637466430664,54540300
2013-09-11,42.97836833797653,44.66224158047958,42.701025843390646,44.61271667480469,72328300
2013-09-12,45.098061369643574,45.18720770202897,44.22641254021713,44.325462341308594,68072300
2013-09-13,44.61271110582336,44.65233253682059,43.51324095594976,43.8896369934082,52765300
2013-09-16,44.42450923862253,44.51365556518093,42.02746944661911,42.10670852661133,70424200
2013-09-17,42.09680714830429,45.00891432959482,42.02747153292887,44.642425537109375,91934600
2013-09-18,44.4146114117253,45.03863577689237,43.978786970144775,44.80091094970703,79317000
2013-09-19,45.07825790130818,45.6131359816171,44.800915390855394,45.543800354003906,63972400
2013-09-20,45.88056833419368,47.14842394404113,45.306072677921975,47.03947067260742,115508400
2013-09-23,46.83146354009078,47.09890256124203,45.8508575743776,46.74231719970703,75177000
2013-09-24,48.04979244694991,49.18888410937177,47.70311434717346,47.99036407470703,136716100
2013-09-25,48.762962303841675,49.070022743014746,48.000266718934,48.990779876708984,87879700
2013-09-26,49.535564519843035,50.119967471375446,49.03040443967479,49.91196060180664,98220100
2013-09-27,49.812910313964,50.79351627739999,49.38698933073162,50.75389862060547,81410500
2013-09-30,49.66432885435702,51.110477149948736,49.327554231417096,49.753475189208984,100095000
2013-10-01,49.49594536564468,50.54588692990736,48.98087805288029,49.941673278808594,98114000
2013-10-02,49.65442289082738,50.61521803095466,49.476130230080535,49.80299758911133,62834000
2013-10-03,49.99120680315355,50.238835124899296,48.59458321964789,48.713443756103516,82045000
2013-10-04,49.29784156649937,50.67465428617316,49.0997381742172,50.55579376220703,74447000
2013-10-07,50.24872873592195,50.803417428059944,49.921861380176544,50.04072189331055,57204000
2013-10-08,50.119969796634884,50.119969796634884,46.63336642203253,46.69279479980469,136081000
2013-10-09,46.93051521506013,47.3861503679957,44.83062456686444,46.32630157470703,147297000
2013-10-10,47.415865158677185,49.20869538570741,47.37624750290085,48.58467102050781,99774000
2013-10-11,48.713435805701025,49.39688850191162,48.32713629138601,48.644100189208984,58428000
2013-10-14,47.85168584849799,49.15916274606155,47.45547912502107,49.04029846191406,68781000
2013-10-15,49.51575241269011,50.51616899894945,48.71343542714991,49.030399322509766,81167000
2013-10-16,49.565275679921776,50.753892137615615,49.42660445258388,50.65483856201172,64678000
2013-10-17,50.63503166687488,51.72459840967096,50.466646243406345,51.714691162109375,71522000
2013-10-18,53.66600600617459,54.30984110391097,53.091506530839595,53.70562744140625,88260000
2013-10-21,54.161261984569975,54.29002975832942,53.00235957775097,53.339134216308594,58235000
2013-10-22,53.81458120927871,54.24049838720404,51.70478714351781,52.180233001708984,83204000
2013-10-23,51.25906385641333,51.75432051203085,50.64494666142996,51.40764236450195,57207000
2013-10-24,51.883083657704596,52.33871883325808,51.100577305009644,51.95241928100586,46775000
2013-10-25,52.675491719358774,52.73492387099104,51.38782532872337,51.45716094970703,45085000
2013-10-28,51.05104877905263,51.209530732288606,49.13935809273307,49.753475189208984,73472000
2013-10-29,50.248735138954395,50.308167292348436,48.78277602847401,48.93135452270508,102143000
2013-10-30,49.52565743986248,49.733664294268024,48.28751600386591,48.545047760009766,127073000
2013-10-31,46.7126010469831,51.50668495128112,46.058862504511005,49.733665466308594,248809000
2013-11-01,50.36758947621939,51.595827379168874,49.24831239701993,49.27802658081055,95033000
2013-11-04,48.901634424207536,49.278030488939436,47.56444314847364,47.76254653930664,80371000
2013-11-05,47.336622901483146,49.70394865321388,47.05927665855744,49.634613037109375,76835000
2013-11-06,49.783191392905586,49.971391317727196,48.247896700219876,48.65400695800781,67889000
2013-11-07,48.77286109969567,49.39688156043382,46.85126348835448,47.10879898071289,97128000
2013-11-08,47.35644021466913,48.18847150234368,46.801751430050025,47.07909393310547,70731000
2013-11-11,46.5937423692895,47.07909172689216,45.296168702142964,45.76171112060547,80910000
2013-11-12,45.563606331759004,46.9206083319183,45.395220904651524,46.16781997680664,68196000
2013-11-13,45.79142214597069,48.27761225078369,45.623036725349934,48.247894287109375,79245000
2013-11-14,48.23799212571824,49.099737525475554,47.57434633711773,48.52524185180664,75117000
2013-11-15,48.64410134199417,49.01059014906697,48.24789457107215,48.545047760009766,42453000
2013-11-18,48.01017595021757,48.376664775755145,45.36550374485858,45.39522171020508,85910000
2013-11-19,45.82113532458308,46.5541166968211,45.28626111079609,45.920188903808594,75602000
2013-11-20,46.16782133613855,47.098902393547455,45.870668128753415,45.98952865600586,53933000
2013-11-21,46.54421152398486,47.00975010452264,46.24705457569611,46.256961822509766,34886000
2013-11-22,46.59373695107746,46.8215545097776,45.52398099352105,45.791419982910156,40545000
2013-11-25,45.920193354866115,46.207443094701766,43.622202993197085,44.39480209350586,82565000
2013-11-26,44.2363163641632,45.73198953229844,43.136846182083225,45.454647064208984,82016000
2013-11-27,45.53389430734345,46.227250544244484,45.098066068710686,46.0489616394043,44993000
2013-11-29,46.30649030473679,46.762125452230286,46.05886201433713,46.564022064208984,22953900
2013-12-02,46.45507013420591,47.088997971405696,45.82113851849817,46.61355209350586,50774000
2013-12-03,46.3064966629766,46.75222840259997,45.85086145292087,46.286685943603516,32086000
2013-12-04,46.01923671388862,48.30732328516913,45.82113334251457,48.15874481201172,60890000
2013-12-05,47.69320874218778,48.23799020822936,47.41586249627875,47.881404876708984,43855000
2013-12-06,48.51533355579975,48.92144379550837,47.25738140389555,47.485198974609375,42938000
2013-12-09,47.633778333055915,48.505430977648345,47.28710023614818,48.37666320800781,36056000
2013-12-10,48.17856185657056,50.28835604864431,48.0795120471244,49.77328872680664,68479000
2013-12-11,50.07043957066902,50.288353675376136,48.54504839473494,48.91154098510742,65776000
2013-12-12,50.56569972219904,51.57602367194634,50.17940016640028,51.33830261230469,92723000
2013-12-13,51.16990776097971,52.9924520576543,50.85294386403697,52.81415939331055,82641000
2013-12-16,52.74482981282605,53.98297135772807,52.40805516147237,53.29951858520508,85119000
2013-12-17,54.24049643984293,54.656513912391574,53.72543294584201,54.33955001831055,78751000
2013-12-18,54.33955648922441,55.35978390863267,53.24008619760558,55.04281997680664,76003000
2013-12-19,53.81458873947937,54.66642699303438,53.43819263213569,54.52775573730469,89753200
2013-12-20,54.408884104675685,54.62679819267171,53.715524188921805,54.59708023071289,239824000
2013-12-23,54.9734850148167,57.76673205923485,54.923960108342825,57.22195053100586,98297000
2013-12-24,57.71720142649784,58.02426186178473,56.37010294441154,57.41014099121094,46617800
2013-12-26,57.76673021667876,57.82616236965663,56.82574190965665,57.18232727050781,55101000
2013-12-27,56.93469891312872,57.13280231102431,54.725854906086816,54.9140510559082,60466000
2013-12-30,54.4088896379892,54.65651793461995,52.92311985820469,53.200462341308594,68307000
2013-12-31,53.606571473266555,54.33955287847676,53.39856461529761,54.13154602050781,43076200
2014-01-02,54.30983184524561,54.696131326628425,53.675900325134904,54.19096755981445,43195500
2014-01-03,54.498043208932835,55.12206765724549,54.01269002057667,54.04240798950195,38246200
2014-01-06,53.90373060344623,56.71678845514977,53.53724174973545,56.6573600769043,68852600
2014-01-07,57.15260741508831,57.99454205031399,56.677161573942406,57.37051773071289,77207400
2014-01-08,57.05355365479963,57.855870634587106,56.687064861887755,57.67757797241211,56682400
2014-01-09,58.09359624016091,58.40065289038853,56.11256999195093,56.677162170410156,92253300
2014-01-10,56.588018025023906,57.74691661133031,56.518682405937604,57.39033126831055,42449500
2014-01-13,57.36061534559148,57.69738996174454,54.854618329766076,55.37958908081055,63010900
2014-01-14,55.92437456929326,57.231851695785174,55.56778921143037,57.19223403930664,37503600
2014-01-15,57.42995442056356,58.014357355002446,56.72669096106313,57.053558349609375,33663400
2014-01-16,56.716788935651444,57.46958114687681,56.29087170008685,56.64745330810547,34541800
2014-01-17,56.75640522213915,57.27147253609199,55.53807444776353,55.765892028808594,40849200
2014-01-21,56.06304179039971,58.02426111791708,55.963991988548734,57.95492172241211,48669200
2014-01-22,58.2917005334696,58.7473394788934,56.558302426782646,56.964412689208984,61352900
2014-01-23,55.835226452700525,56.1422868963111,55.161677193399065,56.0927619934082,47951800
2014-01-24,55.61731031993469,55.88474552340203,53.883912449677695,53.93343734741211,55200700
2014-01-27,54.210782714980475,54.418789563763774,51.358103865567735,53.04197692871094,73924100
2014-01-28,53.50752385009275,54.75556882730869,53.48771313254862,54.61689758300781,48191200
2014-01-29,54.09192321131434,54.42869783024985,52.68539258687503,53.02216720581055,92995600
2014-01-30,61.53068019396787,61.90707627570642,59.88642839922542,60.50054931640625,150178900
2014-01-31,59.89633004066186,62.768815843864225,59.59917307954806,61.97640609741211,87794600
2014-02-03,62.432046116205655,63.16502755061564,60.124152312855706,60.896751403808594,74866600
2014-02-04,61.4613337159821,62.54099308668944,61.233516168943886,62.154693603515625,45985500
2014-02-05,62.14479900851029,62.560812733323544,60.68874341464801,61.600013732910156,51685100
2014-02-06,60.876937280640554,62.18441433611256,60.876937280640554,61.57029724121094,42086500
2014-02-07,61.67924967093943,63.95742898911447,61.62972477286101,63.709800720214844,60704300
2014-02-10,63.69000171482442,63.87819408385267,62.867873946018115,62.947113037109375,43666100
2014-02-11,63.145208851886096,64.38335020192308,62.749002108471245,64.23477172851562,45675600
2014-02-12,64.30410818928762,64.44277941775808,63.442366634794816,63.838565826416016,47282100
2014-02-13,63.571135659951125,66.69125366210938,63.44237166815993,66.69125366210938,61911700
2014-02-14,66.85962805988888,66.93887091423593,66.08702912254137,66.4535140991211,36694900
2014-02-18,66.30495183638179,66.8992582074239,65.44320268631066,66.66153717041016,43809900
2014-02-19,66.41390155275175,68.42464179054647,66.36437287854397,67.41431427001953,62087100
2014-02-20,67.08746746786294,69.44488634278663,65.10644091706489,68.96943664550781,130928900
2014-02-21,69.02887116328709,69.29630641706572,67.80062928596247,67.93930053710938,70932400
2014-02-24,68.08787274730365,70.76226282313112,67.8897731373975,70.1085205078125,76620300
2014-02-25,70.27691045068272,70.32643913485177,68.79114060980557,69.18734741210938,52077000
2014-02-26,69.52412869122007,70.54435614802084,68.19683698260317,68.60295104980469,55322700
2014-02-27,68.68217177256184,69.34582126434937,68.21663698347763,68.28597259521484,41653700
2014-02-28,68.8109597891771,69.21706631033915,66.74078307368828,67.81053924560547,66783700
2014-03-03,66.32474196186487,67.40440493761245,65.87901418582149,66.77047729492188,56824100
2014-03-04,68.00863711193585,68.24635815408823,66.97850251992138,68.14730834960938,42013500
2014-03-05,69.02887469309802,71.2872438209916,68.95953906397907,70.89103698730469,74567700
2014-03-06,71.19808815586374,71.20799540411493,69.58355431366678,70.16795349121094,46026500
2014-03-07,70.40567294132342,70.50472273989173,68.81094624622337,69.1378173828125,38927000
2014-03-10,70.09860069164222,71.46551344876282,69.8410727563417,71.34664916992188,59871600
2014-03-11,71.81219211011752,71.90133465226661,69.29628819693512,69.4349594116211,59408300
2014-03-12,69.19723775829313,70.67309999044049,68.34539598636569,70.20755767822266,46340500
2014-03-13,70.6137021917239,70.67313057831895,67.50349067628912,68.17704010009766,57091000
2014-03-14,67.84025232411307,68.77133722408816,66.8200248564467,67.07756042480469,48227000
2014-03-17,67.53319795876679,68.29588988441998,65.98799960927796,68.08788299560547,52197000
2014-03-18,68.10768652478612,68.93971394604296,67.65205138119084,68.53360748291016,40827000
2014-03-19,68.51378299109781,68.6326472726549,66.8299138992856,67.59260559082031,43981000
2014-03-20,67.3647979200138,67.58271201072557,66.18608491499023,66.33466339111328,44439000
2014-03-21,66.88935391639768,67.27565345249913,65.55216263319916,66.60210418701172,59999900
2014-03-24,66.5525794468635,66.72096486483429,62.75891235531688,63.49188995361328,85696000
2014-03-25,64.27440643310547,65.56207672589159,63.17493608263861,64.27440643310547,68786000
2014-03-26,64.12581981201988,64.33382666861446,59.79727836420518,59.81708908081055,97503900
2014-03-27,59.93595118149252,61.3127676830414,57.429954031741964,60.3915901184082,112650000
2014-03-28,60.75808501286883,61.36229872088068,58.777058444178635,59.44070053100586,67052000
2014-03-31,60.20339233381856,60.9363737795437,59.30202545428965,59.66851806640625,53011000
2014-04-01,59.88642406201522,62.06555374480057,59.66851373869215,62.02593231201172,59291000
2014-04-02,62.610337903590505,63.303697893073185,61.61982471247466,62.1249885559082,66277000
2014-04-03,61.95660047865975,62.570717610370615,58.56904711693968,58.92563247680664,83859000
2014-04-04,59.37135183754929,59.628887350767926,55.785695595296495,56.21161651611328,125214400
2014-04-07,55.369687127435874,57.44976325098209,54.91404820240006,56.409725189208984,108488000
2014-04-08,57.13279848538596,58.153025815247496,56.62763466565281,57.63795852661133,78836000
2014-04-09,59.06429555322296,61.867445582722915,58.62846738321049,61.81792068481445,100215000
2014-04-10,62.48157633707725,62.580626148634366,58.12331661541829,58.59876251220703,114988000
2014-04-11,57.053557699634254,59.73785129112513,56.766311748883595,57.974735260009766,91452000
2014-04-14,59.51993441902806,59.87651975210386,57.231847717463545,58.33131790161133,72325000
2014-04-15,58.727526147658764,59.113825675395006,55.34987642409533,58.529422760009766,108623000
2014-04-16,59.2227779961742,59.61898096131141,57.19222693663685,59.1534423828125,78774000
2014-04-17,58.737429457309865,60.005288867718036,58.16293379104547,58.38084411621094,88040000
2014-04-21,58.895907415595275,60.65902328491211,58.58885077598685,60.65902328491211,60364000
2014-04-22,62.0556526922829,62.83815523854016,61.62973171948705,62.432044982910156,60631000
2014-04-23,62.848065891035105,62.877780079139605,60.678839475211,60.77789306640625,95908700
2014-04-24,62.99663828359206,63.04616696661466,59.20297467585598,60.292537689208984,138769000
2014-04-25,59.40107956145891,59.44069721895888,57.02384630008722,57.16251754760742,92502000
2014-04-28,57.499286546860354,57.75682207709972,54.14144763452779,55.60740661621094,107758000
2014-04-29,55.55788806516945,57.72711071153378,55.31025975391063,57.59834671020508,75557000
2014-04-30,57.03374944178178,59.282210984978704,56.617731950667306,59.21287536621094,76093000
2014-05-01,59.856706982822836,61.68915470787524,59.638792891527316,60.56987762451172,82429000
2014-05-02,60.71845235992696,61.302855240891425,59.60907874434459,59.88642120361328,54189000
2014-05-05,59.103918942929816,60.76798136807136,58.61856960639312,60.639217376708984,46057000
2014-05-06,60.40149330854194,60.569882514093074,57.9351176044459,57.974735260009766,55901000
2014-05-07,58.21245977727499,58.73743055116493,55.726269590817566,56.845550537109375,78587000
2014-05-08,56.68706566255649,58.2619816816752,55.96399153508167,56.22152328491211,61251000
2014-05-09,56.31066860772892,57.10308211594059,55.845130016938356,56.69697189331055,52584000
2014-05-12,57.429953744709685,59.33174101585341,57.429953744709685,59.26240539550781,48575000
2014-05-13,59.09401619001998,60.312346948460025,58.94543770156059,59.26240539550781,48525000
2014-05-14,58.96524783045675,59.87652191213643,58.39075215639363,58.668094635009766,47429000
2014-05-15,58.69780545418558,58.8166697483528,56.97431475234514,57.37051773071289,56814000
2014-05-16,57.756819863977,57.895491092557954,56.76630677010434,57.46957015991211,47933000
2014-05-19,57.34080780717813,58.99496679476275,57.023843889528614,58.648284912109375,43034000
2014-05-20,58.935528881771944,59.61898155391968,57.62805190465862,58.00444793701172,53931000
2014-05-21,58.004447154261115,59.92604116354002,57.69738674010259,59.9161376953125,58992000
2014-05-22,60.36187556406493,60.89675362120451,59.827001285433504,59.94586181640625,54200000
2014-05-23,59.83690520407298,60.8670398895844,59.579373421949214,60.76798629760742,38294000
2014-05-27,61.03542565719376,62.90749510280582,60.9859007501924,62.87778091430664,55682000
2014-05-28,62.788633061659596,63.53151798435506,62.02593742093794,62.907493591308594,47795000
2014-05-29,63.234360256161324,63.68999918121559,62.90748909982943,63.224456787109375,42700000
2014-05-30,63.343317026349816,63.56122735109339,61.96650434527853,62.69948196411133,45253500
2014-06-02,62.630142078855854,62.98672739497202,61.46133633314513,62.4815673828125,35996000
2014-06-03,62.02593128723514,62.818341037381145,61.72877810324385,62.2735595703125,32217000
2014-06-04,61.857545334329565,62.98672969085138,61.481149289319724,62.73910140991211,36514000
2014-06-05,63.05606898525362,63.74942896802834,62.22403776162554,62.59052658081055,47352000
2014-06-06,62.768815518555925,62.8777725665986,61.56039207841968,61.90707015991211,42442000
2014-06-09,61.808028063831244,62.73910915483885,61.203814379190106,62.28347396850586,37617000
2014-06-10,62.92730942858777,65.19558581725502,62.89759523838524,65.14605712890625,69338000
2014-06-11,64.70033247294005,65.17578221156262,64.28431867478105,65.15596771240234,44242000
2014-06-12,65.22528215218739,65.83940295732054,63.45226290430041,63.680084228515625,55730000
2014-06-13,64.08619545571517,64.35363822843512,63.22445388298839,63.88809585571289,29419000
2014-06-16,63.55132143139477,64.26448448529308,63.14520745023005,63.58103561401367,31046000
2014-06-17,63.49189027866962,64.26448931285849,63.32350485983676,63.78904724121094,27715000
2014-06-18,63.878198431979435,65.12624726356523,63.44237773354961,64.97766876220703,35570000
2014-06-19,64.83899561902044,64.95785992804467,63.60085407216239,63.729618072509766,34245000
2014-06-20,63.848474424309366,64.19515250282102,62.74900426316145,63.88809585571289,46466000
2014-06-23,63.70980558058104,65.03709713278877,63.61075577686778,64.74984741210938,34560000
2014-06-24,64.73994175188659,66.53276818120364,64.65079163644799,65.09652709960938,57335000
2014-06-25,64.95785398760859,66.83983047812816,64.94794674017518,66.80020904541016,44308000
2014-06-26,67.35489801352743,67.35489801352743,66.26533499824122,66.49314880371094,47714000
2014-06-27,66.67143711084532,67.05773663132263,66.20589472539432,66.95868682861328,46461000
2014-06-30,66.82001964683057,67.27565481254555,66.49314847674721,66.6516342163086,27102800
2014-07-01,66.93887224848952,67.79071405716336,66.75067235491761,67.41431427001953,33243000
2014-07-02,67.39451516410851,67.6520506972817,65.16586059210896,65.81959533691406,41895000
2014-07-03,66.22571744135385,66.36438869376458,65.1361543622625,65.66112518310547,25203200
2014-07-07,65.6710367280434,65.93847200175554,64.50223069767556,64.67061614990234,28745000
2014-07-08,64.44278369666989,64.93804027609592,61.61982270534465,62.16460418701172,68926000
2014-07-09,62.808450782353695,64.50223146660929,62.55091897631665,64.35365295410156,51432000
2014-07-10,62.70939096991472,64.72012774357937,62.45185542639525,64.25459289550781,44422000
2014-07-11,64.660705921015,65.95827590381869,64.17535652819032,65.71064758300781,39212000
2014-07-14,66.49314476195966,67.52327934050992,66.26533097033749,67.25584411621094,38537000
2014-07-15,67.31526684663596,67.44403082428526,65.63139766254211,66.53276062011719,44213200
2014-07-16,66.89926313563534,67.29546993118895,66.43372071763606,67.01812744140625,29541600
2014-07-17,66.39408915134896,67.20630955764044,65.41348333867124,65.77997589111328,38188000
2014-07-18,66.1662781542576,67.81052597188827,65.53235037432587,67.77090454101562,42456000
2014-07-21,68.15720859728121,69.29630025063837,67.85015193378213,68.74161529541016,49539000
2014-07-22,69.0981956025735,69.1080952924696,67.9591040322599,68.61283874511719,40398000
2014-07-23,69.07837222692513,70.65329177465674,68.94960826169493,70.6136703491211,78435000
2014-07-24,75.23937537949915,76.01197440080516,73.8031343842011,74.2686767578125,124168000
2014-07-25,74.27857741034963,74.9521266401925,73.95171382118792,74.4766845703125,45917000
2014-07-28,74.45687206321578,74.78374321811779,73.14939500062336,74.20924377441406,41725000
2014-07-29,74.0111396408704,74.20923923699299,72.72346959502802,73.0107192993164,41324000
2014-07-30,73.50597709868038,74.47668327305173,73.4267342360755,73.97151947021484,36853000
2014-07-31,73.29797620994161,73.46636163890224,71.75277804862579,71.96078491210938,43992000
2014-08-01,71.53485173055918,72.5253647535644,70.8712098188292,71.67352294921875,43535000
2014-08-04,71.6735304630381,73.17910709075514,71.6735304630381,72.8126220703125,30777000
2014-08-05,72.50556063083916,72.89186016049814,71.49524052796544,72.00040435791016,34986000
2014-08-06,71.33675811226684,73.02063510473116,71.10894430572608,71.7824935913086,30986000
2014-08-07,72.30745230350998,73.29796534876354,72.01029536712798,72.47583770751953,38141000
2014-08-08,72.70366836186034,72.73338254790829,71.8716333674385,72.36688995361328,27202000
2014-08-11,72.76310070164713,73.20883618771936,72.36689389969943,72.74329376220703,24591000
2014-08-12,72.39661187357515,72.63434050138625,71.53487015806385,72.13908386230469,27419000
2014-08-13,72.42633233830844,73.5456096023024,72.35699671234451,73.07015991210938,29266000
2014-08-14,73.26826735894832,73.67437386760486,72.99092485410651,73.59513854980469,22207000
2014-08-15,73.61493689846405,73.94180805117156,72.30745984464964,72.93148040771484,38846600
2014-08-18,73.29796331262415,74.01113389451795,73.25834188507287,73.88236236572266,23974000
2014-08-19,74.10030251737177,74.86300204138037,73.80315304168124,74.57575225830078,26679000
2014-08-20,74.2587817725944,74.46678865444561,73.91210363617573,74.10029602050781,22917000
2014-08-21,74.2092498375526,74.47669264323817,73.70409352817545,73.8625717163086,20102000
2014-08-22,73.63475034691038,74.021057461458,72.87205848017356,73.8625717163086,20897000
2014-08-25,74.22906089172949,74.56583174902939,74.08048240179652,74.30829620361328,19734000
2014-08-26,74.28848060847135,75.26908643653896,74.02104540336747,75.23937225341797,23993000
2014-08-27,74.55592491096274,74.77383902312677,73.75361164073702,73.9219970703125,36323000
2014-08-28,73.29797299405081,73.72389395021578,73.03053776902424,73.1593017578125,21947000
2014-08-29,73.5951278478384,74.11019134521484,73.3078781361613,74.11019134521484,26241000
2014-09-02,74.2984050214228,75.97236736578995,74.11020507548729,75.95256042480469,34979000
2014-09-03,76.40818071806164,76.74495910518552,74.88278962147598,75.11061096191406,32389000
2014-09-04,75.17004092968345,76.20017549307576,74.81345559785474,75.2294692993164,26676000
2014-09-05,75.37803232080367,76.6458876597133,74.88277585672873,76.52703094482422,29476000
2014-09-08,76.52705663679964,77.42841977437811,76.27942832162738,77.15107727050781,28183000
2014-09-09,76.85391250601104,77.42841195286094,75.47709981729487,75.94264221191406,28882000
2014-09-10,75.79406396394575,77.21049809036799,75.7841642733597,76.6954345703125,29909000
2014-09-11,76.3982722519854,77.61660668320704,76.31903694776346,77.18077850341797,32219000
2014-09-12,77.2798350672496,77.55718510586138,76.36856475428704,76.74496459960938,26676800
2014-09-15,76.41809323701912,76.51714304347159,72.73338300366729,73.87247467041016,49679000
2014-09-16,72.82251955356963,75.5068166961418,72.37679168280397,75.35823822021484,37742000
2014-09-17,75.23938311563079,76.51714607340729,74.85308356525837,75.70492553710938,28693000
2014-09-18,76.04169463134498,76.59638715914281,75.79406633267222,76.26951599121094,23031000
2014-09-19,76.66571935601849,77.55718270282411,75.71482763843102,77.17088317871094,76671000
2014-09-22,76.26952603381768,76.79449688700566,75.22948401964067,76.07142639160156,31961000
2014-09-23,75.60587439217456,77.88405021864267,75.3186246572472,77.54727935791016,36814000
2014-09-24,77.35908598232506,77.8741571220231,76.77468677203235,77.79491424560547,30680000
2014-09-25,77.85433218617567,78.19111058728915,76.3982766445412,76.4874267578125,37533000
2014-09-26,76.85390601848614,78.09204736475907,76.5963780595122,78.04252624511719,28872000
2014-09-29,77.37888525952614,78.44863365267851,77.1708784176072,78.25053405761719,34031000
2014-09-30,78.59723311303567,78.9538185249669,77.85434809768181,78.29017639160156,35899000
2014-10-01,78.03262394433747,78.07224537677135,75.17994882223849,75.82378387451172,55090000
2014-10-02,75.84358348495948,76.74495398246356,74.92240605165978,76.34874725341797,36488000
2014-10-03,77.02230141678704,77.31945081506561,76.5270448626408,76.70533752441406,23340000
2014-10-06,76.45771843359998,77.15107466990412,76.12094000666926,76.82420349121094,25729000
2014-10-07,76.31903811192024,77.21049386488298,75.51671735443233,75.56624603271484,25317000
2014-10-08,75.45729991379368,76.97278398172035,74.38754378689849,76.78458404541016,32976000
2014-10-09,76.5468479063664,77.02229749925102,75.13041393127072,75.18984985351562,32487000
2014-10-10,74.87289884802546,75.77426960401655,72.06975187267382,72.21833038330078,52146000
2014-10-13,72.53528261748382,74.07057349366923,71.83201161803233,72.29755401611328,43938000
2014-10-14,73.29796731935886,73.47625997457844,71.36646985199258,72.89185333251953,50299000
2014-10-15,71.00988069078966,73.0998637636877,69.6528751353727,72.51545715332031,61528000
2014-10-16,70.11843070427692,72.65414209139178,69.91042383802291,71.94097137451172,53529000
2014-10-17,73.52579306137595,75.27899797868753,73.05034343326585,75.2294692993164,76342000
2014-10-20,74.8827946841116,76.3586572021593,74.66488057600742,76.21998596191406,34701000
2014-10-21,76.82419676004143,77.99300256812889,76.41809030207867,77.9434814453125,32252000
2014-10-22,78.07225381719797,79.09248125236695,77.26994050546632,77.62652587890625,41862000
2014-10-23,78.62692788658613,79.86506927306748,78.26044287267744,79.28067016601562,35056000
2014-10-24,79.43915121618458,80.05327208668743,78.56750236900056,79.90469360351562,32248000
2014-10-27,79.97404495857863,80.03348089775241,79.00334611727246,79.5184097290039,30169000
2014-10-28,79.41935445894065,80.39006079068204,78.81514075840074,80.00375366210938,74212000
2014-10-29,74.7342210267425,76.15065526395828,74.07057896881346,75.14033508300781,106120000
2014-10-30,74.33801378096274,74.63516318715912,72.20840902998553,73.40692901611328,83270000
2014-10-31,74.21915134059151,74.98184314828853,73.74370169896397,74.27857971191406,44544000
2014-11-03,74.75403527331713,74.80355640100228,73.0008226103078,73.17911529541016,40727000
2014-11-04,73.52578370608279,75.05116708402176,72.95128434934423,75.04126739501953,39326000
2014-11-05,75.78417214838062,76.07142190255499,73.71399549140556,74.12010955810547,35913000
2014-11-06,74.17953551995171,74.88279900953658,73.60503603031351,74.54602813720703,21383000
2014-11-07,74.67479798194191,75.14034044767233,74.30830533600125,74.88280487060547,20774000
2014-11-10,74.64506798737372,74.76393228016484,73.90218316071356,74.28848266601562,21575100
2014-11-11,74.23895436179534,74.26867610290415,73.32768411685548,73.90218353271484,18715700
2014-11-12,73.57529557146127,74.42713725344967,72.84231815568528,74.01112365722656,26536600
2014-11-13,74.03095021537311,74.52620678703043,72.9413872691301,73.54560089111328,26448500
2014-11-14,73.56541825042959,74.21916064499618,73.33760442712301,74.16963195800781,19476900
2014-11-17,74.16962578118299,74.94223242596922,73.17911258003838,73.53569793701172,28701200
2014-11-18,73.74369978609194,74.09038542852251,73.19892209672977,73.6347427368164,20690500
2014-11-19,73.30788769065576,73.83285850361916,72.41642425495547,72.63433837890625,25441200
2014-11-20,72.10935795644855,73.28806342717034,71.8221082456128,72.90176391601562,19154900
2014-11-21,73.79323895987818,73.79323895987818,72.80272568524894,73.05035400390625,23060400
2014-11-24,72.84234180211696,73.64465507771428,72.65414187543966,73.3078842163086,22103800
2014-11-25,73.50598674368678,75.0214707940347,73.42674387068413,74.91251373291016,32250200
2014-11-26,74.81347482723685,77.04212994549196,74.79366788460669,76.88365173339844,32695300
2014-11-28,76.93316117827214,77.52746760809683,76.49734049347605,76.96287536621094,15992000
2014-12-01,76.52704709901764,76.57656822167026,74.09038568825257,74.38753509521484,31789900
2014-12-02,74.61536898664147,75.18986851651182,74.3281192217063,74.74413299560547,16773900
2014-12-03,74.66488859982495,75.01157429471024,73.69418981379268,74.16963195800781,16689900
2014-12-04,74.12010051010573,74.83327118416773,73.95171508901207,74.52620697021484,14362800
2014-12-05,75.08090461820514,76.03179639647644,74.64507638594976,75.63558959960938,24306400
2014-12-08,75.45728892382384,76.51713764786315,74.68468990815234,75.79405975341797,25733900
2014-12-09,74.4865895369251,76.20018069616553,74.07057580705724,76.11103057861328,25358600
2014-12-10,75.92284070674148,76.81430412650487,75.34834121878106,75.4572982788086,32210500
2014-12-11,75.79405676407318,77.7750829033612,75.75444289146061,76.99258422851562,33462100
2014-12-12,76.4279871283483,78.13166314984036,76.28930835513113,77.09162902832031,28091600
2014-12-15,77.71566094934558,77.83452524803513,75.83368445034678,76.25960540771484,29396500
2014-12-16,75.46719200537288,76.6558046474121,73.88236507330075,73.9814224243164,31554600
2014-12-17,74.29839178345264,75.6851116728651,74.18943473490495,75.38795471191406,29203900
2014-12-18,76.1605502425789,77.6562271118164,75.78415799208193,77.6562271118164,34222100
2014-12-19,78.00292269908275,79.24106432922692,77.58690892503833,79.12220001220703,43335000
2014-12-22,79.32030121193118,81.1131277386264,79.24105833990738,80.67729949951172,31395800
2014-12-23,81.24189567009657,81.39047417307849,79.63726899753819,79.84527587890625,19865800
2014-12-24,80.26128922881897,80.6574960490607,79.98394672175473,80.00375366210938,7685500
2014-12-26,80.2513700207286,80.50890554905915,79.7462137682921,80.0136489868164,10647400
2014-12-29,79.72640667868167,80.19194909955085,78.9538075789482,79.2608642578125,14134700
2014-12-30,79.09248070369058,79.82545838533615,78.3495957736803,78.46846008300781,14370800
2014-12-31,78.78541511932295,79.0429506486044,77.12135276176237,77.27983093261719,19935400
2015-01-02,77.83451340890484,78.1811914477479,76.96285713179716,77.70574188232422,18177500
2015-01-05,77.24022424641035,78.49817271114217,76.13084671911508,76.45771789550781,26452200
2015-01-06,76.49733012055171,76.8539078844821,74.64506790102946,75.42757415771484,27399300
2015-01-07,76.0317877539274,76.62609410316503,75.10070302067882,75.42757415771484,22045300
2015-01-08,76.01198251711946,77.48785265850073,75.35824772044737,77.43832397460938,23961000
2015-01-09,77.4581223071279,77.87414355734666,76.46760919549192,77.00248718261719,21157000
2015-01-12,77.10154216431334,77.26002790019416,75.48700840436062,75.99217224121094,19190200
2015-01-13,76.49734579978963,77.33928059686092,75.1304326036577,75.72473907470703,25179600
2015-01-14,75.69500667386794,76.46760565606051,75.30870718277164,75.55633544921875,25918600
2015-01-15,75.67521598444142,75.84360142809273,72.84234740353338,73.3475112915039,34134000
2015-01-16,73.33759718887701,74.60545285767188,73.13949001749289,74.46678161621094,21791500
2015-01-20,75.00166009812297,75.58605925396333,74.1101967140296,75.5167236328125,22821600
2015-01-21,75.43747868544015,76.56666297539319,75.13041449640734,76.01197052001953,25096700
2015-01-22,76.43789571387178,77.01239513758505,75.95254640067317,76.91334533691406,19519500
2015-01-23,76.91333638505766,77.44821431484561,76.30912284716837,77.09162902832031,16746500
2015-01-26,77.24021247681605,77.72556176485735,76.556756040686,76.76476287841797,19260800
2015-01-27,75.98225841082571,76.15064382284933,74.9125024573548,75.06108093261719,20110000
2015-01-28,76.1704659668196,76.90344361284485,75.27900258272625,75.5167236328125,53306400
2015-01-29,76.12094843429095,77.27984722485492,73.50599382926698,77.26004028320312,61293500
2015-01-30,77.26001851718588,77.41850423381906,75.03136413688244,75.18984985351562,42649500
2015-02-02,75.3879571710345,75.41767135669579,73.0503455101485,74.27857971191406,41955300
2015-02-03,74.47669313807857,74.8629926981766,73.15930871158207,74.68470001220703,26957700
2015-02-04,74.37763567566684,75.62568447590125,74.2984003596805,74.91251373291016,20277400
2015-02-05,74.99175763881644,75.2592004496299,74.49650101125299,74.89270782470703,15062600
2015-02-06,74.96204710682761,74.98185404780908,73.54561278062381,73.7635269165039,21211000
2015-02-09,73.34750326365902,74.12010232716129,72.75318931602736,73.73380279541016,16194300
2015-02-10,74.13990617688334,74.62525549401535,73.79322809321762,74.4766845703125,15811300
2015-02-11,74.3776225021965,76.0218778192038,74.3181941364784,75.7841567993164,20877400
2015-02-12,76.13084124209958,76.14074848955464,75.17004227837894,75.50682067871094,17235000
2015-02-13,75.73463984325227,75.75445433956794,74.78374805953587,75.02146911621094,18621900
2015-02-17,74.58565541123617,76.18038244800697,74.36774127348859,74.88280487060547,25254400
2015-02-18,75.2195698690654,76.17046157155706,74.73421299200025,75.98226165771484,22426400
2015-02-19,76.25960251385445,79.08256337672054,76.21998108246146,78.66654968261719,45851200
2015-02-20,78.79532781300043,79.57782658814698,78.44864214857473,79.14200592041016,36931700
2015-02-23,79.2014260299929,79.42924736652871,77.6364135289631,78.09204864501953,24139100
2015-02-24,77.75527055516515,78.7259766209402,77.35906384348115,77.70574188232422,18897100
2015-02-25,77.75528006668145,79.43914935105182,77.75528006668145,78.80522155761719,25593800
2015-02-26,79.12218509104049,80.59805507689917,78.96370692191718,79.64716339111328,31111900
2015-02-27,79.9145939918623,80.45937919772814,77.87413950628286,78.22081756591797,30739200
2015-03-02,78.25053104412594,79.10237287271178,77.7750814544675,78.99341583251953,21662500
2015-03-03,78.85475588070463,78.94389844068597,77.77509257094083,78.8448486328125,18635000
2015-03-04,78.54769543278479,80.38014323989947,78.10195998326031,80.13251495361328,28126700
2015-03-05,80.45938969102718,81.21217427383532,80.28109701467454,80.4395751953125,27825700
2015-03-06,80.13251742552256,80.55843839335414,79.07266862980433,79.25096130371094,24488600
2015-03-09,78.92409190111125,79.15191326168689,77.88405002063956,78.68637084960938,18925100
2015-03-10,77.75528504026805,78.50807717700452,76.81430053710938,76.81430053710938,23067100
2015-03-11,77.06192779994626,77.68594837774447,76.52704978025533,76.8341064453125,20215700
2015-03-12,77.359070445686,78.30006241087119,77.17087809826106,78.18119812011719,16093300
2015-03-13,77.85433275674686,78.62693181135408,76.94306246449298,77.30955505371094,18557300
2015-03-16,77.22040391135485,77.37888964199209,76.62609753549631,77.32936096191406,19305400
2015-03-17,77.61662624336454,79.02315337821413,77.5968117445542,78.60713958740234,22170000
2015-03-18,78.49816254749159,80.46928148477035,78.41891968644138,80.14241790771484,36912400
2015-03-19,80.35043953309678,82.2126017682862,80.23157521965281,81.96497344970703,42099500
2015-03-20,82.59889086448317,83.79741086755308,82.28192695918382,83.0050048828125,44466300
2015-03-23,83.12387206446385,84.15400677532483,82.50975867163542,83.62903594970703,27357300
2015-03-24,83.90636502937281,85.25346346976512,83.71816511935738,84.50067138671875,32576500
2015-03-25,84.6888801020197,84.70868704128395,82.13335418701172,82.13335418701172,37436100
2015-03-26,81.93524632168246,82.97528056126662,81.36074689961767,82.22249603271484,32794800
2015-03-27,82.58900095019246,83.15359326115608,82.09374427190798,82.509765625,18372600
2015-03-30,83.014911613514,83.53988241771717,81.62819913336082,82.41069793701172,24527700
2015-03-31,82.11353638372991,82.70784272423757,81.43007993578777,81.43998718261719,19734300
2015-04-01,81.71733802599805,81.93525213652326,80.10280424976769,80.89521026611328,22058200
2015-04-02,81.46970372111663,81.77676036856833,80.66739051608975,80.78624725341797,19664100
2015-04-06,80.03347211320946,82.02439826710467,80.03347211320946,81.65791320800781,19062900
2015-04-07,81.8659184145808,82.62861026209441,81.43999743149718,81.53904724121094,17467000
2015-04-08,81.84609059268301,82.31163293525822,81.0635843764205,81.4994125366211,18966700
2015-04-09,81.71733594015924,82.01449291183884,80.93482963461766,81.39046478271484,15927300
2015-04-10,81.43008892081505,81.82629571054281,81.1329394962812,81.26170349121094,12529700
2015-04-13,81.15274005170083,83.14367353464102,81.14283280455754,82.22249603271484,26883100
2015-04-14,82.38096782101441,82.89603883435477,81.65789753288342,82.72764587402344,19634200
2015-04-15,82.75737369045427,82.8663307375462,81.48951055674942,81.92533874511719,22390900
2015-04-16,81.68762239238595,82.28192878337103,81.37065848005952,81.52913665771484,13769700
2015-04-17,80.70701270816551,81.33103325606582,79.60754253542537,80.0136489868164,24215000
2015-04-20,80.76644405889759,82.3611708527501,80.46928708777617,82.3017349243164,28796800
2015-04-21,83.20311350817924,83.68846288767902,82.74747831723833,82.82672119140625,27171900
2015-04-22,83.52007649109815,83.9360902401896,82.85643443083089,83.82713317871094,45548000
2015-04-23,83.30215110536527,84.7780135244662,81.62818908691406,81.62818908691406,73728100
2015-04-24,81.98477261887867,82.15316560288335,80.70701726630142,80.75653839111328,29660400
2015-04-27,81.09330551237504,82.14324691921105,80.85557694111742,81.13292694091797,25446000
2015-04-28,81.05369586286012,81.12303148363267,79.46887627590472,79.91460418701172,23775300
2015-04-29,79.25096122100716,80.61786668152082,78.76560432436935,79.70659637451172,26430300
2015-04-30,79.25095437912054,80.19193879101013,77.5769848402066,78.02271270751953,28999000
2015-05-01,78.48826704297748,79.00333815984666,77.368989801999,78.24063873291016,24136400
2015-05-04,78.57739549877886,78.93398077151892,77.88403188755575,78.06232452392578,14692000
2015-05-05,77.80481702729047,78.05244533411569,76.48743262129642,76.82420349121094,22311300
2015-05-06,77.23032107808852,78.06234859975139,76.31905068092924,77.35908508300781,28663000
2015-05-07,77.26001507590922,78.19109972711996,76.82418693159532,77.6859359741211,19749400
2015-05-08,78.34958926016856,78.47836080715548,77.28974048374398,77.76519012451172,19943600
2015-05-11,77.73547033820078,78.28024800145874,77.1906851179277,77.26992797851562,18874100
2015-05-12,77.13126509871618,77.15107203749926,76.06150903604757,76.72515106201172,21285300
2015-05-13,76.98267594792942,77.7849891053207,76.91334033626617,77.69584655761719,21512300
2015-05-14,78.19112066691818,81.07351037932223,77.9236778496438,80.59806823730469,49438000
2015-05-15,80.63767208927854,80.74662157375896,79.41933769665542,79.65705871582031,27069900
2015-05-18,79.56792371388603,80.60795799450563,79.46887390959117,80.11270141601562,21613700
2015-05-19,80.4792027315561,80.91503098613227,79.78584646929083,79.86508178710938,17955400
2015-05-20,79.70659240240519,80.3306129508217,78.70617202988295,79.78583526611328,23056900
2015-05-21,79.42925721849258,80.15232763432738,79.32030016015867,79.71650695800781,13402700
2015-05-22,79.58774000122692,80.53863183678848,79.48869018529652,79.77593994140625,19567900
2015-05-26,79.6669707604732,79.83535617764731,78.32977955624084,78.57740783691406,16321300
2015-05-27,78.8448432628644,79.89479231445804,78.67645784524628,79.78583526611328,14160900
2015-05-28,79.48868298566997,80.30090349395941,79.24105468976445,79.38963317871094,11982000
2015-05-29,79.19152819055918,79.31039249639583,78.13167935715126,78.4387435913086,16134600
2015-06-01,78.54769911007395,79.61744761357978,77.9137712720646,79.52830505371094,18119000
2015-06-02,79.00334577104786,80.57825834743574,78.80523856969852,79.67689514160156,18923300
2015-06-03,80.57824985622399,81.74705577145855,80.47920004449556,81.65791320800781,31775000
2015-06-04,81.36075663862101,82.16306994191194,80.73673602017433,81.27161407470703,20863900
2015-06-05,81.0933282783292,81.67772751011711,80.73674287835061,81.36076354980469,16143100
2015-06-08,81.04378523181201,81.22207790021506,79.36981559830649,79.90469360351562,16915500
2015-06-09,79.83535798563753,80.41976467090913,78.56750236900056,79.90469360351562,16497500
2015-06-10,80.06316254930702,81.81636712354108,80.0433480586298,81.38054656982422,21531200
2015-06-11,81.52913010106265,82.11353675439406,80.58814568742913,81.0536880493164,18656800
2015-06-12,80.59806021189316,81.3112233539075,80.42966722788849,80.75653839111328,11417900
2015-06-15,79.78584249395355,80.16223479514143,79.3103928256492,79.94432067871094,18805100
2015-06-16,80.05327930590767,80.73673585592286,79.68678668863559,80.29100036621094,13693700
2015-06-17,80.98436967237292,81.44000488436588,80.5683483422778,81.01408386230469,18350300
2015-06-18,80.86549526465228,82.40079371368694,80.79615964445809,82.12345123291016,26782600
2015-06-19,82.04421307846475,82.19279157513563,81.34094958837329,81.72724914550781,23353200
2015-06-22,82.6187117162278,84.1639099288257,82.51965434812492,83.93608856201172,29383100
2015-06-23,84.1539911305634,87.1354376442747,83.95589153557896,87.0462875366211,50667900
2015-06-24,86.82838554492982,88.40329781134429,86.62037113520005,88.01699829101562,41370200
2015-06-25,88.41321091968535,88.5518821640208,87.0066764232579,87.14535522460938,27302000
2015-06-26,87.28402877645492,87.50193533973132,86.00626579957043,87.1750717163086,38214600
2015-06-29,85.788351506546,86.6699076772158,84.91670258414669,84.98603820800781,35957900
2015-06-30,85.77842645254846,85.87747624364432,84.75819924593328,84.956298828125,23016500
2015-07-01,85.94682382923595,87.11562966386764,85.66948135271585,86.08550262451172,25260000
2015-07-02,86.57084058309731,86.61046201125335,85.52089162949898,86.46188354492188,16908800
2015-07-06,85.66946486779965,87.35334145510565,85.57041508196147,86.71941375732422,24635900
2015-07-07,86.96706233824277,87.01658346423557,84.4214437061194,86.39256286621094,33059900
2015-07-08,85.47139126932684,85.92702646825312,84.63935619001447,84.83746337890625,24399300
2015-07-09,85.90721172172098,86.76895335479236,84.83745566996079,85.06526947021484,23307400
2015-07-10,86.52131712994532,87.38306624106006,85.9468177225355,87.1156234741211,23245900
2015-07-13,87.8188978579616,89.36409592471244,87.58116926537265,89.24523162841797,29976700
2015-07-14,89.60181502006367,89.93859340709774,88.79950181924164,88.82921600341797,26627800
2015-07-15,89.14619121441581,90.12679720180984,88.57169172401679,88.9084701538086,30886600
2015-07-16,89.42352882151009,89.99802828049482,88.91836498295346,89.98812103271484,21804100
2015-07-17,91.67201316700135,94.48506744141069,91.6621059175796,94.06905364990234,54001600
2015-07-20,94.9406929730847,97.66460439543567,94.45534359924855,96.98115539550781,54860500
2015-07-21,98.01127369383853,98.29852341571656,96.21844730099585,97.45658874511719,39453300
2015-07-22,95.82223544139673,96.65427037733143,95.010014999445,96.11939239501953,28299500
2015-07-23,96.0401608132955,96.52551017467079,93.9105558809115,94.53458404541016,29418800
2015-07-24,96.42645733590112,96.83257137032982,94.97040174048645,96.0302505493164,33444900
2015-07-27,95.6637670354078,95.69348122239884,92.93985572499426,93.27662658691406,38585400
2015-07-28,93.940266122848,94.65343681974105,92.4247821704582,94.38600158691406,35236000
2015-07-29,95.40622798660873,96.35711972051989,93.84121536835222,96.06986999511719,64648300
2015-07-30,94.0096208691107,94.90107679291643,90.92912390355664,94.30677032470703,86211300
2015-07-31,94.04921837481675,95.41613132640634,93.05870524793288,93.1181411743164,46509000
2015-08-03,92.64268129136109,94.17797949085622,91.91961102071947,93.24689483642578,29343100
2015-08-04,92.90022074388453,93.83130543792439,92.44458564342234,93.16765594482422,20136000
2015-08-05,94.34637998133631,96.16892059717773,94.27704436132095,95.52509307861328,29813200
2015-08-06,96.25805229461365,97.80325013473538,93.5242343369246,94.21759796142578,42271300
2015-08-07,94.47514399442541,94.49495848987176,92.72193899821373,93.4053955078125,23199100
2015-08-10,94.77229693475587,94.9902110332925,92.7417419878634,93.2568130493164,21624200
2015-08-11,92.8408067283413,93.8610341280457,92.01867894832115,92.73184967041016,22491000
2015-08-12,91.8205700249791,93.54406842291459,90.32490054367723,93.29644012451172,27050500
2015-08-13,93.15777634527278,93.83132567317043,92.46441251998655,92.54365539550781,17451800
2015-08-14,92.65258983954908,93.82139551857325,92.32571872558981,93.52423858642578,15929700
2015-08-17,93.52424395045104,93.56386538081081,92.50401667898609,93.03889465332031,18313500
2015-08-18,93.1874648190958,94.9406695033587,93.14784339226877,94.26712036132812,22278800
2015-08-19,93.73225066455319,95.18830611097948,93.2667158617433,94.40579986572266,23251300
2015-08-20,92.65259127338298,93.87091808860933,89.60180927658047,89.70085906982422,44598200
2015-08-21,86.68970910896482,88.33396459465648,84.79783288837262,85.24356079101562,62778700
2015-08-24,76.2992314600039,81.31122589111328,71.31695121611197,81.31122589111328,83710700
2015-08-25,86.12511707581328,86.83828776706352,82.21259307861328,82.21259307861328,52021200
2015-08-26,85.1345970723273,86.63027395436079,82.4701219986961,86.36283874511719,45124300
2015-08-27,88.25472550329296,89.20561727809086,86.36284920176207,88.87875366210938,42431400
2015-08-28,89.02731418302184,90.61214117929794,88.93817163191429,90.14659881591797,33215900
2015-08-31,89.74049501262827,90.18623048983805,88.0467183360696,88.58159637451172,32850700
2015-09-01,86.02607358114786,88.5419781233966,85.67939545775097,86.40247344970703,36097400
2015-09-02,87.96746783186919,89.03722381591797,86.79866204715265,89.03722381591797,27190500
2015-09-03,88.9084705117933,88.96789888793032,86.89772984431684,87.3137435913086,27048200
2015-09-04,86.37274982190044,87.55146297277406,85.87749321155235,87.42269897460938,27328700
2015-09-08,88.83911926276875,89.38389691458373,87.9872774218792,88.68063354492188,27012500
2015-09-09,89.91878685095968,91.10740722205072,89.31457319598367,89.58201599121094,32551100
2015-09-10,89.21552279438747,91.186641928144,88.77969457218397,91.10740661621094,26437400
2015-09-11,90.81024995131193,91.20645674041596,90.2654646716669,91.17674255371094,21185000
2015-09-14,91.43427276611328,91.7413370025676,90.73100928793848,91.43427276611328,20127900
2015-09-15,91.49370597683173,92.36535486251528,90.91920651360091,92.0186767578125,18859400
2015-09-16,92.01868354386426,92.71203980440238,91.75124073121637,92.56346130371094,16321200
2015-09-17,92.48420836174878,94.60390573375626,92.0186660082398,93.44499969482422,27841800
2015-09-18,92.31581249358811,94.28693888826133,92.16724158289674,93.50443267822266,62300000
2015-09-21,93.7223618490102,95.57461669937544,93.6233044832447,94.64353942871094,28790000
2015-09-22,92.8804153502529,93.78178594994162,91.04796752232173,92.0781021118164,36888900
2015-09-23,92.5139219533087,93.42519216110854,91.91961562461378,93.0785140991211,21701400
2015-09-24,92.17715208195814,93.87092867560355,91.36493159453141,93.51435089111328,29106000
2015-09-25,94.88125410710447,94.94068247695864,91.18663678852167,91.88990020751953,28961600
2015-09-28,91.20645346443726,91.41446032091703,87.34345063420334,88.36367797851562,41199900
2015-09-29,88.25472572915379,89.2056175063852,84.90679379117135,85.8477783203125,42281800
2015-09-30,87.60098609583886,89.16599114186242,87.17506513569566,89.04713439941406,36169100
2015-10-01,89.19571761817839,90.08717346191406,87.5217478743788,90.08717346191406,29283700
2015-10-02,88.05661611859033,91.32530481501918,87.5316453846103,91.19654083251953,37881700
2015-10-05,92.05829243083129,93.37566914625509,91.78094996442627,93.1181411743164,27292500
2015-10-06,93.1874799650881,93.27662252217664,91.46398162455293,91.91962432861328,22172800
2015-10-07,92.22668571443572,92.771471003491,90.5031948426311,91.52342224121094,24129300
2015-10-08,91.01825870046169,92.33564308978687,89.61173174917512,91.59275817871094,27290500
2015-10-09,92.0186674097843,92.85069477654665,91.36492514417235,92.35543823242188,20012900
2015-10-12,92.43469123861826,93.70254692161261,91.79085614918694,93.36577606201172,18449600
2015-10-13,92.77146902633787,94.46524567482629,92.66251197084891,93.22710418701172,19480300
2015-10-14,93.1874814054386,94.29685132599317,92.72193900362767,93.17757415771484,19253400
2015-10-15,94.08885302245571,95.38643053970182,93.99971045588259,95.04965209960938,27557500
2015-10-16,95.26755603874598,96.6641756648102,94.44542830219606,96.61465454101562,25412900
2015-10-19,96.25806481161145,97.63487743680912,96.0005292857642,97.53582763671875,23729900
2015-10-20,97.79336397742046,98.64519831090782,95.64394475677118,96.07977294921875,30881800
2015-10-21,96.44627150587678,97.24858476716476,95.55480812832576,96.18873596191406,21917800
2015-10-22,96.86227957057791,98.7838774546951,96.62455853612505,98.72444152832031,26392100
2015-10-23,100.94320803869424,101.874285346657,99.20980986658334,101.22055053710938,42809700
2015-10-26,101.23044753350267,102.82517441395102,100.58661998947171,102.78555297851562,25961200
2015-10-27,101.96342486761765,103.11241617831611,101.42854686613171,102.7162094116211,23795500
2015-10-28,102.91430691944305,103.48880629940825,101.94360080994961,103.21145629882812,24081500
2015-10-29,102.97375466489673,104.12275364108346,102.53792642468572,103.88502502441406,20316700
2015-10-30,103.5185365741615,103.72654343917128,100.6856682196199,101.00263214111328,33487100
2015-11-02,100.755005521935,102.48840364961316,100.22012747855239,102.32991790771484,24003900
2015-11-03,102.24078521455624,102.66670624075027,101.42856460146726,101.60685729980469,21242300
2015-11-04,102.21104889310354,103.15203331240536,101.50778550110681,102.95393371582031,43469300
2015-11-05,107.7678242491757,109.6002719038461,106.92588210023274,107.72820281982422,63232900
2015-11-06,107.01503861036984,107.70839477298084,104.90524838098318,106.08395385742188,35084300
2015-11-09,105.98491544941318,107.22305698503718,104.85573097348541,105.47975158691406,26383500
2015-11-10,104.95477109368416,107.12399728204191,104.24160042589445,106.88627624511719,25031700
2015-11-11,107.24286013268946,108.82768728786573,106.09386875790419,107.97584533691406,25057100
2015-11-12,107.45087434671467,108.35223742139604,106.97542468967356,106.99523162841797,20924700
2015-11-13,106.68816814850916,107.2230461446639,102.8449799310089,102.96383666992188,30278400
2015-11-16,102.33982306447786,103.18175776931301,99.5168619684937,103.05299377441406,49309200
2015-11-17,103.62748838828706,105.19249342066792,103.15203875159128,104.13264465332031,26807200
2015-11-18,104.79630720154442,106.85656906399423,104.39019313265207,106.74761199951172,23836500
2015-11-19,106.34150090708768,106.70799352247133,104.94487362634283,105.25193786621094,25520600
2015-11-20,105.82642261052696,106.84665751537477,105.60851606275995,106.30187225341797,22129600
2015-11-23,106.17311527336516,106.45045776794099,105.07364498628513,105.93538665771484,19897200
2015-11-24,104.99439772696854,105.4797470721948,103.39967089278068,104.73686218261719,23577300
2015-11-25,105.32126632806171,105.58870155671207,104.10293181372732,104.40999603271484,15150800
2015-11-27,104.77647134654468,104.95476400144412,103.86520113573204,104.44960021972656,5913100
2015-11-30,104.83590282179135,105.09343834362089,102.7657340712416,103.25108337402344,20383200
2015-12-01,103.83551385807758,106.13350447388325,103.50864264656225,106.10379028320312,22781900
2015-12-02,105.98490585390418,106.89617612793626,104.78638586277198,105.06372833251953,24429100
2015-12-03,105.26183218171265,105.8363316390771,102.36953551341794,103.38976287841797,23236500
2015-12-04,103.81568554756706,106.70798982023962,103.1223293338877,105.17269134521484,21224700
2015-12-07,105.46985010580913,105.81652821849731,103.66711636281447,104.60810089111328,15474900
2015-12-08,103.01337576391562,105.89577288621604,102.96384707968417,105.47975158691406,20401800
2015-12-09,105.17267848602663,105.4302140011976,102.56763182226825,103.607666015625,23517300
2015-12-10,104.05340633929866,105.39059754067297,103.41947854669135,104.41989135742188,17454300
2015-12-11,103.16194748285956,103.35013984514097,100.94320011273598,101.15120697021484,26427700
2015-12-14,101.31958035999222,103.74633429935483,100.49745271830872,103.66709899902344,24648100
2015-12-15,104.30105914844061,104.79631582520051,103.29073129592082,103.55817413330078,21764300
2015-12-16,104.3703668438963,106.07404300802976,103.20156109731867,105.77689361572266,22680500
2015-12-17,106.47025919977357,106.7277947415645,105.12316067550438,105.21231079101562,21675700
2015-12-18,105.07364160022799,105.5787978889195,102.98365815300448,103.05299377441406,35994200
2015-12-21,103.91473316907276,104.1524541976134,102.61715586654647,103.77605438232422,16138800
2015-12-22,104.22179873088179,104.65762695134674,103.81568469690019,104.50904846191406,14597100
2015-12-23,104.88543884543981,105.10335295171032,102.87469832178773,103.63739013671875,19599700
2015-12-24,103.74635440197734,104.32085389353414,103.50863334089105,104.02369689941406,6501800
2015-12-28,104.02369344317691,104.97459276996055,103.53834408878862,104.92506408691406,13069700
2015-12-29,105.41040432033232,106.7178813352562,105.24201890376999,106.24243927001953,17179900
2015-12-30,105.98490985937264,106.2325381534366,105.0538250554471,105.21231079101562,13115000
2015-12-31,104.99438285300565,105.16276825710521,103.62747757035034,103.66709899902344,18391100
2016-01-04,100.98282421566908,101.27007396899619,98.80369805824374,101.2502670288086,37912400
2016-01-05,101.913902682079,102.72612320490327,100.70547536731253,101.75542449951172,23258200
2016-01-06,100.17060052547511,102.78555485584353,99.94278671383078,101.99314880371094,25096200
2016-01-07,99.54657658963252,100.46775416781723,96.37693737276904,96.99105072021484,45172900
2016-01-08,98.93245855675063,99.5465794790377,96.10949736650953,96.40665435791016,35402300
2016-01-11,96.98115247598328,97.66460145533658,94.48505494307877,96.58494567871094,29932400
2016-01-12,98.0607992936457,99.01169098601495,96.62455828639341,98.42729187011719,28395400
2016-01-13,99.6258213868215,99.6258213868215,94.30676267993907,94.53458404541016,33410600
2016-01-14,94.94067799330759,97.9320317516234,91.57293198199828,97.43677520751953,48658600
2016-01-15,93.08844755362777,95.46567353768526,92.65261926327592,94.06905364990234,46132800
2016-01-19,95.6142334747642,96.49578957660158,93.02899354020249,94.35628509521484,30998300
2016-01-20,91.94934118492628,94.09875299222271,88.5221664564725,93.45491790771484,59051400
2016-01-21,94.0096008194974,95.07934921132025,91.74132494089308,93.26671600341797,30518900
2016-01-22,95.49538028606372,97.13962825200133,94.5841024078286,97.0108642578125,30495400
2016-01-25,97.78346012533326,98.53625224105778,96.01044066642476,96.08968353271484,32482000
2016-01-26,96.83257862545456,96.95143538042412,94.75250228630621,96.41655731201172,26877100
2016-01-27,96.8622963110303,96.92172469066051,93.33607138865892,93.5539779663086,58699400
2016-01-28,106.18302138915797,109.29323250711128,103.81569523677345,108.07490539550781,107475300
2016-01-29,107.95603122097471,111.76950551787701,107.80745273002715,111.1454849243164,62739500
2016-02-01,111.204921818147,114.62219714370063,110.94739380825706,113.9981689453125,46132700
2016-02-02,113.71091262423379,116.47443766210868,112.12608553888015,113.52271270751953,59778600
2016-02-03,114.17645961754494,114.24579524313782,108.70882977317497,111.62094116210938,56919300
2016-02-04,110.73937270871947,110.87804394455203,108.21356116445457,109.4417953491211,38890200
2016-02-05,108.47110458876953,108.54044021172948,102.20115410690143,103.08271026611328,76894700
2016-02-08,99.45743036452906,101.70589192036392,96.5354119982847,98.8036880493164,71229700
2016-02-09,96.2184397108331,101.4285406126628,95.90147582842225,98.59567260742188,62709000
2016-02-10,100.58661724632435,102.27048664281864,99.28903983150421,100.04183197021484,45179400
2016-02-11,98.65511608952173,104.11284609686273,97.94194535557317,100.94320678710938,43670600
2016-02-12,102.75585067359566,103.25110733828411,100.13098883934346,101.04226684570312,36176800
2016-02-16,102.81526029505834,102.94402427439219,99.28902860629564,100.64603424072266,45687200
2016-02-17,101.05215586324971,104.71705932901055,99.44752927565553,104.20198822021484,44073400
2016-02-18,104.79629311823447,104.9943927232079,102.0525674915578,102.48839569091797,29593500
2016-02-19,101.57713144841877,104.02369269887994,101.09177454048721,103.57796478271484,32404500
2016-02-22,104.48922422956728,107.22304248652753,104.34064575397969,106.14338684082031,35709700
2016-02-23,105.83632341008747,106.45044425369507,104.12273997599655,104.45951080322266,25319300
2016-02-24,103.22137478552678,105.93537870926194,101.765319241237,105.86604309082031,34412400
2016-02-25,106.0938547654404,107.04474639892578,104.60808517117918,107.04474639892578,29906300
2016-02-26,107.66878594511144,108.41167087359293,106.14340220880376,106.89618682861328,26686200
2016-02-29,106.57920409250583,107.87678134411169,105.73726950016048,105.90565490722656,32779000
2016-03-01,106.80704092916316,108.77816009521484,106.57921956645615,108.77816009521484,26817300
2016-03-02,108.63948615254631,109.50123534179679,107.73811552915626,108.90692138671875,25670200
2016-03-03,109.20407780617661,109.25360648785195,107.51030117969822,108.54043579101562,21353100
2016-03-04,109.00597264220363,109.00597264220363,106.906082092572,107.3617172241211,24938900
2016-03-07,107.04475638440758,107.04475638440758,103.72653882575976,104.72695922851562,31436400
2016-03-08,103.78597238998901,106.35140552007348,103.40958009269018,104.92506408691406,25617000
2016-03-09,105.6877533426924,106.49007415771484,104.48923330105957,106.49007415771484,20493300
2016-03-10,106.88627894870034,107.62916382026923,104.7665738293693,106.30187225341797,24854300
2016-03-11,107.45086989206446,108.38194711477024,106.89617738901003,108.3720474243164,20697600
2016-03-14,108.24328237010698,109.28332426332145,107.73811851708714,108.84749603271484,17249400
2016-03-15,108.07489612176971,109.77858003907299,107.80745332518447,109.6200942993164,17618500
2016-03-16,109.44179123177227,111.43272469563183,109.0554917240553,111.11576080322266,24744800
2016-03-17,111.08605875811533,111.62093680194543,109.6795318041636,109.9667739868164,24241200
2016-03-18,110.50164962193514,111.35349157424253,109.22388669347409,110.39269256591797,36256900
2016-03-21,110.6007022930181,111.30396572481685,109.97667417012867,110.78889465332031,18448000
2016-03-22,110.30354824515146,111.80912495251508,110.11534832285008,111.18510437011719,19001100
2016-03-23,110.94738790605122,112.1161938081203,110.9374806578851,111.47235870361328,18562000
2016-03-24,111.06623832041932,112.01713005068889,110.62051041957962,111.9775161743164,17839100
2016-03-28,112.24494997948823,113.50289835628845,111.87845739305848,112.61144256591797,21351800
2016-03-29,112.75011734573586,115.21649305349811,112.56191742286907,115.03820037841797,29825300
2016-03-30,115.62260258271415,115.88013055901052,113.27508371175098,113.61185455322266,33235200
2016-03-31,113.61185397920278,113.91891819095173,112.69067645798694,113.01754760742188,21207500
2016-04-01,112.67087837498495,115.06791854519088,112.27467157698838,114.9589614868164,24760500
2016-04-04,112.98783836927879,113.46328802172921,110.55117684838302,111.48226165771484,48487900
2016-04-05,111.04643082639973,112.24495084158465,110.83842396991464,111.15538787841797,22962400
2016-04-06,111.40300674776364,112.73029064081769,111.35347807121056,112.63124084472656,20814600
2016-04-07,112.71049101890749,113.80005396064854,111.9973203495452,112.5619125366211,20714500
2016-04-08,113.16612755288699,113.24537041868655,108.8573968554931,109.5804672241211,48497800
2016-04-11,109.64980846835421,109.85782289100476,107.7381176856947,107.9560317993164,39762300
2016-04-12,108.30271291162269,110.10545424447206,107.95603479261943,109.5606689453125,26248100
2016-04-13,111.1653081877751,111.58132194962644,105.50947073687036,109.46162414550781,88227400
2016-04-14,109.57057610354705,110.97710307492817,109.21399073657491,109.78848266601562,28473300
2016-04-15,109.73895277875044,109.91724544800411,108.16403294084043,108.59986114501953,20922800
2016-04-18,108.69891246396436,109.75876124679877,108.16403444874668,109.40217590332031,21167200
2016-04-19,110.0460031869016,111.3831943518506,108.12441292409936,111.22471618652344,30210500
2016-04-20,111.36339235476153,112.19541976291914,110.50164320458497,111.35348510742188,21027900
2016-04-21,111.4822591996296,112.9581216923144,111.24453060013816,112.36381530761719,20875200
2016-04-22,110.15495867033957,110.68983664014044,107.97583291812717,109.51112365722656,38458200
2016-04-25,108.82769765034631,109.62010374637073,108.03528399730521,109.05551147460938,21017900
2016-04-26,109.44178618644015,109.45169343303175,107.12398924699018,107.72820281982422,22521500
2016-04-27,106.91597974796362,107.90649278603773,105.30143865941339,107.85696411132812,52213100
2016-04-28,118.44557317740951,119.64409327199013,115.12735538735365,115.62261199951172,87110100
2016-04-29,115.71175404056298,116.72207419972258,114.74104776002315,116.46454620361328,37140600
2016-05-02,116.71216703354087,117.60363038571352,115.46411834049917,117.44514465332031,28095200
2016-05-03,116.40509866925632,117.03903401922902,115.90984210869496,116.31595611572266,24117500
2016-05-04,115.5037460505765,117.17771579412621,115.46412461532499,116.93998718261719,23448400
2016-05-05,116.92018128979727,117.85126613399954,116.13767493986371,116.6923599243164,22056700
2016-05-06,116.04853236734024,118.50500091857211,115.99900368358296,118.3564224243164,26395600
2016-05-09,118.40594450857007,119.13892213382434,117.77201668829358,118.1087875366211,21138100
2016-05-10,118.48518556133985,119.3568344116211,117.87106468865485,119.3568344116211,23220000
2016-05-11,119.26769496434687,119.93133697755268,118.28708148057804,118.3861312866211,22038400
2016-05-12,118.84176661595139,119.693600940628,117.7720106402896,119.138916015625,22035500
2016-05-13,119.2379701835018,119.49550571826536,118.54461400184867,118.67337799072266,18124300
2016-05-16,118.24746053243422,118.47528188858318,116.23671998914003,117.54419708251953,31247800
2016-05-17,117.69277277104693,117.88097268873591,116.08813873947273,116.2367172241211,21328600
2016-05-18,115.69194741337284,117.14799550258657,115.62261179007695,116.53388214111328,21642300
2016-05-19,115.93957186827994,116.37539253294362,114.78066569308793,115.70184326171875,20544100
2016-05-20,115.85041769824473,116.87064503873953,115.84051045073066,116.2367172241211,18944800
2016-05-23,116.30604534159232,116.48433800026835,114.84009019871407,114.86980438232422,20441000
2016-05-24,115.13724859242845,116.61311865456983,115.01839184869652,116.5833969116211,20183600
2016-05-25,117.00931986443665,117.54419789136557,116.26643497542689,116.77159881591797,20019800
2016-05-26,117.1182743701742,118.62385861105878,116.80131046004308,118.33660888671875,18481300
2016-05-27,118.42575972524533,118.71300946967186,117.88098198127743,118.24746704101562,13493600
2016-05-31,118.32671170957357,118.96063958378762,116.99942758450548,117.68287658691406,23547600
2016-06-01,117.37580237748328,117.95030178930145,116.70225316704496,117.65314483642578,15029500
2016-06-02,117.56401387279338,118.30689877119183,117.09847146067446,117.8017349243164,13228300
2016-06-03,117.85127136303136,117.85127136303136,116.74189378788702,117.34610748291016,14135100
2016-06-06,117.49467000179126,118.29698321748516,117.23713447246385,117.66305541992188,12744700
2016-06-07,118.10879284075703,118.16822877202546,116.55368740601945,116.64283752441406,17103000
2016-06-08,116.64282516852893,117.47485254799037,116.15746830682784,117.266845703125,14505600
2016-06-09,117.00932072410994,117.55410600285933,116.59330699689181,117.43524169921875,13859200
2016-06-10,116.42491929253741,116.98951149901845,115.15706363987935,115.5136489868164,18510800
2016-06-13,113.90900693066403,114.3844565455483,112.23503736709026,112.86896514892578,31718200
2016-06-14,112.98783730605358,113.8594861774919,112.50248796740168,113.8495864868164,17618500
2016-06-15,114.20617351873898,114.3448447604,112.9878389732704,113.51280975341797,19819400
2016-06-16,112.7897460076391,113.41376663190009,111.86856838686353,113.3048095703125,19236300
2016-06-17,113.33451968818768,113.34442693625337,111.49216451280415,111.94779968261719,24644300
2016-06-20,112.69067858744755,113.63167062114634,111.68035849203005,112.29447937011719,20785400
2016-06-21,113.03737860362108,114.11703445498227,112.8888000997321,113.29490661621094,19166300
2016-06-22,113.56233860565081,113.65148116527386,112.53220398247207,112.82936096191406,14846300
2016-06-23,113.28501007677913,113.99817331266135,112.46288221513068,113.98827362060547,16176900
2016-06-24,109.95687478853294,112.60154327514415,109.94696754035758,111.0167236328125,40643100
2016-06-27,110.51155091877256,110.51155091877256,107.2032406528146,107.93621826171875,36130400
2016-06-28,109.58046694149422,111.68035753767276,109.50123163291465,111.63082885742188,26813800
2016-06-29,112.29447432482354,113.16612314360985,111.96760318389792,113.07698059082031,20968300
2016-06-30,113.58213078770498,114.08729456431892,112.59161772760741,113.19583129882812,23192700
2016-07-01,113.1166120329236,114.03778967322377,112.73031246347672,113.1067123413086,14980000
2016-07-05,112.85908727969569,113.11661529541016,111.89828817417484,113.11661529541016,14207000
2016-07-06,112.28457740458524,115.68203799642201,111.89827785960516,115.59288787841797,24337600
2016-07-07,115.52353740617193,115.86031578187202,114.26558912394563,114.75093841552734,16630200
2016-07-08,115.32544859201491,116.38529738077624,114.75094914019623,116.12776184082031,18142600
2016-07-11,116.59329193121717,117.57389774924057,116.38528509448584,116.75177764892578,17711600
2016-07-12,117.50457445685197,117.59372457166381,116.45463291650289,116.81121826171875,15217700
2016-07-13,117.26684584351722,117.27675309052702,115.5730693415727,115.672119140625,16207700
2016-07-14,116.38529108816606,116.52396231979498,115.59287757284474,116.17728424072266,14579700
2016-07-15,116.62301450065578,117.15789250086416,115.47402319270168,115.7513656616211,16646000
2016-07-18,116.20700899238865,118.47528514032155,115.78108801164989,118.23756408691406,20868400
2016-07-19,117.86115579599165,119.70351083131378,117.53429220483359,119.46578979492188,21541300
2016-07-20,120.09971708600177,121.04070153727147,119.41626060763855,120.76335906982422,20046500
2016-07-21,120.76335958328808,120.94165224983588,119.10920446182627,119.46578979492188,17801700
2016-07-22,118.76252599482372,119.86199617550336,118.17811931750914,119.85208892822266,18422400
2016-07-25,120.23839132440102,120.69402646902402,116.66263822899576,120.47611236572266,18487400
2016-07-26,120.84261406391573,120.91194968773732,119.6044725263756,120.07001495361328,17612000
2016-07-27,121.25862105025269,123.81414685502418,120.35725799079633,122.16989135742188,52654200
2016-07-28,126.3102300635851,127.11255083162803,122.4571346213934,123.81414031982422,78955800
2016-07-29,123.4674770565904,124.64618267512996,122.53639219139392,122.76421356201172,35058800
2016-08-01,122.67505637036116,123.39813432002374,121.69445043381897,123.13069152832031,25006900
2016-08-02,122.88307078551546,123.61605602804056,120.91195154346387,121.92227172851562,23968400
2016-08-03,121.92226258674583,122.74439033233078,121.14966352251547,121.34777069091797,18525300
2016-08-04,121.77369463414004,123.60614253382685,121.34777365793038,123.18022155761719,21066000
2016-08-05,123.79432973673345,124.64616404459326,123.43774441855251,123.96271514892578,20184000
2016-08-08,124.06177854303174,124.25987816061341,123.36842232447988,124.07168579101562,15233900
2016-08-09,124.1509157787476,124.89380064833901,123.34860253783391,123.87357330322266,19621000
2016-08-10,123.88348190301765,124.28959593019471,123.35851113189865,123.69528198242188,10670100
2016-08-11,124.01225258230927,124.19054526485286,123.56652465445838,123.71510314941406,11729500
2016-08-12,123.51698930949318,123.8141462833796,123.00192578604126,123.69528198242188,12159000
2016-08-15,123.72499923908016,123.7348989293725,122.5264716963425,122.72457885742188,19295100
2016-08-16,122.32838679828909,122.74440055104468,121.6152160466987,122.13028717041016,14222400
2016-08-17,122.48685348865243,123.2000165722664,121.68453273943699,123.19011688232422,13794200
2016-08-18,122.83354688119395,123.08117518690564,122.46705426821482,122.7344970703125,12400800
2016-08-19,122.42742355677734,122.98211605831641,122.1104596517617,122.38780212402344,11688300
2016-08-22,122.15998565460785,123.64575534374582,121.94207155774515,122.97220611572266,14386400
2016-08-23,123.32878811166708,123.90327996593818,123.07125258988094,123.19011688232422,13309500
2016-08-24,123.28916910405283,123.50708319930757,121.92225616364233,122.30856323242188,12243700
2016-08-25,121.95197650629773,123.19011789057497,121.93216201222073,122.71466827392578,10730800
2016-08-26,122.8731729953509,124.00235750782868,122.73450174343373,123.7745361328125,17504800
2016-08-29,123.1703122940205,125.52773849646888,123.1703122940205,125.33953857421875,15925900
2016-08-30,125.39897135768331,125.39897135768331,123.96273022045676,124.64617919921875,17804300
2016-08-31,124.40845947000959,125.02258038964747,123.91320285782243,124.92353057861328,14200600
2016-09-01,125.1810522088179,125.42868050231637,124.40845314222523,124.9730453491211,13536100
2016-09-02,125.64660057970576,125.65650782788086,124.80466585321035,125.30982971191406,12118800
2016-09-06,125.46831463594515,128.70729727468176,125.27021500390117,128.49928283691406,26278400
2016-09-07,128.80631951205305,130.72791738365632,128.71717695859454,129.80674743652344,27990800
2016-09-08,129.67797665627924,129.83646238382383,128.57850648173894,129.03414916992188,15676600
2016-09-09,128.47947368503657,128.71718717980235,125.89422607421875,125.89422607421875,27100700
2016-09-12,124.76507222483663,127.53850532772262,124.55706530889651,127.46917724609375,21252800
2016-09-13,126.81540964616065,127.13238113954111,125.45841133595316,126.00318908691406,18016200
2016-09-14,125.6862124802478,127.57809621630774,125.6862124802478,126.557861328125,15691100
2016-09-15,126.7658926205866,127.87527021227181,126.45882836569089,127.13238525390625,15077200
2016-09-16,126.98380132280919,127.95450011941885,126.98380132280919,127.8455581665039,24119200
2016-09-19,128.67756827885393,128.7072824645397,127.0432124959793,127.42951202392578,14958800
2016-09-20,127.42950113013485,127.9445721613745,126.8153878597534,127.41960144042969,11083800
2016-09-21,127.90499252048532,128.77663398275405,127.17200720731846,128.70730590820312,14068300
2016-09-22,129.26196095847433,129.48977474202815,128.3308762160841,128.845947265625,15538300
2016-09-23,126.34986406198348,127.38000627575877,126.09233606555581,126.7460708618164,28326300
2016-09-26,126.1616774508633,126.94418383809285,125.59708519134531,126.10224151611328,15064900
2016-09-27,126.39942091524361,127.78613368817769,126.22112819343525,127.46917724609375,15637100
2016-09-28,127.98419842374555,128.24172637686812,127.18187015380535,128.00399780273438,12047600
2016-09-29,127.95448791389042,128.06344497044543,126.33996167552522,126.87483215332031,14532200
2016-09-30,126.81539488176314,127.37007981656745,126.24089545242127,127.0531234741211,18402900
2016-10-03,127.16208608690262,127.86534197643171,126.587586632424,127.54838562011719,13156900
2016-10-04,127.9445909365167,128.05354799538256,126.33996435506693,126.97389221191406,14307500
2016-10-05,127.03332184202931,127.57810714174119,126.61730809880363,127.25123596191406,12386800
2016-10-06,127.21161257635545,127.83564077571756,126.8649419987356,127.51868438720703,11682700
2016-10-07,127.81582521759039,128.02383965366252,127.11256926246162,127.76631164550781,12804400
2016-10-10,128.44974023832586,129.46006790056714,127.97429815010763,129.0044403076172,15138700
2016-10-11,128.99454012073247,129.40065419258013,127.0135135622949,127.65735626220703,17537900
2016-10-12,127.7861080059435,128.42995068214967,127.24133781365789,127.82573699951172,11073000
2016-10-13,126.9936984408987,127.03331231698363,125.54754258228206,126.60739135742188,17139300
2016-10-14,127.27103788405576,127.72666546132055,126.36966730577281,126.66681671142578,13345300
2016-10-17,126.98378235444292,127.25122513591812,126.11213350607633,126.33004760742188,11351700
2016-10-18,127.45922269687661,128.16249367146463,126.79558071146505,127.35028076171875,13504000
2016-10-19,127.51868825491304,129.23227203966826,127.3800169968525,128.8756866455078,16752300
2016-10-20,128.83603628164587,129.4204353384172,128.2714366032527,128.76669311523438,13167500
2016-10-21,128.5488090767818,130.8765212725866,128.4695662026658,130.8170928955078,19088800
2016-10-24,131.4608943291349,132.14435075772332,130.89629463107323,132.0155792236328,17470200
2016-10-25,132.23348526377382,132.23348526377382,130.96562983516108,131.0349578857422,13336800
2016-10-26,130.39114312581,131.00525640777084,129.6977869826235,129.7968292236328,13084700
2016-10-27,130.4902262881648,130.54965466732972,128.04365725232003,128.4596710205078,16741400
2016-10-28,129.26198054420033,131.70854950768447,128.69738073076573,130.0444793701172,24545500
2016-10-31,130.7576422953907,130.8665993521223,129.63837265518242,129.74732971191406,15669000
2016-11-01,130.1633376150417,130.6883083792353,127.4295116281892,128.27145385742188,22077800
2016-11-02,128.9945378028136,128.9945378028136,125.0820134430107,125.96356964111328,39640900
2016-11-03,120.8426062266032,122.11046186969422,118.36632331212363,118.86157989501953,63766300
2016-11-04,118.45546280001108,120.77326747754832,118.11869195973651,119.60446166992188,30545500
2016-11-07,121.6647373229092,122.0411296157638,120.19877447202514,120.9911880493164,23008900
2016-11-08,120.87231588317785,123.42784156884495,120.38696656609106,123.04154205322266,19460800
2016-11-09,120.34733608213683,122.63541881903393,119.36673027446878,122.01139831542969,31916000
2016-11-10,122.7543107963989,123.00193911580122,114.17646218493456,119.65400695800781,67846700
2016-11-11,118.39603295174571,119.55493149753842,117.02912755596574,117.890869140625,32840100
2016-11-14,117.99984799513739,117.99984799513739,112.47278946420339,113.98827362060547,51377000
2016-11-15,115.62259994661893,117.36589759863644,114.73113662626032,116.088134765625,34681400
2016-11-16,113.39395007907257,116.76168878331633,113.12650729347872,115.23629760742188,32397900
2016-11-17,115.70184772772633,116.67255401611328,114.90944167965048,116.67255401611328,18597800
2016-11-18,117.26684915693053,117.9998267590463,115.73155077868628,115.90984344482422,22879300
2016-11-21,117.07864515395528,120.79306927123831,116.68244596039058,120.61477661132812,35415400
2016-11-22,121.238804434478,121.81330384371216,119.75303479081286,120.317626953125,26089200
2016-11-23,120.07992589847376,120.15916121598322,118.80216288555516,119.69361877441406,15672100
2016-11-25,119.86200422555105,119.99076822078636,118.93091940103363,119.23797607421875,8658600
2016-11-28,118.98044284425855,120.5355481946108,118.68328587508933,119.26769256591797,18101300
2016-11-29,119.42617827818997,120.94166229116342,119.25779284497428,119.72333526611328,18891000
2016-11-30,119.17854639145722,120.6346019858839,116.8310274170738,117.29656982421875,30188900
2016-12-01,117.25694625605831,117.32628187562564,112.91850129524053,114.00806427001953,43277000
2016-12-02,114.01798705134543,115.3749929986293,113.21567369318653,114.30523681640625,25070400
2016-12-05,114.84999337137425,116.4546273481186,113.97834454531178,116.31595611572266,20201500
2016-12-06,116.57350527424417,116.68246233486937,115.22640666743834,116.19710540771484,19131200
2016-12-07,115.89003969096392,116.83102416992188,115.46411872998999,116.83102416992188,21913700
2016-12-08,116.86074386203298,118.36632051335026,116.52396546397871,117.78192138671875,22442800
2016-12-09,118.08898154704835,118.80215223984229,117.82153875874273,118.54461669921875,17464700
2016-12-12,118.08898148159498,118.10878841993238,116.53387610506516,116.6527328491211,17805500
2016-12-13,116.74188583046137,120.36716019647567,116.4942575315773,119.16864013671875,29768000
2016-12-14,118.86158846394412,120.53555825305654,117.7224967297614,119.06959533691406,25913100
2016-12-15,118.9408134225633,121.33785328187675,118.49507799874732,119.42616271972656,20139600
2016-12-16,119.75305367330581,120.34736011307822,118.13851223612134,118.73282623291016,25324300
2016-12-19,118.71300117110584,119.21816500061283,117.38571715896931,118.1087875366211,15918100
2016-12-20,118.36632674463867,118.63376198207092,117.67297053128398,117.96021270751953,13684400
2016-12-21,117.7918183833308,118.06916084772973,117.35599774942479,117.91068267822266,10767600
2016-12-22,117.73239556960283,117.86115956071654,115.8207048560608,116.28624725341797,16258600
2016-12-23,115.89003548478534,116.4447204158693,115.1966793209304,116.157470703125,10890000
2016-12-27,115.8504153389776,117.55409913995037,115.75136553690103,116.89045715332031,12051500
2016-12-28,117.06877003414047,117.1281984142448,115.54337863632225,115.8108139038086,12087400
2016-12-29,115.89004327607714,116.41501405786332,114.95895845886186,115.24620819091797,9934900
2016-12-30,115.49383273106929,115.721654082535,113.68119183793678,113.95854187011719,18684100
2017-01-03,114.9292379451703,116.72206430283907,114.41417443960788,115.7513656616211,20663900
2017-01-04,116.43481109812357,118.52479422109326,116.1772755912655,117.56399536132812,19630900
2017-01-05,117.73240386830089,119.80257290474947,117.19752581387002,119.52523040771484,19492200
2017-01-06,119.83228759949638,122.70476977008299,118.89129554618714,122.2392349243164,28545300
2017-01-09,122.3779118088452,124.24007394884349,121.87274794880233,123.71510314941406,22880400
2017-01-10,123.63585337237265,124.30940262913785,123.10097535461655,123.1703109741211,17324600
2017-01-11,123.17030807175566,124.92352057036867,122.88305835285817,124.893798828125,18356500
2017-01-12,124.418364639348,125.52774215263678,123.6160513592556,125.41878509521484,18653900
2017-01-13,126.28051713110703,128.04363685463565,126.16166039171138,127.12245178222656,24884300
2017-01-17,126.8252916148747,127.1224485698857,126.19137138774744,126.65691375732422,15294500
2017-01-18,127.191808343016,127.21160772564517,125.63669530677141,126.70645141601562,13145900
2017-01-19,127.01349989356672,127.13237175182299,126.240900828043,126.33995819091797,12195500
2017-01-20,126.88473448895448,127.26111919040258,125.57724993878493,125.83478546142578,19097200
2017-01-23,126.10222927475752,128.02382724311195,125.74564392893885,127.70685577392578,16593600
2017-01-24,128.152584481309,128.66764039017448,127.16207142175713,128.14266967773438,15162700
2017-01-25,128.76669568405345,130.49019382118297,128.53888191592534,130.23265075683594,18731300
2017-01-26,130.38124071797256,131.87691001809807,130.1930408157387,131.52032470703125,20020100
2017-01-27,131.42129729907418,131.68874012182005,129.8364850885819,130.92604064941406,19539500
2017-01-30,130.33169479257816,130.33169479257816,128.37048339828462,129.7373809814453,18956100
2017-01-31,128.9351084015549,129.4204653368486,128.29128083235736,129.0836944580078,19790500
2017-02-01,130.99533549237054,132.22357697130747,129.44022293160296,131.96603393554688,50139800
2017-02-02,131.95613473402622,134.20460333392833,129.16288099573006,129.5987091064453,54366400
2017-02-03,129.99492401948265,131.58965046152682,129.51946692496514,129.7373809814453,24804900
2017-02-06,129.73738831296436,130.80714416503906,129.06384672871116,130.80714416503906,17058500
2017-02-07,130.98547828644803,131.73826291922032,130.41097878484567,130.58926391601562,14596400
2017-02-08,131.34205261766644,133.16459322629117,131.18356688282128,132.92686462402344,22390600
2017-02-09,133.21411728431266,133.22401697463508,132.04530392293424,132.867431640625,16470600
2017-02-10,132.82784961113308,133.65987721862706,132.41182069335142,132.9169921875,15061900
2017-02-13,133.42213262480865,133.42213262480865,132.43161936833044,132.77830505371094,13526200
2017-02-14,132.82784378695268,132.95660024249213,131.29254510046894,132.58021545410156,14364900
2017-02-15,132.18397195570762,132.43160023404877,131.401473246323,132.174072265625,13226500
2017-02-16,131.80758253572353,132.5999809068485,131.7580538590207,132.5702667236328,12831100
2017-02-17,132.23353043793057,132.81792967916448,131.90665922316396,132.26324462890625,12276500
2017-02-21,132.23350191944428,132.63961592723842,131.63918800003668,132.451416015625,14759100
2017-02-22,132.33254659148452,135.49227045514098,132.19387537212037,134.82862854003906,27360100
2017-02-23,134.60085280205686,134.82866663093782,133.05565446002316,134.0758819580078,18422500
2017-02-24,132.88726506233402,134.3334059849919,132.88726506233402,134.15512084960938,12625700
2017-02-27,133.97682167276733,135.8786053689054,133.73910815702087,135.1159210205078,14306700
2017-02-28,135.4922764718648,135.51209096523368,133.4716364551109,134.25413513183594,16112100
2017-03-01,135.1753332621181,136.17574612086545,135.0069478372219,136.11631774902344,16257000
2017-03-02,135.78945663255598,136.51254218086228,135.0168575134071,135.46258544921875,12294800
2017-03-03,135.3338124266835,136.0271685879009,134.78902718785886,135.86868286132812,11160600
2017-03-06,135.58144728841384,136.52243177531918,135.21494713866895,136.11631774902344,12748200
2017-03-07,135.73002424182576,137.0573083186416,135.69041036351683,135.99746704101562,13527100
2017-03-08,135.84889806820993,136.6809407576145,135.749855802971,136.4134979248047,10184500
2017-03-09,136.41348722305887,137.25542953872608,136.09651572547918,136.92855834960938,15535300
2017-03-10,137.59216896057083,138.16666833305686,136.90871254995758,137.47329711914062,16314100
2017-03-13,137.39407871144115,138.35486251325528,137.35444972359554,138.275634765625,10955500
2017-03-14,138.13696224372617,138.13696224372617,137.20587752046242,137.998291015625,12944000
2017-03-15,137.9685722118385,138.77090057190975,137.17617377043672,138.39450073242188,19344800
2017-03-16,138.86994082629099,138.91946950667537,138.40439843593398,138.6619415283203,13612900
2017-03-17,139.00862331508898,139.00862331508898,138.37469545133638,138.51336669921875,20592800
2017-03-20,138.38459770830974,138.86003978450432,137.92895501285122,138.61241149902344,12099500
2017-03-21,139.81092269481536,140.95992155660642,137.08701157872483,137.1959686279297,29894800
2017-03-22,136.62150645237617,138.46386198693995,136.2946503296621,138.26576232910156,17055400
2017-03-23,138.1567854010615,139.05815609586577,137.7704858338644,138.20631408691406,13022800
2017-03-24,138.75109322050858,139.68217806252883,138.43412173640286,139.0086212158203,16664700
2017-03-27,137.73087447012531,139.31568664813267,137.45353196112322,138.98883056640625,12800500
2017-03-28,139.0284032226233,140.60331524189874,138.68171763215344,140.4151153564453,14679400
2017-03-29,140.64297990383855,141.5047215831776,140.0882797955633,141.2967071533203,16527600
2017-03-30,141.04907567339183,141.59386096407363,140.50430549674223,141.05899047851562,12404000
2017-03-31,140.959935836564,141.2769073260093,140.5439220921914,140.70240783691406,11478300
2017-04-03,140.58352065926172,141.11840621093384,139.4840655993342,140.93020629882812,13564000
2017-04-04,140.51420856916928,140.7420223820157,139.92980938602588,140.38543701171875,12948600
2017-04-05,140.91041720533494,142.07923076351287,139.94961809120034,140.5043182373047,17158100
2017-04-06,140.76181899675805,140.8707760436748,139.57320628477677,139.8307342529297,15103400
2017-04-07,139.8604717707098,140.20715746347415,138.9095874880969,139.4444580078125,11818300
2017-04-10,139.66233620250657,140.08824954753902,139.2958512205922,139.7019500732422,9039400
2017-04-11,139.4642620462068,139.69207585103482,137.4931353306058,138.5926055908203,16638100
2017-04-12,138.39446954724468,139.06801109346972,138.11712713244282,138.25579833984375,11612500
2017-04-13,138.29547131293452,139.24637079439069,138.0082290869936,138.06765747070312,10965600
2017-04-17,138.43412874889705,140.20715596060907,138.42422905727938,140.07838439941406,11519700
2017-04-18,139.9297983606077,140.56372617851656,139.27605604756786,139.62274169921875,14807500
2017-04-19,140.0090482640972,141.6830028930307,139.92980539362185,140.92031860351562,15563900
2017-04-20,141.59384881011073,142.88151890100218,141.3363208375448,142.435791015625,15968200
2017-04-21,142.53483915540878,142.80228194330894,140.92031296541953,142.31692504882812,12382000
2017-04-24,143.58477908579553,144.28803489090473,142.97065071422875,144.08993530273438,14407200
2017-04-25,144.4069094464886,145.75400797197355,144.4069094464886,145.10028076171875,17767500
2017-04-26,145.69457218849266,146.18982875187515,144.7040590617277,145.1696014404297,12395000
2017-04-27,145.278570213639,146.3483262905635,144.75359942320827,146.29879760742188,11275100
2017-04-28,148.0817153600607,150.09245583776712,147.65580196192056,148.82460021972656,30652200
2017-05-01,150.3004706809688,151.12259840838087,149.98349921853136,151.01364135742188,25218300
2017-05-02,151.88529718091453,151.98435455091018,150.2212421860225,151.3306121826172,21870400
2017-05-03,152.14282042767405,152.14282042767405,149.904251116,150.35989379882812,29782500
2017-05-04,148.74537318330678,150.08257211861783,147.30913199125263,149.41893005371094,36225500
2017-05-05,150.0132250640894,150.19152530407717,148.36896948146082,148.81471252441406,17148500
2017-05-08,149.28025205344616,149.6467371034877,148.31945303368613,149.62692260742188,15827500
2017-05-09,150.05284189061643,151.142397282522,148.7849862731798,149.0524139404297,17453900
2017-05-10,148.80478366642663,149.09204093871452,147.44778551136525,148.8642120361328,12080700
2017-05-11,148.8840352005091,149.220806057809,147.9925793749431,148.61659240722656,11841900
2017-05-12,148.97316717041724,149.03261065339032,148.21048295028308,148.90383911132812,9598200
2017-05-15,148.7453679988461,150.04293789500736,148.34916875761732,148.7651824951172,15064700
2017-05-16,148.68594100257752,148.7849983708192,147.61618490450311,148.35906982421875,14550800
2017-05-17,146.59594033007863,147.25958230032165,143.04990158138358,143.475830078125,28300100
2017-05-18,143.34705954903322,146.7445122867383,143.13904514422052,146.25917053222656,23031600
2017-05-19,147.0416644889374,147.97274920735768,146.5563227501232,146.65536499023438,16187900
2017-05-22,146.67519346309976,147.18034974369343,146.2888939275795,146.83367919921875,12586700
2017-05-23,147.11102638422298,147.3982685653454,145.85307037385732,146.66529846191406,12817800
2017-05-24,147.10110843534522,148.8047923316094,147.011965875595,148.61659240722656,17862400
2017-05-25,148.87416154772106,151.1424304998217,148.52747582490355,150.51841735839844,19891400
2017-05-26,150.78582509170528,150.8056395882765,149.71606898734592,150.68678283691406,14996200
2017-05-30,150.5282884366413,151.44945843479545,150.20141727515806,150.9344024658203,13226000
2017-05-31,151.25134360607066,151.89518617356381,149.65661694995416,150.0231170654297,18023900
2017-06-01,150.3103823810478,150.8452528741076,148.87414122294805,150.09246826171875,14530600
2017-06-02,150.40941243689983,152.17252445383272,149.86462723750378,152.1527099609375,16854400
2017-06-05,152.18243081779664,153.24228708074472,151.95461703861383,152.1725311279297,12520400
2017-06-06,151.954650334621,153.05412071198106,151.03346509811377,151.36033630371094,13457100
2017-06-07,151.81594442927226,152.29138647707714,150.89475940299326,151.6673583984375,12066700
2017-06-08,152.61828139441488,153.26210895295213,151.6475826539328,153.2423095703125,17799400
2017-06-09,153.30173774861268,154.11395074273491,145.21914611648856,148.1807861328125,35577700
2017-06-12,146.76432602659534,147.78455332307783,143.18857308685554,147.03176879882812,33170200
2017-06-13,148.72554802223,149.7457753891306,147.48740654647372,149.25051879882812,20483400
2017-06-14,149.8250130563587,150.95419743848956,147.63598746706742,148.82460021972656,20808800
2017-06-15,146.2690928878799,148.6166045032259,144.98142261301103,148.37889099121094,18994200
2017-06-16,148.17088025804802,149.399122185616,147.19028176840786,149.21092224121094,22882400
2017-06-19,150.2707550145975,152.11311005827173,150.2707550145975,151.41973876953125,19026500
2017-06-20,151.4296770145618,152.3805613116329,150.7660349221802,150.80564880371094,14743900
2017-06-21,150.91459165494612,152.61827556692154,150.43914955119521,152.44989013671875,15039800
2017-06-22,151.5584483074074,153.08384739130895,151.45940603686455,151.9447479248047,13005500
2017-06-23,151.27116507278504,153.72763338133495,151.201821899569,153.598876953125,18027000
2017-06-26,154.76768806043194,155.01531636132862,151.74661976668588,152.13291931152344,18049700
2017-06-27,151.39005928346913,151.85560177476995,148.96330455875216,149.15150451660156,19360800
2017-06-28,149.48827193081405,152.01408397859086,148.4383302053465,151.78627014160156,16719100
2017-06-29,150.83534320319941,151.05325730811066,147.50721837204634,149.6071014404297,23973500
2017-06-30,150.45896942844428,150.478783927059,148.63642852077447,149.54769897460938,17666000
2017-07-03,150.2806783075121,150.70659176957219,146.39786800528728,147.02188110351562,13862700
2017-07-05,147.58645808318994,149.41891344057353,146.72471648657668,148.9137420654297,14334300
2017-07-06,147.61615662244407,148.6165693482718,146.5959294039578,147.4081573486328,14951800
2017-07-07,147.83408497948366,150.5480964027377,147.77465660979715,150.00331115722656,13615900
2017-07-10,150.2509509771395,152.5192195738496,150.07265074035845,152.0437774658203,13378700
2017-07-11,151.91499774857107,153.94555273916356,151.45937016112046,153.79698181152344,13667700
2017-07-12,155.00543721582522,157.65010600626053,154.71817988485208,157.39256286621094,22739400
2017-07-13,157.23405904686712,158.2641860476325,156.9170875918434,157.74911499023438,13929200
2017-07-14,158.6109088603587,158.7991088166329,157.8184951511152,158.45242309570312,16371200
2017-07-17,158.72971640413007,159.25468711197612,157.30337519261263,158.2146453857422,12858800
2017-07-18,158.14533287232726,162.17671352629037,157.907604275703,161.31497192382812,23722900
2017-07-19,162.0380698775304,164.1280535806634,161.62205609813384,162.58285522460938,26273600
2017-07-20,163.2365589750693,163.43465856871018,161.26543250037156,162.9691162109375,18523100
2017-07-21,162.60265897415246,163.48421516332067,162.19654491371818,162.87008666992188,14744000
2017-07-24,163.07808764197958,164.5935715823785,162.7512164823206,164.42518615722656,17367000
2017-07-25,163.44459331132407,163.9695641483729,162.30550906807474,163.7120361328125,15383200
2017-07-26,164.43507859930227,164.43507859930227,162.54321001538517,164.03887939453125,35236900
2017-07-27,173.04263954445193,173.82515337538496,165.91094808251708,168.82305908203125,68910700
2017-07-28,167.46605612108485,171.7846787031002,167.4462416272688,170.81398010253906,24557600
2017-07-31,170.36825926652511,171.08142993304233,166.9509919726481,167.64434814453125,25478900
2017-08-01,168.20893654247342,168.85276399136757,167.44623724782238,168.24855041503906,14385000
2017-08-02,168.68440666598877,168.93203497433166,165.32656740942036,167.6938934326172,17433800
2017-08-03,167.6938715399928,168.09007073600418,166.65382975792477,166.9906005859375,10793800
2017-08-04,167.36702144604493,168.4466772378536,167.0896789511589,168.01084899902344,10777700
2017-08-07,168.3377242719808,170.4277078397195,168.0504820788749,170.3484649658203,12787800
2017-08-08,170.24941822724324,171.40831688870003,169.0013618887264,169.60557556152344,14393500
2017-08-09,168.36741754070093,169.82347305036328,167.95140383994467,169.5560302734375,10815000
2017-08-10,168.44665816556696,168.971628908164,165.2671195256135,165.8118896484375,20832700
2017-08-11,166.3566715761673,167.21842824787947,165.26711623816178,166.48544311523438,13791200
2017-08-14,168.47638462128262,169.4569981190462,167.6839710475978,169.130126953125,12954200
2017-08-15,169.86311876317023,169.87301845438998,168.39714830490075,169.3777618408203,8729200
2017-08-16,169.62539437237908,169.7541659316048,167.63446817729377,168.3872528076172,15779900
2017-08-17,167.73350852325746,168.24857964025998,165.2671402273293,165.32656860351562,17216000
2017-08-18,165.25722332544456,167.06986434629488,164.63321026937192,165.8218231201172,15093600
2017-08-21,165.57416494418115,166.40619227820505,164.24688108551976,166.1882781982422,11907500
2017-08-22,166.68357151707806,168.25848398570884,165.56428668783371,168.03067016601562,11391000
2017-08-23,167.23822297418832,167.75329400209404,166.60429521446974,167.10946655273438,9856500
2017-08-24,167.27786602990847,167.68396493576782,164.8312973341224,166.148681640625,14030400
2017-08-25,166.26757140765145,166.7826425811848,164.6035011216338,164.7421875,12614500
2017-08-28,165.32657119463215,166.109070016737,164.75207169243936,165.6534423828125,8553700
2017-08-29,163.6823094751131,166.83213425747812,163.4346811703096,166.45574951171875,11121000
2017-08-30,166.5746005826968,168.56552664439096,166.03973011273018,168.30799865722656,11138300
2017-08-31,168.78341874107824,170.5168165895331,168.44664792931704,170.33853149414062,17226500
2017-09-01,170.76443091777077,171.2795018969201,169.68477540192367,170.38804626464844,11677600
2017-09-05,169.64518807656071,170.75455794612552,167.94150428313995,169.10040283203125,13210900
2017-09-06,169.28862955427584,170.84372755598866,167.96134537670522,170.45742797851562,13906300
2017-09-07,170.30886209315506,171.6658605005553,168.65470666793544,171.5668182373047,18049500
2017-09-08,171.44789859659588,171.84411288131489,169.17963038344416,169.3282012939453,10998500
2017-09-11,170.76445197627146,172.24032193270875,170.5663523795626,171.86392211914062,12372000
2017-09-12,172.11158188141442,172.34931050937587,170.12065563209944,171.31918334960938,11186300
2017-09-13,171.36869620046926,171.52718195177596,170.42771161238954,171.4083251953125,9119300
2017-09-14,170.62582051897022,170.64563501746886,168.88252250193793,169.33816528320312,15615700
2017-09-15,169.25890362735308,170.70504446262106,168.64477515429186,170.01168823242188,15660500
2017-09-18,170.35835204740403,170.43759490840733,167.73348328652213,168.39712524414062,12954000
2017-09-19,169.00133217197242,170.92292991196385,168.74380421938696,170.88331604003906,13168600
2017-09-20,170.86352277292534,171.40830804225402,169.08059603422763,170.53665161132812,12264100
2017-09-21,170.06119373809753,170.63569314025756,168.3971238983874,169.4866943359375,11161400
2017-09-22,168.59523261742277,170.10080156888122,167.6146192584614,168.92208862304688,12097100
2017-09-25,167.63446989285967,167.69389827033118,160.02732018181425,161.32489013671875,41251600
2017-09-26,162.93941807528518,163.92993125507417,161.23573419692562,162.6521759033203,23363300
2017-09-27,164.32610614980848,166.74296036887793,163.99925014922317,166.08921813964844,19242500
2017-09-28,166.34678894323193,167.4660736938179,165.57418985766896,167.12928771972656,12178700
2017-09-29,167.22833747865513,170.03149151606613,167.20852298366117,169.2489776611328,15340400
2017-10-02,169.7640422794156,170.23948434297864,167.14908825877293,167.8622589111328,13392300
2017-10-03,167.69388341010085,169.11030999443145,167.59482604707105,168.34762573242188,8190300
2017-10-04,168.21884699187643,169.05087439524374,166.6934483050054,166.8222198486328,12127900
2017-10-05,167.57500871557787,169.68480657734727,167.0005243846287,169.615478515625,14580600
2017-10-06,168.63488776953497,170.7347711096752,168.13963112410315,170.59609985351562,13124500
2017-10-09,171.0616250059527,173.22095162091048,170.36826879528985,170.863525390625,14570400
2017-10-10,171.35878545763296,171.55688507697408,169.17965941681632,169.962158203125,11341100
2017-10-11,170.31872823551214,171.14085594011996,169.77394299582855,171.1012420654297,11283700
2017-10-12,170.97248379358535,172.2007256007477,170.65551231533752,170.91305541992188,10351000
2017-10-13,171.80450906965623,172.9931218699168,171.55688077318396,172.09176635742188,13658300
2017-10-16,172.8346809500408,173.33983732060847,172.40875234761228,172.86439514160156,11498800
2017-10-17,173.05255766652377,174.4590845142974,172.70587202125634,174.43927001953125,15990100
2017-10-18,174.9741444533948,175.06330212485867,174.0826886510079,174.3600311279297,12752400
2017-10-19,173.2704308943722,174.3600012340672,170.99226309796626,172.90394592285156,14048400
2017-10-20,173.83507845527473,174.21147833343485,172.97333674899556,173.32000732421875,12602200
2017-10-23,173.53791231857943,173.67658356417678,169.62538814048133,169.64520263671875,13852700
2017-10-24,170.66545320814606,171.59653817528428,169.8730395054305,170.17019653320312,12267900
2017-10-25,170.26919177322196,170.61587739554483,167.28775285455964,168.98153686523438,15868200
2017-10-26,169.75416116310623,170.65551671026833,168.77354763030905,169.0112762451172,11833100
2017-10-27,172.49787951244258,176.51937607481491,172.25025119553467,176.1925048828125,30285300
2017-10-30,177.55939107878734,178.97583281638015,175.92505034175073,178.16360473632812,24353200
2017-10-31,178.85696275001752,179.08477653749364,177.2424215151375,178.35179138183594,20174200
2017-11-01,180.6299670746552,181.16483749123913,178.85695529983693,180.9271240234375,40918300
2017-11-02,178.91639460542575,180.2139644099417,175.6575978874588,177.2226104736328,35529900
2017-11-03,177.58909550158677,178.1536952501948,175.0335848822982,177.2226104736328,17822100
2017-11-06,176.8660276008418,178.73809687047452,176.6183993106045,178.46075439453125,13312700
2017-11-07,178.78765213076184,179.03528045781277,177.262268286303,178.54002380371094,12928200
2017-11-08,178.08433537699904,178.63903538317513,177.41079375482983,177.8565216064453,10494100
2017-11-09,176.6184008035465,177.69805653073985,175.40997352785126,177.59901428222656,12610300
2017-11-10,176.6580412307752,177.40092615586002,176.27174167429243,176.76699829101562,11070200
2017-11-13,175.81606459306354,177.34144802443038,175.61796500787727,177.0740203857422,9523400
2017-11-14,176.44013516558414,177.27216269229712,175.4991354596232,176.38070678710938,9585900
2017-11-15,174.98407015002988,176.8759540392469,174.7265270382634,176.26182556152344,10253700
2017-11-16,177.06411803287887,178.12397431489654,176.80659006543124,177.88624572753906,15607600
2017-11-17,177.59900632552416,178.27254799575226,177.2027920071275,177.30184936523438,13018000
2017-11-20,177.17308321484725,177.79711133904536,176.41039896752883,177.04432678222656,10052400
2017-11-21,177.45045265778217,180.16446455625712,177.2919820155471,180.13475036621094,14504000
2017-11-22,179.58005759067416,180.00597103899509,178.72821557999941,179.1541290283203,10376300
2017-11-24,178.68854882734144,181.41245972479499,178.5795917868821,181.0459747314453,9426300
2017-11-27,180.82808247741278,181.98698107634905,180.26349782799684,181.2936248779297,12344500
2017-11-28,181.7690477068294,182.50203281835826,180.36252096364967,180.68939208984375,14379700
2017-11-29,180.16444596746075,180.24368883741906,172.3492973969533,173.4685821533203,41933500
2017-11-30,175.17225894674615,176.58868551529983,173.53790315914793,175.49911499023438,25307600
2017-12-01,174.3599973242563,175.7962381114455,170.70500203781788,173.43882751464844,20182500
2017-12-04,174.61755779367107,174.89491538253404,169.16973543028604,169.84329223632812,24459400
2017-12-05,168.83297290365758,173.71621086748618,167.40663146907858,171.19039916992188,20184900
2017-12-06,170.8635156507025,175.09301096569496,170.26920172456593,174.38973999023438,20255800
2017-12-07,174.13222191282136,178.67867382985173,174.13222191282136,178.43104553222656,20404500
2017-12-08,179.80784636222387,180.55073120593295,177.04432139379966,177.30184936523438,19883800
2017-12-11,177.5990195450654,178.5102898741617,177.10376294572836,177.3414764404297,13168600
2017-12-12,176.90567589789114,177.4801602935909,174.92464935979172,175.28123474121094,16854100
2017-12-13,175.61797688329423,177.4603318667641,175.5684482051411,176.60848999023438,14615700
2017-12-14,176.5986049804972,178.64897471252007,175.99439127876437,176.69766235351562,13591000
2017-12-15,177.32165838703125,178.77771384488565,176.6679161173761,178.47064208984375,28463100
2017-12-18,179.2928143555422,179.5800716881987,178.04477298733693,179.10462951660156,17265400
2017-12-19,178.24281973595362,178.3715912685178,176.52923639704196,177.80699157714844,14920600
2017-12-20,178.10417610881552,178.10417610881552,175.6774217911442,176.202392578125,11860500
2017-12-21,176.25192797255116,176.98489809562622,175.37037179536955,175.76657104492188,11600700
2017-12-22,175.45952303704692,175.84582261437689,174.55815231859918,175.51895141601562,8509500
2017-12-26,174.95434713969757,175.3208321783826,173.0129346642715,174.32041931152344,8897300
2017-12-27,174.87512567213528,176.74719519958884,174.58786835204145,175.93496704101562,9496100
2017-12-28,176.26180036505338,177.2424137597653,175.99435760030826,176.23208618164062,12220800
2017-12-29,176.31137941920966,177.15332182721858,174.78599548339844,174.78599548339844,10261500
2018-01-02,175.99437360151487,179.85738405072726,175.86561716636325,179.6988983154297,18151900
2018-01-03,180.15452025569974,183.02700208514668,179.60973504969294,182.9180450439453,16886600
2018-01-04,183.14589879527125,184.4434838833877,182.3535002652284,182.58131408691406,13880900
2018-01-05,183.82930599431793,185.1268756198494,183.17556378001032,185.07736206054688,13574500
2018-01-08,185.42403380057166,187.10790290703792,184.56229231208056,186.49378967285156,17994700
2018-01-09,186.9098352780466,187.0088926423137,185.32502324799526,186.08770751953125,12393100
2018-01-10,185.16652762376015,186.10751207792646,183.8689578369167,186.0579833984375,10529900
2018-01-11,186.6126757411536,186.6126757411536,185.60236318683116,185.98866271972656,9588600
2018-01-12,176.37079547599575,179.75834914247744,175.71705307175364,177.66836547851562,77551300
2018-01-16,179.77815924037765,180.02578755889056,176.3509766619843,176.69766235351562,36183800
2018-01-17,177.55938625737724,177.61882974364633,174.13221913674,175.91514587402344,27992400
2018-01-18,176.44011363895262,179.26306707032057,175.40007180043543,178.09426879882812,23304900
2018-01-19,179.13430106537524,180.63987010270947,178.46074429475263,179.5701141357422,26826500
2018-01-22,179.0847823947207,183.63123417286803,178.69848286678723,183.61141967773438,21059500
2018-01-23,184.2849838379118,187.75178003706722,183.78972723803244,187.55368041992188,25678800
2018-01-24,188.08853789220552,188.85123723521173,184.7505134763172,184.7802276611328,24334500
2018-01-25,186.16694314552277,186.83058514100517,184.82975946412904,185.70140075683594,17377700
2018-01-26,185.9688550447163,188.197509765625,185.03777020973595,188.197509765625,17759200
2018-01-29,186.95934746481998,187.04849001637632,183.86895143195747,184.2156219482422,20453200
2018-01-30,185.84008999600536,186.39477499437987,180.11492465501698,185.34483337402344,20858600
2018-01-31,186.58297502319792,188.02913101028977,183.4628643487493,185.1170196533203,43275100
2018-02-01,186.43438455220476,193.46703389680712,186.1075134020891,191.2581787109375,54211300
2018-02-02,190.21813593466268,192.36756273953554,188.1776812933119,188.47483825683594,26677500
2018-02-05,185.15661293096173,188.8017091243046,178.8965777817862,179.5404052734375,33128200
2018-02-06,176.87593783502504,184.00762938677275,176.05381011899692,183.55198669433594,37758500
2018-02-07,182.40298028363694,183.32416532070192,178.24282831006587,178.47064208984375,27601900
2018-02-08,179.29278739220896,180.1149151550205,169.85319788423868,169.95225524902344,38478300
2018-02-09,173.10207123239243,175.22176875143597,165.5939798033236,174.43927001953125,39887600
2018-02-12,175.38026246242566,175.86561936508068,170.20978241744464,174.73643493652344,32092100
2018-02-13,173.95390807587424,174.30059371105105,171.4578259131115,171.50733947753906,21809400
2018-02-14,171.8045177120871,178.10418249580044,171.5668042084961,177.8169403076172,28929700
2018-02-15,178.78761701322696,178.78761701322696,175.16233538991273,178.25274658203125,20922100
2018-02-16,177.2919398220637,178.17349584971157,174.62745724579372,175.67739868164062,20645300
2018-02-20,174.10249648354807,176.26180784466655,173.44875419266546,174.3402099609375,21204900
2018-02-21,175.0336160385626,179.55035437528886,174.72654421250195,176.22222900390625,23200800
2018-02-22,177.0046891463297,178.50037361044184,175.72693388884682,177.2919464111328,18464200
2018-02-23,178.193323484886,181.65022008803572,177.80702393093205,181.55116271972656,19007300
2018-02-26,182.82889713440937,183.89865302191663,181.48179880725536,183.17556762695312,17599700
2018-02-27,182.70016558823588,182.9477939002595,179.73854064941406,179.73854064941406,15849800
2018-02-28,180.57053364049938,181.14503302828206,176.4499956885595,176.6282958984375,18783000
2018-03-01,177.3117568501919,178.4112270717761,172.75540534356068,174.27088928222656,23201600
2018-03-02,171.6460019202177,175.42976907303557,171.34886009274396,174.9444122314453,20025900
2018-03-05,174.52840096024556,179.43143766341063,174.2213443249447,178.6885528564453,16189300
2018-03-06,180.05547387325277,180.64978779129012,177.41080565464497,178.07444763183594,15086800
2018-03-07,177.04434160152326,182.07615066425714,176.38069954574584,181.96719360351562,19097300
2018-03-08,181.81859573801384,182.65062317651714,179.72861233703884,180.61016845703125,17225900
2018-03-09,182.16529344510178,183.75010555937143,181.47193720048176,183.47276306152344,18526300
2018-03-12,183.47274453296083,184.33450124156306,182.47233170346976,183.0072021484375,15301200
2018-03-13,183.8491509246032,184.22555076740557,179.3918416393266,180.154541015625,18067500
2018-03-14,180.86769948072936,182.50204006254287,180.12481465008128,182.44261169433594,16821700
2018-03-15,181.50162463376256,182.25440914352183,180.4615828631266,182.11573791503906,15614300
2018-03-16,182.73979231346402,183.57181980416672,181.67003620511807,183.33409118652344,24403400
2018-03-19,175.33072351630383,175.489209244305,168.44666029283232,170.92294311523438,88140100
2018-03-20,165.8812373698132,168.58533401994507,160.4136005851466,166.55477905273438,129851800
2018-03-21,163.23658318396647,171.75498788609298,161.7508133402666,167.7830352783203,106598800
2018-03-22,164.55395586900082,168.65467974090132,162.16681552949007,163.32571411132812,73743000
2018-03-23,163.8704754081584,165.01947413144111,157.51138367375648,157.87786865234375,53609700
2018-03-26,159.29433410055668,159.5716765770257,147.60627575639302,158.54153442382812,126116600
2018-03-27,154.8271044865024,161.3050688019178,149.31985391779583,150.77590942382812,79117000
2018-03-28,150.21130365565944,154.40118489738126,149.36937659980407,151.57821655273438,60029200
2018-03-29,153.6781130991885,159.88863494012733,152.67770023320637,158.2740936279297,59434300
2018-04-02,156.31288794344186,157.68970070687212,152.6479920730334,153.9158477783203,36796000
2018-04-03,155.06482597696663,155.89685333830263,149.3792754464435,154.62899780273438,42543900
2018-04-04,150.58771834083862,154.08422867556507,149.0821340673657,153.62860107421875,49885600
2018-04-05,160.02727870373892,160.0371935067696,155.16385622078306,157.82833862304688,41449600
2018-04-06,156.23363470007635,159.88863063673318,155.3223644170287,155.7086639404297,41644800
2018-04-09,156.32279024233887,159.00707237470763,154.5596629568833,156.43173217773438,34915200
2018-04-10,156.43172500897958,164.40535840424747,155.52045478009614,163.47427368164062,57889300
2018-04-11,163.79128803455646,167.05007030337438,161.7013042631029,164.7421875,56144600
2018-04-12,165.3958648421266,165.8614071847069,161.55268448601404,162.31536865234375,38263000
2018-04-13,163.01865688668843,164.12802678395565,162.21634364926973,162.959228515625,19990600
2018-04-16,164.1478372095887,164.2072655791788,161.83993980164306,163.2662811279297,18119400
2018-04-17,164.25684275768452,167.39676849506148,164.08845728945064,167.05999755859375,22743000
2018-04-18,165.2968245640235,166.5250510874858,164.1973544610349,164.78175354003906,20969600
2018-04-19,164.6232802545601,166.7330780716805,163.63276711811383,166.50526428222656,22235000
2018-04-20,166.19818396649725,166.83211173665842,164.23697228912835,164.7025146484375,19119400
2018-04-23,165.68315013444172,166.85194847643587,163.52382346084784,164.26670837402344,23088100
2018-04-24,163.86061630409202,164.52427354921892,156.68930932008357,158.17507934570312,35079900
2018-04-25,158.62080733058215,159.53207779927803,154.70828261925752,158.17507934570312,41083600
2018-04-26,171.57671233561481,174.59778087588944,169.17967200101276,172.50779724121094,77556900
2018-04-27,175.13264540407877,175.41990271058444,170.96259308329832,171.9431915283203,29804700
2018-04-30,172.14125202160983,174.05295001978845,170.08099822927304,170.3682403564453,20750500
2018-05-01,170.36826199970878,172.36910279698296,168.6150494902249,172.2106170654297,26025900
2018-05-02,172.59691700889962,176.3905842007417,172.54738832841505,174.399658203125,30424500
2018-05-03,173.46859571252065,174.44919418758522,170.48714106416764,172.36912536621094,24026100
2018-05-04,171.43804430311732,175.30104013934343,171.4182298051272,174.93455505371094,17677800
2018-05-07,175.66750293032248,177.79710003273476,175.4892027144479,176.2816162109375,18697200
2018-05-08,176.5589684787289,177.34146721480033,175.42978409554402,177.2226104736328,15577200
2018-05-09,177.96548445349003,181.27379453532498,177.08392841098836,180.9271240234375,23282800
2018-05-10,181.41248646809774,184.3642266851222,180.7686589339458,183.76991271972656,21071400
2018-05-11,183.09636685839305,186.53344879253777,182.43270972929454,185.216064453125,21207800
2018-05-14,185.92924115423364,186.0778120900049,184.43355653531984,184.869384765625,15646700
2018-05-15,183.12609613954402,183.53219508902276,181.46202600531655,182.5714111328125,15429400
2018-05-16,181.95724688859391,182.57137526599854,180.92711995189796,181.4619903564453,16975500
2018-05-17,180.94693708713623,182.3138500864891,180.49130949670618,182.01669311523438,14840700
2018-05-18,181.74925825650996,182.44261441933145,180.87760187237387,180.94692993164062,13130500
2018-05-21,182.02663633218936,183.54212049670434,181.39270841444474,182.73980712890625,13532900
2018-05-22,183.17558977360343,183.66094665868152,181.6898200469906,182.0563201904297,12731400
2018-05-23,180.76867030058264,185.13683741302216,180.45169880203213,185.12692260742188,16628100
2018-05-24,184.11660886494886,185.02787924680064,183.2746665517212,184.16612243652344,12354700
2018-05-25,184.2552503830491,184.56230702461957,182.7001375673143,183.16567993164062,10965100
2018-05-29,182.59117789035727,185.03774641177642,181.96716492629983,183.9779052734375,16398900
2018-05-30,184.7703027885103,186.21645853153484,183.4925475689725,185.88958740234375,13736900
2018-05-31,186.08770689174077,190.891701875885,185.7014073548531,189.9606170654297,30782600
2018-06-01,191.2383878865902,192.70434316849125,190.24787470157,192.149658203125,17307200
2018-06-04,190.02002411445042,192.13972148407336,189.653539114282,191.4463653564453,18939800
2018-06-05,192.45670233023714,193.15005849176038,190.79263242855058,191.10960388183594,15544300
2018-06-06,189.2177236187795,190.7034933263744,187.31594020674177,189.5247802734375,22558900
2018-06-07,188.94035528621623,189.15826935595697,184.99811776695617,186.3947296142578,21503200
2018-06-08,185.75094774066767,187.68244554680632,184.66137712488037,187.30606079101562,12677100
2018-06-11,187.01878842106407,190.77284178339625,187.00888873045716,189.72288513183594,12928900
2018-06-12,190.3469389806264,191.44640934780253,189.74272526327672,190.5747528076172,11562700
2018-06-13,190.9114963740424,192.6547939528217,190.08936870441616,190.58462524414062,15853800
2018-06-14,191.26807613943936,195.40841343671028,191.07987624155803,194.94287109375,19120900
2018-06-15,193.93257616449537,195.2004469875458,192.7934920102162,193.9920196533203,21860900
2018-06-18,192.95196936067535,197.68662112431983,192.2883273476324,196.4286651611328,16826000
2018-06-19,194.37829843003595,196.0819821908352,191.95152921578344,195.61643981933594,19994000
2018-06-20,197.21118174135304,201.6189624043631,196.92392445302633,200.0836639404297,28230900
2018-06-21,200.8364506124244,201.46047876373848,198.19178218709274,199.58840942382812,19045700
2018-06-22,199.2516266643414,200.3213826681222,197.4191713116182,199.8261260986328,17420200
2018-06-25,198.10264132855517,198.10264132855517,191.27800593934774,194.48727416992188,25275100
2018-06-26,195.72539403291194,197.21116367856453,194.3683808123419,197.1121063232422,17897600
2018-06-27,197.29041190071746,198.84552487929085,193.94248756260788,193.9821014404297,18734400
2018-06-28,193.32832075037396,195.46783246510148,191.42653759751474,194.3683624267578,18172400
2018-06-29,195.4480560834861,195.72539854794996,192.11993139588918,192.4765167236328,15811600
2018-07-02,191.53553304007485,195.57682871804158,190.39644890335302,195.48768615722656,13961600
2018-07-03,192.70430645982177,193.54623343828936,190.69356628638357,190.9015655517578,13489500
2018-07-05,192.89257155882026,196.765467197144,192.18930044349375,196.56736755371094,19684200
2018-07-06,196.56733496527244,201.70810072016715,195.82445009003405,201.30198669433594,19740100
2018-07-09,202.98585326038065,203.8476099813326,200.20251371772449,202.79766845703125,18149400
2018-07-10,202.55993857801187,202.96605259568244,200.34118368749978,201.60903930664062,13190100
2018-07-11,200.30157391916836,202.5599427317,199.83603152137152,200.6185302734375,12927400
2018-07-12,201.50005903014818,205.11544066868734,201.2623455752286,204.9569549560547,15454700
2018-07-13,205.83855225976728,206.45266562692623,204.49145366010424,205.35321044921875,11486800
2018-07-16,205.53148087128918,206.7399081366188,204.8777385577768,205.2640380859375,11078200
2018-07-17,202.9561551907856,208.463421456482,202.89672681511092,207.9978790283203,15349900
2018-07-18,207.82948304580205,208.988381654745,206.46257001852135,207.37384033203125,15334900
2018-07-19,206.78943203722804,207.9978592746231,205.78900409494054,206.11587524414062,11350400
2018-07-20,206.86867803092966,209.49353184052944,206.52199238179853,207.94833374023438,16163900
2018-07-23,208.5822627551057,209.61238978989286,206.81915054189116,208.9091339111328,16732000
2018-07-24,213.0692968578593,214.14895262761908,210.58311414589252,212.6334686279297,28468700
2018-07-25,213.67351788645288,216.54600024416015,212.23727670759925,215.43663024902344,58954200
2018-07-26,173.23081637004145,178.421109883291,172.101632165002,174.5878143310547,169803700
2018-07-27,178.16360164623987,178.22303001906036,171.35878090572243,173.23085021972656,60073700
2018-07-30,173.63696082555492,173.63696082555492,164.97987032348806,169.4371795654297,65280800
2018-07-31,169.05086541478258,172.58700436229037,168.3872234653967,170.9427490234375,40356500
2018-08-01,172.27992923616543,173.41902832335256,169.2786758740958,170.0215606689453,34042100
2018-08-02,169.06075581451387,175.11279100047358,168.65465696101683,174.69677734375,32400000
2018-08-03,176.00428700779494,177.15328590852553,174.4788882672312,176.0934295654297,24763400
2018-08-06,177.2721261735824,184.02741748318442,176.68772708692472,183.92837524414062,49716200
2018-08-07,184.73070598693096,186.51363271363255,181.97708058670403,182.06622314453125,33398600
2018-08-08,182.99728915052097,185.0773726370861,182.01667577302084,183.42320251464844,22205200
2018-08-09,184.0868684729874,184.80003912492776,180.74882899781267,181.35304260253906,19732100
2018-08-10,180.31302386004026,180.37246735032673,177.71788400340412,178.54991149902344,21500400
2018-08-13,178.39141710602644,180.87759957037042,177.20278928313903,178.34188842773438,17423300
2018-08-14,178.9956312448711,180.2634868199953,176.92544735268007,179.39183044433594,19102000
2018-08-15,177.63861283995405,179.15409664920458,173.1218755955972,177.82681274414062,33020200
2018-08-16,178.7083533578277,178.78759621138323,172.35916141071024,173.04261779785156,31351800
2018-08-17,172.84454024646018,174.5482240299317,170.4078713097176,172.15118408203125,24893200
2018-08-20,172.38890905408323,172.9138949500478,169.2886130448269,170.863525390625,21518000
2018-08-21,171.1706065676276,172.51770530436178,169.76407944919004,170.98240661621094,19578500
2018-08-22,170.57629485305836,172.58703555817914,170.49705197871458,171.9927215576172,16894100
2018-08-23,171.44790449230334,173.88457330652065,171.19037653390234,171.25970458984375,18053600
2018-08-24,172.05214897762818,173.16153409823602,171.27954984961585,172.99313354492188,14631600
2018-08-27,174.32041842833883,176.9749864722339,174.12230370288745,175.77647399902344,17921900
2018-08-28,176.41036972093156,176.54904093509327,174.1619009997111,174.5878143310547,15910700
2018-08-29,174.62746125371294,175.11280299612287,173.09216293732828,174.2312469482422,18494100
2018-08-30,174.231229126911,178.0843240585699,174.0331295514535,175.95472717285156,24216500
2018-08-31,175.46940840865383,175.93495082462655,173.31999656517846,174.06288146972656,18065200
2018-09-04,171.85403683933038,172.24033637521487,167.19862791317502,169.53623962402344,29809000
2018-09-05,167.88207692261227,169.50651786168052,165.0888226233438,165.59397888183594,31226700
2018-09-06,165.3958942359582,165.3958942359582,158.48211615080825,160.9881134033203,41514800
2018-09-07,158.78915897630583,163.06818299371594,158.64058805099202,161.49325561523438,24300600
2018-09-10,161.95880974431606,163.4445795613184,160.62162597743324,162.62245178222656,20197700
2018-09-11,162.38474196504612,165.6039099748491,162.1668278444907,164.3657684326172,20457100
2018-09-12,161.70126086105535,162.92950252549187,160.26501991296686,160.46311950683594,24078100
2018-09-13,160.4631362088056,161.77062086968667,159.33395178078638,159.82920837402344,25453800
2018-09-14,160.1857612362858,161.29513094364043,158.81884847970332,160.7800750732422,21770400
2018-09-17,160.3838941566865,160.52256539893756,158.2542968405385,159.05661010742188,21005300
2018-09-18,157.8778957329582,160.2254071416523,157.36282464554583,158.77926635742188,22465200
2018-09-19,158.56135173648215,161.88947662727907,157.96703778261312,161.51307678222656,19629000
2018-09-20,162.93940789429544,164.87090545139128,162.90969370988094,164.4449920654297,18936000
2018-09-21,165.05911847075214,165.66333212521704,161.26545111423076,161.38430786132812,45994800
2018-09-24,159.50236691134612,164.1280625398938,159.35379595132082,163.8408203125,19222800
2018-09-25,160.4532235622482,164.0190616772135,159.62118106612883,163.34552001953125,27622800
2018-09-26,162.74132641088838,167.69389255173078,162.65218384772098,165.36618041992188,25252200
2018-09-27,165.96048016905473,170.14044684255902,165.62370932772794,167.2382354736328,27266900
2018-09-28,166.73309211544623,167.18871973273122,161.01782660483147,162.89981079101562,34265600
2018-10-01,161.48335542195036,164.30632390636885,159.73014293855263,160.89895629882812,26407700
2018-10-02,160.04713630736714,160.7404925749775,157.16473905840854,157.8184814453125,36031000
2018-10-03,158.48212853118437,162.10741084870327,158.01658606950133,160.88906860351562,23109500
2018-10-04,159.9282729751568,159.9282729751568,155.8572629899707,157.34303283691406,25739600
2018-10-05,157.69963326810554,159.37358809310282,154.71817848413852,155.83746337890625,25744000
2018-10-08,154.0644098207405,156.83784968370725,152.92532573557284,155.75819396972656,24046000
2018-10-09,156.19402401382933,159.0665061578749,155.92658122631164,156.4020233154297,18844400
2018-10-10,155.33228767252257,156.19402932221695,149.87455025370605,149.9438934326172,30610000
2018-10-11,148.70573404040778,153.34132801576942,147.7449351404321,151.8951873779297,35338900
2018-10-12,155.243149839256,155.40163559928155,149.8646697169328,152.28152465820312,25293500
2018-10-15,151.86551424419,154.0941692841474,151.1028147319194,152.06361389160156,15433500
2018-10-16,153.9257422529814,157.94723846287542,153.53944271702497,157.273681640625,19180100
2018-10-17,158.04629454390417,158.96747974197547,156.45156757866937,157.90762329101562,17592000
2018-10-18,157.00624086133672,157.1548269087815,151.82586109123744,153.45030212402344,21675100
2018-10-19,154.38140392975896,155.8572741915126,152.09332061926568,152.5885772705078,19761300
2018-10-22,153.29181575330617,155.8473415956889,152.99467388770617,153.31163024902344,15424700
2018-10-23,149.78538369238035,153.3017080206721,149.41889870266425,152.92530822753906,19095000
2018-10-24,152.81639134090173,153.18287642691234,144.21874311641685,144.65455627441406,27744600
2018-10-25,146.32852091990304,150.76603124477543,145.60545046584542,149.51797485351562,22105700
2018-10-26,144.43663350770439,147.58645804205494,142.43579273050756,143.9908905029297,31303300
2018-10-29,147.09119706701347,147.41806820751273,137.71103669139526,140.74200439453125,31336800
2018-10-30,138.61240373336835,145.24883838964854,138.41430413888824,144.83282470703125,50528300
2018-10-31,153.5295604244153,154.916272989087,147.54686678450312,150.35000610351562,60101300
2018-11-01,150.08256522284228,151.30089223443773,147.9331533792513,150.3103790283203,25640800
2018-11-02,150.3599013435581,152.66779882975408,147.54684758468758,148.9236602783203,24708700
2018-11-05,148.67602742392816,148.7651699785997,146.04125886074246,147.2694854736328,15971200
2018-11-06,147.89351947181757,149.53777496669238,146.5959496331744,148.51754760742188,16667100
2018-11-07,150.13209725470534,151.55842360754224,148.4085987965662,150.09246826171875,21877400
2018-11-08,149.06233314066114,149.50806104658648,145.34790873456416,146.46717834472656,24145800
2018-11-09,145.35780498182177,146.35821782378,142.70323699055143,143.5847930908203,17326900
2018-11-12,143.10934988310908,143.66403488391435,139.15721169535493,140.2071533203125,18542100
2018-11-13,140.65290033980216,143.5055837183963,140.27650041789465,140.81138610839844,15141700
2018-11-14,142.33673557452363,144.1989051191763,140.20713836346064,142.851806640625,22068400
2018-11-15,140.97973684219755,143.4659193792365,139.49396713417556,142.48532104492188,30320300
2018-11-16,139.73171297258784,140.4250692324246,136.46301618874836,138.20631408691406,37250600
2018-11-19,136.30449298798396,136.44316420184936,129.96521590552405,130.30198669433594,44362700
2018-11-20,125.82489486219124,132.8872590546485,125.64660217785253,131.1736602783203,41939500
2018-11-21,133.1249258772409,135.88846529395892,132.8574982800312,133.54095458984375,25469700
2018-11-23,132.38208445257337,133.22402672656975,130.01475848556214,130.4803009033203,11886100
2018-11-26,131.73822763991137,135.70027959900645,131.52031357303886,135.08616638183594,24263600
2018-11-27,134.4621689690484,135.31401093871747,132.4415286601297,133.7192840576172,20750300
2018-11-28,134.98714332528849,135.49229963733737,130.59917692073856,135.46258544921875,29847500
2018-11-29,134.63053865203733,138.6619342211884,134.37301068725333,137.36434936523438,24238700
2018-11-30,136.94834994017023,139.63264736918933,136.0568941035098,139.27606201171875,25732600
2018-12-03,141.64341001769972,142.31695184556486,139.424654657489,139.75152587890625,24819200
2018-12-04,139.39493070608634,142.02969967798018,135.8588061293095,136.62149047851562,30307400
2018-12-06,132.5504797821404,138.37468694938408,132.40189373808923,138.30535888671875,28218100
2018-12-07,137.92895866036224,139.53358515622253,135.36353318230547,136.11631774902344,21195500
2018-12-10,138.27566330299868,141.69293117946117,137.69124896689294,140.5043182373047,26422200
2018-12-11,142.51504347479795,142.51504347479795,139.76141799908248,140.73211669921875,20300300
2018-12-12,141.7226386380311,145.79364872922972,141.1580388267544,143.12916564941406,23696900
2018-12-13,144.18897729116796,144.46631970786282,141.8315516352332,143.63427734375,18148600
2018-12-14,141.9801277808268,144.62479563966937,141.15800018879258,142.69329833984375,21785800
2018-12-17,141.72261332507324,143.54515376522735,137.10681874409212,138.8600311279297,24334000
2018-12-18,139.74159346487667,144.54557305188973,138.5034520588376,142.297119140625,24709100
2018-12-19,139.8703739868386,143.535269761183,131.24299746553402,131.97598266601562,57404900
2018-12-20,129.46007771838177,134.28388748490318,128.76672147172513,132.13446044921875,40297900
2018-12-21,132.12455151669133,133.6202209665845,122.24913397464364,123.76461791992188,56901500
2018-12-24,121.93216494149785,128.50917908523772,121.85292207731672,122.883056640625,22066000
2018-12-26,124.8046390451259,132.96647167452426,124.69568200965232,132.9070281982422,39723400
2018-12-27,131.18356624829173,133.7093778468049,128.43984054392837,133.24383544921875,31202500
2018-12-28,134.05603773632404,134.6305371411924,130.94582724378174,131.93634033203125,22627600
2018-12-31,133.1744995387938,133.36269946902638,128.71719004435573,129.84637451171875,24625300
2019-01-02,127.76631623160763,136.2054786802697,127.34038765256496,134.39283752441406,28146200
2019-01-03,133.4122145383374,135.86868284377482,129.87607544553947,130.49020385742188,22717900
2019-01-04,132.7386866843616,136.6908403351027,132.48115865811585,136.6413116455078,29002100
2019-01-07,136.25496910513067,137.552538747773,134.62062866183885,136.74032592773438,20089300
2019-01-08,138.5628870171809,141.78205482596397,138.21620136139165,141.17784118652344,26263800
2019-01-09,141.5938690756774,143.32726730003796,139.92981403502708,142.86172485351562,22205900
2019-01-10,141.72261564218903,143.18857079288694,139.50386086527106,142.8319854736328,16125000
2019-01-11,141.79194841316382,143.9809890790824,141.21746409851912,142.435791015625,12908000
2019-01-14,140.65288747317328,145.17954047264453,139.9298170018955,144.01072692871094,20520300
2019-01-15,144.62481527713746,149.25050973599636,144.60501589683045,147.53692626953125,24069000
2019-01-16,147.58647583492336,148.23030340872427,145.60544931364922,146.14031982421875,18025700
2019-01-17,145.55591330244098,147.58646840736213,145.11018538039298,146.8931121826172,15787900
2019-01-18,148.32935023224297,150.98391832724,147.140737426811,148.61659240722656,31029600
2019-01-22,147.78455479804407,150.0924521862759,144.9814008487504,146.17002868652344,22378700
2019-01-23,146.8732834984095,147.38835455019185,141.70280382844732,142.93104553222656,20098400
2019-01-24,143.26778987823624,145.0507161786209,141.16790729890985,144.44650268554688,20955500
2019-01-25,146.080860238255,148.40857194907525,145.1497755539269,147.59634399414062,22237200
2019-01-28,146.64546804182294,147.54683859365704,144.82292755818054,146.0709686279297,15508500
2019-01-29,146.68510880447596,146.69502361031104,142.0693132672397,142.82211303710938,17632100
2019-01-30,144.83282889649075,149.51795169890255,144.31775784471924,148.99298095703125,44613200
2019-01-31,164.02897169214566,170.05127790345932,163.4346577999882,165.10862731933594,77233600
2019-02-01,164.2666958840769,167.49577840080565,164.08841077320605,164.137939453125,30806500
2019-02-04,164.1280234915148,167.69387682410095,162.06775435646844,167.64434814453125,20036000
2019-02-05,167.54529845797657,170.34845257284368,167.08967085874446,169.53623962402344,22557000
2019-02-06,169.5758602926726,170.83381631438354,167.66417703222777,168.8726043701172,13281200
2019-02-07,166.60431611863686,167.6344583037022,163.68230522071042,164.8015899658203,17517600
2019-02-08,162.9097007259716,165.78218284597503,162.65217274527802,165.74256896972656,12561400
2019-02-11,166.30714636824283,166.70336068362698,163.51390723643058,164.2171630859375,12811200
2019-02-12,165.27701475971438,166.74296990061117,162.93940326335067,163.47427368164062,16292300
2019-02-13,163.8110584899125,164.64308585219865,162.17670283467527,162.51348876953125,14205100
2019-02-14,161.64186864961852,163.3059237471632,160.71078372473983,162.3946533203125,12755200
2019-02-15,162.94931530245077,163.13751522201042,159.33394829649333,160.95838928222656,15504400
2019-02-19,158.9773845725541,162.59275207017947,158.80899912532016,160.75039672851562,14345400
2019-02-20,160.71078082367424,162.1668365647587,159.7202675366254,161.01783752441406,11770700
2019-02-21,160.39379789021493,160.70086968311145,158.0760005910145,158.521728515625,15607800
2019-02-22,159.05660195678024,160.86924281805312,158.7891591768466,160.3541717529297,15858500
2019-02-25,161.52298999215196,164.49452950409318,161.35458945279422,163.0582733154297,18737100
2019-02-26,162.7809210423928,164.66290502180388,162.2460506125999,162.5729217529297,13784100
2019-02-27,161.35459971698157,162.37482713852486,158.88823143815844,161.2654571533203,12697500
2019-02-28,160.829605187793,161.94888981320577,159.33393586665466,159.9183349609375,11114200
2019-03-01,161.0574347008058,161.58240543010436,160.15606416030062,160.74046325683594,11097800
2019-03-04,162.34511389501836,165.91096760253666,162.27578582755604,165.78219604492188,18894700
2019-03-05,165.78217378561283,170.24939756856242,164.96996089764144,169.63526916503906,28187900
2019-03-06,171.25972789190405,171.9233850426753,169.64520163781978,170.87342834472656,21531700
2019-03-07,169.8729933425381,170.11072192296047,166.01989806311988,167.52548217773438,18306500
2019-03-08,164.62327422308334,168.01082721193242,164.39546044197604,167.99102783203125,13184800
2019-03-11,169.9720644168852,172.64644692789264,169.95224992174298,170.43760681152344,18884000
2019-03-12,170.4574021432631,172.1511862579482,169.5956605504402,170.2890167236328,12155300
2019-03-13,170.68520842044666,172.3789771965705,170.48709372805618,171.72523498535156,11973300
2019-03-14,168.1495042736157,169.52631692602537,166.56469232681593,168.5556182861328,18037400
2019-03-15,165.5741783422534,165.99019204292867,160.96828322200295,164.40536499023438,37135400
2019-03-18,162.01825947252323,162.34511554450353,157.76894916838668,158.94766235351562,37524200
2019-03-19,159.94807376704563,162.2658862353651,159.29434651529496,160.0372314453125,25611500
2019-03-20,159.96788930663635,164.5440556688868,159.71036130360315,163.87051391601562,20211500
2019-03-21,163.32571198721956,164.81148170574508,162.19652760570145,164.50442504882812,16223000
2019-03-22,164.0784993905981,165.8317119208794,162.53330127470193,162.7809295654297,16389200
2019-03-25,161.45365109372094,164.96006116055162,160.46313789682696,164.71243286132812,12631200
2019-03-26,165.76236213906313,167.84243044020775,164.77184910593823,166.08921813964844,15437900
2019-03-27,166.2576442256486,167.33729997043608,163.22666118234383,164.29641723632812,10620300
2019-03-28,163.00873263847336,165.138329555583,161.780491070086,163.97943115234375,10443000
2019-03-29,164.8114703732572,165.60388385812377,163.246457897004,165.10862731933594,13455500
2019-04-01,166.23785236401804,167.2976937574694,165.69306701503191,167.09959411621094,10381500
2019-04-02,168.5259275892579,173.24076532560446,167.94152838581383,172.5474090576172,23946500
2019-04-03,172.84451483265318,176.27169639010933,171.30921669242275,171.89361572265625,27391100
2019-04-04,174.3501434326172,176.3113554012185,173.86478650759585,174.3501434326172,17847700
2019-04-05,175.20196208096712,175.3208188165564,173.4388499709174,174.05296325683594,9594100
2019-04-08,173.5478196293826,173.83506179927588,172.5771058380873,173.2704620361328,7297400
2019-04-09,173.95389721768993,177.4900360652577,173.8845691634004,175.8953094482422,19751000
2019-04-10,176.48964215696606,177.09385583898353,174.86520104508787,176.13307189941406,11701500
2019-04-11,176.54908959304834,176.70756022860232,175.320847704799,175.8260040283203,8071000
2019-04-12,176.3113540892616,177.9258954828615,176.26182540519412,177.4009246826172,12329800
2019-04-15,176.80657948984256,178.7876055905691,175.19203838126094,177.94566345214844,10834800
2019-04-16,177.30185198897428,178.46075054862632,176.60849581405824,177.17308044433594,11215200
2019-04-17,177.89618195987288,179.02536643628184,176.66794011495884,177.08395385742188,9973700
2019-04-18,177.10375515461178,177.1829980207035,175.65759929799262,176.58868408203125,11655600
2019-04-22,176.5589799200259,179.94653328909934,176.5589799200259,179.71871948242188,13389900
2019-04-23,181.0063872066905,182.47234250750287,179.75833090448435,182.03651428222656,19954800
2019-04-24,182.73978421451994,183.38361174364164,179.92671526286225,180.847900390625,37289900
2019-04-25,195.1112538981381,196.59702345441335,190.2973599312451,191.42654418945312,54148800
2019-04-26,190.67378321141203,191.0699824296154,187.2961297100138,189.67337036132812,22075000
2019-04-29,189.13850702200148,193.5562028829634,188.84135001640647,192.9321746826172,19641300
2019-04-30,192.34776047285834,195.51739968587646,190.45587663598292,191.56524658203125,23494700
2019-05-01,192.93215907907037,194.3188715076514,191.17894649048213,191.19876098632812,15996600
2019-05-02,191.16906418201935,192.15957746793657,187.94989600278848,190.70352172851562,13209500
2019-05-03,192.53594491356205,194.2990570563132,191.87230293749556,193.6156005859375,14575400
2019-05-06,189.42575611867792,192.43690969680307,188.74229956966738,192.04071044921875,13994900
2019-05-07,190.71342223532267,191.07000762433802,186.06792760030677,187.96971130371094,16253000
2019-05-08,187.59329612962784,188.91068051185528,186.76126866107327,187.7418670654297,12505700
2019-05-09,185.42407983618182,187.9697061771762,184.49299495058906,186.86032104492188,12967000
2019-05-10,186.464110612855,188.19750871948182,182.8388286596278,186.55325317382812,12578500
2019-05-13,181.7591768541123,183.67086012432736,179.12440804727893,179.81776428222656,16833300
2019-05-14,180.78846894172523,181.7492679306445,176.410402521696,179.01544189453125,17628100
2019-05-15,178.7083613082972,185.50328138418524,178.31216213692207,184.50286865234375,16746900
2019-05-16,183.2944664710347,186.79097677756872,183.2944664710347,185.216064453125,12953100
2019-05-17,183.08645627680912,185.80046788610042,182.5317713030052,183.54209899902344,10485400
2019-05-20,180.15451443160538,182.48221097979498,179.6493431141714,180.98654174804688,10352000
2019-05-21,182.81902209940125,183.9382916981912,182.14546528797632,183.066650390625,7502800
2019-05-22,182.97749065985175,184.9684317718643,181.86812076414452,183.56190490722656,9213800
2019-05-23,180.68942760865693,182.15538300585317,177.9655161356198,179.1541290283203,12768800
2019-05-24,180.60027165643046,181.88794182559548,179.1145018721705,179.34231567382812,8807700
2019-05-28,179.81775198262014,182.9576919925962,179.72860942580263,182.5614776611328,14843300
2019-05-29,181.75916343914122,182.80910496228853,179.62956620740138,180.4615936279297,12797700
2019-05-30,181.34313162061707,181.73933079634435,179.1739056155404,181.27378845214844,8581500
2019-05-31,178.56970109703798,178.82722906290735,175.47930505048348,175.78636169433594,15226500
2019-06-03,173.33978512575231,173.38931380145135,159.48250200522003,162.59271240234375,56059600
2019-06-04,162.15691158472936,166.68354874132064,159.31412861668574,165.91094970703125,46044300
2019-06-05,165.89115890119547,167.11940080203408,163.068205138654,166.57461547851562,19758300
2019-06-06,166.70336381797102,168.09007616281156,165.64350750767568,166.7330780029297,12446400
2019-06-07,168.55560495796166,172.2205002430542,167.23822077954702,171.7054443359375,16917300
2019-06-10,173.09218636041325,176.17268309991522,172.15120181788413,173.16152954101562,14767900
2019-06-11,176.7868156977447,178.2725856993948,175.11284574430678,176.41043090820312,15266600
2019-06-12,176.68771954593998,177.5692755401646,171.2398978680502,173.37939453125,17699800
2019-06-13,173.8647638552238,176.34104661407335,172.9534936136508,175.78636169433594,12253600
2019-06-14,178.79754359841357,180.11492805141106,178.2923872755181,179.60977172851562,16773700
2019-06-17,183.2548506919184,187.70226061941435,182.66055181114726,187.21690368652344,29459900
2019-06-18,192.15955882531534,192.68452960679804,185.50330898059423,186.68202209472656,37571400
2019-06-19,185.22595867772026,186.31552918614284,182.79920448790395,185.70140075683594,21417100
2019-06-20,189.13847565747807,189.34649006110985,185.85987967597572,187.73194885253906,14635700
2019-06-21,186.9593496845221,190.1785172949841,186.9593496845221,189.32667541503906,22751200
2019-06-24,190.59454217749877,192.13974030299266,189.75261505221377,190.77284240722656,15509000
2019-06-25,191.05015828250808,191.30768622955355,186.3452213845996,187.04847717285156,16750300
2019-06-26,187.74185413496687,188.95028137636683,185.53301406199495,185.87969970703125,12808600
2019-06-27,188.078624530457,196.99324206387658,186.48389790047298,187.7022247314453,11159000
2019-06-28,188.7422977494006,191.36715174590506,188.13808407854057,191.16905212402344,16378900
2019-07-01,193.35809299800124,193.42742106434528,190.10919572020654,191.16905212402344,14181800
2019-07-02,191.1690589317909,193.15008544921875,190.8818167369383,193.15008544921875,9050000
2019-07-03,192.3180397438076,195.52729272542814,192.3180397438076,195.32919311523438,10246100
2019-07-05,194.3188595828033,195.2004307824831,192.32793362236882,194.53677368164062,11164100
2019-07-08,193.33827787260066,194.81413289774483,191.80297935845624,193.90286254882812,9723900
2019-07-09,193.12036317123994,197.56777295762626,193.04112030017816,197.3201446533203,14698600
2019-07-10,198.10263543596233,201.0345610905885,197.77576427380922,200.80673217773438,20571700
2019-07-11,201.33169381846955,201.86657937373758,198.31064085635603,199.32095336914062,13678500
2019-07-12,197.78568624968366,203.35238121019327,197.2706302216199,202.92645263671875,15366300
2019-07-15,202.31232628919219,203.38208238631464,199.90538640619093,201.97555541992188,16030300
2019-07-16,201.95573290574328,203.520745553437,201.1732341389123,201.9062042236328,12132700
2019-07-17,202.24295469091985,202.42125490573628,199.6775294249614,199.8855438232422,12083700
2019-07-18,198.2511855504567,200.5491831349582,197.48850136621326,198.87521362304688,11937900
2019-07-19,200.26194768260535,200.41053372817643,196.19095301810967,196.4781951904297,12098300
2019-07-22,198.013509440369,200.64827833942206,196.9239388087206,200.40065002441406,13589000
2019-07-23,200.9157039688111,202.30243158699733,199.05354933666683,200.4402618408203,14583700
2019-07-24,195.75512317001505,202.86700049573182,195.34900914181387,202.7184295654297,32532500
2019-07-25,204.73910394235764,206.68051673501802,196.37916895136917,198.80593872070312,39889900
2019-07-26,198.29083921100118,200.9553221276354,194.38821479883302,197.85501098632812,24434000
2019-07-29,197.1121450116049,197.73617322175042,193.44724885580385,194.0811767578125,16530800
2019-07-30,193.5363594578028,196.8248702971993,191.66429025061385,195.1707000732422,11903600
2019-07-31,195.0815410499404,196.874367241859,190.85204611889748,192.38734436035156,14593500
2019-08-01,192.32790668472512,196.58711559177235,189.06912557695497,190.9015655517578,17777000
2019-08-02,189.28706045439066,190.79262949223292,186.2858069546769,187.22679138183594,15297000
2019-08-05,182.93787650858883,183.90857516587192,177.63862509840143,180.00595092773438,23086700
2019-08-06,181.9473543752791,184.02742282392637,181.35304046764819,182.7595672607422,18035700
2019-08-07,181.8582407070889,184.60195155707828,179.50081431017182,183.39352416992188,15833200
2019-08-08,184.84953252274846,188.53424211776922,182.30392195415138,188.35595703125,14828900
2019-08-09,188.19751427551662,189.16821301195597,185.3448313279026,186.0679168701172,11058800
2019-08-12,185.07739003699646,185.81036010259612,182.7100641885772,183.61141967773438,10930900
2019-08-13,183.76001966156505,189.56442782551437,183.61143360783697,186.66221618652344,13577000
2019-08-14,184.03738003273466,184.2255799839827,177.60894306964565,178.00515747070312,18903700
2019-08-15,179.23331692005348,181.46197107795032,178.32204681139683,180.85775756835938,12925900
2019-08-16,182.00678881146158,183.343987591199,180.62997615644224,181.95726013183594,12654600
2019-08-19,184.24535337326594,185.72122347016028,183.09636955739475,184.40383911132812,9691200
2019-08-20,183.69066413685238,184.23544940251557,180.65969625847538,182.06622314453125,10083400
2019-08-21,183.244941676179,184.13639750899085,181.40258652287343,181.80870056152344,8398200
2019-08-22,181.6898315615164,182.3633884062302,178.20323593087247,180.31301879882812,10821400
2019-08-23,179.12440285338127,181.39268653754945,174.9840649461528,176.063720703125,17323400
2019-08-26,177.69805700357497,178.7876275383409,176.54907321076817,178.64895629882812,8773600
2019-08-27,180.20406065083043,182.29404412397164,179.29279031328514,179.58004760742188,14399600
2019-08-28,178.81734803624482,180.22387497638817,177.22262116854145,180.03567504882812,9386100
2019-08-29,182.0266130313582,184.31469608041834,181.72945605175894,183.80953979492188,10128700
2019-08-30,185.00807020467357,185.02788470230732,181.71957395703328,183.90859985351562,10774500
2019-09-03,182.25440991889056,183.9085649778403,180.3823407693936,180.65968322753906,9779400
2019-09-04,182.898225866457,185.96882232055736,182.1454414009104,185.36460876464844,11308000
2019-09-05,186.7414624253212,189.54461674569094,186.15706323327402,189.08897399902344,13876700
2019-09-06,188.40553147103682,188.40553147103682,184.5821497308437,185.71133422851562,15226800
2019-09-09,185.94904139772038,187.1871829149902,184.08688683328847,186.96926879882812,14722400
2019-09-10,185.66179509689493,186.31553743087753,182.79921257703614,184.40383911132812,15455900
2019-09-11,184.69110262365604,187.64282780286598,184.31470276158421,186.70184326171875,11761700
2019-09-12,188.05883903362636,189.11868031116256,185.45378444959346,185.69151306152344,11419800
2019-09-13,185.55282528549793,186.18675308013576,184.77031145387932,185.41415405273438,11441100
2019-09-16,185.15664036507488,186.0084823913076,184.00765644576472,184.45338439941406,8444800
2019-09-17,184.88920361428976,186.5334592076829,183.77981851629684,186.2957305908203,9671100
2019-09-18,186.30561963382672,187.28623311905156,184.24535041420276,186.3551483154297,9681900
2019-09-19,186.870180897838,189.28703496741272,186.36500960921288,188.3361358642578,10392700
2019-09-20,188.85124406340918,191.2680986093367,186.33533215516076,188.12815856933594,19934200
2019-09-23,187.54375063900034,188.29655028368404,183.4529417282023,185.04766845703125,13327600
2019-09-24,186.1966616637178,186.2560900357363,178.67867032274856,179.5602264404297,18546600
2019-09-25,179.72859718115086,181.67990917782794,176.1825585048044,181.0657958984375,18068300
2019-09-26,179.60976400752006,179.6790920736276,175.9844819947255,178.40133666992188,16083300
2019-09-27,178.77774600563225,179.04517370711997,173.99356508547746,175.41990661621094,14656200
2019-09-30,176.18256481707957,176.97497834037966,175.17225231105203,176.3905792236328,10740000
2019-10-01,177.45041521795898,178.13387167288744,173.2209351773958,174.14210510253906,17073000
2019-10-02,173.18131700067931,174.85528665674977,171.44791897334528,172.943603515625,16151700
2019-10-03,173.9044154360935,178.1338960555815,171.98281734733607,177.6782684326172,16086300
2019-10-04,177.84665752162107,179.2630842180594,176.41041632820216,178.7381134033203,10430200
2019-10-07,178.2923743077581,179.46117261792924,176.40049048634702,177.97540283203125,9178300
2019-10-08,176.56887699236094,178.65886044183696,176.03400651634828,176.063720703125,9466900
2019-10-09,177.46035752605832,179.0055557780629,176.25193015174034,178.14381408691406,7556900
2019-10-10,178.6093550824072,179.88711051462911,177.47025578549483,178.3220977783203,8605000
2019-10-11,180.42195649111605,184.7207948644628,180.41205680109175,182.44261169433594,14930500
2019-10-14,182.45251476898528,182.8685284681819,180.83798865130032,181.54124450683594,7006000
2019-10-15,182.05629946450864,188.5738770702836,181.91762824370616,187.09800720214844,15039100
2019-10-16,186.53344308076112,187.90034094595524,185.12690111180197,187.75177001953125,10516900
2019-10-17,188.49465871186456,189.02952917189614,186.97917477540506,188.58380126953125,9603000
2019-10-18,188.42533668479342,189.67339308833803,182.17520031743962,184.08689880371094,16874200
2019-10-21,185.26559578132512,188.10837915006954,184.9783535825629,187.9597930908203,8122600
2019-10-22,188.19750299460227,188.8413305118659,179.77814101852795,180.61016845703125,19537600
2019-10-23,180.28330900247667,184.6118621299623,180.27340931114864,184.384033203125,12300400
2019-10-24,182.86854921030604,184.9585327475872,181.0658229759773,184.6118621826172,11413500
2019-10-25,184.0670738673444,187.20699896756088,183.33408864197534,186.10752868652344,8061200
2019-10-28,185.42408424135684,187.7319820129762,183.3242009101123,187.60321044921875,13657900
2019-10-29,189.87146417011613,190.70349157134473,186.6820106847089,187.5140380859375,13574900
2019-10-30,187.76168121181794,188.64323736200848,184.21564211497505,186.464111328125,28734600
2019-10-31,194.83395847265507,196.21077132248465,186.46412430869682,189.8318634033203,42286500
2019-11-01,191.0204730810479,192.26851424857645,188.10836190944954,191.7831573486328,21711800
2019-11-04,192.70435626000972,195.4975957722311,191.9713710122474,192.87274169921875,16371300
2019-11-05,193.51654340835685,193.8929432304281,191.76334606814555,192.4765167236328,9942000
2019-11-06,192.1892563518245,192.52602717980284,189.53468848795202,189.7327880859375,10973000
2019-11-07,190.08941090650444,191.60489504539427,187.6725560378339,188.61354064941406,13473000
2019-11-08,188.1974983389156,190.51529548056422,187.9003413713637,189.02952575683594,10760800
2019-11-11,188.1281746429696,188.2767606991461,186.75136182765092,187.81121826171875,8631200
2019-11-12,188.19749660763233,193.2094906779906,187.93996863227306,192.62509155273438,17615500
2019-11-13,192.8529389481432,193.8434522607829,190.91154131922826,191.35726928710938,10860700
2019-11-14,191.0996975890043,192.18926811566243,189.6337423373446,191.31761169433594,9040500
2019-11-15,192.41710287225834,193.44724513950325,191.54546147001233,193.2491455078125,11524300
2019-11-18,192.7142441368938,196.7456400813876,191.2185746586491,195.5272979736328,16167200
2019-11-19,195.5272938194376,198.1026341084602,194.99242335751862,197.42909240722656,19056800
2019-11-20,196.69610204688033,197.6965148817659,193.57597657331223,195.63624572753906,12355400
2019-11-21,195.54712030443008,197.20127558697376,194.99243531316182,196.05227661132812,12131000
2019-11-22,196.49800967276323,197.4092799855507,195.7452099822632,196.933837890625,9959800
2019-11-25,197.62717988641867,199.0634208727295,197.35973711486145,197.8946075439453,15272300
2019-11-26,198.10264010715585,198.25121104162343,196.16122758393166,197.08241271972656,11735500
2019-11-27,198.00358020038675,201.21284836998765,197.52813810216017,200.0836639404297,12736600
2019-11-29,199.68748267671418,201.86660886317551,199.3011831032689,199.7270965576172,7985200
2019-12-02,200.21243586725922,200.26194943551795,196.17114023966585,197.80548095703125,11503400
2019-12-03,195.72541060074707,197.04277983105874,193.22931315283168,196.933837890625,11595300
2019-12-04,198.10266090819087,198.13237509820442,196.1711629871427,196.8249053955078,8456300
2019-12-05,197.96396080373682,199.38038736809924,196.32962013500614,197.4687042236328,9740400
2019-12-06,198.59791486240945,199.6577713386057,198.162086596087,199.1427001953125,12270600
2019-12-09,198.74645988190645,201.212843095993,198.31064678647374,199.42991638183594,11954800
2019-12-10,199.74688457644945,200.13318409868648,198.2512000535582,198.96437072753906,9475700
2019-12-11,198.37998980579962,200.70770195728977,198.37998980579962,200.34120178222656,8036800
2019-12-12,200.43034849471852,201.7279183453557,192.25861474030722,194.8834686279297,23734800
2019-12-13,194.53677738342594,194.93299171341098,191.33742412820706,192.2685089111328,18798000
2019-12-16,193.41748957467868,197.2309557895587,192.96184691663098,196.04234313964844,14911500
2019-12-17,196.9536625361075,197.11214829275616,194.26937993527602,196.5079345703125,10175700
2019-12-18,198.19179314892094,202.3618605938786,198.19179314892094,200.5789337158203,23274400
2019-12-19,200.85625120084208,204.34286164878353,200.58880842393518,204.10513305664062,16514600
2019-12-20,205.51169393961212,205.73952287926127,201.50011207742457,204.3428955078125,27306900
2019-12-23,204.7390548087318,206.61112396373323,203.72872721449957,204.22398376464844,13348900
2019-12-24,204.3428704091078,204.82821219041404,203.05520026268448,203.17405700683594,6046300
2019-12-26,203.61978515082225,205.8484396250461,203.36224207193246,205.81871032714844,9350700
2019-12-27,206.69039339627366,206.9479213944063,204.63012406911534,206.1258087158203,10284200
2019-12-30,205.88806198966603,205.9276758651125,201.9656233030976,202.47079467773438,10524300
2019-12-31,202.0646844787226,203.60988258884427,201.66848526065138,203.30282592773438,8953500
2020-01-02,204.7886322748194,207.79978616691986,204.31319010533701,207.78988647460938,12077100
2020-01-03,205.24424312901255,208.40396748436964,204.9867000286663,206.6903839111328,11188400
2020-01-06,204.73907761292955,210.7613997472001,204.56079248975286,210.58311462402344,17058900
2020-01-07,210.8010285680541,212.544326376281,209.74117217881417,211.0387420654297,14912400
2020-01-08,210.9793428525527,214.18861153699595,210.59304325189106,213.17828369140625,13475000
2020-01-09,215.47621951373543,216.30826202907267,214.22817841177596,216.22901916503906,12642800
2020-01-10,217.12050225402228,217.79405912603943,215.35738987102468,215.99131774902344,12119400
2020-01-13,217.516680970494,219.86419216119907,217.1303814693143,219.8047637939453,14463400
2020-01-14,219.50762311718915,220.27032248622695,216.55589811718966,216.9818115234375,13288900
2020-01-15,218.51713144155715,219.57697277311985,218.05158899906618,219.052001953125,10036500
2020-01-16,220.4585360403989,220.5179644157339,218.29920934768901,219.66612243652344,10015300
2020-01-17,219.92360521880227,220.1811331636512,218.43783568476684,220.03256225585938,15905900
2020-01-21,220.0524193808545,220.26041869206054,217.0412507446405,219.33924865722656,14275800
2020-01-22,220.20096573161942,220.63679391562357,219.1807384436236,219.22036743164062,12212800
2020-01-23,218.65578438725052,219.38876958117424,217.18982911343474,217.6751708984375,11195000
2020-01-24,218.70530471330136,219.67600336025257,214.0597956604168,215.8724365234375,11905800
2020-01-27,211.07834568025902,214.01025596496402,210.48403178020868,212.83154296875,13810700
2020-01-28,214.08955125756233,216.66489196978796,211.49441116077497,215.72389221191406,13413800
2020-01-29,219.3392317847875,222.07304260571092,216.3775920599305,221.11224365234375,33181300
2020-01-30,204.57069663160544,209.42420542364107,202.80758428745978,207.542236328125,48775500
2020-01-31,206.45267297180553,206.71021609418884,199.1525950310106,199.99453735351562,31359900
2020-02-03,201.5100446517395,203.19391437665638,200.57895965534073,202.2529296875,15495600
2020-02-04,204.6598169477202,208.60207006533278,203.25329012461376,207.83937072753906,19628900
2020-02-05,210.49395537848,210.71186949231432,206.7300172974115,208.11672973632812,12538200
2020-02-06,208.4733315618601,209.18650233364713,207.35404671729898,208.8497314453125,10567500
2020-02-07,208.30491808762824,210.80101545300136,207.9384179452559,210.31565856933594,12242500
2020-02-10,209.5133583724852,211.77172728174605,208.661516407481,211.0387420654297,11856400
2020-02-11,208.1959657818333,208.85960779256362,204.55086945411307,205.22442626953125,25030800
2020-02-12,205.87814702608262,209.21617122545632,205.43240405469885,208.76052856445312,13813700
2020-02-13,207.53234304119243,212.29670941672606,207.19555704519584,211.1179962158203,15396600
2020-02-14,211.96980144622947,212.89097136600424,210.63260272794253,212.14808654785156,10741700
2020-02-18,211.52406884759571,215.91203448728334,211.37548281886998,215.73374938964844,15609200
2020-02-19,215.92195332094644,216.24882445340782,214.05978388051068,215.42669677734375,12135100
2020-02-20,214.4659094344447,216.69456400079267,210.92977026777103,212.5443115234375,13109200
2020-02-21,211.45474689255207,212.20754657328285,206.84886670653248,208.18605041503906,14092300
2020-02-24,199.88553654751777,201.71797662191818,196.28996933890386,198.81578063964844,23080100
2020-02-25,200.331266620599,201.56940794705508,194.0910313124542,194.90325927734375,21433500
2020-02-26,195.3192934246357,199.30116057986532,193.63542406694165,195.32919311523438,16524500
2020-02-27,190.00024440406045,194.02172547463962,187.70224658428288,187.9498748779297,21682600
2020-02-28,180.96674097503623,190.91150099739545,180.0950997215529,190.64405822753906,32568900
2020-03-02,192.18926049743837,194.70517229961789,187.05840976299632,194.57640075683594,24949000
2020-03-03,194.35849837640868,195.3688260570718,182.2247118597475,184.12649536132812,27984100
2020-03-04,187.37537047141788,190.01013907356133,184.62174512795494,189.9407958984375,23062500
2020-03-05,185.00807234916815,187.19711338505772,182.1454895262562,183.41334533691406,19333400
2020-03-06,176.63819862906328,182.0364918696107,174.5878293073304,179.37200927734375,24559600
2020-03-09,167.99104039526233,173.3398054904994,163.6228736695342,167.89198303222656,29949000
2020-03-10,173.0129466417694,176.5985997511697,167.89199498024468,176.4995574951172,24517800
2020-03-11,172.35917769838207,174.21144745796823,166.06942863258158,168.6249542236328,20373900
2020-03-12,158.02647178096905,165.01950777952575,152.87580608218877,153.00457763671875,43266300
2020-03-13,161.97861740448548,169.1697375742382,156.1048815638944,168.66458129882812,35028600
2020-03-16,150.87496745030987,157.6203594578256,141.74243516842478,144.62481689453125,39120400
2020-03-17,149.30998731370872,152.4796270001529,138.67186852973262,148.00250244140625,34255600
2020-03-18,138.4242341092272,146.77425399968456,135.79937990160664,145.5658416748047,37553100
2020-03-19,145.22904123462826,158.412769570759,143.4263150613957,151.6772918701172,39862300
2020-03-20,154.53987639561885,157.75904435185518,146.59595616091588,148.30953979492188,32568400
2020-03-23,148.24022087913343,150.86507502139386,140.90051385850353,146.6950225830078,29830800
2020-03-24,153.73755450355938,159.7796757225296,151.1226003607916,159.4528045654297,30440400
2020-03-25,157.4123554195494,161.44375138520383,151.6079474818221,154.7280731201172,35184300
2020-03-26,156.74871203168718,162.44416286380218,155.53038504213757,161.79042053222656,26556800
2020-03-27,156.6991938445821,158.57126329109138,153.28192613924398,155.3025665283203,24879900
2020-03-30,157.66986315635367,165.1680543475872,156.56049335494643,164.37564086914062,22515200
2020-03-31,163.91010576765518,169.30839921268645,162.64225019167088,165.21759033203125,23676300
2020-04-01,160.08671723921043,162.59271409252784,156.5406786415211,158.0858917236328,19507600
2020-04-02,157.590640569695,159.8192950491368,154.44080104612146,156.68927001953125,20886300
2020-04-03,155.65910993821328,156.41190948168295,149.39907571658063,152.71728515625,25983300
2020-04-06,158.63065185197524,164.6232585605781,157.00621112683274,163.97943115234375,28453600
2020-04-07,170.16027395500345,171.74510128805088,164.43510826327085,167.22836303710938,31411900
2020-04-08,169.62537901823683,173.3398033763004,166.14868326014061,172.6266326904297,21664200
2020-04-09,174.23128638660555,175.40009995977474,169.9423770250365,173.5280303955078,23534300
2020-04-13,172.02240508731546,173.33978929967662,167.84243867336656,173.13177490234375,19355400
2020-04-14,177.28204960777998,179.5107043241692,174.9444378340282,176.479736328125,21011800
2020-04-15,173.5279950420858,176.4995343872055,171.18048379593102,175.29110717773438,17423000
2020-04-16,176.26182662504232,176.36088399386284,170.873432224306,174.5779571533203,23593200
2020-04-17,177.49996756461005,178.5697236653163,174.9840706138243,177.5395965576172,20974800
2020-04-20,175.72692933588345,178.78761112895089,175.0930015685747,176.54905700683594,16110700
2020-04-21,173.58742202763395,173.71619356805294,166.74297282987604,169.1796417236328,24850500
2020-04-22,176.75709817809042,183.02704928066032,176.4500414684441,180.55076599121094,33242000
2020-04-23,182.333676352203,185.2755018408747,181.41249119324937,183.37371826171875,21426600
2020-04-24,181.49170941583634,188.60360126787867,179.1144840432602,188.26683044433594,28792000
2020-04-27,190.83225789982828,191.91191355387372,185.63206411320718,185.72120666503906,29197800
2020-04-28,186.87022510546225,187.40509558662583,180.82808850214573,181.17477416992188,21731000
2020-04-29,189.11868031733894,195.04196020735603,188.19751028489043,192.34776306152344,45954500
2020-04-30,204.95698525723031,207.70071099595617,199.6577488161317,202.76795959472656,46230100
2020-05-01,199.6874627207839,205.31357031681745,197.16165109419939,200.35110473632812,30415600
2020-05-04,198.3007346340291,203.9565715140758,196.874393243627,203.31272888183594,19250700
2020-05-05,205.05603162361683,208.3841563323036,204.5409605660497,205.10556030273438,21071200
2020-05-06,206.14557816899477,209.59257458280462,204.6994375304684,206.4922637939453,21857000
2020-05-07,209.15675609529208,209.592584290606,207.0568579827823,209.25579833984375,15152000
2020-05-08,210.22653793289425,211.18733699594208,208.84972511791324,210.3354949951172,12506000
2020-05-11,208.88932423801938,212.9603340184686,208.37425315172027,211.1575927734375,12911900
2020-05-12,211.2665356647496,213.23766220480525,208.00775416631745,208.1068115234375,14704600
2020-05-13,207.44315969530925,208.7803584801785,200.19261136841277,203.1542510986328,20684600
2020-05-14,200.63834156670356,204.96687920263764,198.7860868097306,204.8480224609375,17178900
2020-05-15,203.32263062995142,209.33503735747286,202.1835314833057,208.87940979003906,19383200
2020-05-18,210.1373687971041,212.60375209984952,208.9388562920264,211.16751098632812,20151900
2020-05-19,211.24675647389026,218.3982630573597,210.81092824335806,214.822509765625,31843200
2020-05-20,221.37970823247397,229.1453283748717,221.07265154757792,227.788330078125,50162900
2020-05-21,232.4932655922574,234.94973416055913,229.00665480516201,229.19485473632812,47782600
2020-05-22,229.3137035988991,233.7512135803886,226.5699929396403,232.68145751953125,33925600
2020-05-26,237.4953382827712,238.6146078462338,229.47217585474306,229.9971466064453,33178300
2020-05-27,226.89687371515933,228.3727287605006,219.03219622075505,226.96620178222656,34697600
2020-05-28,222.17210705247058,229.43257040221073,221.87495007866607,223.32110595703125,29377200
2020-05-29,223.06354688920962,225.33183034995173,220.7655643586481,222.95458984375,23241500
2020-06-01,222.4593662072219,230.23490123097974,221.3797103968601,229.70993041992188,18223800
2020-06-02,228.74909494386424,230.78954948674686,224.4106427822589,230.51220703125,20919000
2020-06-03,229.90804517446517,230.4429157121226,226.36200570811533,227.97654724121094,15380300
2020-06-04,227.38221677710837,229.4325864370295,222.47917926577566,224.1432342529297,17041500
2020-06-05,224.55923810894672,229.1552184226013,223.17251066003203,228.58071899414062,16750400
2020-06-08,226.85724614811966,229.35334374484927,225.2526195358098,229.2047576904297,15466500
2020-06-09,229.32361384245348,237.49534751248987,228.22414361683278,236.40577697753906,27462900
2020-06-10,238.6740581935946,238.92168648412354,233.04793557348057,234.4841766357422,20720700
2020-06-11,227.75861027109283,230.6806212222183,221.42923145415418,222.30087280273438,26708200
2020-06-12,227.71896853012632,229.46228135775317,222.37020353307253,226.4114990234375,22091400
2020-06-15,222.95462009483168,231.55228282066503,222.6673779072991,230.29432678222656,15340300
2020-06-16,234.8902834595126,236.19776804816235,230.78955969861352,233.41441345214844,15236700
2020-06-17,232.77059197986173,235.3360174300595,229.53160972336212,233.29556274414062,19578100
2020-06-18,232.76069094379193,233.89977502255985,229.9476221064844,233.70167541503906,15782500
2020-06-19,235.53412973358795,238.54529835811982,233.31538981449305,236.52464294433594,30081300
2020-06-22,236.2968039877675,238.4165014285989,234.66246340959566,236.95054626464844,18917800
2020-06-23,238.99101052025244,242.86392054625162,237.58448366742545,239.94190979003906,24017900
2020-06-24,238.91175781807692,240.91259852139262,230.472581934555,231.7998809814453,20834900
2020-06-25,232.39419602713875,235.04877919252385,230.53204153772248,233.4441375732422,18704300
2020-06-26,230.43300264753518,230.8787305887221,213.35654871926644,214.0301055908203,76343900
2020-06-29,207.76012670382838,218.6557710124916,205.14517267431043,218.54681396484375,58514300
2020-06-30,218.49729630288027,225.34174592742818,216.3974132212774,224.91583251953125,33927100
2020-07-01,226.3322842956134,236.73267372714048,225.4011993949266,235.2964324951172,43399700
2020-07-02,236.73264695148129,237.72316011864228,230.4032684178837,231.20558166503906,30633600
2020-07-06,231.54235343261277,238.1193602840796,230.066498480671,238.00050354003906,26206200
2020-07-07,237.13877107628963,245.30059024829933,236.5543719101447,238.57501220703125,27887800
2020-07-08,235.85110231819004,244.64686450723602,234.34551799888663,241.2692108154297,29791300
2020-07-09,242.67570698431908,244.1911908024865,236.97035702851417,242.18045043945312,22174900
2020-07-10,241.37817356398617,243.16110041650393,237.04963554723318,242.74508666992188,22982700
2020-07-13,244.6666716824609,247.77688267325132,236.15816651872325,236.732666015625,24674900
2020-07-14,234.51392379745013,238.05006353816972,229.82880011377674,237.45574951171875,23378100
2020-07-15,239.2584594992504,242.49744180063882,235.7916634004404,238.00050354003906,19133600
2020-07-16,235.74213652693155,239.4664606377342,234.08798133221208,238.6443328857422,18880700
2020-07-17,238.71367461878876,241.84369987186327,235.6034638610969,239.73390197753906,18152400
2020-07-20,237.78258474297175,243.71576396181058,233.4045184268022,243.09173583984375,20872200
2020-07-21,243.88416883602522,244.56762538335238,237.80241820498753,239.45657348632812,19364200
2020-07-22,237.9807362543036,239.60517757257742,235.86103825223856,237.5944366455078,15427900
2020-07-23,237.35669374429577,240.12021904776984,229.55144453692725,230.3933868408203,21771800
2020-07-24,228.00624541096516,231.2749421297445,224.74744838354616,228.5213165283203,18325800
2020-07-27,229.26419550601724,232.72107695507452,228.64016734377225,231.2848358154297,13163100
2020-07-28,232.40408267700346,232.7309537984796,227.64961699539657,227.93685913085938,14170100
2020-07-29,228.9472154561437,231.48292677466168,228.12508770436878,231.07681274414062,13588300
2020-07-30,228.0359495718187,232.66164439115454,226.82752226156467,232.2753448486328,20615300
2020-07-31,253.393085890343,253.42280007626024,246.63777882990527,251.2634735107422,53005100
2020-08-03,250.25314353224238,252.97705471901895,247.95516086305807,249.5697021484375,23124900
2020-08-04,249.17349876929944,250.40174058128656,245.08267440703182,247.4599151611328,17183500
2020-08-05,247.81649392631718,249.8767631461195,245.41945385403616,246.7566375732422,13050100
2020-08-06,246.67736798680647,264.0707901695229,246.31088298786528,262.7633056640625,45241600
2020-08-07,261.57471821795224,276.24424683732195,260.9308906696281,265.89337158203125,72766400
2020-08-10,265.49713830768127,271.2619015442158,257.2263479231797,260.50494384765625,30248800
2020-08-11,257.72163069060684,263.39728218149816,252.70963634088181,253.7001495361328,28238300
2020-08-12,256.5132140339025,261.3964370345098,255.66135693202366,257.42449951171875,21415700
2020-08-13,259.06867318155076,262.6444409698594,257.1074767108766,258.821044921875,17374000
2020-08-14,259.8215140895644,260.15828494892105,256.225946350694,258.76165771484375,14792700
2020-08-17,260.0097488329504,261.59457620478383,256.9391514677858,258.6824645996094,13351100
2020-08-18,258.4744595461197,262.6345972985706,256.8004896390881,259.85125732421875,18690400
2020-08-19,258.9102487832246,265.3683836888908,258.8706197930617,260.0988464355469,23291500
2020-08-20,259.01921316359085,267.0720906693738,258.9795841699943,266.4579772949219,20299700
2020-08-21,266.1409528565842,267.923864248888,263.89249912334805,264.4768981933594,15538600
2020-08-24,268.4984276825641,274.6197921703452,266.22022912375303,268.8153991699219,23685600
2020-08-25,269.82569495992783,280.40436830954553,267.69609770035703,278.1559143066406,42127200
2020-08-26,281.305706478762,301.77962454289684,281.305706478762,301.0268249511719,69015200
2020-08-27,297.3124265213585,298.37228283158566,289.24963508505937,290.4382629394531,30301300
2020-08-28,292.20136841708177,294.4102235417943,288.2195165838053,290.87408447265625,17157400
2020-08-31,291.16140305781613,294.06359983618796,288.7841469028503,290.41851806640625,17345100
2020-09-01,291.9141215506927,298.62979948886294,289.9330952535562,292.63720703125,17295900
2020-09-02,296.0445658514692,300.71978898240206,290.2698574398236,299.6302185058594,24341400
2020-09-03,293.1819790422668,294.77672094022876,280.93925095732334,288.3581848144531,32294100
2020-09-04,284.52493003667655,286.258328217927,268.56777614617977,280.0478210449219,30333700
2020-09-08,268.7064116756068,276.6503164206625,266.8640716880054,268.5875549316406,24864000
2020-09-09,273.1538003633552,275.8381127627822,268.7757491701544,271.1232604980469,22918800
2020-09-10,272.8963134636423,276.5116807577843,264.49675027438184,265.54669189453125,24814700
2020-09-11,267.4979708326002,268.8153702102281,260.14838040816596,264.0806884765625,18913900
2020-09-14,268.37957321943276,274.01559594703207,263.17937873364906,263.6250915527344,24093800
2020-09-15,268.1022341401949,271.915685962595,266.74520559884127,269.83563232421875,18478500
2020-09-16,264.75424257186074,269.8553787525058,259.30642077682904,261.0199890136719,29183400
2020-09-17,255.82972426202454,259.0191776781204,247.81647684764812,252.40255737304688,31281400
2020-09-18,255.94861575696277,256.74104448761796,247.6778392524276,250.13430786132812,28130800
2020-09-21,245.19163898459442,247.5787795028881,241.81400034758389,245.7958526611328,24709400
2020-09-22,250.90689527377543,252.8978364708211,245.86518673323664,252.33323669433594,30293100
2020-09-23,252.8384008960455,255.5424977739663,245.79585124714995,246.65760803222656,19641300
2020-09-24,244.16148147292049,249.84703216206302,243.2898251001379,247.16273498535156,20006800
2020-09-25,247.03396302866398,253.323727308525,244.270438108199,252.40255737304688,18351300
2020-09-28,256.9391166994054,257.1372314296016,252.4025795673241,254.38360595703125,18826300
2020-09-29,255.36423417894977,260.8318567711736,254.462863438966,259.3064880371094,20200200
2020-09-30,259.49466325844844,263.5557432623585,257.6324935755289,259.4154052734375,20142500
2020-10-01,262.83266928483647,265.78437911337403,262.28786891780663,264.10052490234375,20009800
2020-10-02,258.7319092161687,262.6345331100817,256.7211689035635,257.4739685058594,16367600
2020-10-05,259.7125433021223,262.3571963146567,258.36542978625084,262.1392822265625,12822300
2020-10-06,259.2965734529346,263.1694841279329,255.7901478666688,256.2061767578125,18696900
2020-10-07,256.7509050955619,257.71170405998953,252.40256808653643,255.67124938964844,23133400
2020-10-08,257.2857841614979,262.10957824268456,256.6914702410178,261.25775146484375,16312800
2020-10-09,262.0105971452694,262.2384261123827,259.68291480699264,261.9412841796875,14107800
2020-10-12,267.63669666596576,277.5219997184339,265.3287838275932,273.134033203125,31019300
2020-10-13,274.94666655663553,276.4522661078819,270.79644366899765,273.5203552246094,18063300
2020-10-14,274.986298068259,276.105582936024,268.92436149643237,269.2413330078125,15577800
2020-10-15,265.06129253223554,266.4876337118432,261.16858358408314,264.18963623046875,15416100
2020-10-16,264.84342174497095,268.79555970257195,262.7831373807618,263.40716552734375,16622700
2020-10-19,263.0109907090893,266.0023299403172,257.4145967082374,258.920166015625,13587000
2020-10-20,260.564388789371,267.1414106645317,260.386103675759,265.0216979980469,18763200
2020-10-21,276.9078670480285,280.36474843398815,273.7481275300645,276.08575439453125,28998600
2020-10-22,277.21487361220994,279.7704141272941,272.4307090338719,275.4814758300781,16720000
2020-10-23,276.15509221172067,282.53400019564384,274.19389525022336,282.0882873535156,17535200
2020-10-26,280.47373286217623,282.52410252514767,271.65817106561593,274.4811096191406,21322900
2020-10-27,276.11542464857854,281.81087462744813,273.68865560983653,280.6024475097656,16287200
2020-10-28,276.14517799790576,276.14517799790576,264.72456223824327,265.13067626953125,23121800
2020-10-29,273.9263467115337,280.90948120909604,271.1826366972911,278.1657409667969,32368100
2020-10-30,271.89585050921016,274.07499145697483,256.6419545590416,260.6138916015625,47247800
2020-11-02,262.0897453150672,267.90405177680816,254.8986112766456,258.8804626464844,27165700
2020-11-03,260.66342927110645,267.4880487656376,258.40506062741036,262.7831115722656,17961900
2020-11-04,278.3342075093332,286.19888468780647,275.97678127116257,284.6536865234375,35364400
2020-11-05,289.130804374854,294.55882773076394,286.20880849750864,291.8844299316406,23823600
2020-11-06,291.1613504046963,291.805177901876,285.3272134843867,290.62646484375,13891000
2020-11-09,287.1200692674655,289.8043516954612,275.88765270530405,276.1253662109375,25117700
2020-11-10,270.5091466110844,271.40060239816665,261.495470923781,269.8454895019531,29067700
2020-11-11,270.8756621169874,275.7588852285652,269.8950636636702,273.85711669921875,14957000
2020-11-12,274.5504205205671,277.0960465045844,271.8265094289224,272.4703369140625,12899500
2020-11-13,275.08534668968935,275.1249756843675,270.5091802165147,274.3226623535156,10391200
2020-11-16,272.4406275855006,276.75928060273145,272.0246289936218,276.31353759765625,12970400
2020-11-17,275.04568123958325,275.04568123958325,270.6973442770676,272.39111328125,15040300
2020-11-18,271.9156584966269,274.75845662285235,269.2610905148217,269.3898620605469,12152900
2020-11-19,268.44887882996005,270.87564828150806,266.6362529591288,270.3506774902344,12963700
2020-11-20,269.9743025017945,270.4101307718333,266.85419165388674,267.1414489746094,18114700
2020-11-23,268.3200760323519,268.3795043929894,262.0203977522591,265.8833923339844,20990800
2020-11-24,265.9428886912123,275.1843940979705,265.32877532223586,274.2929382324219,16930400
2020-11-25,275.50138245973596,277.52200781790697,270.06344391354185,272.9755554199219,12467000
2020-11-27,274.7584399074411,276.4819230070652,272.2128140173095,275.1744384765625,7808400
2020-11-30,273.4112921050523,275.0654620544379,268.43892791039605,274.3423767089844,16693300
2020-12-01,276.51169593178344,286.5554850561703,276.31358118093175,283.8315734863281,20738900
2020-12-02,282.6528158654563,289.01192354135395,278.1657925385597,284.7923278808594,17361600
2020-12-03,283.5343994328073,283.9305986615111,278.4035483851427,279.1761474609375,12921700
2020-12-04,277.6408230123897,280.7708481842717,276.6503098653914,277.0465393066406,10880300
2020-12-07,276.5413344959524,285.75309355814665,275.5607362719545,282.8706970214844,13007700
2020-12-08,283.2966192711981,283.71261778361537,278.8789097380102,280.71136474609375,10747700
2020-12-09,280.96898347261225,284.9013221631761,269.17196740092083,275.283447265625,25189700
2020-12-10,272.9259695054891,276.08570849817966,269.28085857167514,274.490966796875,20065100
2020-12-11,271.92557828685716,273.8570910520238,267.68618314496956,270.9548645019531,14391400
2020-12-14,270.7766085315419,274.5900906771914,268.98378192613376,271.5888366699219,16376900
2020-12-15,272.2227423390629,273.4608838976601,264.93257935151405,272.9359130859375,23979500
2020-12-16,272.15343885691533,275.22400584664956,269.9247839738761,273.0548095703125,15885000
2020-12-17,274.44149362016714,277.779518195203,271.0142962583711,271.8760681152344,16377800
2020-12-18,273.15380390247185,275.3626591366418,268.5677533523085,273.77783203125,26693200
2020-12-21,270.390256777991,272.0642262105373,265.2494917536958,270.2020568847656,16553700
2020-12-22,268.9243189417739,268.9243189417739,262.1194984702345,264.55615234375,17312900
2020-12-23,264.3580398771568,269.5879475216497,263.7042976430877,265.5664367675781,14329000
2020-12-24,266.3291906140202,267.8347597764794,263.6746225270276,264.86322021484375,6702000
2020-12-28,266.1904833897249,274.66927318929925,263.1397163126322,274.37213134765625,23299700
2020-12-29,274.3226058439081,277.84882994221704,273.6589487890418,274.1542053222656,16383000
2020-12-30,275.3131388089401,275.44188012531293,269.13231627249957,269.2908020019531,11803800
2020-12-31,269.4195741280744,274.4612823842066,267.2503479328424,270.5685729980469,12900400
2021-01-04,272.1732040488789,272.3911181525234,262.68410130594947,266.38861083984375,15106100
2021-01-05,265.74475478909403,269.8157489172815,265.6654968173388,268.3993225097656,9871600
2021-01-06,259.5144419273582,265.20989246584026,257.54333045745466,260.81201171875,24354100
2021-01-07,263.37743704138484,269.03325858891054,262.26806716460874,266.19049072265625,15789800
2021-01-08,265.7646168858987,266.3985598973074,260.6832789010712,265.0316467285156,18528300
2021-01-11,258.008879021425,260.9705036993992,253.47231181699726,254.4033966064453,30412300
2021-01-12,254.19539817099584,257.25608022107684,247.92544802778156,248.70794677734375,26383500
2021-01-13,249.16357351275425,251.54079890890665,246.83586168041427,249.25271606445312,19528900
2021-01-14,250.9960073752148,252.61054852534272,242.2894040886514,243.30963134765625,29739400
2021-01-15,245.54820540225506,251.45167046400326,244.81523533956985,248.9753875732422,24942900
2021-01-19,254.46281857766618,259.7125563349914,250.3224809241671,258.62298583984375,28028500
2021-01-20,266.3787003290789,267.7555281488586,261.09927841795263,264.9424743652344,25199900
2021-01-21,266.7055731706139,271.0043964970448,264.9523455969533,270.28131103515625,20838700
2021-01-22,269.4295058227628,275.8282126455766,269.41959101775956,271.8958740234375,21954000
2021-01-25,275.50136066601914,277.4427581073414,268.9342532012916,275.3725891113281,19087000
2021-01-26,275.50135703410825,282.6825777621719,275.174470749115,279.3742370605469,19373600
2021-01-27,279.84967377207175,280.7609591531987,265.5763759229261,269.5582580566406,35346200
2021-01-28,274.550435696971,284.06928306563213,262.18885056916974,262.4859924316406,37758800
2021-01-29,262.78313529511104,264.03119157836943,252.43229067210282,255.87925720214844,30389500
2021-02-01,257.05792456846575,261.6638342312033,252.49167411790313,259.5243225097656,22914300
2021-02-02,261.4954971487179,266.2994924411919,260.77241159646826,264.5462646484375,17320800
2021-02-03,263.10010345427713,266.64615753160825,261.33699122029464,264.1203308105469,14223400
2021-02-04,264.4769086602387,265.6159926630718,261.4954545995898,263.9618225097656,16060000
2021-02-05,264.2689247371608,266.6164665465893,263.1496701489156,265.5566101074219,12454400
2021-02-08,266.2004525778357,267.2999078445918,262.48602765814496,264.051025390625,13755200
2021-02-09,263.91234436732447,270.7964233274367,263.2288878282834,266.893798828125,14613400
2021-02-10,269.86531654973004,271.20248510363194,265.18017852470706,269.2908020019531,14687200
2021-02-11,269.310598626649,270.98453781509943,265.94283018733955,267.8248291015625,12828600
2021-02-12,267.9536067539664,268.60734906106114,265.7942953392994,267.9338073730469,9097600
2021-02-16,268.23094024278475,273.9759344635849,267.48805540434125,271.3708801269531,15417200
2021-02-17,268.6667882648939,271.3709001585379,267.02253274039873,270.9747009277344,12763200
2021-02-18,267.0126662352342,269.37009262595393,263.5062408377742,266.8343811035156,15249100
2021-02-19,267.299891699962,267.70600576068745,257.68201648601115,259.0786437988281,25622600
2021-02-22,255.50289448032092,260.57431727644223,255.08686563198498,257.86029052734375,17434900
2021-02-23,257.0381800337477,264.92265678402697,252.54125667485366,263.33782958984375,21924600
2021-02-24,259.8412938890822,263.8528901684007,255.9386999997933,261.8025207519531,15736100
2021-02-25,259.8115787709722,264.40757414815266,251.62994585700326,252.27378845214844,19053100
2021-02-26,254.0369411685526,263.030788416539,254.0369411685526,255.176025390625,26619500
2021-03-01,258.3456553002382,264.1203338490786,255.4533435093878,262.3968505859375,22157300
2021-03-02,263.2585857115384,264.17975569299955,256.19622206421116,256.54290771484375,15191700
2021-03-03,257.82067803559465,258.5140191084855,252.6799123337916,252.98696899414062,15513500
2021-03-04,254.0369175729114,263.96184879696193,251.0950922065757,255.19583129882812,31626500
2021-03-05,258.19702880636487,262.9316795868033,253.18502048983268,261.77276611328125,26820100
2021-03-08,263.03076975034304,263.0604839373991,252.63039620183898,252.88792419433594,18391800
2021-03-09,258.7021959321213,265.9824730299708,257.3451978649966,263.21893310546875,22039700
2021-03-10,266.0914721794917,266.4183282248524,260.3761918494783,262.3869323730469,14210300
2021-03-11,265.5664582299588,275.2635901435904,265.2792311892158,271.28173828125,21834000
2021-03-12,266.58672955021365,267.1810132708041,261.5152767193577,265.8537292480469,20600200
2021-03-15,266.52721474706516,273.34194876805765,265.9527305289491,271.1529235839844,16844800
2021-03-16,273.46089953671327,279.46343796589395,272.19304371732454,276.63055419921875,22437700
2021-03-17,273.0943662068009,283.5145836650354,272.79722435946263,281.3156433105469,21315000
2021-03-18,277.2149482469217,282.48448617805656,275.6400357510803,275.976806640625,18728300
2021-03-19,278.5520817357276,290.0222095793189,278.5322823567859,287.35772705078125,38930500
2021-03-22,287.69459710301464,296.8667296111386,284.0296858396633,290.7552795410156,28273100
2021-03-23,290.36894621747393,295.1729414101992,287.0606356693046,287.87286376953125,23000900
2021-03-24,288.23934188728293,288.95251260210597,278.49269560341054,279.4634094238281,18675000
2021-03-25,278.314381469348,285.32720091068285,275.11501327712864,276.0956115722656,24505600
2021-03-26,275.6597986764923,281.80099232272937,275.1348279139767,280.33502197265625,17629200
2021-03-29,283.05892572272546,290.3986316289947,281.9990996490315,288.06103515625,21718800
2021-03-30,287.08041754109826,289.6953868082589,283.9801367237427,285.2677917480469,17474500
2021-03-31,287.23890163290554,293.68715197832717,285.8719886354371,291.73583984375,19498200
2021-04-01,295.5691170650101,299.5311696536244,293.78620549135866,295.82666015625,17616000
2021-04-05,298.0355560277913,307.8218018655717,297.8275264742955,305.9794616699219,28237000
2021-04-06,305.910094507977,308.3962923247204,302.3541557305206,303.3545837402344,17335200
2021-04-07,303.43381723603534,311.26878046067907,302.6017897557278,310.1197814941406,22855200
2021-04-08,311.8631017255652,312.8833291604011,307.1086200052298,310.0504455566406,20894100
2021-04-09,308.4458164420121,311.75412703143513,307.3859600220171,309.4957580566406,15988600
2021-04-12,308.0991311312691,309.18870174060095,305.00873465975695,308.5845031738281,10881900
2021-04-13,309.2480890761361,311.44702938566786,306.3855219117627,306.82135009765625,14036900
2021-04-14,304.3847152026459,305.1078007704787,299.0854934006463,299.9472351074219,17421400
2021-04-15,303.43380985632155,307.19777815062554,301.21506996279595,304.8997802734375,14558300
2021-04-16,305.24644073124296,306.0190397537981,301.72018622300027,303.2752990722656,13059200
2021-04-19,302.1164521950431,304.78093522174163,297.70865619763964,299.3727111816406,14553500
2021-04-20,299.125035815002,302.205547217118,294.39038449446264,299.7787780761719,16796400
2021-04-21,299.0855036538206,299.11521784376026,294.56876541458814,298.61004638671875,14863500
2021-04-22,298.4713984279213,300.0463413816187,293.2316041497783,293.70703125,16375400
2021-04-23,295.92568231634647,299.7193339183439,294.3309406205306,298.273193359375,17536800
2021-04-26,300.46221139043513,302.8988649195366,298.69909945018156,300.1650695800781,16172600
2021-04-27,301.39338047864203,302.44332214015554,298.25344007184407,300.69012451171875,15309300
2021-04-28,304.4440973281607,307.9703518367733,302.47298589703803,304.18658447265625,33907200
2021-04-29,326.9881706326796,328.6621401433238,318.55889471335774,326.38397216796875,56526800
2021-04-30,323.0460045654419,326.6910860560486,321.4215483325027,321.99603271484375,26332400
2021-05-03,323.07568311712924,325.4330789910443,318.78674430724675,319.51971435546875,18719500
2021-05-04,316.98394630164734,319.13337272332444,310.14941292919775,315.3396911621094,24032600
2021-05-05,315.17140383019904,318.01417193456894,311.50649282566917,312.0314636230469,15577600
2021-05-06,311.53621643295116,317.20195343071083,310.298074870749,316.9840393066406,19012200
2021-05-07,319.32165979254125,319.8763447828679,315.72609193262986,316.0529479980469,15916700
2021-05-10,311.3678584946148,311.5956572051601,301.9381526358018,303.0673522949219,24239200
2021-05-11,297.89678431958185,303.92900485349924,296.8468429593435,303.6219482421875,18920100
2021-05-12,298.2732367565769,302.066888910531,295.36112560839774,299.67974853515625,24645500
2021-05-13,303.17621137364426,305.92983635569317,299.89761570096204,302.364013671875,18079200
2021-05-14,306.60344056413004,313.84408907517695,306.1477827633355,312.9427185058594,19245700
2021-05-17,310.5754316524229,312.68522980791846,308.6241192515445,312.4673156738281,15401300
2021-05-18,312.5960023544565,313.4973728357906,306.8708382713486,307.0194091796875,14522400
2021-05-19,301.3042326203811,311.6749077182455,300.6901192323234,310.61505126953125,19106200
2021-05-20,310.6051220589719,316.22134531367755,310.1891234345134,315.58740234375,17320200
2021-05-21,316.26094825236805,316.89486094200856,312.8139516504999,313.22998046875,13600900
2021-05-24,315.19118516139713,322.8577775987572,315.0129000467769,321.55029296875,16445400
2021-05-25,323.97701178562494,326.05709534340707,321.71864312439146,324.6802978515625,16437000
2021-05-26,325.23503126690184,326.7009715290639,322.7290339567314,324.55157470703125,9686900
2021-05-27,324.8883541803625,330.6135197003938,323.66012739241796,329.5932922363281,20477700
2021-05-28,327.85984306280506,329.71209776265187,325.21515972929274,325.61138916015625,12037400
2021-06-01,327.0178807987372,328.2758517312237,323.5412005123104,326.007568359375,11765900
2021-06-02,327.2457775014368,328.72163259409155,324.01669458283635,326.0274353027344,11654300
2021-06-03,322.6893258419806,324.2741526969782,320.4111580197115,322.9468688964844,12610800
2021-06-04,322.8082382084499,329.30600222870333,322.0950675121751,327.2160339355469,13289400
2021-06-07,326.3542229436437,334.48632593124245,325.8094226754698,333.3868408203125,20136700
2021-06-08,333.5058040017258,335.0906009272546,329.0880933990262,330.5144348144531,14580500
2021-06-09,332.5548504738082,333.60479191615667,326.86931509036714,327.116943359375,13727900
2021-06-10,327.65189005535854,330.7720007817555,325.43311979573326,329.3060302734375,13240200
2021-06-11,329.42485552916145,329.6724838207225,325.8094885179826,328.1174011230469,13587900
2021-06-14,328.75130953961195,333.6246475542689,326.68114067655125,333.5751037597656,12250800
2021-06-15,333.7929807913994,336.69520698161693,331.8515836903722,333.5552673339844,15795200
2021-06-16,333.505796319182,334.34770833095126,325.6014903431111,327.9390869140625,17232200
2021-06-17,327.3547177791445,334.7736826551358,327.0179468979532,333.317626953125,17794100
2021-06-18,331.3563563653161,332.96098280037313,325.8788199623062,326.5325622558594,23039500
2021-06-21,327.94897595830304,329.7616318441304,324.5416085040417,329.1376037597656,11337500
2021-06-22,329.5338101556117,336.695230848472,329.44466760276214,335.81365966796875,15345300
2021-06-23,336.13066002533924,340.16205599879413,334.991575892444,337.35888671875,14817800
2021-06-24,338.60694713631705,341.6280003378415,338.54751876191796,339.92431640625,12329100
2021-06-25,339.33986635399884,340.85535013005256,336.4574697156104,338.1314392089844,14594400
2021-06-28,339.21115629947866,354.7424269031566,338.52769974443873,352.2661437988281,29156100
2021-06-29,352.8901191061755,353.3556615090401,345.73861275063206,348.55169677734375,21417300
2021-06-30,348.8290572016556,349.5719421235001,343.87649105602554,344.4113464355469,15107500
2021-07-01,343.5297626353316,351.30529656208586,343.212791186716,351.0279541015625,17137000
2021-07-02,351.7312211820553,353.05850515897635,349.2747377188818,351.33502197265625,11521300
2021-07-06,353.11790682354814,355.3861902008016,345.8673439504453,349.4331970214844,13488500
2021-07-07,351.8897146253104,353.1080264652179,346.6796057347171,347.1649475097656,14218900
2021-07-08,342.45010758570027,345.0254174831095,339.3101677341417,342.370849609375,14406500
2021-07-09,342.04407896938767,347.38293023371205,341.99453516480133,347.095703125,13018700
2021-07-12,347.89791785205335,350.82982808714326,346.3230056918107,349.8096008300781,10018600
2021-07-13,348.16541768709016,355.08909583667725,345.4910197416527,348.74981689453125,11456000
2021-07-14,351.1963100561871,351.830252927523,343.44060605431434,344.3320617675781,13894200
2021-07-15,345.91696745041355,345.91696745041355,336.9924330267508,341.19219970703125,14781600
2021-07-16,341.6379169920112,342.7076579650495,336.913179833323,337.9234924316406,11026100
2021-07-19,334.36750071150135,336.5664409124596,331.3662473506856,333.7533874511719,14372300
2021-07-20,335.58578779382026,340.1916973642989,331.3265940423464,338.4186706542969,11024300
2021-07-21,338.2602656262326,343.2326311231738,338.0126373205033,342.9454040527344,9279700
2021-07-22,343.3910830167803,348.2049925242254,341.9350275134986,347.8583068847656,12385400
2021-07-23,357.48615845305125,371.7693433002537,353.801447770787,366.28192138671875,33694300
2021-07-26,366.0738007259578,370.88770988079483,364.7267174837196,368.9264831542969,14925200
2021-07-27,368.38178911105337,369.61001587699513,361.0915958194982,364.3206787109375,15705400
2021-07-28,371.0066252299384,373.9682500525475,363.44900460704366,369.73876953125,29676900
2021-07-29,357.5752835898183,362.0523926019695,353.3556874678273,354.92071533203125,33413200
2021-07-30,350.64166212286204,357.3078266379785,349.5917205810782,352.9198303222656,15976200
2021-08-02,354.70273326520964,355.9903881535599,347.41254141610693,348.611083984375,13180400
2021-08-03,349.38372209565347,350.41383403048724,344.4014420488461,347.9078369140625,12406100
2021-08-04,349.07667878316784,357.0602128378571,348.1753081346624,355.5150146484375,14180600
2021-08-05,356.2282153613276,360.4477814362858,353.5141883822235,359.526611328125,10247200
2021-08-06,357.97143349481155,361.6858576737728,357.97143349481155,360.0614318847656,8925000
2021-08-09,360.309132198687,362.3099582076701,357.3276774553229,358.17950439453125,7798900
2021-08-10,358.39732048436093,360.6458044343905,355.63381086294225,357.7039794921875,7469900
2021-08-11,358.6648176307623,358.9223304946584,354.41550775375845,356.54510498046875,8400300
2021-08-12,355.0494575532028,359.55628038135825,353.7221433059205,359.2095947265625,7170700
2021-08-13,359.52655880809033,361.2005284477097,358.0507038894444,359.73455810546875,7195700
2021-08-16,359.08080752115643,363.46880364224467,353.9895857725943,363.0824890136719,11222100
2021-08-17,359.5364616823531,361.2104312664265,351.7014993084157,355.0494384765625,12328700
2021-08-18,352.87034039225625,356.44607866542657,351.7807697868356,352.07794189453125,10042400
2021-08-19,348.01672318962915,354.17771480898557,347.67003761932637,351.7509460449219,12004500
2021-08-20,351.2359265696408,356.57477608405793,349.9581562967714,355.9606628417969,8697700
2021-08-23,356.03007430064173,362.22078192713013,355.6933034331285,359.9029846191406,10942000
2021-08-24,360.2100554114827,364.46925033414766,358.407314025286,362.0425109863281,9235100
2021-08-25,362.13163182833034,367.34171070327176,361.9335170971799,364.8951721191406,9684500
2021-08-26,364.88523986488696,365.93518138803427,360.67555896779515,360.9231872558594,7888700
2021-08-27,361.6363470647813,370.1943647244572,360.6260043338875,369.09490966796875,11219100
2021-08-30,369.0256039380309,377.870879764575,367.004948499278,377.04876708984375,13547300
2021-08-31,376.345514102886,379.128853862961,375.2063997051073,375.7809143066406,12345400
2021-09-01,375.98888322266714,380.6839058837033,375.2162841742934,378.425537109375,11567200
2021-09-02,377.880749806358,378.128378082771,370.51132988205984,371.7197570800781,14832900
2021-09-03,371.1948669704203,373.5820077009204,369.5704106148331,372.6905517578125,7509600
2021-09-07,372.3141003230219,379.32692036322055,369.6099884494371,378.5543212890625,10793800
2021-09-08,376.55349312892326,377.2567490209844,371.23444220304134,373.9880676269531,11067200
2021-09-09,374.0573702339852,376.2265660472944,372.9975139944366,374.4139404296875,9098900
2021-09-10,377.74209591856527,380.1490659454392,374.6715292096618,375.0974426269531,11549600
2021-09-13,378.059046334815,378.12838950904074,370.7985983513345,372.9381103515625,13026300
2021-09-14,373.8196578663158,374.99837093653537,371.55137428227204,372.9579162597656,8711600
2021-09-15,373.4234785548974,373.97816353185317,364.18200364591615,370.3727111816406,17940300
2021-09-16,369.25338533459865,370.0160695360303,366.2025880727504,369.52081298828125,11934200
2021-09-17,367.8864839654438,367.8864839654438,358.1596378078256,361.25994873046875,26299000
2021-09-20,355.891384903415,357.60498364190755,346.4815093914498,352.3255615234375,19822800
2021-09-21,355.0989661005446,356.6243648232441,351.8203699754345,354.0886535644531,11751900
2021-09-22,343.9358922217958,346.5211170358192,337.4579277519435,339.9540100097656,43692900
2021-09-23,342.0836035508044,346.3527429943944,339.7460070496701,342.67791748046875,21806300
2021-09-24,339.98381128248514,350.98843092491114,339.1220694570743,349.6116027832031,18801900
2021-09-27,346.49139286640155,351.7807293117022,343.787281160632,350.2256164550781,15205800
2021-09-28,344.6688369104162,346.2833780638099,335.7047056470502,337.41827392578125,21710300
2021-09-29,339.8945780567784,341.9548623163684,335.6650978296947,336.3881530761719,14452200
2021-09-30,337.2202602683007,339.5479423076601,334.94206157394194,336.1703186035156,16547100
2021-10-01,338.36914744446074,341.746800561781,335.42735271408367,339.7558898925781,14905300
2021-10-04,332.3468297215548,332.75294368385926,319.638561077393,323.13507080078125,42885000
2021-10-05,325.4628469564341,332.0002407849155,323.0658216971,329.8013000488281,35377900
2021-10-06,326.61179751747477,331.20779305855666,322.70917327497307,330.4748229980469,26443000
2021-10-07,333.80296306568454,335.6255038063905,325.8590577347709,326.0967712402344,28307500
2021-10-08,328.36499407346145,330.2370480375856,325.5915393696402,326.9188232421875,15946100
2021-10-11,324.5218911772004,327.32503063558494,322.22389296830704,322.3625793457031,14708200
2021-10-12,319.96548569740605,321.3026845960785,314.35917721943326,320.6984558105469,31658700
2021-10-13,323.86809085993633,323.89780504577215,319.5989815358349,321.4611511230469,14761500
2021-10-14,325.244868514841,327.38438044813023,323.99684255813474,325.41326904296875,14302200
2021-10-15,325.561841086551,325.9481557081449,319.45039213783303,321.6790466308594,21596400
2021-10-18,325.82932780455684,332.7034918007029,324.39307157962,332.15869140625,21585000
2021-10-19,336.4277860404439,339.21112557939546,334.08027470662927,336.7645568847656,18786300
2021-10-20,340.191833692798,340.7168045769896,336.2297801583496,337.5471496582031,13639500
2021-10-21,337.05183054893917,339.0625711361868,334.5953469303838,338.63665771484375,16354400
2021-10-22,323.25396996528013,326.5028518621988,318.0636605456688,321.53045654296875,35224500
2021-10-25,317.26135731045787,326.43351896801374,316.6868729703031,325.57177734375,38409000
2021-10-26,325.14583430083223,327.0773166758595,306.6628565445558,312.8139343261719,65654000
2021-10-27,311.20930758571666,316.22130136132716,309.09950988501515,309.25799560546875,29971800
2021-10-28,310.0206822157218,322.43181001827844,305.18697350237704,313.9134216308594,50806800
2021-10-29,317.15242672886217,322.9073060534718,316.5680275630656,320.5003662109375,37059400
2021-11-01,322.94698431883097,330.28669194290313,322.9073553205765,326.849609375,31518900
2021-11-02,328.2363023605651,331.6139563426833,320.7281946149573,324.96759033203125,28353000
2021-11-03,324.3831744657556,328.99896983664695,320.133894388822,328.4739990234375,20786500
2021-11-04,330.841369001397,334.0704219213882,329.49425514595947,332.6639099121094,22495300
2021-11-05,337.08154024248904,343.50007657621416,336.4179133349289,337.8937683105469,26872800
2021-11-08,341.15258777560547,341.51907284259283,335.1302502718201,335.4075927734375,18342500
2021-11-09,336.7744965969037,338.0720665037819,331.2969596702002,332.18841552734375,17556700
2021-11-10,329.3356718374902,330.0290430584842,322.4219101465956,324.5317077636719,21872600
2021-11-11,326.6910213762146,329.30596010938746,323.8977673207327,324.6307373046875,12376600
2021-11-12,327.0476189596031,338.61680509690734,326.6514197520635,337.6560363769531,25414300
2021-11-15,341.07339342269256,350.2950711070665,339.94422382260143,344.2628479003906,25076600
2021-11-16,340.5681626024916,343.3614172645101,337.6362518019682,339.7064208984375,18181100
2021-11-17,340.9742215758859,344.00518925879584,336.8735130399741,337.5371398925781,13602800
2021-11-18,336.4971255196184,339.2111218533816,332.1190441354008,335.4768981933594,17487200
2021-11-19,338.9536034172678,348.75967730773914,336.6754050932599,342.024169921875,26488500
2021-11-22,345.7386063854537,350.47325808083923,337.27964576378054,337.77490234375,27116800
2021-11-23,335.7146531726207,338.1612221428019,330.3361734060821,334.05059814453125,17225000
2021-11-24,332.81246802257795,338.5376336740818,329.6527281847135,337.824462890625,13566200
2021-11-26,332.6143153952262,334.54582819698936,328.7513200197634,329.9597473144531,14750700
2021-11-29,333.6940118048423,337.43815055171876,332.1289839960473,334.82318115234375,16650900
2021-11-30,331.82188281403944,332.62419599304644,320.3616391886827,321.3818664550781,25390000
2021-12-01,327.15658711328444,327.36458640478276,307.34632469847156,307.65338134765625,30329600
2021-12-02,308.44580182117534,311.615456125547,304.2856645532592,307.4454040527344,24396200
2021-12-03,310.75369663856657,310.7734960191587,296.65868384936425,303.9290466308594,27471000
2021-12-06,305.2068716833808,317.06331723793323,303.4338443909238,314.8544616699219,21758300
2021-12-07,318.51933191824395,323.4421836531545,317.95473214847874,319.74755859375,18794000
2021-12-08,321.9168207655429,329.5932987991828,320.00513736157893,327.424072265625,19937700
2021-12-09,326.4136975783662,332.9411753228039,324.88829893050615,326.6910400390625,16879200
2021-12-10,329.40501279658423,331.8515812043493,323.27373468619436,326.6216735839844,14528000
2021-12-13,327.81034707112775,337.8541349382615,326.46323343571163,331.3167419433594,22948700
2021-12-14,324.9378602343936,332.51531079480975,324.5416609791982,330.5738830566406,20461000
2021-12-15,329.33565326615394,338.86438336146557,320.90640830463997,338.4186706542969,24681300
2021-12-16,335.7641807205842,341.19217379634364,330.5738709155339,331.7228698730469,22635000
2021-12-17,329.64278445219395,333.91189397235667,327.61224446134634,330.6234130859375,40012600
2021-12-20,326.6514888175512,326.77034558213734,319.4702670858107,322.3625793457031,17901800
2021-12-21,323.3134045099848,332.81242209662514,320.6786358743523,331.0295104980469,16116800
2021-12-22,330.6333198075791,331.3366059985338,325.14589801660594,327.31512451171875,16764600
2021-12-23,326.96843933151285,333.4761188270496,325.24492567155806,332.0596618652344,13987700
2021-12-27,335.6354251082656,344.5698438556296,334.80339759497355,342.8958740234375,17795000
2021-12-28,343.34153877713624,349.3638447404407,341.92511238926846,342.9354248046875,16637600
2021-12-29,343.6189229149858,346.37254828226514,338.39892945980847,339.68658447265625,10747000
2021-12-30,340.73653889032846,343.9359073905005,339.9639398077811,341.0931091308594,10593300
2021-12-31,339.76582472473774,340.1818535663221,333.07986066915447,333.15911865234375,12870500
2022-01-03,335.09056441009704,337.84418957600764,333.99110939572194,335.32830810546875,14537900
2022-01-04,336.72500157879006,339.8351975589481,328.7216373498241,333.3374328613281,15998000
2022-01-05,329.86074554372476,332.5747726828207,320.76784022867827,321.0947265625,20564500
2022-01-06,319.75749815641984,335.95239601865694,319.6584407847111,329.3060302734375,27962800
2022-01-07,329.583303246932,333.80289852139816,325.75993737571036,328.642333984375,14722000
2022-01-10,322.22381575887147,325.22506925780186,312.43754144529856,324.9576416015625,24942400
2022-01-11,323.67988482158984,331.45541906764635,322.1941151017598,331.1978759765625,16226800
2022-01-12,332.00021818670064,333.17893135223176,326.8990810822945,330.09844970703125,14104900
2022-01-13,331.802176055967,332.4460036940448,322.6696416720189,323.3828125,14797100
2022-01-14,318.73720911459196,329.57342451372193,318.16269460653893,328.75128173828125,16868500
2022-01-18,320.22305837331334,321.1343136962581,314.6266641838796,315.1318054199219,22645600
2022-01-19,316.5481906639102,323.9968691681762,316.300562367424,316.55810546875,20814700
2022-01-20,320.8271862388468,324.71001088144453,312.982339434258,313.55682373046875,16925000
2022-01-21,311.8234415975488,315.29023761436935,300.1651127316576,300.29388427734375,28710700
2022-01-24,295.01446719943397,306.593569684713,286.2682483704496,305.7813415527344,38878100
2022-01-25,297.1044667528209,303.32488886516785,294.75692491667803,297.30255126953125,25108500
2022-01-26,304.0974259746668,304.59268250751865,288.0907312055281,291.8348693847656,28348800
2022-01-27,294.9252687585113,298.8476920806619,291.4683877918023,291.84478759765625,21629900
2022-01-28,292.81549576317013,299.0359172039558,290.25007030403094,298.84771728515625,21871600
2022-01-31,297.82750439466724,310.81314828182417,296.4804209400461,310.2881774902344,21579500
2022-02-01,311.57578296454324,316.62740557123163,309.15892870139135,315.9736633300781,18023800
2022-02-02,324.7100103575125,324.88829546004257,313.86387986602153,319.93572998046875,58458300
2022-02-03,242.32906074168974,245.6472861771964,233.51349885594377,235.50442504882812,188119900
2022-02-04,232.74089135665187,240.3084117153077,227.92699652679804,234.8407745361328,89342200
2022-02-07,235.44497824615013,236.03929219568104,221.88485048683646,222.7763214111328,88613800
2022-02-08,218.75484365988038,223.6281667321472,214.0994195841086,218.0911865234375,94729700
2022-02-09,222.07303645957367,231.15603987360373,220.10192504169717,229.79904174804688,86563300
2022-02-10,226.10444116008378,232.7705904328928,224.54932825862693,225.90634155273438,49310400
2022-02-11,226.29262291981598,228.234020075711,216.69454884065533,217.46714782714844,46156900
2022-02-14,217.22943132787472,218.90340092969973,212.74240807450155,215.63470458984375,38184000
2022-02-15,218.37844109115068,219.05198279600086,213.01976118237621,218.90341186523438,42685500
2022-02-16,210.39490860944625,215.3970032011971,210.34537992754144,214.4857177734375,45817500
2022-02-17,211.98962205991782,215.43660348372887,205.1947014558238,205.73948669433594,38747500
2022-02-18,207.4035308361968,208.75062921409688,203.23346416708483,204.2041778564453,37128400
2022-02-22,200.4204155362762,205.5116522278558,198.1620468941922,200.1628875732422,39852400
2022-02-23,202.22320532503437,204.97683117664593,196.17116826684477,196.56736755371094,44481400
2022-02-24,189.24747082632138,206.3734544414341,188.41544327225202,205.6305694580078,49957200
2022-02-25,202.9957788218845,209.31525791159626,201.25246590663596,208.48321533203125,37627600
2022-02-28,205.70977460452164,211.12788303037252,204.86784745096298,209.0279998779297,34239800
2022-03-01,207.87898809920605,209.7411576410808,200.30156861492821,201.5595245361328,27094900
2022-03-02,202.83728574138308,207.1658234577483,200.10347483326265,206.1356964111328,29452100
2022-03-03,207.03705624171792,207.09648461057753,199.5091504961994,201.04444885253906,27263500
2022-03-04,200.45014661725162,203.93675722916353,196.90410763301688,198.1620635986328,32130900
2022-03-07,198.88514118597868,198.98419855279087,185.50331313299955,185.69151306152344,38560600
2022-03-08,186.06791687683574,194.83394992103973,184.34441841025128,188.48475646972656,37508100
2022-03-09,193.88307116469204,197.21119632647944,192.08032977479212,196.61688232421875,31894700
2022-03-10,192.99157786113707,194.4179192105227,189.25735418046153,193.3580780029297,24853000
2022-03-11,190.81244953272395,191.72371980233706,184.8990849135122,185.83016967773438,34694500
2022-03-14,185.25568104260796,190.46577499012574,184.05716854445654,184.85948181152344,31010500
2022-03-15,188.98992492749238,190.45588025750746,184.14631589833294,190.208251953125,31721700
2022-03-16,192.85289158357224,201.79722339086277,192.67460648582,201.69818115234375,40640300
2022-03-17,199.786505297213,206.0663552283428,199.2021061486321,205.86825561523438,29499700
2022-03-18,204.73908511074174,214.7432749500115,204.04572886072057,214.43621826171875,52128000
2022-03-21,212.4650818757495,212.67309629838934,205.66026101300244,209.483642578125,30142300
2022-03-22,209.36480202308323,217.37806651393132,208.18608871794325,214.59471130371094,31998800
2022-03-23,211.30616498178733,214.74324670557402,210.14726644902805,211.4349365234375,23717300
2022-03-24,212.96031686465494,218.576524337588,212.75230246312537,217.48696899414062,31502300
2022-03-25,218.4180522669138,223.36071839438637,216.8134257783533,219.71563720703125,40039000
2022-03-28,220.02271591163225,221.91458475699585,217.45727507420588,221.46885681152344,26224100
2022-03-29,223.92529863513838,228.69956380832625,223.15268452995326,227.67933654785156,31417900
2022-03-30,226.73837232323098,228.95711214078747,224.5592463821174,225.6884307861328,25588000
2022-03-31,226.28274064278204,226.32236963518736,220.15146143184708,220.25051879882812,24192300
2022-04-01,222.41974669755166,225.12384355772707,220.58729119391924,222.71690368652344,19544800
2022-04-04,223.83616442958848,232.12677003280885,223.71730768434844,231.67112731933594,28054800
2022-04-05,231.85931885123034,234.6129441858723,228.82835104504397,229.64056396484375,29727200
2022-04-06,224.75734801249203,226.817617228763,219.3095255537278,221.1815948486328,28995100
2022-04-07,221.8056138662761,223.38054134268012,216.48656281289078,220.8349151611328,21037200
2022-04-08,220.27033862121158,222.99425002470102,217.9426264671621,220.22080993652344,18375700
2022-04-11,216.3478915507451,218.51711787920036,213.17825233032207,214.406494140625,20516600
2022-04-12,218.15064207686711,219.92365413164242,211.1080923146567,212.10850524902344,20128800
2022-04-13,209.81052943973995,214.55508138302287,209.325172493303,212.95045471191406,19231800
2022-04-14,212.85137408693066,212.95043144935255,208.00776529951744,208.18605041503906,18379500
2022-04-18,208.00779308048644,211.35573287227263,206.3239234926416,208.77049255371094,16580800
2022-04-19,208.52285013971436,216.35779832971022,207.01726579292762,215.24842834472656,20089900
2022-04-20,211.58350101054612,212.12828623092386,197.0328613517043,198.5186309814453,43036500
2022-04-21,199.68745387267717,201.04445202985335,183.8194292330621,186.2858123779297,49954100
2022-04-22,188.5639795498347,190.8916914488266,181.53134540165973,182.36337280273438,36426800
2022-04-25,180.99646864510314,185.404249261014,179.93662740475298,185.216064453125,29281100
2022-04-26,184.85947524982825,185.41416019927047,177.79711160689178,179.2333526611328,31747400
2022-04-27,172.77521210159048,179.49090557558733,167.39673262179144,173.290283203125,71062900
2022-04-28,200.99493488789147,206.5517144935164,191.06998848293978,203.7782745361328,100890600
2022-04-29,202.5203292563053,210.46423399242218,198.0035765082643,198.56817626953125,49193400
2022-05-02,199.261527125184,209.86992953484105,199.0832420142133,209.12704467773438,49915300
2022-05-03,208.45351141392368,212.86129237421738,206.1158995284373,210.01852416992188,41556300
2022-05-04,208.6515709690966,222.17208336649995,204.9965904572659,221.29052734375,41375900
2022-05-05,216.66488337147143,218.081310127161,204.20422431921799,206.30410766601562,41129200
2022-05-06,205.37299236320362,207.39364764784224,199.11295713066804,201.8368682861328,34747200
2022-05-09,197.94413940474152,200.64825111989848,193.72455893047646,194.3485870361328,36303200
2022-05-10,197.61727266187168,201.0345551127532,192.34775057526267,195.77491760253906,34452500
2022-05-11,194.4674542936816,198.7662778642114,186.48392048726012,186.949462890625,31153400
2022-05-12,185.28539767694278,196.17114323905767,183.02702877905674,189.42575073242188,38262200
2022-05-13,190.75303976936564,197.99368906706206,189.4653695467337,196.73573303222656,24549800
2022-05-16,195.1806178077068,203.4216792963445,194.07123281025147,198.14224243164062,27112600
2022-05-17,200.20254303342386,203.5108689367008,196.478218472542,200.6977996826172,24872700
2022-05-18,198.10265250037682,199.0931657628787,189.8120613297266,190.41627502441406,23960000
2022-05-19,189.3861381929078,193.43733392522742,187.80132599592434,189.47528076171875,24446900
2022-05-20,193.12034482359812,196.03245582381237,186.08769560384218,191.7039031982422,31465600
2022-05-23,193.3382355533866,195.12116198232619,189.42571221273212,194.3683624267578,25059200
2022-05-24,178.83715605748554,181.93745200535835,174.4392751597391,179.5602264404297,50406300
2022-05-25,178.6885611845718,183.69065547407655,177.61882031303085,182.08602905273438,28030200
2022-05-26,181.14505206125855,191.00065500895997,180.53092362274083,189.81204223632812,23056500
2022-05-27,189.5446002398455,193.4769387219199,187.99940211758548,193.27883911132812,22562700
2022-05-31,193.04110467816804,195.72540192978965,190.18842200692896,191.80296325683594,26131100
2022-06-01,194.6457366037154,197.6370905938,183.24493551616632,186.85040283203125,36623500
2022-06-02,186.66220397387715,199.03371891553118,185.94903328193365,196.97344970703125,31951600
2022-06-03,194.12078934987747,194.74481755587797,187.97961000607938,188.97012329101562,19465000
2022-06-06,192.14965280631205,195.05184910217352,186.6126727708993,192.4071807861328,30574200
2022-06-07,190.10920422966944,194.66557130705604,189.6733910876354,193.79391479492188,18828700
2022-06-08,192.82319349656655,200.11337090024136,192.56566551808388,194.77450561523438,22267200
2022-06-09,192.4369154374201,197.5578671910752,181.93746880886812,182.2544403076172,23501600
2022-06-10,181.3035390344139,181.36298252533405,173.35963363379022,173.9044189453125,27450800
2022-06-13,168.9716409619256,170.94276764532825,162.47387687272146,162.70169067382812,31749300
2022-06-14,164.45487980577678,165.168050407965,159.8291856949914,162.17669677734375,27244300
2022-06-15,165.6137958596035,170.52674773978174,162.4243423035829,167.743408203125,30008300
2022-06-16,162.16682553319055,163.5139241165005,158.0958155957932,159.34385681152344,26944100
2022-06-17,160.14616044376828,164.32612718782204,158.38304822820413,162.18663024902344,31374200
2022-06-21,164.355851494448,166.16849250243672,154.49034827782717,155.5601043701172,50724900
2022-06-22,156.87747219482296,159.26459731842343,153.96536121467946,154.37147521972656,47267800
2022-06-23,154.78747419782542,158.2344552828571,152.7866336612251,157.2439422607422,40499200
2022-06-24,160.19571091618474,168.6348884187623,159.76979745420968,168.54574584960938,68736000
2022-06-27,169.69473638895676,170.12064982957313,166.41612485220347,167.88209533691406,29174600
2022-06-28,168.2881556196894,169.67488291254142,159.0862963377219,159.15562438964844,27744500
2022-06-29,162.01825006288854,164.75206103163413,158.79908218903333,162.38473510742188,28595200
2022-06-30,160.61168580633668,163.6624678291106,156.98641951206724,159.72023010253906,35250600
2022-07-01,158.78916804730673,159.09622471985023,153.5295453943019,158.51182556152344,31423900
2022-07-05,156.63976047323413,166.65384976185075,155.53039050001706,166.59442138671875,28618600
2022-07-06,166.60432602595623,169.9621653469318,163.8903293874413,168.15943908691406,23085900
2022-07-07,167.84244611426894,171.08142826698978,166.1882910081597,170.55645751953125,24083400
2022-07-08,168.36740977129617,170.76444962067765,166.55476901405507,169.25888061523438,19249200
2022-07-11,165.4850457717474,165.90105949752098,160.37399408818905,161.3347930908203,21885600
2022-07-12,163.2365684897572,164.33603867968444,160.56218603464612,161.72108459472656,16639700
2022-07-13,158.6405848594401,163.41485023652393,158.09579962086448,161.93899536132812,16555100
2022-07-14,159.69052285116314,161.0475209587845,155.7878988272264,156.55059814453125,23765200
2022-07-15,159.01695901680972,163.41483939420112,158.30380352293653,163.1374969482422,23342800
2022-07-18,165.1680820487272,170.06121985120458,164.0686117525672,165.64352416992188,23574300
2022-07-19,168.7537165962495,174.81566721051857,167.90187470254017,174.11239624023438,25933700
2022-07-20,175.8061782268181,181.8582139641814,175.02366440209127,181.35304260253906,24784300
2022-07-21,178.91638488722018,182.10583825691035,177.17307216995528,181.43228149414062,27195800
2022-07-22,171.42810679680858,173.93410369158315,166.8123121954651,167.66415405273438,42583900
2022-07-25,167.39672752297426,168.95184047126608,163.24647487797617,165.0690155029297,26166300
2022-07-26,164.36576022160833,164.42518859442146,156.45155443796997,157.64016723632812,28468400
2022-07-27,161.04752955878874,169.2489772381672,160.48294492213745,167.97122192382812,43846600
2022-07-28,159.53203755044004,159.97776542286496,153.38095966010903,159.1952667236328,73214300
2022-07-29,156.19402525924158,158.6207795194617,153.69792782191408,157.5906524658203,42065400
2022-08-01,155.75819743727132,163.62287449877195,153.7573565832548,158.4127655029297,40596700
2022-08-02,156.80813379294983,160.7008583177125,156.51097682621486,158.67030334472656,27374500
2022-08-03,161.14658767306634,167.93159371925523,160.0372177754891,167.19862365722656,31721900
2022-08-04,166.70337407267044,170.5168408125815,165.2176042772171,168.95184326171875,23938200
2022-08-05,165.40580145795138,169.98196751551527,164.22708835487424,165.524658203125,25832700
2022-08-08,166.40621773471915,175.8259928332937,165.54447608651174,168.63487243652344,27299100
2022-08-09,167.34721187468983,167.92171137787093,165.01951478738823,166.9311981201172,18655100
2022-08-10,174.32042015858755,178.76781466812753,172.29976480556695,176.6481170654297,30262100
2022-08-11,178.00513869341538,181.36297792874385,174.6968130282163,175.8061981201172,24079100
2022-08-12,179.09466955498624,179.73851213251677,177.21270072780848,178.78761291503906,21274000
2022-08-15,177.26223658947166,179.71870492263832,176.50943693686588,179.17391967773438,15878700
2022-08-16,177.73769609059622,179.27299461714847,175.36045527444134,177.7674102783203,21156700
2022-08-17,175.0831071214214,176.4500201686845,172.5176815705994,173.1912384033203,20118100
2022-08-18,172.68606502512566,174.09259193397563,170.22959655854484,173.00303649902344,18844500
2022-08-19,168.585347613632,170.68524592495336,165.4652370052803,166.36660766601562,26240800
2022-08-22,163.9200128706444,163.9200128706444,160.72064478268396,161.50315856933594,19499700
2022-08-23,160.93857165926042,163.48419769809408,159.17545946927953,159.58157348632812,18111800
2022-08-24,159.076427981894,163.89032279947102,158.25430020178976,161.711181640625,20891500
2022-08-25,163.61297909408106,167.27789038309584,162.4639951565751,167.1788330078125,15550500
2022-08-26,166.8816594042958,169.29851402619943,160.13626694265787,160.24522399902344,24023600
2022-08-29,159.13585855143572,161.5031845575337,157.50150265975776,157.6599884033203,20052700
2022-08-30,158.82879152817029,160.12636135178465,154.43091067186754,155.66905212402344,19567900
2022-08-31,165.48504700457096,166.24773128382174,160.60180908621714,161.38430786132812,40953000
2022-09-01,162.02813242286422,165.77227067885184,158.828779386987,163.79124450683594,30145700
2022-09-02,165.86140466799654,166.33684669281112,157.7094866228552,158.79905700683594,22634200
2022-09-06,158.58116293213033,160.15607522887,156.1940225896066,157.03594970703125,19339800
2022-09-07,156.26335370540775,159.43300796998926,155.32236920799897,158.868408203125,16831200
2022-09-08,157.20435757728256,160.69095318036264,156.24355855832258,160.52256774902344,22530800
2022-09-09,161.70128145417033,167.93160289187816,161.47346764790967,167.54530334472656,22086800
2022-09-12,165.80200372255513,169.76405651727683,165.693046666139,167.35711669921875,23220400
2022-09-13,160.00749643486537,160.0966541099515,151.22164914578732,151.6772918701172,44444100
2022-09-14,151.87539043077032,152.08338973844826,147.6359951533532,150.0330352783203,43064200
2022-09-15,148.37889969453386,152.73715229615394,147.28932898711187,148.1312713623047,34606300
2022-09-16,146.64547344444176,147.17044419967905,142.92113436392827,144.90216064453125,40122800
2022-09-19,143.86214293941632,147.17045340764585,143.72347169565916,146.6157684326172,22169500
2022-09-20,144.39702959485226,147.42799791511806,143.84234455768384,144.70408630371094,23217400
2022-09-21,145.0012240324788,148.18077799520756,140.65287177033738,140.771728515625,38338600
2022-09-22,140.2071622706239,143.20841639545307,139.5336053594824,141.46511840820312,34418500
2022-09-23,140.07837000912258,141.26698278455817,137.5723729102851,139.0779571533203,31710700
2022-09-26,138.7907188219845,140.89061729647256,134.89800880596832,135.0762939453125,30497000
2022-09-27,136.6115645578511,138.0973342037132,132.84761176552766,133.1249542236328,30826500
2022-09-28,133.34287852401653,140.68258476393316,132.99620798185623,140.26657104492188,32658500
2022-09-29,138.03793219247984,138.51337433800606,133.9173932938307,135.1159210205078,38985400
2022-09-30,134.75933772359812,139.65247585240513,134.21455238483819,134.39283752441406,33166400
2022-10-03,135.83898824004308,138.29545689957237,134.8088610970253,137.2950439453125,27723100
2022-10-04,139.1572026512209,141.0391716550731,138.01810342128363,138.94918823242188,34670700
2022-10-05,136.92854421926995,138.87985634703463,133.50136204701403,137.66151428222656,27979300
2022-10-06,136.4134876957633,140.1080979322858,135.304117678456,137.7506866455078,36231100
2022-10-07,135.4626025621912,136.9780868038213,131.18359267818693,132.1840057373047,33214800
2022-10-10,132.28303846245487,134.81874978981443,130.61896845760532,132.520751953125,24024000
2022-10-11,130.37133121574288,131.4014733180617,125.78525821888626,127.32054901123047,38481400
2022-10-12,127.1026638877012,128.43984766883375,125.05229426365273,126.29043579101562,34605200
2022-10-13,122.35809144800207,129.89589732351547,121.36757827179285,129.053955078125,34325700
2022-10-14,129.75723087651306,130.53972966444917,125.3197283580918,125.55745697021484,23559400
2022-10-17,129.06386219660712,133.51125641994645,128.94499034499978,132.76837158203125,29612200
2022-10-18,135.78944052529357,136.53232536820332,130.15341843217345,131.54014587402344,25445000
2022-10-19,131.62926316542845,135.7002719278243,130.96562131347937,131.96603393554688,30691000
2022-10-20,131.66890843735126,135.47249049693036,130.06428193839275,130.28219604492188,26356300
2022-10-21,125.11171563509441,128.88556838099493,124.2499740167796,128.776611328125,46348600
2022-10-24,126.0427959801584,132.21368855731725,123.38822048552552,128.48936462402344,63563400
2022-10-25,129.63836760198063,137.0375021382594,129.35111032087065,136.20545959472656,38433200
2022-10-26,130.43076463637212,134.26406081320397,127.31065425232948,128.5884246826172,82791500
2022-10-27,97.05048569225889,101.52760198647805,95.465658542467,97.0108642578125,232316600
2022-10-28,98.63530334474642,99.8932517463561,96.58494138382862,98.25890350341797,95928300
2022-10-31,97.28820099802837,98.3777639314206,91.72151447773034,92.27620697021484,121361400
2022-11-01,93.43511047806369,96.56512821044703,92.6625114035202,94.2968521118164,110189600
2022-11-02,93.31624220877565,94.29684810347324,89.62163242073564,89.68106079101562,71821100
2022-11-03,89.22543462884886,89.60182694018093,87.57127932884133,88.06653594970703,60664000
2022-11-04,89.49287503837255,90.52300977600335,87.25431286703991,89.92870330810547,55638100
2022-11-07,93.88083134775646,95.96090736715573,92.21676902083396,95.80242919921875,81987300
2022-11-08,95.010016701853,96.87218620482751,93.8907395962468,95.55480194091797,52088300
2022-11-09,100.75500592946734,103.90483827078354,99.78429964895419,100.50737762451172,107677300
2022-11-10,106.10377075474774,111.68035703751443,103.61758064619659,110.80870819091797,80671000
2022-11-11,108.19376126643847,113.80996935413211,107.77773997485608,111.94779968261719,59961700
2022-11-14,109.93706017775395,115.16696877051291,109.74886780471479,113.13642120361328,53395000
2022-11-15,114.9688636373619,117.6135319944272,113.32461570055189,115.96928405761719,50670500
2022-11-16,113.41376358768983,114.97877628756191,111.59122289190168,112.15581512451172,33287800
2022-11-17,109.36256549323626,111.26434901405536,108.75835183969228,110.39269256591797,35093800
2022-11-18,112.7203974934733,113.2354609972507,109.57056543006156,110.98699951171875,33357700
2022-11-21,110.46202750500028,111.30396976120818,108.15413751811265,108.81777954101562,24351100
2022-11-22,108.81777699621372,110.5610822839359,107.2923858140838,110.3827896118164,29029000
2022-11-23,110.66011508585879,111.6010994259504,109.67950931838242,111.17517852783203,21343100
2022-11-25,110.24411606959775,111.66055016933491,109.96676604108382,110.35307312011719,12007600
2022-11-28,109.72905814361181,110.97710697183898,107.35182479932747,107.74803161621094,23309400
2022-11-29,108.50080505590539,109.88752489676513,107.5102919634363,108.42156219482422,23899200
2022-11-30,108.47110899900288,117.03905019206337,108.342337438973,116.9796142578125,43348600
2022-12-01,118.06917483203381,120.05020130610832,117.27676877661378,119.29741668701172,36551400
2022-12-02,116.7121657142598,122.86325143919743,116.49425161319022,122.31846618652344,39950500
2022-12-05,120.59495975763913,123.48725595210598,120.19875303964028,121.26850891113281,35474900
2022-12-06,118.77243307602735,119.40636087482815,112.66096131903342,113.03736114501953,43689200
2022-12-07,112.68077382523461,114.78065678782755,111.8091174495029,112.84915924072266,29461100
2022-12-08,115.28583486076428,116.22681941156426,113.50290801428233,114.23589324951172,30619400
2022-12-09,114.20617728304649,116.42492477977007,112.78974307623727,114.80048370361328,26033400
2022-12-12,114.0873151976776,114.6221932537079,112.06666728279076,113.62177276611328,24747100
2022-12-13,120.97137425531437,122.1302804413038,117.51448530728406,119.01016235351562,44701100
2022-12-14,118.25737445633456,122.9623123199685,118.25737445633456,120.4365005493164,36922000
2022-12-15,117.20743006404071,117.50457949311263,112.92841329506689,115.04811096191406,34531000
2022-12-16,119.08940300806752,122.14017786045684,117.692775796295,118.29698944091797,67064000
2022-12-19,115.72164807609684,116.68244699877351,113.2453653092045,113.3939437866211,29769900
2022-12-20,112.18552719737988,116.21691562087499,111.39311361422443,115.97918701171875,28742500
2022-12-21,115.5928802480329,119.19834746785773,114.52313180171168,118.62385559082031,20392800
2022-12-22,116.08813117792792,117.49466550969836,113.29488456513967,116.00889587402344,23618100
2022-12-23,114.92923258935363,117.0588372436225,114.4438832913624,116.920166015625,17796600
2022-12-27,116.81122107397354,117.47486309915205,114.94905899291544,115.77117919921875,21392300
2022-12-28,115.14715288383782,117.02912936710581,114.41417527391796,114.52313232421875,19612500
2022-12-29,115.29574362290066,119.88181724237677,114.67171543993044,119.11912536621094,22366200
2022-12-30,117.0390450751294,119.27759949927703,116.62302378162738,119.19835662841797,19583800
2023-01-03,121.65481913201512,125.17114367405058,121.11994114900882,123.55660247802734,35528500
2023-01-04,126.171558930905,127.8257215902195,124.65607506131268,126.16165924072266,32397100
2023-01-05,124.93342745855524,127.30076096399502,123.35851509460652,125.73574829101562,25447100
2023-01-06,127.74648766592082,129.09358621249376,124.84428370915916,128.78652954101562,27584500
2023-01-09,129.91573017648227,131.68874236225523,128.05356030558818,128.24176025390625,26649100
2023-01-10,126.0625892553951,132.17406035758196,125.94373252898939,131.72833251953125,28684400
2023-01-11,129.71758961847516,132.58017159468974,129.10346127862368,131.6292724609375,25423000
2023-01-12,132.17407328237496,136.37383924236823,130.51000337982552,135.41305541992188,30757700
2023-01-13,133.68957009095007,136.08661026210743,133.5607985362658,135.6804962158203,22423800
2023-01-17,134.88809501116472,135.45269485138743,132.97641158170944,134.0758819580078,21147600
2023-01-18,134.52159711506673,135.94793856083538,131.54015778330873,131.75807189941406,20215500
2023-01-19,131.2331010465874,136.14603811977713,130.88641537638443,134.85836791992188,28625200
2023-01-20,134.600824433167,138.61240550735874,133.33296887543173,138.0478057861328,28688600
2023-01-23,137.96858913016908,142.3961847332765,137.34457603674744,141.9108428955078,27470100
2023-01-24,140.3458327041382,143.62442932778924,140.01896149957022,141.78207397460938,21970200
2023-01-25,139.88028079327262,141.81177858613734,138.97891011859156,140.15762329101562,26622000
2023-01-26,143.0301056874632,146.11060246577705,141.94055019281916,145.90260314941406,25482100
2023-01-27,146.8336650212401,151.7367017645022,145.99172285418197,150.3004608154297,35771900
2023-01-30,147.9925678178339,149.68633677694507,145.55589891005687,145.66485595703125,28040100
2023-01-31,146.54643493035033,148.4581333962686,146.12052147998406,147.5567626953125,29842100
2023-02-01,146.62565043446605,152.12300106668854,145.66485153504922,151.6673583984375,55661000
2023-02-02,181.64030647340874,195.2895764855576,178.45085291795144,186.9791717529297,150475700
2023-02-03,181.72943884016127,194.90326603309225,181.1549394310887,184.76040649414062,76809700
2023-02-06,184.76041849287267,188.89085655565555,183.7600056425016,184.2948760986328,42483800
2023-02-07,183.81944605515912,191.9416514749655,182.6506325907058,189.80213928222656,47080700
2023-02-08,188.19749796776847,189.01962569362718,181.18466307191736,181.6898193359375,36139100
2023-02-09,184.36420525560894,184.87926117745036,175.58825872232373,176.23208618164062,37118800
2023-02-10,174.67698939911818,177.19288599656554,171.70545013027487,172.4978485107422,33433600
2023-02-13,176.52925549200955,179.28288085064838,174.1520299683317,177.72776794433594,31463200
2023-02-14,175.4793303600647,179.7880539134967,174.2114746137919,177.77731323242188,24034600
2023-02-15,174.74633912257323,176.49955174049688,173.66668334839622,175.4793243408203,25308900
2023-02-16,171.11114906980143,174.18174592361305,170.16024978224985,170.80409240722656,25827500
2023-02-17,168.60514539973235,171.53705578679862,168.09007434264146,171.2399139404297,24171300
2023-02-21,172.65634992428673,176.47973140224695,170.2494101525039,170.447509765625,34592600
2023-02-22,169.4470989804623,171.12105357886202,168.0801859392518,169.49661254882812,22433200
2023-02-23,170.36823830248892,172.04220771335687,167.77309904390546,170.40785217285156,20017800
2023-02-24,167.04017640778042,169.10044605937773,166.0694775237703,168.77357482910156,19791300
2023-02-27,170.24943807334606,171.47766494454444,167.45618319394168,167.93162536621094,19277000
2023-02-28,170.2692116810981,175.86562028503738,170.23949749445683,173.28038024902344,46051100
2023-03-01,172.93369415041172,176.16277682159105,171.40831048855307,171.77479553222656,30998400
2023-03-02,170.7446702438456,173.34970968217198,169.80367061266767,172.874267578125,17352000
2023-03-03,177.22261864549824,184.84956720739845,175.37036381141684,183.49256896972656,45877700
2023-03-06,186.21647081114867,187.86072625525287,182.88834604740944,183.1458740234375,33209400
2023-03-07,187.2069765359,188.554074961037,182.2643107090599,182.7595672607422,36701500
2023-03-08,181.13515656910977,183.50248267619818,179.6196724774692,183.21524047851562,19432400
2023-03-09,184.58213408103575,187.13764474275618,178.5895264184961,179.96633911132812,26582800
2023-03-10,179.2927611472409,183.01709987591832,177.10373577782792,177.80699157714844,25665000
2023-03-13,176.2717416799859,182.03652083953313,173.16153073142507,179.183837890625,24728000
2023-03-14,185.80045991237515,192.4765240355097,184.79013225971568,192.1793670654297,41642600
2023-03-15,191.1195114637453,195.90369184685144,189.02952808869105,195.8739776611328,42123600
2023-03-16,196.3791488856003,203.80799816155053,194.22973697544262,202.98587036132812,50447100
2023-03-17,198.6573250385186,199.98460909958362,193.5759874843718,193.75428771972656,50141100
2023-03-20,196.5970373541154,197.46869372524705,191.80295754095243,195.9333953857422,25186300
2023-03-21,201.27228408516245,201.61896975916017,196.07208965939063,200.24215698242188,31827000
2023-03-22,200.57891148420725,205.4027056547696,197.77575747546027,197.9144287109375,28477800
2023-03-23,200.91569954899703,205.90789468219495,200.23224300340175,202.342041015625,27389700
2023-03-24,203.23347532157342,205.61071588518217,201.618949208631,204.05560302734375,27716400
2023-03-27,202.86700741646737,203.90704930615746,199.44973987665594,200.9156951904297,18527200
2023-03-28,198.25119807042861,199.1228544663595,196.02254351503967,198.7761688232422,19127300
2023-03-29,201.62887406975602,203.7683863098871,200.61854632624423,203.4019012451172,18851100
2023-03-30,201.45057529819331,206.11588391012782,200.8958903358771,205.86825561523438,22608300
2023-03-31,205.27395811389536,210.1571808662877,204.80841570733872,209.9293670654297,25440300
2023-04-03,206.8587634951746,211.46465873061032,206.22483568104965,211.04864501953125,17924600
2023-04-04,211.3655991037935,214.18856760860652,210.52365688613878,212.6829833984375,21026400
2023-04-05,212.11839275844684,213.14853493585227,207.948340708809,209.47372436523438,19396600
2023-04-06,207.26486039020415,214.88190833485598,206.67054650117936,214.0498809814453,26104400
2023-04-10,212.67310889805879,213.6140934731074,208.66152716860634,212.7127227783203,16106100
2023-04-11,213.4358001941397,213.97068583634479,211.38544553644263,211.82127380371094,16710100
2023-04-12,212.80184554962756,214.7828718871531,210.56329122927502,211.96981811523438,18972200
2023-04-13,213.6834014078192,219.0519809623616,213.64378753129026,218.25958251953125,23310400
2023-04-14,215.81302535535528,220.00289204684645,215.4861541788514,219.38877868652344,21591200
2023-04-17,217.70489195515188,218.8836050942685,215.07013830104484,216.78372192382812,15481900
2023-04-18,217.8237318595725,218.34870257516053,214.15883654006043,215.82289123535156,12281000
2023-04-19,211.4448614999451,215.26824319188435,210.909975889148,213.65370178222656,15898100
2023-04-20,211.45474392608833,214.69372617224192,210.75148805046584,211.04864501953125,16475400
2023-04-21,208.2157780547486,211.38541714456608,207.59174992733577,210.87034606933594,17717200
2023-04-24,211.6528421074743,211.89057070393048,208.7110319642467,210.7712860107422,15750900
2023-04-25,208.820006668057,209.25581979402224,205.16501042647837,205.58102416992188,19198200
2023-04-26,210.4840490269133,212.07877583821966,206.8983961811567,207.4134521484375,41992700
2023-04-27,237.61419826423133,239.3971249518999,234.5238020816266,236.29681396484375,71196500
2023-04-28,236.74256085137512,238.14908781947963,233.5134931736731,238.04014587402344,39554000
2023-05-01,236.35626316778945,241.68522920561682,234.21676606804377,240.8730010986328,29143900
2023-05-02,240.87297648072555,242.5964747735725,236.72273914833664,236.97036743164062,24350100
2023-05-03,237.19819616833396,239.45656504526394,230.54194628453024,234.78134155273438,34463900
2023-05-04,233.8205539721338,235.94025170983895,230.72024268176773,231.30465698242188,17889400
2023-05-05,230.03678481002527,232.45362425710945,227.66945893038118,230.5716552734375,27000500
2023-05-08,229.2245363242287,233.38468825855355,228.08545232205495,231.05699157714844,16400500
2023-05-09,229.26416785025685,233.64223392089175,228.88776803728726,231.15603637695312,16865600
2023-05-10,233.92948691279594,234.5039863487914,228.53119331215584,230.86880493164062,19119000
2023-05-11,230.83907393019823,235.95012499752315,230.0961891278788,233.55307006835938,20449000
2023-05-12,234.49408450743593,234.7119986057812,229.25426157090317,231.5918731689453,16161400
2023-05-15,234.67238089355857,237.9806912888239,233.09746856404405,236.59397888183594,20653200
2023-05-16,233.5530981976764,237.36658002116022,233.2856705187338,236.5543670654297,18163800
2023-05-17,236.18784799178786,241.52671304865947,235.88079134601713,240.1895294189453,21193100
2023-05-18,239.01082766993173,244.74589219550123,238.90187061816292,244.5081787109375,22943300
2023-05-19,245.12227209014853,246.33069925181002,241.10079142043534,243.30963134765625,21733600
2023-05-22,243.0818364959485,251.16442745149178,242.79457921773178,245.9642333984375,27738500
2023-05-23,244.46857428444022,249.22304093583918,244.31008853611925,244.3992462158203,17748100
2023-05-24,242.95307004564268,247.22217940621383,242.62619888462493,246.84579467773438,17724300
2023-05-25,250.99607216363538,253.19501296875072,246.80620500320055,250.29281616210938,22371400
2023-05-26,250.53045707735257,259.82147427075887,250.31255811248136,259.5540466308594,25727200
2023-05-30,262.7336223757608,266.10136115984676,258.8111986262047,260.0295104980469,23816500
2023-05-31,257.5334552637692,262.48602171114936,255.998171756308,262.20867919921875,25473700
2023-06-01,263.3774384728656,271.40060097052645,263.3675538965256,270.0237731933594,25609500
2023-06-02,270.0733169873081,272.73779975814693,268.54791828441927,270.0237731933594,19416900
2023-06-05,267.73571315185546,272.95573720381407,267.0027430368973,268.8153991699219,20742900
2023-06-06,267.5772290847876,273.94622119971035,267.13148608899905,268.54791259765625,19419000
2023-06-07,269.0926591928302,271.64816923478566,260.30678417095345,261.0992126464844,26163600
2023-06-08,258.1474927623477,265.1107979307859,256.4240098184051,262.0699157714844,20899400
2023-06-09,259.9899542607408,265.4080634791638,259.2173550590309,262.4365234375,16949800
2023-06-12,264.6353809569584,269.1719173585524,262.81281037120766,268.4785461425781,15442500
2023-06-13,272.27228799713606,273.10431550282607,266.5372077947004,268.7460632324219,16164000
2023-06-14,269.3106341709174,272.38120074557696,265.7744949797693,270.75677490234375,19175100
2023-06-15,269.7167218141707,281.2958230915934,268.8450956235299,279.15631103515625,25973500
2023-06-16,282.0487151230782,285.1193129751248,277.4725476545,278.33428955078125,43127700
2023-06-20,276.08571934063275,282.0981107121687,273.5995218578343,281.632568359375,20701600
2023-06-21,280.8402552386417,281.30579773274474,275.71928780350856,278.96820068359375,20556200
2023-06-22,276.43240411858153,282.5537985253659,275.1546638845414,282.1773986816406,17563100
2023-06-23,278.83936902793914,286.92196003172836,276.30365775946365,285.9908752441406,51092000
2023-06-26,285.96114599891996,287.0408016578684,274.9664444688068,275.82818603515625,24232700
2023-06-27,279.33461780939916,286.6049805652143,277.98750423234264,284.3267822265625,26108300
2023-06-28,282.1179537188452,286.80306142426997,281.36515407566424,282.58349609375,16722100
2023-06-29,281.8009865937503,283.8513560356523,278.0271339718469,278.8591613769531,15395700
2023-06-30,282.05847582497825,286.30775459383045,281.721705051124,284.2574157714844,19694900
2023-07-03,283.98015155107896,286.6545191015148,282.14769605307424,283.30657958984375,8629300
2023-07-05,284.9211122338747,295.2917865123045,283.6433417586123,291.5773620605469,33865500
2023-07-06,293.08299678107795,295.29182210869527,288.5464289094151,289.219970703125,47600500
2023-07-07,289.4081137823945,293.38999583822175,285.9215185105822,287.7737731933594,25586000
2023-07-10,292.7461931865397,295.30173442356744,284.3268301519905,291.3099670410156,37058300
2023-07-11,291.1118073434285,297.3322286864774,289.13078105292806,295.4601745605469,27585900
2023-07-12,298.88734328467757,306.51430663784794,297.2530026313018,306.40533447265625,36677100
2023-07-13,310.6447058249154,313.2398452455933,307.34631058466346,310.43670654296875,30281000
2023-07-14,308.83219290674197,311.89287579891703,304.44419540862526,305.93988037109375,23054100
2023-07-17,304.62242007959725,308.7528429530063,301.81925096071205,307.6731872558594,25323100
2023-07-18,307.9307466175745,311.2192576767141,304.70166393183575,309.0896301269531,20731900
2023-07-19,310.0603447526799,315.6567382684005,307.5741469559921,313.0120849609375,21763700
2023-07-20,310.5259012052386,312.54655668172427,299.35291305042153,299.6500549316406,23836900
2023-07-21,301.68060264409814,302.5621436444749,288.4374464326985,291.4684143066406,42139300
2023-07-24,292.97402062715213,294.6975040841833,285.5649703125803,288.84356689453125,24915700
2023-07-25,292.3895928295883,295.47007436056373,289.0911669582438,291.6764221191406,19585600
2023-07-26,298.3326271404568,298.9071114075561,289.13075246700043,295.73748779296875,47256900
2023-07-27,322.0356546162688,322.2634835399387,306.9006137595752,308.75286865234375,64229200
2023-07-28,313.8738527037247,323.10544371926164,311.26879794331705,322.39227294921875,39220300
2023-07-31,320.6191922531904,322.5705042966755,314.5770562128512,315.5774841308594,25799600
2023-08-01,314.52759237206993,321.064986002851,311.67490931659705,319.6485290527344,22817900
2023-08-02,314.98315110429724,315.36946570474277,307.70287411335016,311.3281555175781,20461100
2023-08-03,306.9897285434685,312.9526369595575,306.9897285434685,310.21881103515625,15180200
2023-08-04,311.9720787201824,315.3893618959443,307.25725569196965,307.7822265625,17612800
2023-08-07,310.2584284160973,314.06199508317985,307.5146877900273,313.55682373046875,16236500
2023-08-08,311.417355003948,314.8742667487999,307.1680447624097,309.674072265625,15183500
2023-08-09,309.91182599333933,310.65471101592834,299.97697816703896,302.3145751953125,19955800
2023-08-10,305.0186185367651,309.376870304108,300.9872228050464,302.8394775390625,14358900
2023-08-11,299.699612484933,301.8292100062461,297.51055635658213,298.7784423828125,14046300
2023-08-14,298.12468234695706,303.3050471851978,295.42057035149384,303.2852478027344,15641900
2023-08-15,303.23570161733716,304.3153572927318,297.1836507245468,299.08544921875,11623600
2023-08-16,297.35210620428677,298.2237325209698,291.48825413928256,291.4981689453125,18547700
2023-08-17,290.2699145259269,293.2414544674094,282.24678086637795,282.38543701171875,23950100
2023-08-18,276.3828692004736,282.97969007662385,271.7769893291427,280.5628356933594,35347900
2023-08-21,280.76098805581677,287.74409425900024,279.17616083700443,287.1497802734375,20181500
2023-08-22,289.77460388443,290.1212895252961,284.0296398257357,284.87158203125,12980200
2023-08-23,285.76304210604485,294.57860304394643,284.94092949669374,291.4485778808594,18287000
2023-08-24,295.6681297721297,296.6190137859327,283.9206601305172,284.02960205078125,18360900
2023-08-25,283.41553202631593,285.65410141498114,273.4113431805174,282.79150390625,23701400
2023-08-28,285.267778333845,288.6850606863605,283.08863738034796,287.50634765625,14239300
2023-08-29,285.84226231623114,296.31199322911004,285.44606311461,295.1629943847656,20844500
2023-08-30,294.3507843629818,295.4601541726211,290.64624490029155,292.3004150390625,17717000
2023-08-31,292.9938045025631,298.2435428150178,292.8551483674615,293.0829772949219,17229900
2023-09-01,296.52989222151626,298.87740335532254,291.67638423571486,293.5682678222656,12842300
2023-09-05,294.20223990498334,298.5308082766261,292.70658542576587,297.30255126953125,14956000
2023-09-06,298.8477299151188,300.42264228000386,292.85513713016263,296.33184814453125,15418100
2023-09-07,295.17289080343676,304.13702187251863,289.4477265466401,295.8365478515625,33748700
2023-09-08,296.38133397968693,302.3541268237912,293.9644795730716,295.06396484375,17548000
2023-09-11,298.5505622887693,306.1081822096508,298.42179074704086,304.6422119140625,19489300
2023-09-12,303.42389752430716,305.73181022527893,297.3817911415824,298.7982177734375,13480400
2023-09-13,299.49158710418004,304.2658684685133,298.4614750356122,302.1659851074219,13210900
2023-09-14,303.82999004212934,309.90184040986276,302.13622104131684,308.76275634765625,19343100
2023-09-15,308.6537532555304,309.04006784981095,295.9157700965738,297.4609680175781,28131100
2023-09-18,295.36112560839774,300.7198055041135,294.97481096128314,299.67974853515625,14234200
2023-09-19,299.6104472113349,303.2654433814144,296.965763635269,302.1758728027344,15924400
2023-09-20,302.15602272979146,305.1374769686172,296.58934369250954,296.82708740234375,19379500
2023-09-21,292.89475480833073,297.4114924198118,290.48778484547785,292.9244689941406,21319600
2023-09-22,296.4605593552474,302.48289594348466,295.44033206924837,296.2426452636719,25369600
2023-09-25,292.83533849360197,298.09496119494736,290.91374045727673,297.97607421875,18987000
2023-09-26,294.83612439556174,297.4510631848924,293.20178387372255,296.123779296875,19417200
2023-09-27,297.59965635345964,298.4415682589567,284.0692445363034,294.91534423828125,36429800
2023-09-28,296.1039900746693,303.42386620320735,293.8852503920913,301.07635498046875,22167100
2023-09-29,304.4639309233832,307.6930134021515,296.51999626993165,297.3619384765625,25373700
2023-10-02,299.86793029207666,304.26581093402785,298.76847524561947,303.90924072265625,16265600
2023-10-03,301.373532799268,303.859700185575,296.79736700260383,298.08502197265625,17362300
2023-10-04,295.8959789224321,303.98845373940276,295.66815003527825,302.68096923828125,16880500
2023-10-05,301.7400433121273,303.3050408800176,296.6587057199005,301.8985290527344,19130000
2023-10-06,298.58029150078266,313.30921745867073,298.0553207313564,312.43756103515625,21803900
2023-10-09,309.5352997310204,317.291002900736,308.86175817353933,315.3396911621094,22503700
2023-10-10,316.09257649227783,321.58002823941933,315.1416922572277,318.7867736816406,19038000
2023-10-11,319.94565622912586,325.72033448452714,319.88622785949,324.71002197265625,22036300
2023-10-12,324.8883450738203,327.40425718550637,319.6287221495595,321.08477783203125,20530500
2023-10-13,320.4607853315286,321.96635475277066,309.40665263485096,311.70465087890625,21341000
2023-10-16,315.61713447296523,318.7669591335072,312.5267079569691,318.1033020019531,16536100
2023-10-17,315.1614456136918,321.32243820141,314.28978926383166,320.9262390136719,16387800
2023-10-18,318.341063988924,322.847887129446,312.56635488514354,313.9629821777344,16851000
2023-10-19,316.8453110454278,318.8362518972235,308.7924353214848,309.8423767089844,18709200
2023-10-20,311.1598313367638,312.30880004872955,303.562581788038,305.7218933105469,22312300
2023-10-23,306.56387266411906,314.3492928529987,304.3451324994024,311.0310974121094,17796800
2023-10-24,313.77475084323476,315.32986372560464,307.68310108632807,309.5848693847656,19525500
2023-10-25,307.0590582841628,307.93071464094305,296.00492855856567,296.6883850097656,42192500
2023-10-26,292.2013778048575,292.2013778048575,276.74936669566614,285.6144714355469,66684100
2023-10-27,291.68632343873867,296.47048865526347,290.19063890851703,293.91497802734375,29596300
2023-10-30,296.2525572930927,306.46474486144035,296.21292830552443,299.7886962890625,28435100
2023-10-31,300.4325203848506,300.799005388581,294.04369891681733,298.411865234375,19434200
2023-11-01,298.9864087498311,309.77308153694946,298.9864087498311,308.89154052734375,20434600
2023-11-02,314.28983010127286,315.7954295295933,305.4049253798064,307.92083740234375,21631800
2023-11-03,309.58487787137284,312.5564173686942,308.0693939368615,311.6154479980469,16764300
2023-11-06,312.9823619745799,315.3100437389214,311.4668780353655,312.8040466308594,12887700
2023-11-07,314.05206698785037,317.95469084512877,312.13046924175654,315.7953796386719,14055600
2023-11-08,315.1218510954628,318.28156006413843,311.8927687272223,316.74627685546875,13609700
2023-11-09,316.3897177210977,321.1045396713152,315.7755741880792,317.50897216796875,16103100
2023-11-10,316.9048127654654,325.97791779553546,316.4293555216482,325.6510314941406,19096200
2023-11-13,323.10536180343917,329.177181273108,322.61010528947196,326.0669860839844,16908900
2023-11-14,331.36630927529507,334.8925340074316,330.16776648525604,333.1195068359375,17179400
2023-11-15,334.7241301973717,335.1896726268728,326.88916688235804,329.55364990234375,14531200
2023-11-16,326.24534172097447,331.4059072485677,323.2837168000129,331.0196228027344,18932600
2023-11-17,327.12685991086505,332.31713878402064,326.22548937949347,331.86151123046875,14494400
2023-11-20,331.7129876237155,338.6267505714548,331.0196162766744,336.7447814941406,16960500
2023-11-21,335.1203106996373,336.6754236460935,332.7133709283329,333.78314208984375,12027900
2023-11-22,335.9919971690562,339.66682315748506,335.3679689737356,338.2503662109375,10702700
2023-11-24,336.90323967530475,338.61680806424386,333.57509980107073,335.0212707519531,5467500
2023-11-27,332.9906898115843,336.67539978710187,331.0294932012364,331.5247497558594,15684500
2023-11-28,330.23708289117764,336.1603624950619,330.23708289117764,335.7740478515625,12637200
2023-11-29,336.46742652070037,336.67542582587174,327.6419504073812,329.0484924316406,16024500
2023-11-30,328.7414088731715,330.3361204624866,319.34141895320545,324.0463562011719,23146400
2023-12-01,322.3922677716709,323.7591506832405,317.71704396048744,321.738525390625,15276400
2023-12-04,314.27995748075307,317.8160668090726,310.6843895476275,316.9840393066406,19037100
2023-12-05,315.95384211852706,318.82632372288,312.3979041378346,315.2703857421875,16952100
2023-12-06,318.8758951493905,319.1928666161261,314.0323015033506,314.43841552734375,11294300
2023-12-07,314.7553656248655,325.12603993726384,314.7553656248655,323.49169921875,15905100
2023-12-08,320.02493037303856,330.0093211121521,319.93578780566185,329.5932922363281,14087400
2023-12-11,326.2749699248917,326.760341840704,316.96415394827267,322.1940612792969,25802500
2023-12-12,321.5205844460303,331.29694470138276,321.4809554549513,331.04931640625,18485500
2023-12-13,330.7620787841603,335.159959985422,329.4843384695178,331.56439208984375,16353300
2023-12-14,330.682819026643,331.52476124429046,325.52225401249785,330.00927734375,19607300
2023-12-15,328.84044929344446,335.44718527009553,328.0777650539946,331.74267578125,31776900
2023-12-18,334.27842847720314,344.26278891561964,333.8227706098376,341.3506774902344,18993900
2023-12-19,342.3015419115937,350.24547720407884,341.84591429871836,347.03619384765625,17729400
2023-12-20,345.3423720826299,351.59250706862775,344.49054536109236,345.9664001464844,16369900
2023-12-21,349.63137975696606,353.0288329680946,345.8971254383194,350.7308349609375,15289600
2023-12-22,352.2066409856545,353.8112976274182,347.88801830324877,350.0374450683594,11772800
2023-12-26,351.6222919010442,353.5934338402026,350.0969232474257,351.46380615234375,9898600
2023-12-27,352.6920809022014,355.594277640464,351.9392811149949,354.43536376953125,13207900
2023-12-28,356.2876284548208,358.4667394700524,354.41554390107024,354.92071533203125,11798800
2023-12-29,355.58433106721975,356.5847590920977,348.482368209685,350.60205078125,14987100
2024-01-02,347.9871019247918,349.80964257100067,336.78440013969424,343.00482177734375,19042200
2024-01-03,341.7072282507653,344.6490534368862,339.92428649150503,341.2020568847656,15451100
2024-01-04,341.23173451007824,344.8471009781437,340.1421641452762,343.8268737792969,12099900
2024-01-05,343.6981174365663,350.1463671380279,342.97506224784064,348.611083984375,13920700
2024-01-08,351.33502271996304,355.5744177484808,348.710138717479,355.2574462890625,13890200
2024-01-09,353.01889615486664,357.2186926508311,351.9887539696606,354.03912353515625,13463900
2024-01-10,356.7531402997507,369.40198254751,355.67345434811176,366.9554138183594,22117200
2024-01-11,368.5996481695835,369.2434756449626,359.4869154735583,366.1629943847656,17205400
2024-01-12,366.6483774313238,373.4829126090935,366.0342640709305,370.9372863769531,19310000
2024-01-16,370.10518550979066,372.0465825736971,363.74610882105577,363.9739074707031,15306900
2024-01-17,362.82499649979053,365.04376676616084,355.207947081641,364.8753662109375,12724800
2024-01-18,367.9657111334963,373.27487720209166,367.4308558102004,372.56170654296875,16354300
2024-01-19,375.40452085135644,380.713657349176,374.38429341542127,379.81231689453125,21670800
2024-01-22,384.269591046486,386.6468165757997,377.5439982518997,378.1581115722656,17680500
2024-01-23,380.97117024868106,384.6955094373397,378.45525833540233,381.5456848144531,15506100
2024-01-24,386.3001589226069,392.39180922923504,384.13093253502706,386.9935302734375,15698500
2024-01-25,386.4684968759777,391.7380034221497,382.0012732682365,389.4499206542969,15091100
2024-01-26,390.6088476761586,393.02570206239767,387.87502184266094,390.4008483886719,13163700
2024-01-29,391.24278303174935,399.107459933084,389.37072887968213,397.215576171875,18742400
2024-01-30,399.76118908237476,402.50489956057874,395.77933719609035,396.2646789550781,18614700
2024-01-31,385.309612762971,394.22423105311685,383.4276438362193,386.4388122558594,20180800
2024-02-01,390.20273214673983,396.7004956497493,389.3211609802712,391.0347595214844,29727100
2024-02-02,455.2398146815876,481.3497247927548,448.71233715379583,470.4837951660156,84707600
2024-02-05,465.42230930986153,467.42313492864514,454.863435831285,455.0516357421875,40832400
2024-02-06,459.598150771144,462.68854729328706,448.7025049554488,450.40618896484375,21655200
2024-02-07,453.6549971486643,467.0467233002959,451.8522560624656,465.1350402832031,23066000
2024-02-08,463.8771134195453,466.125567328599,460.6183167781978,465.5411682128906,18815100
2024-02-09,468.46320816531784,469.0971208651362,463.0351852005723,463.6690979003906,18413100
2024-02-12,463.7484042076466,474.60442104038117,462.15366214530115,464.45166015625,19382000
2024-02-13,452.5357758409982,463.4512510126125,450.77266349570505,455.75494384765625,20916600
2024-02-14,463.49084827366414,469.61221277787865,461.66830755856137,468.79010009765625,16858400
2024-02-15,470.7710897525283,483.9845315750607,467.7401219251441,479.4380798339844,24212300
2024-02-16,473.57421751941536,474.4161597245403,464.75865671836675,468.8296813964844,23324600
2024-02-20,465.2638566023145,471.66256334291893,462.13383129598384,467.27459716796875,18015500
2024-02-21,462.56466468971513,465.0435750042367,457.8944061299946,464.0817565917969,12921800
2024-02-22,476.18872575792693,485.85647557166885,472.04399515149345,482.029052734375,21625800
2024-02-23,483.9328234211238,490.18959016774244,478.2809264814278,479.9467468261719,18374300
2024-02-26,479.3914726088699,482.03896193762915,476.54568862613064,477.6760559082031,12101400
2024-02-27,475.9309790449638,483.1594600240786,475.87148761584547,482.9413146972656,10809600
2024-02-28,480.9086028715477,486.9075537517673,478.67758357987555,479.9368591308594,12715500
2024-02-29,484.3195850137185,487.5520937536585,478.53874920284585,485.9953308105469,17732000
2024-03-01,487.95858173941457,499.99618411790584,487.70079565716713,498.0626220703125,16273600
2024-03-04,498.75678705078013,500.1648215135749,492.23230800183285,493.98736572265625,12324100
2024-03-05,490.82423949307776,491.3993333683272,483.77423312340585,486.0845642089844,15325300
2024-03-06,493.4320770915534,498.7270260673234,490.1202564330068,491.9050598144531,11757900
2024-03-07,499.0343621960997,515.4645557809083,497.1503965217071,507.86920166015625,18586400
2024-03-08,509.85236353130205,519.1532399324959,495.1375554414042,501.681884765625,18597100
2024-03-11,492.8173020983641,493.1246845604503,471.98452986780427,479.510498046875,20428300
2024-03-12,489.0989380927609,498.0725814687902,480.64089717663427,495.5341796875,15448200
2024-03-13,491.2109910430132,496.7538311485223,486.88775550593095,491.38946533203125,12090700
2024-03-14,496.0398777918056,497.1206790545212,484.0419458530124,487.68096923828125,12620000
2024-03-15,484.88481920558576,487.6810072523442,477.2398374350197,480.0162353515625,29153600
2024-03-18,487.7603295849552,493.2238577898901,482.70334631684347,492.7875671386719,11755300
2024-03-19,484.05190249857895,492.4405270480434,477.2200107250525,492.0538024902344,10903100
2024-03-20,495.2862577806937,503.91287737762434,490.9927986303071,501.2554626464844,11711100
2024-03-21,510.3680064960542,510.6951790916387,501.7413862690446,503.47662353515625,9712500
2024-03-22,502.72299742536745,505.6679440053061,500.0854332948387,505.2812194824219,8120600
2024-03-25,501.52320214819645,502.94113151352633,496.0200033738787,498.77655029296875,8380600
2024-03-26,500.86879957486735,505.69771210174656,491.03246997795776,491.7067565917969,11205400
2024-03-27,495.08795895460764,495.6730084213494,483.95271311983527,489.69384765625,9989700
2024-03-28,488.6824689802338,488.7320653435036,481.0573382938965,481.48370361328125,15212800
2024-04-01,483.09003220708496,493.2337133858658,477.7157415753877,487.20501708984375,9247000
2024-04-02,481.00780393542556,493.33293979336065,480.56158793722983,493.1742858886719,11081000
2024-04-03,494.72112638244755,502.96102258587024,494.5426520862331,502.4652404785156,12099200
2024-04-04,512.0635580942514,525.529016635998,506.2728269006487,506.6099853515625,26476300
2024-04-05,512.4998457681293,526.2231206005386,510.0705014315204,522.8914794921875,19263300
2024-04-08,524.8151075132604,527.0064255732955,514.5127413687679,514.8696899414062,13260600
2024-04-09,517.8244826414516,521.4337903653065,502.465164947671,512.5394897460938,10863800
2024-04-10,504.9937292971529,518.1517750614757,501.5331497348547,515.44482421875,11418500
2024-04-11,516.7139487845067,519.4407500339564,512.9261666955659,518.7466430664062,10369500
2024-04-12,513.3823211709546,515.801740035333,505.03333799795433,507.5816650390625,11984500
2024-04-15,512.3609842707413,514.1557734317244,493.08500557083784,496.0101318359375,13512900
2024-04-16,493.90799288237673,500.5118136008473,492.91642875516135,495.5440979003906,9847900
2024-04-17,498.85591149070433,498.915402916696,483.0305567140863,490.0012512207031,12193700
2024-04-18,495.603616816953,507.8891115594583,494.83019796523104,497.56689453125,14808700
2024-04-19,498.5583859169193,498.5583859169193,471.71677042132734,477.01171875,25215400
2024-04-22,485.58878643749824,487.85947676562097,469.4064525906783,477.66619873046875,17271100
2024-04-23,487.1059160948081,494.5525729635424,484.84515091601025,491.9150085449219,15079200
2024-04-24,503.7740858438167,505.69772273936167,480.49214842091214,489.3369140625,37772700
2024-04-25,417.8451815213481,442.0095981822486,411.00339404168113,437.6566467285156,82890700
2024-04-26,437.73589675242187,442.67389706305494,428.31603742283374,439.55047607421875,32691400
2024-04-29,435.85197831972016,436.0503032733257,424.9447715944816,428.97052001953125,21502600
2024-04-30,427.41371925556695,435.9114313730095,426.0949522366359,426.5411682128906,18429500
2024-05-01,424.98438603287394,446.1641810189536,423.5069349236173,435.48504638671875,20344900
2024-05-02,435.1380020110258,440.2148055480574,428.6333436966869,437.95404052734375,15221300
2024-05-03,442.16814784405983,450.3386561613525,440.10570794249463,448.14727783203125,16489100
2024-05-06,451.7368127852775,462.2275791495757,449.5157186218573,461.7516174316406,15094600
2024-05-07,462.3564765225812,467.5522632162285,457.41847594249674,464.2900085449219,13406800
2024-05-08,459.58995052807484,471.56803128563115,459.0941684886702,468.6131896972656,11683900
2024-05-09,466.03516319188105,472.063860073605,463.68516093400353,471.4094543457031,9437700
2024-05-10,473.06530711359864,473.47185202089554,465.63850177770763,472.1828308105469,10750000
2024-05-13,468.76192427668366,469.35686878363606,458.94544582244055,464.0619201660156,14668800
2024-05-14,459.46103273015086,468.5536884567925,456.19877850637766,467.8695068359375,10478600
2024-05-15,470.9731251549598,478.4296762623325,467.225014082937,477.477783203125,13100500
2024-05-16,470.99297269630273,473.66028268880433,468.76195335195183,469.2379150390625,16608200
2024-05-17,466.85810994406603,468.81149242333555,464.4684671019377,467.92901611328125,10807300
2024-05-20,465.9855089412809,469.2080919069602,463.1000541007953,464.8848571777344,11745100
2024-05-21,463.17943423343615,466.729250784971,458.3703421231926,460.71044921875,11742200
2024-05-22,463.92312996761706,469.72378649655917,461.72185626853627,463.8338928222656,10078600
2024-05-23,468.8908808719703,470.35837651251336,457.6465465439072,461.85076904296875,11747900
2024-05-24,463.67520537274993,475.8020453603676,462.3663334820232,474.185791015625,12024300
2024-05-28,472.5596395169396,476.80353296035594,470.83432754185407,475.8714904785156,10175800
2024-05-29,470.655855328752,475.80207582209954,469.7039621927975,470.3583679199219,9226200
2024-05-30,467.69100593979573,467.75049735908,460.7896987015025,463.1099548339844,10719600
2024-05-31,461.87053591212066,465.16253591696096,450.62620288703914,462.891845703125,16919800
2024-06-03,466.8878695866924,475.55416062005787,464.289976419623,473.4619445800781,11279400
2024-06-04,472.97605081200214,474.8501213872533,469.237865245354,472.96612548828125,7088700
2024-06-05,480.3632472989971,492.4603113379377,479.8277942044124,490.88372802734375,15690500
2024-06-06,488.82130773246917,498.57829538060287,486.7489422809781,489.5947265625,10667300
2024-06-07,491.7265789696624,494.7012714058208,486.0350104583895,488.80145263671875,9380700
2024-06-10,489.69387685065146,498.41965988768123,489.24769112077655,498.36016845703125,11220900
2024-06-11,495.94069486064325,503.31793405118157,494.06662422088834,503.18902587890625,9673700
2024-06-12,509.6540345394169,509.6738851883887,500.2143549702168,504.5474853515625,11983200
2024-06-13,501.4438768343439,505.0630797783249,497.1305669103621,499.84747314453125,9954600
2024-06-14,498.9045926163835,503.3710617182136,497.0187561647584,500.4033508300781,10243300
2024-06-17,497.931886688797,506.94421496041383,492.31405778392946,502.85491943359375,11266600
2024-06-18,500.8002948331181,502.22956717081047,491.33137316845017,495.76806640625,13060400
2024-06-20,498.259391865037,499.91696133696803,493.06835183815394,497.9616394042969,11801200
2024-06-21,499.6986725758503,499.6986725758503,488.72108599383085,491.09326171875,22359200
2024-06-24,495.4803219687957,504.0162165361959,490.60690422865156,495.1924743652344,13525300
2024-06-25,493.34620755335135,506.90442336136283,491.8077695326394,506.7952575683594,12063200
2024-06-26,502.87468830525285,509.98133915539256,500.91936656093947,509.2964782714844,8882300
2024-06-27,510.41810706315476,518.983806151596,510.0707392924352,515.6885375976562,10121200
2024-06-28,513.2965366235018,517.9912721514697,500.08568679012643,500.4628601074219,15855100
2024-07-01,501.1874411086425,502.8052699262197,489.495219499114,500.91943359375,10328200
2024-07-02,497.02865648534333,506.69607034819865,495.7284202167729,505.7035217285156,7739500
2024-07-03,502.59681893466205,507.47023609075285,502.2494208740918,506.1600646972656,6005600
2024-07-05,507.7878251400153,536.839709201403,507.7878251400153,535.8868408203125,21354100
2024-07-08,538.3087943342459,538.7653885715746,522.7258273076357,525.3759155273438,14917500
2024-07-09,529.7728386645047,533.4750257204164,524.2542706278135,526.05078125,8753200
2024-07-10,526.8349073851964,534.864653095514,524.4230212922265,530.7058715820312,10983300
2024-07-11,526.9341934872901,531.4701483125336,504.5819773943288,508.8797302246094,16458300
2024-07-12,494.05102601563624,504.30404024865715,490.54733049062463,495.1527404785156,19750500
2024-07-15,494.91451741675417,502.9045215977184,489.69370204409415,492.4629211425781,12539200
2024-07-16,497.7631475779309,500.1949038845635,482.1702167801202,486.1404113769531,14075800
2024-07-17,475.5995237576505,475.5995237576505,455.6989062469381,458.5475158691406,28076600
2024-07-18,471.46061834378025,475.66901501255927,461.07856773476595,472.3042907714844,19267200
2024-07-19,472.5127332296867,483.0833708608982,472.1653351255247,473.2373046875,15149400
2024-07-22,482.9542913433199,488.3934686533029,480.29426832705263,483.7681884765625,12023100
2024-07-23,486.1900394203856,491.52995613933837,484.0858410754113,485.0486145019531,9455500
2024-07-24,468.7905996133861,472.75085860449957,457.1479943071747,457.8328552246094,17649700
2024-07-25,459.80807337505513,460.09589065965406,439.3516310116978,450.0314636230469,18240500
2024-07-26,460.74109645533247,466.26956942740514,455.9967151095471,462.22991943359375,14222400
2024-07-29,466.37874818219655,470.42833320475563,461.5549461611663,462.23980712890625,11339600
2024-07-30,463.52022492045955,469.20753965531935,453.296985823083,459.7386169433594,11390400
2024-07-31,467.510231847281,472.94940909347116,463.2720602190507,471.2918395996094,24285800
2024-08-01,517.117785996077,523.2417934857768,488.43313943360073,494.0310974121094,43083100
2024-08-02,485.35626279901464,497.4157221663531,472.6020072993278,484.502685546875,24044700
2024-08-05,447.986839705261,479.877432709628,447.44091977308,472.1851806640625,21396200
2024-08-06,475.43082990037084,498.8152749770576,475.08343179543425,490.40838623046875,20955000
2024-08-07,499.38099343504456,506.3486738626253,483.2322079563975,485.2768859863281,20105300
2024-08-08,493.7930200060409,506.1601693725786,491.03373559831806,505.8326416015625,16156800
2024-08-09,503.92691898101947,514.4777473636277,501.93191658451127,513.9119873046875,13696600
2024-08-12,513.0087224748454,514.1601129276078,505.3065649209693,512.1055297851562,9767400
2024-08-13,516.1352153449899,527.539589246569,514.2890894590672,524.6016235351562,13743800
2024-08-14,524.1252621265718,530.0210038056015,519.2320043236282,522.8349609375,11444200
2024-08-15,527.8273532920965,535.7479316410764,522.7753152727854,533.3261108398438,13482100
2024-08-16,527.9366493658493,529.6834840963852,520.7505462768639,523.489990234375,14776700
2024-08-19,522.9440446978144,527.6983303979816,518.8646847355589,525.3361206054688,9879700
2024-08-20,524.4130386625862,527.1326727663876,521.9614726520136,522.8051147460938,7944400
2024-08-21,523.2220385463697,535.3807593570484,523.0036463443084,531.1723022460938,13423300
2024-08-22,532.9985366846043,540.1746428486678,524.6512305773567,527.96630859375,15708300
2024-08-23,532.919128531442,535.8471587492915,521.1475177530665,524.0656127929688,11323900
2024-08-26,523.6686342288824,524.0656779139919,511.11293037707617,517.2369384765625,9584000
2024-08-27,515.1128936339496,520.1054425639422,511.47025694740495,515.2319946289062,6282700
2024-08-28,513.8125824077088,517.207142010354,508.63150814107365,512.9292602539062,9106100
2024-08-29,515.1822916979731,523.271586281881,511.8374080676586,514.3584594726562,8317400
2024-08-30,517.4651562068226,519.638839928898,511.36101904453477,517.4254760742188,9157500
2024-09-03,515.7679736756918,521.5743588056987,504.8300686197374,507.9466857910156,12459100
2024-09-04,502.299090188846,512.7407211150795,500.3139929377969,508.91937255859375,8335200
2024-09-05,507.9069828183979,517.7431433118987,507.34122283337155,513.0086669921875,8640900
2024-09-06,517.9913210662414,520.6712146757487,494.5373904087557,496.5423278808594,14744500
2024-09-09,502.38841224885664,507.51987164271463,498.33879692389087,501.02862548828125,11047800
2024-09-10,504.3735094853591,510.3486412627666,496.3040843725479,501.02862548828125,9899000
2024-09-11,503.2320522694796,509.296509397702,491.9070696287229,508.01611328125,10782500
2024-09-12,513.1973141351996,522.7853688929822,511.3809329776675,521.68359375,11970500
2024-09-13,516.4628602121109,523.6489037055354,513.2568864495454,520.7109375,10321400
2024-09-16,521.1280781833137,530.6258921990976,514.0345668006345,529.811279296875,9527600
2024-09-17,534.1031857464366,538.5739157408703,527.1189435314178,532.83154296875,11690800
2024-09-18,533.5765858893919,540.6602129973364,530.427222425668,534.4508666992188,10323500
2024-09-19,546.4225329449033,558.4140310808363,542.965187958843,555.4633178710938,15647000
2024-09-20,556.3574747764472,560.8282044844723,552.6815293333295,557.6986694335938,22066800
2024-09-23,565.79568831657,570.2465287607513,558.7517785275044,560.73876953125,12830700
2024-09-24,562.9939567645471,564.0570041016949,550.5852091241051,559.665771484375,12993000
2024-09-25,560.3811029520627,573.1276667022589,560.0532324710734,564.6134033203125,16543400
2024-09-26,571.9851792927092,573.6443605372025,558.6922038502947,564.1465454101562,14400800
2024-09-27,566.3917234549,567.1269610131264,560.838117928489,563.6695556640625,9398400
2024-09-30,564.0073333502471,570.9419116246277,561.1261725236562,568.7164916992188,12792300
2024-10-01,574.2204636657805,579.2475480673664,566.3917149021512,572.7202758789062,15259300
2024-10-02,571.1207599191655,572.2533592458284,565.6367064603336,569.0841064453125,6524700
2024-10-03,566.4415219442282,579.5655595796753,565.0307145792067,578.9794311523438,11581000
2024-10-04,579.9331186133475,592.9677749426188,577.6480910523544,592.063720703125,14169500
2024-10-07,594.3289018923776,599.0281772602958,580.2411417229309,580.9763793945312,12014200
2024-10-08,585.8543715662738,589.699194351055,582.1585367255705,589.0335693359375,7857400
2024-10-09,590.1263511004084,590.5237735346293,577.8268726105156,586.6690063476562,9529700
2024-10-10,583.7481340170177,586.3908052566998,578.7309940775933,580.032470703125,7740400
2024-10-11,581.026039394348,587.3645460715928,578.9198336072303,586.1127319335938,8587100
2024-10-14,590.3549220036352,596.1966809399199,586.1226817146736,586.5796508789062,8252000
2024-10-15,586.3213167068384,586.7684018392896,576.3665323667985,582.4566650390625,9564200
2024-10-16,577.6182680312427,578.29383764797,570.2962115533834,573.0382080078125,11268400
2024-10-17,579.535763803756,581.165050386019,571.458640303418,573.1773681640625,8701200
2024-10-18,577.3201645263075,580.1714915317401,571.5082405723564,572.7202758789062,7694300
2024-10-21,572.2831589537394,573.4852495259415,565.4081274315874,571.4187622070312,8171900
2024-10-22,570.554608143125,579.7345590965069,568.3987395116817,578.2244262695312,8544500
2024-10-23,576.1975114570174,581.1948225417647,558.8411755209275,560.0234375,14248400
2024-10-24,563.441178686109,565.1797960299479,557.8676827827326,564.0869750976562,7184700
2024-10-25,570.1968098323885,577.5089214512785,568.0011631602342,569.521240234375,11337900
2024-10-28,578.2143411299127,579.9529581350283,570.3855922786825,574.3992919921875,10925100
2024-10-29,576.3764798430535,589.8084987307076,571.6573758802128,589.4210815429688,13019100
2024-10-30,597.070965919608,597.2895664833175,585.546441221901,587.95068359375,26864900
2024-10-31,581.1947950319762,586.0629466302374,559.347841413134,563.8881225585938,26838400
2024-11-01,563.9179713371708,569.9385516964711,558.9008311441127,563.4708862304688,15303200
2024-11-04,560.4308188774821,564.9909901602553,554.2612502832178,557.0330810546875,12064600
2024-11-05,563.6099673972353,569.7497621186542,562.9840604007563,568.7066040039062,9775400
2024-11-06,559.0896053301655,569.2729344365789,551.5588922903491,568.3291015625,18305400
2024-11-07,573.1375924498267,590.9310688981116,571.4685274060897,587.8512573242188,14653700
2024-11-08,587.6922331143957,589.2420834760235,580.7179368061435,585.506591796875,9415700
2024-11-11,582.5460231790189,583.1818748700241,572.7601164845879,579.3767700195312,10209100
2024-11-12,584.7118264421407,595.759491677715,576.6049297500081,581.0160522460938,16287700
2024-11-13,578.8204871253079,581.8308080564927,571.428877050603,576.2274780273438,10757600
2024-11-14,573.2468901583926,576.9824428535567,569.2828529077551,573.4058227539062,11053700
2024-11-15,567.5044173412566,568.8456725237393,547.9127170194206,550.4759521484375,17712900
2024-11-18,553.416727423013,556.2581707198138,546.5119820097493,550.7939453125,14327300
2024-11-19,548.2703647450397,557.7781231358199,547.0185508210035,557.4403686523438,9522400
2024-11-20,559.2683729001642,562.6661102785154,550.595177235104,561.841552734375,9797300
2024-11-21,565.8155365001531,566.2923949021789,545.47865352332,559.4273681640625,11154700
2024-11-22,559.8844014593876,560.1626093179061,550.9827201972906,555.5031127929688,9164000
2024-11-25,558.4437730688312,568.8655913664321,552.7709528081841,561.4342041015625,13599800
2024-11-26,562.3184529672033,573.7436512165369,561.5236686948803,569.8093872070312,10356600
2024-11-27,571.1506727838479,571.2400534262138,560.43081696294,565.4976806640625,7200200
2024-11-29,565.2989471775757,574.6974365649559,563.2126308545018,570.5843505859375,7130500
2024-12-02,573.743694871793,590.6331196558978,571.8262556875883,588.9739990234375,12522400
2024-12-03,591.1297938679786,610.2049186716846,587.4041859234326,609.6585083007812,14907200
2024-12-04,608.9730461097503,613.7617018740438,601.1641251049517,609.7877197265625,14697000
2024-12-05,613.0662512729785,615.8679160019296,603.1014617952826,604.96923828125,8081200
2024-12-06,606.1315206757421,625.6934475721603,604.571786255732,619.712646484375,16935500
2024-12-09,619.8616946855406,622.3256047567189,602.2271495803348,609.5790405273438,11426000
2024-12-10,613.5431859586748,621.5209853265471,608.7545295338151,615.291748046875,10938900
2024-12-11,619.3153171410429,634.2475843876938,617.4873192834924,628.5647583007812,10837200
2024-12-12,627.3924764653387,632.5188871219374,623.1304021366656,626.6870727539062,7474700
2024-12-13,623.1402509971973,626.9751899127812,612.877485604871,616.31494140625,8453300
2024-12-16,626.3871249494445,627.5504959861296,615.0521770037514,620.6798706054688,10885600
2024-12-17,622.5988864607522,628.7635395126289,613.023802249935,615.9072875976562,12897800
2024-12-18,617.458323440846,623.78203663293,592.9190852764012,593.7841186523438,17075500
2024-12-19,606.9088879422355,608.0324482730709,591.6066443741169,592.1734008789062,14958100
2024-12-20,587.2118506480338,599.6703586208927,576.6921729829667,581.9122314453125,48989400
2024-12-23,586.2374121284414,597.6619341779531,582.9065418782488,596.428955078125,10205800
2024-12-24,599.2825325250086,604.5224960315429,595.8622098247831,604.2838745117188,4726100
2024-12-26,602.0269150360548,602.8422458407565,595.5242346449422,599.9090576171875,6081400
2024-12-27,595.9914781565597,598.4175650201639,586.4362995119768,596.3892211914062,8084200
2024-12-30,585.3922526209689,593.5355460021086,582.2403486947754,587.8680419921875,7025900
2024-12-31,588.8922947309337,590.582551055791,580.5202704224693,582.1708374023438,6019500
2025-01-02,586.3567831409573,601.4601566231656,584.4676553001402,595.822509765625,12682300
2025-01-03,601.310965103985,606.0239224033938,593.0085500993464,601.1817016601562,11436800
2025-01-06,608.3407267105574,627.3914297831844,602.1661207346963,626.60595703125,14560800
2025-01-07,628.0973881957177,628.4950705588813,604.761207491555,614.3661499023438,12071500
2025-01-08,609.9017074188795,612.9243479725116,599.3521717985726,607.2369384765625,10085800
2025-01-10,606.5510096456386,626.3175775740942,593.9333786707956,612.3477172851562,19256600
2025-01-13,603.6376302707936,605.4969606390209,595.0369984046291,604.8606567382812,10785000
2025-01-14,601.619200037685,602.0367877207286,585.1933967179181,590.8609008789062,13598000
2025-01-15,606.7299597252418,618.910097282811,603.0410962176045,613.6005249023438,15524300
2025-01-16,608.0125311778029,612.7354412728062,606.2327616419763,607.8136596679688,8355300
2025-01-17,620.4910292003885,621.4057654457789,600.2272515348076,609.275390625,17280600
2025-01-21,614.3065179402437,617.9555708513625,605.5368113256808,612.9443359375,11674000
2025-01-22,619.7451592720179,630.0858698658818,615.8972356601856,619.9440307617188,12274000
2025-01-23,623.7821264288527,632.969420631798,617.6075811453132,632.8203125,9910200
2025-01-24,632.7705234115529,648.2815295995391,630.5830582601542,643.7972412109375,19065300
2025-01-27,623.0363611550106,660.0838730741682,621.5349631376207,656.1166381835938,28399200
2025-01-28,662.2018029505741,678.6872642266189,655.709014401459,670.4843139648438,20950100
2025-01-29,671.1503434079071,677.1658269410399,661.8735372244253,672.6318359375,21377800
2025-01-30,692.8459730540745,706.7362716155509,672.2441097313682,683.0819702148438,29322900
2025-01-31,687.0591393102349,701.2775724581132,681.6700672504257,685.24951171875,19303900
2025-02-03,672.055095082281,699.9849177203309,671.3988859242237,693.4822387695312,21415700
2025-02-04,698.4935859738144,703.6738947719398,687.6656779551747,700.1739501953125,13826300
2025-02-05,699.537557457663,714.0443756323507,695.023471471929,700.8500366210938,17778200
2025-02-06,701.8542433261019,714.8000073270438,699.487812042337,707.9293823242188,13080700
2025-02-07,712.7119725933773,720.8751716095816,707.6907856196146,710.4450073242188,16427100
2025-02-10,714.4618902748606,717.0868483333172,707.273143990759,713.3085327148438,12904300
2025-02-11,709.2518608628535,719.5328566627956,705.990537952229,715.6948852539062,12998000
2025-02-12,711.2205129173935,722.9532034161431,708.5358993293338,721.2430419921875,12016500
2025-02-13,717.4050792825848,724.8424002660025,713.9448849935358,724.4049072265625,12569100
2025-02-14,721.9987740417008,736.6844981606084,721.4817202277445,732.4686889648438,16901200
2025-02-18,731.8024756909897,732.7967725329612,702.4110634697961,712.284423828125,21938700
2025-02-19,700.0844830018293,702.9679685337271,691.4241951004963,699.7564086914062,17535500
2025-02-20,693.3033450715664,701.6056995945174,689.6840899289574,690.8772583007812,12587400
2025-02-21,692.6073286354539,699.8557309488359,678.4683956288643,679.651611328125,15660400
2025-02-24,682.3661554395793,683.3504997324554,658.6720415917437,664.3196411132812,15677000
2025-02-25,662.1719101710918,664.1903621078898,638.1994252892501,653.750244140625,20579700
2025-02-26,655.8879894912211,679.1147510461686,654.2473752935454,669.8578491210938,14488700
2025-02-27,678.5578477009615,684.7224998566809,653.8197390305947,654.4859008789062,12500000
2025-02-28,654.2871904984521,665.8111196855496,638.9352420515492,664.3892822265625,17534200
2025-03-03,669.8379661322937,677.3648013727483,647.1282576387357,651.314208984375,10843800
2025-03-04,641.8286224275595,646.0444317102432,620.0933060541167,636.3500366210938,21495200
2025-03-05,637.3443298953736,655.7388230358797,634.0233514585074,652.72607421875,13770000
2025-03-06,644.3043610495913,646.849758566996,620.5505946552596,624.3488159179688,13446500
2025-03-07,621.8034726097,631.1697327935797,597.1846706615338,622.091796875,21375700
2025-03-10,604.6021195261419,606.6304633422532,583.5230132390974,594.57958984375,21999900
2025-03-11,591.656256055314,611.4228798694775,589.9460948123735,602.2554931640625,17401500
2025-03-12,626.3076063631013,629.7180372558605,605.8747576675322,616.0265502929688,15747000
2025-03-13,616.7127266419939,616.9613008969886,583.1651548978332,587.2716064453125,16480300
2025-03-14,599.8953822688998,605.926179590697,591.914068126194,604.6722412109375,12364500
2025-03-17,604.532891346396,610.1456680585562,595.1184538057017,601.9852294921875,15473900
2025-03-18,597.1586575199055,597.3577059716481,571.8909842088232,579.5538940429688,20297700
2025-03-19,581.4646380049574,589.4658748756802,572.0004528394173,581.2456665039062,20537500
2025-03-20,579.9519523821848,607.2597338403973,576.7176126648797,583.1763305664062,24336500
2025-03-21,580.6086981003576,594.6606541908575,578.15062927122,593.3768920898438,25015900
2025-03-24,612.0067329441661,619.5402641270977,609.2501215154047,615.8680419921875,15741300
2025-03-25,623.7399580748611,630.8256453980655,618.1868283737851,623.2921142578125,15312500
2025-03-26,621.8789578468637,623.729980786782,603.6870115810134,608.0359497070312,12609800
2025-03-27,599.099230390641,611.2902031020785,597.2083613471389,599.6764526367188,10436500
2025-03-28,597.4173714732933,598.8504351853067,571.1545185330965,573.9609375,17602800
2025-03-31,560.7848045267424,575.9115762646734,550.6339405485874,573.5828247070312,21124700
2025-04-01,568.0894064880564,587.0674633156228,567.2534273427501,583.1763305664062,12836600
2025-04-02,572.1397763325173,589.8042481703526,570.5972571371435,581.1163330078125,13470800
2025-04-03,543.5879742637874,549.8974512876792,527.7447028262635,529.058349609375,34777500
2025-04-04,504.17882025902844,515.5039899950378,491.8186836840174,502.2979431152344,38589800
2025-04-07,482.76261076491693,536.7711064416472,479.5780174272365,513.7625122070312,36606100
2025-04-08,540.6323590885465,544.7922105405123,500.43696304067583,507.99041748046875,28034200
2025-04-09,506.8159855035096,585.0571672577425,499.6904835291074,582.9473876953125,39216600
2025-04-10,572.7169643692248,578.4989661784922,532.7206193644059,543.6576538085938,28173500
2025-04-11,532.929645345754,544.7623677490587,526.0430064952079,540.9508056640625,17642300
2025-04-14,553.4900382546571,555.082364985388,525.7344743683024,528.9190063476562,14130900
2025-04-15,529.5460182448087,535.3479434505276,515.0064309742874,519.007080078125,15558700
2025-04-16,506.0596935930071,510.8962605251149,493.2417525509483,499.8895568847656,18735100
2025-04-17,502.81548321597137,504.85559326586434,495.61037843976914,499.06365966796875,14593500
2025-04-21,488.96252020860095,491.1220774583302,477.48807856000866,482.3246765136719,16166000
2025-04-22,489.49984494650414,504.437526703588,484.01638599860763,497.86932373046875,17399400
2025-04-23,525.9832078416969,532.7603901449021,514.0310705693126,517.7630004882812,18173900
2025-04-24,516.2304339699675,531.3273797107081,515.0063802713869,530.5809936523438,13910000
2025-04-25,544.1652287179842,547.2104816596852,533.6660761055184,544.6329956054688,17098900
2025-04-28,552.9625978702912,555.7988405135861,537.9851302140396,547.0910034179688,15179000
2025-04-29,543.3690983377817,553.8881740688888,541.4981522607771,551.7684326171875,11835000
2025-04-30,535.8057152188378,546.454108106064,526.9485760464694,546.3546142578125,29244000
2025-05-01,589.2271342412649,590.0929373673761,567.7510984695718,569.452880859375,31159000
2025-05-02,580.648651110168,601.4280468079027,575.5433648810915,594.143310546875,24739300
2025-05-05,588.3711262803923,600.3034024537155,585.216418206306,596.3823852539062,13887700
2025-05-06,589.6748589164516,593.1579937858467,583.7535174902698,584.47998046875,10600700
2025-05-07,587.5153927262982,600.1741342190112,583.8431702056055,593.934326171875,13139100
2025-05-08,603.3686118483918,608.3544812296859,593.7452230797331,595.1285400390625,14622800
2025-05-09,600.8109394870412,604.0452793268493,588.8588608245773,589.6350708007812,10427300
2025-05-12,627.8798729663799,637.304273026421,618.0375744395401,636.348876953125,21965100
2025-05-13,642.4293923602365,657.735287467703,639.7324895847986,652.868896484375,18570800
2025-05-14,658.0239835535567,659.4769096738539,651.1572068855135,656.182861328125,12348200
2025-05-15,651.1273776640966,654.1427460084102,635.5030160453498,640.7774658203125,14341800
2025-05-16,634.8860406989016,637.3540714948545,623.1329490749869,637.2545776367188,18519000
2025-05-19,625.2228121555676,639.9017400971427,624.7749683074427,637.3441162109375,9592400
2025-05-20,632.9453765445664,636.2692486398543,629.2134460315281,634.0300903320312,6743500
2025-05-21,628.7456601662759,643.4942563973034,627.1334710926182,632.4378051757812,11464600
2025-05-22,630.9947479726117,640.150428905794,627.6708761460998,633.5026245117188,8228400
2025-05-23,620.993199465317,629.4024945229537,619.6497288590488,624.0384521484375,8454100
2025-05-27,632.3482375434634,639.9813232293817,629.7010815324659,639.2249755859375,9508400
2025-05-28,639.5036236726668,647.7437558554283,639.4538767446285,640.4789428710938,9042900
2025-05-29,648.5101296954996,650.1720660003873,636.4186486652457,641.94189453125,8858800
2025-05-30,639.4041102133804,646.280787614279,629.7309752425916,644.3700561523438,16241000
2025-06-02,641.2850258933295,670.0159111420195,641.1556474381308,667.6672973632812,15766300
2025-06-03,668.2146512733183,672.3247558564644,661.825602850503,663.6367797851562,11585000
2025-06-04,666.0948360662192,685.6799991447359,665.3484500003867,684.6350708007812,14031900
2025-06-05,688.3272230223918,691.034148340669,678.9625916503563,681.3211669921875,13083100
2025-06-06,692.8154651620004,699.4234846834818,688.5361970003321,694.3480834960938,11728000
2025-06-09,695.0945213210746,701.7920736580201,690.5962813164961,690.7156982421875,12773200
2025-06-10,697.9704528283436,699.8413987256182,688.2276487579279,699.0154418945312,10850100
2025-06-11,700.3191821519877,705.454291870014,688.6556236044764,690.7952880859375,9582500
2025-06-12,689.9593345072929,692.0293290729078,683.6897030900501,690.01904296875,7322700
2025-06-13,684.6350674102907,691.2231635261282,677.7285059523489,679.5795288085938,9274400
2025-06-16,696.4957433738915,704.2840574478909,690.6993236168908,699.2744140625,13720300
2025-06-17,699.1549233609281,703.108804504359,693.238994654824,694.4042358398438,10066100
2025-06-18,695.3504012919498,698.746615248436,692.083726120881,692.9501953125,10068300
2025-06-20,697.9099861113372,698.9756568880543,675.9194553649784,679.5845336914062,22538600
2025-06-23,680.9191522618789,696.2168868594199,675.9991705997772,695.6990356445312,11080100
2025-06-24,702.0332271284436,710.2995766217482,699.2644647708578,709.3135986328125,13823200
2025-06-25,710.429070970547,713.6758686004573,702.5212476934295,705.807861328125,9320400
2025-06-26,711.4648367192274,725.2686505067919,708.1682538746452,723.1473388671875,13964800
2025-06-27,723.5755683841301,732.4494310569042,722.9182092007885,730.65673828125,18775700
2025-06-30,741.5324738401788,744.8689334249254,731.2742298621163,735.0986938476562,15402100
2025-07-01,733.893576308325,734.7600455077777,712.4707423479545,716.3051147460938,13431200
2025-07-02,712.4309775067843,717.3808062594098,709.9112017361177,710.6781005859375,9336700
2025-07-03,723.6651827300041,726.0754187289656,711.524583891452,716.0960083007812,8601700
2025-07-07,714.691699254539,724.053627417977,710.6183091744663,715.4386596679688,9457100
2025-07-08,718.6456443931926,719.9801796297307,711.9130314453001,717.749267578125,7770700
2025-07-09,719.7909541909909,734.540991050286,719.7909541909909,729.8102416992188,11418000
2025-07-10,728.5851937618205,732.8179695463292,716.6836120454662,724.2926635742188,9913600
2025-07-11,719.5718788034793,722.2210717075307,706.8237663261808,714.6021118164062,10873900
2025-07-14,714.6916780207232,725.0495530943306,713.6459456305495,717.9982299804688,8939400
2025-07-15,720.9662434931772,721.5338799362771,706.9432890972288,707.510986328125,11529500
2025-07-16,710.4787858939072,711.076329845546,696.435955940308,700.0611572265625,13067600
2025-07-17,701.5352245721698,703.0391144882735,694.2847001730921,698.5672607421875,11803300
2025-07-18,699.3441029750284,701.8539091420688,688.846842328649,701.4256591796875,12779800
2025-07-21,703.935527653934,714.0942021007936,702.899764362946,710.0805053710938,9404400
2025-07-22,713.2873743640687,713.6956859389659,698.567246668549,701.9534912109375,8921100
2025-07-23,703.5071269876405,711.7336595120587,702.072960775299,710.6879272460938,8771600
2025-07-24,714.1439574655813,720.687338137739,711.1063305361163,711.903076171875,10920800
2025-07-25,714.0144322760385,717.7293565775856,709.0148187890661,709.7916259765625,8271700
2025-07-28,712.3014741673994,721.8027888995285,709.7916676847334,714.7216186523438,8715700
2025-07-29,717.0819056919643,721.5337600116644,697.07330188235,697.1629638671875,13267000
2025-07-30,705.220260506502,705.6285721008213,688.3986981647392,692.3924560546875,27077300
2025-07-31,772.0582967543337,781.5695805434973,762.4075657653623,770.305419921875,38831100
2025-08-01,757.6469850735597,762.895646900546,742.2894944241615,746.970458984375,19028700
2025-08-04,756.9199199436857,773.701607011529,755.3363370487518,773.2235717773438,15801700
2025-08-05,773.3032507518016,779.956171055707,759.9077481452855,760.3659057617188,11640300
2025-08-06,766.8792810155117,770.504543114836,757.3779673914686,768.8612060546875,9733900
2025-08-07,770.3550866529048,771.8589764491933,756.4715821159718,758.7423706054688,9019700
2025-08-08,759.658747758983,766.7797947505699,755.5056648409816,766.1821899414062,7320800
2025-08-11,766.9590730751903,770.3253796334465,761.5709644271586,762.76611328125,7612000
2025-08-12,769.867116884642,790.4533266506146,769.2994197367773,786.7982177734375,14563100
2025-08-13,787.9435990951905,792.2361288096716,775.0759183613408,776.91845703125,8811800
2025-08-14,774.7273686839942,784.6171165223105,769.3791373875601,778.9601440429688,8116200
2025-08-15,780.9720282034339,793.0229651164598,777.6555069770899,782.047607421875,13375400
2025-08-18,771.9487538776341,772.6658066945315,753.4938227994072,764.260009765625,16513700
2025-08-19,764.0109537986283,764.0607389973293,746.3229231295343,748.434326171875,12286700
2025-08-20,744.5402195952106,747.1595654675717,728.0373679946948,744.6895751953125,11898200
2025-08-21,741.6918632286945,742.4786396352457,730.1388392043501,736.1045532226562,8876300
2025-08-22,736.2340211992512,753.8324517991243,731.4136708448241,751.73095703125,10612700
2025-08-25,751.7608684647103,755.8044116418879,747.0898736921264,750.2470092773438,6861200
2025-08-26,747.7571485914523,751.8106610061906,744.9087541771366,751.0437622070312,7601800
2025-08-27,749.2511791949785,751.0937182650308,739.8295561688316,744.3511352539062,8315400
2025-08-28,740.9846872134063,749.9979968559576,737.7976441431024,748.0658569335938,7468000
2025-08-29,742.2594644901677,744.1119114587425,732.3696565520792,735.7061157226562,9070500
2025-09-02,723.0975491178885,733.017206017714,718.8050187261174,732.1307983398438,9350900
2025-09-03,733.0171338161767,737.2499093850881,731.015270232833,734.0628662109375,7699300
2025-09-04,745.53621296405,758.0751543418567,742.7973581267053,745.6159057617188,11439100
2025-09-05,749.5698067054846,754.8782225138488,742.0106011970698,749.4005126953125,9663400
2025-09-08,752.9360542535453,763.4034686491748,748.9722040020283,749.2510375976562,13087800
2025-09-09,754.419992782477,763.1942846942571,750.3764498072048,762.5967407226562,10999000
2025-09-10,762.0290412375358,762.5967384027244,747.9563032651432,748.9323120117188,12478300
2025-09-11,751.5915523569047,754.0315742808393,745.336974982777,747.8567504882812,7923300
2025-09-12,745.6955270108052,754.4997269984316,740.7456986088828,752.5277709960938,8248600
2025-09-15,754.4000905423925,770.9328504065699,748.942319380906,761.600830078125,10533800
2025-09-16,763.8915286963957,778.1933163916536,761.9992046361366,775.8428955078125,11782500
2025-09-17,776.8288247150236,780.1154382240195,763.2042747009343,772.5761108398438,9400900
2025-09-18,777.5857421327424,785.5832269744436,770.2256780600211,777.0877685546875,10955000
2025-09-19,783.2327966061642,787.5950502976575,766.072645438502,775.2254028320312,23696800
2025-09-22,779.2068840936374,783.0737723834768,761.8856333765553,762.5733032226562,11706900
2025-09-23,766.6494677320859,767.994879580523,748.5309344746781,752.8463134765625,10872600
2025-09-24,754.9392103751906,758.5369918811637,749.9860410574281,758.0885009765625,8828200
2025-09-25,750.9028646268723,754.2116481824468,742.0329280425029,746.378173828125,10591100
2025-09-26,747.4645893513656,749.3880575951708,734.8573289461095,741.2357177734375,9696300
2025-09-29,746.1888021735474,748.2418964072087,736.6512086302703,740.8868408203125,9246800
2025-09-30,739.740790143385,740.4583269528289,723.8446976774693,731.8973999023438,16226800
2025-10-01,719.050911987213,719.4096803677126,707.7991010033351,714.9149780273438,20419600
2025-10-02,720.1372426569798,725.309699629413,715.7122502133443,724.5921020507812,11415300
2025-10-03,727.1633750572937,728.5287386889415,707.7791166979599,708.1578369140625,16154300
2025-10-06,702.8060248479621,714.4565078636942,688.1756596108709,713.2406005859375,21654700
2025-10-07,715.2936403041813,716.0710326272052,703.3641353885179,710.6693725585938,12062900
2025-10-08,711.0380954481734,717.2171476536749,705.4171476518181,715.4132690429688,10790600
2025-10-09,715.8518398810967,731.0303344726562,710.0315555923428,731.0303344726562,12717200
2025-10-10,728.4490335307075,732.784364410351,702.1283419878271,702.9156494140625,16980100
2025-10-13,710.5996089558437,717.5061741064447,705.2477676379041,713.280517578125,9251800
2025-10-14,705.3873404797914,713.1310322093289,696.9658939978091,706.25439453125,8829800
2025-10-15,714.6358727912688,721.4527759491865,707.1114088212217,715.1242065429688,10246800
2025-10-16,715.1241740828767,723.0373338413923,701.5004051404221,709.6627197265625,9017000
2025-10-17,704.6896976037913,716.1109175681677,703.732921033597,714.4963989257812,12232400
2025-10-20,718.7519023248905,731.289390620618,717.7453070615727,729.6947631835938,8900200
2025-10-21,733.5318410857864,736.0034377690635,726.2863984755653,730.7911376953125,7647300
2025-10-22,731.3492269695964,738.0962989037338,721.5823690736463,730.9306030273438,8734500
2025-10-23,732.2163225390138,739.9002195728755,730.6216949207216,731.5186767578125,9856000
2025-10-24,734.2991309259364,738.704232141329,728.6782441600997,735.8638305664062,9151300
2025-10-27,747.195457385242,753.1951257515892,745.4813011827554,748.2817993164062,11321100
2025-10-28,750.0856988126538,755.8362124836232,742.9997491476457,748.8997192382812,12193800
2025-10-29,752.1985111114485,756.5935760115584,739.9998990805568,749.12890625,26818600
2025-10-30,666.887912533529,678.6579855089774,647.9720344844721,664.2169189453125,88440100
2025-10-31,672.2297387877188,672.6084590133829,643.3875718813117,646.1581420898438,56953200
2025-11-03,653.7822839270266,657.1010433454932,634.0292814028221,635.5541381835938,33003600
2025-11-04,625.9168776495994,639.5705767203505,623.8937717318939,625.1993408203125,27356600
2025-11-05,630.1724007040705,640.0588479681868,624.4218873891514,633.8001098632812,20219900
2025-11-06,633.7004019945108,633.8499192315176,615.9107705740217,616.8475952148438,23628800
2025-11-07,614.4058914069517,620.0268394880455,599.1676024999227,619.6082763671875,29946800
2025-11-10,628.9566105977867,632.8533659763596,616.0204484619443,629.6243286132812,19245000
2025-11-11,625.8770169082796,627.4317408228605,617.2961380110504,624.9601440429688,13302200
2025-11-12,626.0065923024907,626.8636704474237,605.7154345004715,606.9512329101562,24493300
2025-11-13,610.9974282481795,615.5619618736964,600.9614641591972,607.8281860351562,20973800
2025-11-14,599.7556041676178,611.6054241702889,593.1879159768617,607.3997192382812,20724100
2025-11-17,606.9810562524968,609.6221219886945,593.3872138938384,599.974853515625,16501300
2025-11-18,589.6000552799869,601.6192836786712,581.8065445386262,595.6694946289062,25500600
2025-11-19,591.7128714929664,593.3174750396417,579.2850561317264,588.3244018554688,24744700
2025-11-20,601.4597887996167,604.6688739678727,581.3778841958236,587.1583251953125,20603000
2025-11-21,586.5105272163902,596.0980011467227,579.8929596850738,592.2410888671875,21052600
2025-11-24,596.6959653725695,614.6152243710839,595.6096842408232,610.9775390625,23554900
2025-11-25,621.8904932046078,634.8963639496133,616.209750572071,634.0691528320312,25213000
2025-11-26,635.5342418532664,636.2019598341516,629.4947305871518,631.468017578125,15209500
2025-11-28,633.9296546389559,645.8591590880771,633.3515983825566,645.759521484375,11033200
2025-12-01,637.3878853503733,643.1383983949365,635.6039586340122,638.7034301757812,13029900
2025-12-02,640.1684965318557,645.6797698761368,635.9129124654792,644.912353515625,11640900
2025-12-03,642.2314810232181,646.6564735939825,635.3946865356451,637.437744140625,11134300
2025-12-04,673.7146932031604,673.8143308084973,657.8186021075292,659.2936401367188,29874600
2025-12-05,661.7552947151958,672.4091587454953,660.1507520483126,671.1434326171875,21207900
2025-12-08,667.0772284693074,674.4223082782987,662.8216443414645,664.5457763671875,13161000
2025-12-09,661.5260500954003,662.2336109084633,651.1313175008097,654.7390747070312,12997100
2025-12-10,647.7527447265774,652.2973264314004,641.2249002906431,647.93212890625,16910900
2025-12-11,641.1152803360264,653.0647981949571,638.6337077300913,650.5034790039062,13056700
2025-12-12,647.603240055161,708.5963563082138,636.4510671197735,642.0520629882812,14016900
2025-12-15,644.0420011784053,651.3232442601446,637.0599755890928,645.8473510742188,15549100
2025-12-16,641.8476117575357,660.8386986647098,641.5483942773906,655.4625854492188,14309100
2025-12-17,653.9265104909302,659.5320745885969,647.5329968709444,647.8322143554688,15598500
2025-12-18,655.3429659472675,668.8381931582612,654.774422237226,662.743896484375,20260300
2025-12-19,664.7087499822148,669.2770065062657,656.4899183910027,657.0784301757812,49977100
2025-12-22,659.9510307809619,671.850389464676,654.9638698467097,659.8013916015625,15659400
2025-12-23,658.3550860644432,664.2898196014329,656.5597203493141,663.2325439453125,8486800
2025-12-24,660.8288686174008,666.4643247360839,660.4996989036335,665.8359375,5627500
2025-12-26,666.3445631389869,667.2322924211887,659.6218797502219,661.5867919921875,7133800
2025-12-29,656.3204105957403,658.5546491157273,652.7097106878265,656.9986572265625,8506500
2025-12-30,656.9986226731097,670.4938487731155,656.1508296487782,664.239990234375,9187500
2025-12-31,663.0430880640301,663.2924461264837,657.7467252526537,658.3950805664062,7940400
2026-01-02,661.0283027009447,662.6840744459444,641.8476986467276,648.7399291992188,13726500
2026-01-05,649.3383972038786,662.8336242718107,646.086758236235,657.098388671875,12213700
2026-01-06,657.8764143393763,663.8111485640529,650.2261258196658,658.9237060546875,11074400
2026-01-07,653.9565196013041,657.4575166710536,643.1543108814861,647.0243530273438,12846300
2026-01-08,644.2215315163064,645.438369611356,634.0875860000896,644.4010620117188,11921700
2026-01-09,643.7826283039087,653.2682180705046,641.1992521727667,651.383056640625,11634900
2026-01-12,650.8545379312607,652.2907820220081,639.5835040655014,640.3215942382812,14797200
2026-01-13,640.6208286715078,640.6208286715078,622.4974409136,629.4695434570312,18030400
2026-01-14,624.8913007155408,626.836305766559,613.2412994138377,613.9395141601562,15527900
2026-01-15,616.8918824768537,622.567274451088,612.6527953870184,619.2059326171875,13076100
2026-01-16,622.5772500418334,627.4646923832119,618.4878021974878,618.6573486328125,17012500
2026-01-20,606.3191417499893,609.8301228712422,598.4593704807342,602.5687866210938,15169600
2026-01-21,605.1820479992876,616.6824713366042,598.5391758430108,611.3861083984375,14494700
2026-01-22,627.7339506004921,658.8738165275513,624.9411525277235,645.967041015625,21394700
2026-01-23,643.1144139511335,664.7786132883346,642.7952283244125,657.0684814453125,22797700
2026-01-26,663.4221291072672,673.546090976127,659.5919624126628,670.633544921875,16327400
2026-01-27,672.8578395915863,675.0820939991542,662.9532839044604,671.241943359375,13297400
2026-01-28,672.768020673078,675.9398477720257,664.3895658196245,667.0128173828125,25709600
2026-01-29,735.536439340887,742.0895763731422,710.7203206800697,736.4141845703125,59852900
2026-01-30,725.6319102189462,730.2899014488934,711.7576553956329,714.66015625,23744600
2026-02-02,712.7649799285471,719.4477874144414,701.7134756957726,704.5960083007812,14365200
2026-02-03,705.5535728195721,715.1588492636382,684.6473731061755,689.923828125,13760700
2026-02-04,685.964025393825,687.0612373376343,665.7461161570209,667.2721557617188,16882800
2026-02-05,661.876033741038,679.7500005691794,651.8219007658969,668.489013671875,17131800
2026-02-06,663.7811558190369,670.2644652243433,644.8399277739295,659.7615356445312,18159300
2026-02-09,661.4770916291903,681.5554070660584,657.0884263930592,675.4810180664062,14837500
2026-02-10,675.8600805746455,678.9022976953746,668.0701369952135,668.9977416992188,10455800
2026-02-11,672.2693241407737,677.5258114827353,655.4126950742984,666.9729614257812,14323800
2026-02-12,668.2496249159107,674.2641703314905,643.6230822268304,648.1414184570312,14960100
2026-02-13,643.4435284294337,649.7572916993954,632.9405983581432,638.1272583007812,12336400
2026-02-17,637.8578591323172,640.9498744421038,627.1853229648948,637.6483764648438,12674700
2026-02-18,632.1725042393389,643.3437568439427,626.5370489428796,641.5682983398438,14649200
2026-02-19,636.9302530675583,645.5281132997313,635.0849670695593,643.1243286132812,10035700
2026-02-20,638.0474161403351,661.6466355641227,637.1397796110642,653.9763793945312,14183500
2026-02-23,650.8643633551039,656.0111474209717,634.3668572540702,635.6136474609375,8605900
2026-02-24,631.4543872367445,639.4637360573605,627.364878734925,637.6583862304688,10135600
2026-02-25,640.8801577475739,652.200989167557,640.4911445683953,652.011474609375,11330700
2026-02-26,648.8795635426123,659.3027431401059,645.8374072363367,655.322998046875,10637700
2026-02-27,641.7977899641362,647.7723993687464,636.4814590544522,646.515625,15703000
2026-03-02,635.5238627543893,658.2453970983619,632.870719934867,651.8817749023438,9816100
2026-03-03,646.6252847330551,657.3476806461185,637.199599354082,653.3978881835938,12263800
2026-03-04,656.2705097002453,671.0424780902056,655.9812154011644,666.015380859375,10810100
2026-03-05,660.2303336051802,668.9778340733714,648.6401755256248,658.8738403320312,13341400
2026-03-06,646.2363343546218,647.8022493056128,634.4765699796501,643.2041015625,13159400
2026-03-09,633.1501152642575,646.0867831911829,625.1706567300553,645.7277221679688,13489700
2026-03-10,651.881802754218,658.6044862124207,647.3335142418318,652.3905029296875,9859300
2026-03-11,653.0786868976891,657.4274764783338,646.695096760678,653.1784057617188,8977200
2026-03-12,647.084125187776,651.8219280311547,635.2645782351397,636.541259765625,11617500
2026-03-13,622.2879460132801,627.554356001348,607.9847424867846,612.1340942382812,18957600
2026-03-16,630.9168848948667,633.6621719731276,622.0321132511823,626.3746948242188,15134900
2026-03-17,626.9137783313067,635.4591062750881,620.634579694285,621.5928955078125,10348800
2026-03-18,615.2837809831337,621.5829648535273,613.5567043186309,614.6248779296875,11726300
2026-03-19,611.1009505532863,611.9494694911245,601.2278849458298,605.6602783203125,13247700
2026-03-20,602.4957192983555,602.9249750667714,586.2435901825164,592.642578125,21214900
2026-03-23,604.7517959610541,607.5969482872343,597.9834469761715,603.0247802734375,13638000
2026-03-24,598.0732713770465,599.9700396349708,589.9871770786485,591.9038696289062,10739700
2026-03-25,597.7138608396341,602.6354044215132,592.3830467312241,593.8704833984375,12585000
2026-03-26,581.4916747262954,582.0008103985165,542.4187412024525,546.6015625,35780100
2026-03-27,539.1743295527585,542.6683311056884,519.368366299545,524.8189697265625,30133000
2026-03-30,535.4607543945312,538.6253045735799,527.6341638126921,535.4607543945312,22795200
2026-03-31,549.0374119135495,572.7067990959439,545.8329522821889,571.1494750976562,32898300
2026-04-01,579.1357866530213,591.5344843799961,572.8366030750008,578.2373046875,23608100
2026-04-02,565.0699110449033,577.5085793033603,558.7408105198895,573.4755249023438,13518500
2026-04-06,576.6999432469056,581.7911783704857,571.0196924702504,572.0379638671875,9515700
2026-04-07,571.4988503418972,574.2441373249518,563.7921103124964,574.064453125,9580800
2026-04-08,604.9614419693103,628.8704088339113,590.8157434643455,611.3704223632812,32036600
2026-04-09,625.8955000086161,636.4074834525468,621.9323328485281,627.3131103515625,19012900
2026-04-10,633.3826022362973,637.4856047359222,623.2600266965629,628.780517578125,13294800
2026-04-13,628.4212176827168,633.9117922613585,623.3299819911093,633.442626953125,9538900
2026-04-14,642.117619704398,665.1181727259973,638.2742422102883,661.3546142578125,17818000
2026-04-15,665.856909197143,677.3372007350248,663.081644256971,670.4290771484375,14952600
2026-04-16,674.831464225754,676.4187660594131,666.605595861725,675.7099609375,9544800
2026-04-17,677.4369744478516,690.3348757077041,673.9729506648888,687.3699340820312,16283500
2026-04-20,680.192296240317,682.2088539380842,666.8552067290691,669.7601928710938,12534000
2026-04-21,669.8500580611455,675.0411586256739,666.1863646700106,667.6937866210938,8660100
2026-04-22,673.2042912464699,677.2174214115423,668.6022063234784,673.5636596679688,9215600
2026-04-23,662.562575853328,668.412518474367,651.9308032468797,658.0203857421875,11667000
2026-04-24,659.1883568751083,679.5034568571632,652.719481738207,673.8731689453125,13348300
2026-04-27,669.8500343121515,681.330325511242,669.6903353309991,677.4569702148438,12805200
2026-04-28,673.0844464119266,677.0176962940845,664.489217253305,670.189453125,10606800
2026-04-29,667.7636045616339,673.0944797535534,662.6723692427279,667.9732666015625,18947500
2026-04-30,618.2586017744245,619.7859479396749,598.9717055442339,610.8612670898438,52765000
2026-05-01,613.6365485572411,617.8193701850194,605.0712358749745,607.7067260742188,21404000
2026-05-04,606.8981537761392,612.9477660987843,601.7170456287333,609.3638916015625,16203900
2026-05-05,612.2588828439087,613.2970785161436,599.3310648754198,603.9232177734375,17171300
2026-05-06,600.0199080772063,618.8875416216711,597.0749516023062,611.8296508789062,19915500
2026-05-07,613.6664238202088,623.9088493168618,612.4884534922683,615.7528686523438,12307400
2026-05-08,614.1456663784968,615.7129829832094,605.0213161255829,608.585205078125,13557000
2026-05-11,603.533915527778,603.8732987260729,597.0550476209405,597.8336791992188,15940600
2026-05-12,593.8006394881057,602.7153284632744,591.5844123107358,601.9666137695312,11351600
2026-05-13,597.8037594995824,618.837657653709,595.6374345129168,615.5732421875,14634400
2026-05-14,614.944289073115,622.6610217742586,613.9460028895547,617.3701171875,10651200
2026-05-15,612.9377892034477,620.135455286475,608.2658166797805,613.1773681640625,13272600
2026-05-18,608.0660990208263,614.5350350972873,602.6554048207697,610.1625366210938,13772400
2026-05-19,607.8764543920544,612.8778783201094,599.5208032426234,601.5772705078125,11749900
2026-05-20,599.7304526335664,606.9580352784536,596.7854960328639,604.0230712890625,11329700
2026-05-21,598.9716935873996,608.5552163125774,593.7905860006466,606.3390502929688,13476100
2026-05-22,606.838246230648,613.7563625825306,605.9098473363839,609.2141723632812,11688600
2026-05-26,607.8464888599174,613.4168818935308,604.2626146519137,611.2905883789062,12234200
2026-05-27,608.3556581766634,637.4057633477772,607.9563193089997,634.1713256835938,23143600
2026-05-28,638.4040398455469,641.8980416273442,628.2315007921775,634.2012329101562,16772400
2026-05-29,632.4143189973911,633.4126052152244,622.281689514161,631.426025390625,19806500
2026-06-01,629.3196151062037,634.6604216515384,598.5025264432778,599.4408569335938,29138800
2026-06-02,602.2061447656582,607.8364934375654,595.6573898697867,596.6057739257812,18252000
2026-06-03,601.9666135784172,623.0803923074952,599.2413115918356,621.912353515625,23020100
2026-06-04,622.601105447702,641.2990464500883,621.3632403719068,626.4944458007812,21469200
2026-06-05,622.3915867034917,628.0718380797523,581.9110292634388,591.9837646484375,30091600
2026-06-08,590.9854370177134,590.9854370177134,578.2273099921849,584.3867797851562,19512400
2026-06-09,589.9871222602228,596.6057643945405,580.0142532419713,583.588134765625,16977400
2026-06-10,579.7347558037309,590.3066340250939,569.6221111934292,570.00146484375,17064000
2026-06-11,564.8602908302337,571.1893911411966,556.0553993401948,567.455810546875,17628000
2026-06-12,571.9680395129554,575.0826873049916,559.938704060897,566.0082397460938,14326400
2026-06-15,579.4427159724761,600.795858737961,578.8431525395191,593.011962890625,17653300
2026-06-16,593.1818700134238,605.3322537623429,591.5331468141493,599.7366943359375,11344400
2026-06-17,591.5331725816898,593.3417428489197,565.7435277503374,567.1324462890625,20478300
2026-06-18,572.3682769745303,579.7624046842873,562.6559105294999,576.7647705078125,28824600
2026-06-22,571.5689356803741,575.3559250048318,559.3685422933314,563.4053344726562,15405500
2026-06-23,561.8066012038755,571.7487666818112,560.5775907162,561.7566528320312,13103300
2026-06-24,561.4469285838474,568.591253761232,555.1119012433646,557.230224609375,13963600
2026-06-25,555.1118879211193,555.9013039685537,539.7540133926082,542.44189453125,16968600
2026-06-26,542.9115767800729,556.4108722579447,539.9738926737891,549.8161010742188,18867700
2026-06-29,559.5583857816937,570.4498144711828,557.5599629753306,562.1563110351562,15011400
2026-06-30,560.4976417791106,565.0939897966132,550.9951316644288,562.8457641601562,18111100
2026-07-01,607.4305787144307,627.784571153574,594.6306830487989,612.4266357421875,45536300
2026-07-02,607.4206544757068,609.5189740900589,579.9622828274885,582.4403686523438,21705900
2026-07-06,594.3709360150443,603.1040338931904,581.301233826573,599.8165893554688,17674100
2026-07-07,607.1109147253509,624.8768626804635,603.1839600389557,615.0946044921875,18560800
2026-07-08,613.9055418180343,615.5142576272189,597.5384532703483,602.6444091796875,13606500
2026-07-09,583.529455055522,632.77062206454,576.6149292518581,630.9819946289062,26579700
2026-07-10,659.8193113874754,677.3254544051542,657.491131647921,668.6823120117188,40608900
2026-07-13,660.858454671636,676.0864269737083,653.6841239854351,656.2120971679688,19840700
2026-07-14,651.4858277274717,665.9743929146624,648.5381419230179,660.5186767578125,16748200
2026-07-15,663.0767089741589,685.5390243545221,656.1421789132482,680.7727661132812,19003400
2026-07-16,676.7459348014426,681.3622866487058,659.6393793096187,664.0159301757812,15816000
2026-07-17,647.1892801723585,651.68573177941,625.5063791142821,645.5006103515625,22267900
2026-07-20,646.1900645769782,652.784835830389,635.5084916103011,645.3406982421875,10225200
2026-07-21,653.664124760039,655.3627963853286,642.6928027946103,643.3023071289062,9140500
2026-07-22,647.189254956408,648.4882176170956,623.5079318845419,626.6754150390625,11019600
2026-07-23,607.9301851876114,614.1653155952538,596.7490071058414,605.6220092773438,15494800
2026-07-24,604.8226548171024,609.4989569016461,593.9812354037057,594.7206420898438,11503500
2026-07-27,606.7411202287035,610.7779733376527,592.6622656813121,593.4016723632812,11195300
2026-07-28,596.3493616660036,600.5260580457825,586.5370982909723,592.9420166015625,12009300
2026-07-29,592.7821833537371,599.4968549179539,581.7608519604674,585.148193359375,22371100
2026-07-30,525.58522592167,539.4542858116451,524.0764068649972,538.60498046875,42271500
2026-07-31,543.171288392182,557.8897136701136,539.7939490076644,556.27099609375,24261500
2026-08-03,561.7966164985271,597.0488245114987,558.9188827428958,589.7745361328125,25938100
2026-08-04,581.0414552494501,592.32253050782,577.794018053301,587.4763793945312,17959200
2026-08-05,599.9865089938204,600.5260612032997,579.6625219517506,588.3057250976562,14897200
2026-08-06,586.487189429669,594.8405827519979,585.5379263278069,589.4348754882812,11811500
2026-08-07,585.1781899072663,598.2678350979388,585.1581861630435,591.633056640625,11250300
2026-08-10,598.657568915248,607.7304260788247,591.5631919202813,594.4508666992188,14967300
2026-08-11,597.5284100969216,611.9470231090784,592.9320621063698,598.6475219726562,13146900
2026-08-12,600.5960026412422,604.023290419805,577.7540447074138,578.3934936523438,16186900
2026-08-13,580.2520897369063,595.380104391766,578.9331233348041,594.5007934570312,11164200
2026-08-14,596.5092089028919,601.3853654698224,588.8252707092146,589.3848266601562,8758000
2026-08-17,589.2849441761664,589.774548021712,564.3046582848494,568.5213012695312,17225600
2026-08-18,557.0403796583744,560.2178647510921,542.7816737373303,543.2412719726562,27094900
2026-08-19,540.9131223962278,553.6330639150415,536.8463247077087,545.5994262695312,16971700
2026-08-20,546.5187091013889,549.5562899225255,538.8847190657524,545.3995971679688,13872200
2026-08-21,546.4587335768297,553.4332095869578,542.8015857242297,549.4663696289062,13848000
2026-08-24,549.7661710202622,560.9772946036173,545.8692218355393,558.5792236328125,12990600
2026-08-25,563.4353464162,570.3498724402046,560.9573215839381,569.6004638671875,9769100
2026-08-26,589.8444773654404,592.8721171723366,561.4369046651577,575.6856689453125,31416300
2026-08-27,576.0253592943615,587.926001033879,567.1723610665189,570.6495971679688,15221400
2026-08-28,571.0992793335739,588.7253835559844,570.5497252457161,577.564208984375,16042400
2026-08-31,577.1744781551006,578.2236379136884,568.6911832402849,571.888671875,13383800
2026-09-01,557.9096596695957,584.4887194481862,555.6614340241316,578.083740234375,15796900
2026-09-02,578.3335366296732,599.9065373056851,576.5449702025707,592.3824462890625,16552700
2026-09-03,604.0133041368691,618.9715308723809,603.8733999005765,610.1984252929688,19737100
2026-09-04,611.8670721034152,616.9730886717387,604.7926993516937,616.2836303710938,15966200
2026-09-08,615.7241045276966,624.3072966603136,609.2591747857786,612.9962158203125,18909700
2026-09-09,648.1284941622514,657.3411939542544,638.056426220049,653.1744995117188,35900700
2026-09-10,653.1945472302951,662.9768054946985,641.6336632885306,643.8718872070312,21531900
2026-09-11,652.9947023490145,663.716221985592,645.6904688887529,647.51904296875,16925000
2026-09-14,657.311302577125,668.072768706455,648.708045415434,665.0751342773438,19332300
2026-09-15,658.7801108800835,678.3346866933342,655.6825797136325,669.7114868164062,19502800
2026-09-16,679.3738238485387,684.7695900234191,671.3801323225093,672.779052734375,17217800
2026-09-17,681.9018750257407,682.6612854975235,666.5239959332205,681.77197265625,15928000
2026-09-18,688.0769980771287,689.6058209010791,660.278927643704,665.2250366210938,27596400
2026-09-21,680.2999877929688,753.0,679.5999755859375,741.25,48720500
2026-09-22,731.4000244140625,757.27001953125,730.0,736.5999755859375,28122100
2026-09-23,747.5999755859375,763.9000244140625,739.510009765625,744.0999755859375,30829200
2026-09-24,744.3599853515625,779.8200073242188,743.010009765625,777.5900268554688,34808500
2026-09-25,768.8499755859375,769.5700073242188,746.5399780273438,751.6599731445312,25826700
2026-09-28,750.0399780273438,750.5800170898438,713.1900024414062,715.6199951171875,27943100
2026-09-29,725.0,740.4500122070312,715.0999755859375,738.7899780273438,23591100
2026-09-30,730.27001953125,738.25,721.2999877929688,725.1799926757812,19293000
2026-10-01,728.530029296875,735.8800048828125,721.510009765625,725.9299926757812,12408400
2026-10-02,733.25,741.5800170898438,726.2000122070312,728.0800170898438,12964100
2026-10-05,727.7100219726562,746.7000122070312,727.1199951171875,741.9000244140625,15215300
2026-10-06,746.72998046875,747.5999755859375,736.6900024414062,738.8800048828125,12563100
2026-10-07,738.2899780273438,738.2899780273438,720.1500244140625,721.3099975585938,13231600
2026-10-08,724.5399780273438,724.9500122070312,711.6799926757812,720.8900146484375,16041100
2026-10-09,726.510009765625,728.0700073242188,716.2000122070312,718.6699829101562,12605100
