timestamp,open,high,low,close,volume
2000-01-03,35.62359844545257,36.002976490665056,33.99227285103888,35.37700271606445,53228400
2000-01-04,34.46651381895889,35.547741825387426,34.068166658695745,34.18198013305664,54119000
2000-01-05,33.72671452228477,35.32010260995177,33.195585159729106,34.54237747192383,64059600
2000-01-06,34.04918854886835,34.56134904514659,32.89208520542491,33.385276794433594,54976600
2000-01-07,32.96796284160518,34.068159530220306,32.5696157646928,33.821563720703125,62013600
2000-01-10,34.4285702864683,34.50444592346327,33.80259628125979,34.06816101074219,44963600
2000-01-11,33.84052999441965,34.67516190011161,32.986929181780134,33.195587158203125,46743600
2000-01-12,32.93002775387164,33.04384121385046,31.697048604101102,32.11436462402344,66532400
2000-01-13,31.678084309895837,32.96797037760417,30.805514322916668,32.72137451171875,83144000
2000-01-14,32.531679361594016,34.580321560458245,32.09539444887293,34.06816101074219,73416400
2000-01-18,33.9353723520832,35.35804028187987,33.91640344635258,34.99763107299805,81483600
2000-01-19,33.53702447124731,33.84052695515,32.1712632936852,32.47476577758789,97568200
2000-01-20,32.493747609966206,33.29044194716327,32.133338266948485,32.1712760925293,56349800
2000-01-21,32.474781137489416,32.550656794352705,31.336646284540016,31.4883975982666,68416200
2000-01-24,31.502604659987085,32.07641395757228,30.59683957041046,30.72962188720703,63597600
2000-01-25,30.653753402385306,31.526323115572016,30.21746854579195,31.2038516998291,59823200
2000-01-26,31.09001537658883,31.412486554991524,30.084664055686325,30.160539627075195,49365000
2000-01-27,30.31704964154883,30.710654384275024,29.51561347864851,29.970867156982422,63654800
2000-01-28,29.781182594881717,30.426125402668962,29.51561790932226,29.819120407104492,58225400
2000-01-31,29.629438992204335,29.800159191263134,28.79480690791689,29.70531463623047,73194200
2000-02-01,29.894998333855114,31.33663530934559,29.648402535415954,31.241790771484375,70196600
2000-02-02,31.090039124935217,31.545292901017245,30.50200299749593,30.596847534179688,49915600
2000-02-03,30.976224418428465,31.621167241592318,30.388188314955542,31.45044708251953,49186000
2000-02-04,31.678079577135552,32.7782763528684,31.606946164911445,32.34199142456055,55365400
2000-02-07,32.41785718240324,32.43682608654742,31.64013211249187,32.3609504699707,40005800
2000-02-08,32.30405124145993,33.38527902816764,32.30405124145993,33.366310119628906,56229000
2000-02-09,33.214559365923584,33.214559365923584,31.526326479820103,31.56426429748535,55090000
2000-02-10,31.53107528585308,32.34199630764296,31.10901697626654,32.1712760925293,54527800
2000-02-11,31.829825283811566,31.829825283811566,30.084685876117486,30.331281661987305,115559000
2000-02-14,30.72488424619438,30.88137771434138,30.065714789453985,30.236434936523438,81028600
2000-02-15,30.274384096444372,30.350259745808895,29.781192375574978,29.91397476196289,71027600
2000-02-16,30.12262813748837,30.40716177858555,29.47768521766809,29.629436492919922,65202600
2000-02-17,29.894994642384532,30.25540384175338,29.482420953633348,30.236434936523438,80343400
2000-02-18,30.350259132560815,30.369228044518664,28.79480835201707,28.851715087890625,79063000
2000-02-22,28.870681018054206,29.477686138013297,28.16883134810151,28.472333908081055,66296200
2000-02-23,28.37748518926079,29.060365848895408,27.941200323383118,28.605112075805664,75847200
2000-02-24,28.605122770042723,29.09831454194001,27.922241855108016,28.756874084472656,69733200
2000-02-25,28.73789444596371,28.742636672769976,27.466977661884787,27.713573455810547,65301400
2000-02-28,27.391106391359923,27.960173698659645,26.746163443086907,27.789453506469727,76131800
2000-02-29,27.846350487128838,27.846350487128838,26.973780921455862,27.125532150268555,58437400
2000-03-01,27.20140988007957,28.557686593068194,26.992751924235165,27.561819076538086,106889800
2000-03-02,27.86532354291025,28.946551209313167,27.656665572200914,28.33954620361328,106932600
2000-03-03,28.75686688168926,30.00881491215858,28.491302147953345,29.174182891845703,101435200
2000-03-06,29.136241244612066,29.553557199938542,27.3531639809444,27.504915237426758,93609400
2000-03-07,29.174188667800514,29.591504760577894,27.90327147616031,28.18780517578125,135061000
2000-03-08,28.472319279253448,29.1931374888548,27.618718767883422,29.003448486328125,94290000
2000-03-09,28.927584081888202,30.35025215148926,28.832739543914798,30.350252151489258,88198800
2000-03-10,30.217460904971208,31.10899929953094,30.198492002959302,30.653745651245117,85589000
2000-03-13,29.62943643696454,30.426130630532086,29.591498618223227,29.743249893188477,61831800
2000-03-14,29.93294470507588,30.122633835019325,28.870685577392578,28.870685577392578,73489200
2000-03-15,28.699950810653664,29.32592462212199,28.434386163364074,28.94654655456543,53208000
2000-03-16,29.11726668496588,29.344893525499813,28.301603839719277,28.94654655456543,77300800
2000-03-17,28.908592699158866,30.198477412769627,28.68096598499226,30.160539627075195,81161600
2000-03-20,29.970889795423318,30.274392476895958,29.288008762109875,29.553573608398438,47773000
2000-03-21,29.363871637051997,31.298700388330616,29.28799599974695,31.184886932373047,81648800
2000-03-22,31.203855134673034,32.05745603501364,30.691694594468675,31.336637496948242,93975800
2000-03-23,32.41786777986494,34.2578520833447,32.36096104882949,33.954349517822266,148224000
2000-03-24,34.18197166472757,34.90279015710251,33.25249518771777,33.897438049316406,112196800
2000-03-27,32.707126889787276,32.854135869573184,31.545281726963168,31.583219528198242,111434000
2000-03-28,31.450445432302978,32.60754867197154,31.071067320936233,31.659103393554688,81114400
2000-03-29,31.92467593312611,33.062810547497804,31.90570702288658,32.531681060791016,64363800
2000-03-30,32.22816378836764,32.96795095007826,31.108998595010554,31.374563217163086,64178400
2000-03-31,32.17126335592831,32.85414394603056,31.602196197509766,32.24713897705078,64281400
2000-04-03,28.662015235407644,29.28798909561178,27.315222990726014,27.580787658691406,260118200
2000-04-04,27.789452040624514,27.922234405323746,25.778747660893323,26.878944396972656,181244400
2000-04-05,26.784103752390173,26.85997940041394,26.06328509616438,26.215036392211914,82887600
2000-04-06,26.670282557953236,26.708220370980193,25.878330711015433,26.101215362548828,66421400
2000-04-07,26.40471165707237,27.12552993506716,25.797706791392546,27.030685424804688,82613600
2000-04-10,26.89790320967797,26.89790320967797,26.10120932053377,26.12017822265625,60685400
2000-04-11,25.835657992412724,26.12019167074326,25.34246628330646,25.456279754638672,71961800
2000-04-12,24.92514518377349,24.963082999882737,23.900824148823897,24.090513229370117,153003800
2000-04-13,24.54577547368191,24.963091594563675,23.97670803611587,24.052583694458008,94316200
2000-04-14,24.01462406332135,24.128437447507707,22.231547711068423,22.497112274169922,151217800
2000-04-17,22.535058230505353,23.06618754906945,22.15568014581671,23.028249740600586,119772200
2000-04-18,23.217937578981104,24.86823216180084,23.028248546473087,24.450916290283203,91794600
2000-04-19,24.71649485338861,24.735463767320606,23.71114241499291,23.88186264038086,53715400
2000-04-20,23.862879106003618,24.242257152203994,23.52143886442328,23.95772361755371,52387400
2000-04-24,20.410546716113924,20.638173631163518,19.72766597096513,20.220857620239258,313645800
2000-04-25,20.865803280392207,21.093430225269213,20.5243628630767,21.055492401123047,159517400
2000-04-26,21.245173285989203,21.5866135709426,20.448479287764606,20.638168334960938,107091200
2000-04-27,20.46744652614064,21.226202653152345,20.44847762296535,21.188264846801758,77669800
2000-04-28,21.472806458832114,21.548682100029403,20.71405004685925,21.16930389404297,78082600
2000-05-01,22.117747231341422,22.4591875831117,21.75733797113946,22.288467407226562,107811000
2000-05-02,22.098781802359976,22.30743982796166,21.093429497188236,21.207242965698242,97716200
2000-05-03,21.35897923107164,21.49176151758807,20.884756779227242,21.41588592529297,55354800
2000-05-04,21.340012867681303,21.624546372583723,21.036510462452057,21.37795066833496,43317200
2000-05-05,21.321053697689976,21.795276422282726,21.207240243787716,21.586618423461914,36402200
2000-05-08,21.529705103957024,21.66248742618407,21.150327040451174,21.188264846801758,36187600
2000-05-09,21.3020810017388,21.377956624184886,20.486418060443366,20.581262588500977,60778400
2000-05-10,20.5622983865855,20.600236206486947,19.95529326816231,20.088075637817383,67740000
2000-05-11,20.220851192158232,20.676104877535153,19.95528654235503,20.600229263305664,58390800
2000-05-12,20.770954085305863,21.169301149955565,20.714047361784477,20.884767532348633,37886000
2000-05-15,20.941678928684542,21.074461313196128,20.6381763355152,21.055492401123047,33899600
2000-05-16,21.112387022526146,21.434858342726454,20.960635813020115,21.09341812133789,48410600
2000-05-17,20.903738523784437,20.979614162709243,20.41054687077319,20.5433292388916,53242000
2000-05-18,20.65714293633912,20.65714293633912,19.99323108806376,20.088075637817383,53640400
2000-05-19,19.841485737151075,20.012205977719294,19.575920918489395,19.746641159057617,66578000
2000-05-22,19.765610940964798,19.803548773864925,18.949947533612125,19.481077194213867,69955000
2000-05-23,19.38621488169322,19.89837515743267,19.139619193374227,19.17755699157715,57963200
2000-05-24,19.15860220633653,20.20189242549347,19.120664380185367,19.89838981628418,85482400
2000-05-25,19.594875748564558,19.65178245451392,18.551586139492873,18.6653995513916,94348800
2000-05-26,18.83611806557113,19.006838168884464,18.32395775563113,18.64642906188965,55822000
2000-05-30,18.94994429864827,19.462104955368495,18.81716190616525,19.234477996826172,68536400
2000-05-31,19.315094435250725,19.334063347045717,18.836129412427173,18.98788070678711,54968200
2000-06-01,19.537974336371185,20.03116592156114,19.36725417226697,19.594881057739258,94507200
2000-06-02,20.0311701538201,20.258797087386235,19.727667575731914,20.126014709472656,80463200
2000-06-05,20.035903810340667,20.75197989918361,20.03116158458674,20.29672622680664,64400000
2000-06-06,20.69507804336411,21.207238544895578,20.581264598579338,21.131362915039062,99019000
2000-06-07,21.01755061724507,21.47280442122872,20.372607728268235,21.396928787231445,76310600
2000-06-08,21.71939947732896,21.89011964789312,20.714047361784477,20.884767532348633,94765600
2000-06-09,21.13136333427464,21.150332242115102,20.733016269624937,20.884767532348633,35710200
2000-06-12,20.941668929340683,20.941668929340683,20.144975002680983,20.29672622680664,49260600
2000-06-13,20.258788999272976,20.63816707042041,20.06909996369926,20.600229263305664,44289200
2000-06-14,21.188270793738937,21.548680055225994,21.093426251242345,21.396928787231445,79992400
2000-06-15,21.49176934922503,22.060836498807337,21.434862634266803,21.965991973876953,65592600
2000-06-16,22.041881896420662,22.19363323477812,21.70044138511638,22.022912979125977,68710600
2000-06-19,22.02290703868138,22.40228528224178,21.852186829079198,22.364347457885742,46604800
2000-06-20,22.42125896934274,22.838575126132536,22.383321136907306,22.743730545043945,62275000
2000-06-21,23.369691832503268,24.944111006283926,23.35072292679507,24.48885726928711,160399600
2000-06-22,24.697517574113302,24.887206649183295,24.07154362638232,24.242263793945312,87315200
2000-06-23,24.261236568275997,24.299174389336635,23.369697773351078,23.57835578918457,49811600
2000-06-26,23.52144721169142,24.318141391442257,23.52144721169142,24.12845230102539,48287000
2000-06-27,24.05257644471812,24.318141168871158,23.78701172056508,23.9197940826416,31071200
2000-06-28,23.97669251986373,24.299163859134048,23.862879106003618,23.95772361755371,37459200
2000-06-29,23.74907671353112,23.957734735774608,23.388667402383284,23.426605224609375,38449000
2000-06-30,23.38865865468979,24.280197143554688,23.274845230579377,24.280197143554688,52356400
2000-07-03,24.185352623462677,24.29916604757309,24.090508103370667,24.280197143554688,15734800
2000-07-05,24.24225749179816,24.24225749179816,23.74906602482887,23.824941635131836,34824400
2000-07-06,23.938768894976167,24.792370004543464,23.82495541370053,24.564743041992188,47873200
2000-07-07,24.664316693820606,25.15276595732061,24.450916530155556,24.8872013092041,54153200
2000-07-10,24.488871591659535,24.678560759681684,24.090524338813022,24.109493255615234,52689800
2000-07-11,23.919796255150867,24.431956841105723,23.824951702196262,24.01464080810547,37164800
2000-07-12,23.74907741323983,24.58370952680417,23.426605914817245,24.375051498413086,58370200
2000-07-13,23.919795806562647,24.28020510103108,23.483510871153495,24.2612361907959,80843200
2000-07-14,24.12844373834388,24.204319347583954,23.80597239907356,23.95772361755371,51180600
2000-07-17,23.749071445968223,24.147418490988457,23.521444563099518,23.7301025390625,53992800
2000-07-18,23.55937699907145,24.12844407634371,23.502470291344224,23.824941635131836,70617200
2000-07-19,23.085165242252184,23.521450205745857,22.09878184652736,22.193626403808594,139924600
2000-07-20,22.288458488738424,22.838556613141332,22.19361398453103,22.705774307250977,54690600
2000-07-21,22.68680872542135,22.76268433988764,21.81423915905899,21.947021484375,56100600
2000-07-24,21.87113947906359,21.890108377137363,21.245165842628985,21.41588592529297,56165600
2000-07-25,21.491773537967518,21.548680264016856,20.751986099326093,20.941675186157227,64188600
2000-07-26,20.960640700731407,21.09342304001206,20.410542437997282,20.581262588500977,85404600
2000-07-27,20.600238511369035,21.283119346000053,20.48642503893053,21.055492401123047,74337600
2000-07-28,21.529701874395123,21.79526647901321,21.13135496746799,21.15032386779785,75645600
2000-07-31,21.302078265853513,21.586611813482904,21.017544718224126,21.188264846801758,70283800
2000-08-01,21.22620076846816,21.264138571450232,20.695071526719182,20.84682273864746,47163600
2000-08-02,20.808896544172956,21.37796390636547,20.78992763209987,21.055492401123047,48269200
2000-08-03,20.695078588465353,21.358990367197055,20.67610968050159,21.32105255126953,54543400
2000-08-04,21.07446455481255,21.207246959748364,20.695086254995942,20.9796199798584,38107400
2000-08-07,21.30208303758076,21.58661664894649,21.16930068561009,21.245176315307617,52741800
2000-08-08,21.264133945484385,22.66783235044946,21.245165048119993,22.497112274169922,138038800
2000-08-09,22.383309630833892,22.724749947236443,22.19362056616581,22.53506088256836,63945600
2000-08-10,22.402283230254653,22.478158872016735,21.77630918571748,22.041873931884766,48986000
2000-08-11,21.984966278076172,22.06084191665452,21.738370452696543,21.984966278076172,35629600
2000-08-14,21.947031681671806,22.269503192984182,21.662497995219706,21.909093856811523,53427000
2000-08-15,21.85219010757526,22.155692747958252,21.700438787383767,21.73837661743164,40714200
2000-08-16,21.81424792383758,21.9280613912663,21.41590078783707,21.548683166503906,44976200
2000-08-17,21.586625628075748,21.852190442480897,21.415905390243864,21.71940803527832,36112800
2000-08-18,21.586620988980147,21.681465545170745,21.245180586693994,21.548683166503906,54438800
2000-08-21,21.453823405240488,21.49176120082889,21.264134427298487,21.43485450744629,34119600
2000-08-22,21.491767541985762,21.984959030151366,21.311562959771408,21.624549865722656,54428200
2000-08-23,21.491773932224447,21.586618477379897,21.35899156900682,21.47280502319336,36726800
2000-08-24,21.434867151592236,21.605587332445626,21.226209152771425,21.586618423461914,42405400
2000-08-25,21.453823405240488,21.757325769947695,21.41588560965209,21.43485450744629,52729400
2000-08-28,21.302087578200958,21.890123833698937,21.28311866673328,21.64352798461914,56421600
2000-08-29,21.605586402321702,22.07980910649909,21.510741861486228,21.52971076965332,59400200
2000-08-30,21.453834296975817,21.529709926673345,21.15033177818571,21.245176315307617,53498800
2000-08-31,21.510736200781732,21.852176457937,21.150327040451174,21.188264846801758,72575400
2000-09-01,21.24516773308799,21.434856730704848,21.15032323427956,21.302074432373047,37629800
2000-09-05,21.245169954078932,21.45382787327078,21.18826324884479,21.28310775756836,50755200
2000-09-06,21.264144327488168,21.453833393745867,21.03651744797893,21.07445526123047,62960800
2000-09-07,21.245179801621042,21.871153849347376,21.074459606786586,21.264148712158203,111711200
2000-09-08,21.358995329269536,21.51074662823415,20.998585994228574,21.036523818969727,56709600
2000-09-11,20.979612071550942,21.150332242115102,20.65714063826309,20.884767532348633,48495200
2000-09-12,20.865800315086993,21.03652049948316,20.52435994629466,20.676111221313477,46781200
2000-09-13,20.50538850092626,20.865797734522555,20.391575058737953,20.714046478271484,40744800
2000-09-14,20.84683010720799,20.865799015403812,19.936322513808552,19.974260330200195,78503000
2000-09-15,19.860455523215112,19.917362272565295,19.215512363912996,19.481077194213867,99915200
2000-09-18,19.500033136398073,19.613846559373158,18.8740593100351,19.120655059814453,69037800
2000-09-19,19.310343357232902,19.95528606268076,19.23446774482727,19.727659225463867,79311200
2000-09-20,19.689733011713287,19.727670840252234,19.177572326437506,19.500043869018555,67791400
2000-09-21,19.42417044486368,19.765610940964798,19.291388029713247,19.481077194213867,48952200
2000-09-22,18.551588544732496,19.272406913546234,18.513650735847563,19.196531295776367,84476600
2000-09-25,19.196528158382492,19.272403763751594,18.342927597980108,18.589523315429688,53484200
2000-09-26,18.49468279693086,19.99322632611808,18.342931553468866,19.02581214904785,155704800
2000-09-27,19.253444189877854,19.291382010941653,18.15324737902769,18.399843215942383,106155600
2000-09-28,18.456746364830707,18.779217781276877,18.399839644281386,18.608497619628906,52360400
2000-09-29,18.51365062338083,18.608495145017002,17.79283225894592,18.30499267578125,74053600
2000-10-02,18.36190174901208,18.456746282839624,17.67902110545378,17.9445858001709,58562400
2000-10-03,18.077366094431163,18.153241712875786,17.147889768484546,17.166858673095703,85374000
2000-10-04,17.109959801262097,17.166866541177605,16.54089240210704,16.82542610168457,136453400
2000-10-05,16.844401081851586,17.375530845693756,16.768525401302707,16.80646324157715,81099400
2000-10-06,16.939235084370633,17.223768708408215,16.61676364379471,16.863359451293945,61794000
2000-10-09,16.88232789265106,16.92026570814016,16.085633767379885,16.446043014526367,58323600
2000-10-10,16.370167337878602,16.863358937861037,16.332229522495336,16.559856414794922,62066200
2000-10-11,16.389132101974145,17.280670538076908,16.389132101974145,16.92026138305664,101205800
2000-10-12,17.090988816886114,17.26170901594491,16.3322323766248,16.502952575683594,90219600
2000-10-13,16.351195024889567,16.654697484748308,15.820065720136775,16.313257217407227,104521200
2000-10-16,16.237388904278095,16.332233465634857,15.04234743118286,15.28894329071045,119759000
2000-10-17,15.744195864841693,15.914916060966483,15.251004187147856,15.307910919189453,81276600
2000-10-18,15.061313037135175,16.161509707354117,14.700903783097935,15.706255912780762,110536400
2000-10-19,17.73592694600423,18.874061295480438,17.603144605232007,18.779216766357422,256993200
2000-10-20,18.608494830840154,20.06910043937705,18.55158811881924,19.78456687927246,160378600
2000-10-23,19.61385719637036,20.107048963397084,18.418815607036382,18.855100631713867,185170400
2000-10-24,19.006839787087788,19.101684297003395,18.26705260974605,18.6653995513916,94427400
2000-10-25,18.798181230194714,19.253434862409318,18.342927597980108,18.589523315429688,167603800
2000-10-26,18.513659383808953,19.746638748509344,18.456752643899705,19.556949615478516,114826600
2000-10-27,19.63282157179391,20.998583072440447,19.613852662062712,20.5433292388916,124292400
2000-10-30,20.48642292281621,21.283117147592396,20.448485102588773,20.96064567565918,110057600
2000-10-31,20.94167201878155,21.093423265294458,20.63816952575573,20.90373420715332,104474000
2000-11-01,20.789922580684753,21.26414526728796,20.770953673220625,21.131362915039062,81309400
2000-11-02,21.358990041097005,21.501256848653156,21.13136314900716,21.34002113342285,77985200
2000-11-03,21.01754899077363,21.131362432961936,20.65713975717733,20.714046478271484,68711000
2000-11-06,20.846822405890595,21.283107133220426,20.71404009757282,21.09341812133789,74851400
2000-11-07,21.16930188523962,21.814244774216455,21.093426251242345,21.396928787231445,104331200
2000-11-08,21.58661574012626,21.965993872641658,20.63817040883776,21.07445526123047,206149400
2000-11-09,20.78992366622575,21.6435245466821,20.770954757771165,21.5107421875,91058600
2000-11-10,21.22620376983246,21.340017194871777,20.277758561171492,20.44847869873047,93744400
2000-11-13,20.239819857722054,20.67610463441147,19.547454886019285,20.163944244384766,83364800
2000-11-14,20.638171730422627,21.188270057796025,20.429513744177548,20.884767532348633,84218600
2000-11-15,20.960646143563615,21.510744549141304,20.846832680340647,21.264148712158203,60422200
2000-11-16,21.074446348741933,21.700420002664963,20.92269515991211,20.92269515991211,92128600
2000-11-17,21.074459136341492,21.24517932736496,20.576525245856374,20.96064567565918,106525600
2000-11-20,20.6761123302371,20.789925792605377,19.89838700405387,20.391578674316406,80157200
2000-11-21,20.44848246767952,21.017549697763364,20.44848246767952,20.56229591369629,59487600
2000-11-22,20.05013473217304,21.093424618899167,20.031165825141652,20.714046478271484,76343200
2000-11-24,20.9416684720855,21.377953231920614,20.789917251273284,21.2262020111084,34439200
2000-11-27,21.681471063224325,21.928066972079897,21.434875154368758,21.45384407043457,85307600
2000-11-28,21.05548563288219,21.169299068735604,20.27776048788384,20.334667205810547,127446200
2000-11-29,20.277770796380974,20.372615374474428,19.19654260611557,19.746641159057617,98280400
2000-11-30,18.81716121100133,18.83613012351242,17.299648210114125,17.413461685180664,197200800
2000-12-01,17.62211596465795,18.39984121175265,17.01511089375477,17.18583106994629,109809800
2000-12-04,17.37552114763397,17.906650615028894,16.74954713248995,17.128925323486328,80407200
2000-12-05,17.963558398109388,18.361905522037897,17.679024738160454,18.172216415405273,101734400
2000-12-06,18.21014572530492,18.229114627102113,17.015104912081785,17.20479393005371,90560800
2000-12-07,16.21841401492848,16.389134162454045,15.858004814596736,16.12356948852539,145308400
2000-12-08,16.578829803641984,16.95820806001823,16.21842046008455,16.521923065185547,120939800
2000-12-11,16.844390836290703,17.830774083460877,16.69263956749529,17.622116088867188,95576200
2000-12-12,17.546236948997613,18.210148617338064,17.22376556723225,17.716957092285156,63106000
2000-12-13,18.36190599333251,18.36190599333251,17.242740235474432,17.37552261352539,98360400
2000-12-14,17.584174323726344,17.826027854068858,16.80644924576218,16.84438705444336,71201400
2000-12-15,15.492851750823414,15.782127525785222,14.492242103004699,14.928526878356934,116899800
2000-12-18,14.871625453973909,15.17512801425909,14.264620333403544,14.511216163635254,107187400
2000-12-19,14.397400181662587,14.568120341919457,13.505861566987829,13.600706100463867,120271800
2000-12-20,12.993700138057571,13.354109338967197,12.557415315903814,12.595353126525879,149037800
2000-12-21,12.367728495426316,13.695552106898466,12.2349461342791,13.183391571044922,163173000
2000-12-22,13.581741928572931,14.302560634279315,13.581741928572931,14.093902587890625,109551800
2000-12-26,14.226685523986818,14.738846202850343,13.9231828994751,14.226685523986816,66941600
2000-12-27,13.999058021350312,14.207716067739002,13.657617581805182,14.093902587890625,69003800
2000-12-28,13.695550017069298,14.03699032220399,13.316171900252975,13.524829864501953,77619200
2000-12-29,13.335142205702812,13.904209440654569,13.050608588226934,13.164422035217285,99977600
2001-01-02,13.392048929197989,13.657613638842141,13.012670772563485,13.164422035217285,82413200
2001-01-03,13.10751193567547,14.833682103760085,13.088543032729486,14.549148559570312,135962200
2001-01-04,14.511221399614888,15.32688482469128,14.226687646681262,14.700910568237305,112397000
2001-01-05,14.71987114243835,15.137187076888923,14.435337550767507,14.909560203552246,93414600
2001-01-08,14.852657318115234,15.099253161200162,14.16977652188005,14.852657318115234,79817600
2001-01-09,15.175125250914128,15.97181932658712,15.099249624659558,15.725223541259766,114965400
2001-01-10,15.478624276235594,16.33222487970447,15.402748667038361,16.047691345214844,90230200
2001-01-11,16.08563336459073,16.92026528445157,15.87697538462552,16.692638397216797,101854800
2001-01-12,16.654698804160144,16.69263661464798,15.933880404891255,16.237382888793945,73712000
2001-01-16,16.19944709433103,16.23738490954024,15.516566420565322,15.952851295471191,68462400
2001-01-17,16.275317848502816,16.654695886929453,15.952846515840172,16.066659927368164,72844200
2001-01-18,16.294288828566266,17.05304500218984,15.971817454776247,16.84438705444336,109788800
2001-01-19,18.210154048732072,18.64643898948294,17.868713660318345,18.513656616210938,209348800
2001-01-22,18.43777983699172,18.513655474180986,17.906650376666853,18.248090744018555,76673000
2001-01-23,18.134286319508274,18.494695775649127,17.887690375832953,18.380882263183594,70295200
2001-01-24,18.51365784358126,19.25344540085551,18.437782196681336,19.101694107055664,110455000
2001-01-25,19.044779840205145,19.424157924671384,18.68437065996222,18.76024627685547,85657400
2001-01-26,18.513652503490448,19.51900453492999,18.513652503490448,19.42416000366211,93080000
2001-01-29,19.29138262327327,19.61385411255119,19.272413712139276,19.575916290283203,84983800
2001-01-30,19.575918434639654,19.651794087487094,19.082726691131292,19.234477996826172,57276800
2001-01-31,19.12064960522686,19.348276386241462,18.513644855854576,18.53261375427246,81898800
2001-02-01,18.456748421540958,19.00684678148411,18.32396605879606,18.930971145629883,71792800
2001-02-02,18.968907559150782,19.23447226497889,18.43777814749456,18.45674705505371,71100000
2001-02-05,18.43777427326899,18.836121248308753,18.286023044682416,18.79818344116211,51399200
2001-02-06,18.836129412427173,19.367258942686952,18.72231594165722,18.98788070678711,96442000
2001-02-07,18.817153414666365,19.746629742608555,18.76024670071072,19.632816314697266,126061800
2001-02-08,19.34827999896314,19.575906822480352,18.81715074408964,18.89302635192871,88041200
2001-02-09,18.60849753696369,18.684373164025722,17.754896732515814,17.9445858001709,100575200
2001-02-12,17.84974130671075,18.03943037479482,17.356549729692176,17.830772399902344,71289400
2001-02-13,18.096340089300135,18.532625018077812,17.641086250575604,17.66005516052246,76070600
2001-02-14,17.48933023456843,17.906646140382428,17.109952138373888,17.716957092285156,61728400
2001-02-15,17.90664196115751,18.26705106842657,17.565201754271033,17.849735260009766,65627800
2001-02-16,17.299646641721903,17.679024857549138,17.034081890642838,17.39449119567871,66958400
2001-02-20,17.413460033851983,17.679024783823582,16.806454891059754,16.958206176757812,60730800
2001-02-21,16.768513259887694,17.62211404800415,16.749544353485106,17.0720157623291,63947200
2001-02-22,17.09098834710645,17.24273963098753,16.351200838186195,16.749547958374023,100816400
2001-02-23,16.521916817988593,17.451393194660742,16.483979006695854,17.223766326904297,92620600
2001-02-26,17.48933353003775,18.19118314024534,17.413457896501797,18.077369689941406,87936800
2001-02-27,18.02045249938965,18.57055052305523,17.80705240400214,18.02045249938965,99148600
2001-02-28,18.07736110081107,18.233854520623968,17.660045314643344,17.906641006469727,84608400
2001-03-01,17.77386867224966,18.058402322285673,17.072019002160825,18.015722274780273,81781600
2001-03-02,17.451389653417213,17.641078671389142,17.12891832286494,17.20479393005371,79800800
2001-03-05,17.37551782751239,17.79283375786749,17.166859862334842,17.432424545288086,49383600
2001-03-06,17.792834826448363,18.21015078186613,17.716959198190587,18.039430618286133,66781800
2001-03-07,18.172214083764878,18.55159224835287,18.00149390970028,18.41880989074707,59743600
2001-03-08,18.304998250953258,18.390358346424023,17.735930947814815,17.982526779174805,54626000
2001-03-09,17.584171965997562,17.660047573186333,16.654695777935125,17.20479393005371,103794400
2001-03-12,16.59780159754013,16.6926461780975,15.668324708077881,15.763169288635254,114376000
2001-03-13,15.839037966700712,16.616763184227334,15.782131243467056,16.446043014526367,91035600
2001-03-14,15.93388345506456,16.768515445567942,15.839038910689176,16.389137268066406,90686200
2001-03-15,16.787476212098518,17.01984523311344,16.23737812153258,16.29428482055664,71638400
2001-03-16,15.93388246097106,16.730576584019612,15.929140234048152,16.559856414794922,112848800
2001-03-19,16.540888813751888,16.844391360793207,16.123572811570074,16.48398208618164,61036400
2001-03-20,16.559863565655366,17.034086462724535,15.971827173289595,15.990796089172363,91822800
2001-03-21,15.858013376909843,16.161516025271755,15.099256756005065,15.194101333618164,124988600
2001-03-22,15.345847279937178,16.408106176941484,15.3268783710621,16.389137268066406,126363200
2001-03-23,16.67366715320566,17.29964100537379,16.50294701170526,17.166858673095703,99519600
2001-03-26,17.337579499651888,17.451392931815903,16.86335686563515,17.015108108520508,63118600
2001-03-27,17.015108235404217,17.773864455489132,16.958201518897848,17.679019927978516,95135600
2001-03-28,17.413457791099933,17.584177965522482,16.80645272648643,16.863359451293945,78681600
2001-03-29,16.80646324157715,17.356561925556534,16.559867279793284,16.80646324157715,86985000
2001-03-30,16.920264997209824,17.053047345842636,16.351197788783484,16.597793579101562,91201600
2001-04-02,16.63573314414713,17.280676048253177,16.578826417314247,16.93923568725586,75924000
2001-04-03,16.787479833920052,16.787479833920052,16.009754779467258,16.199443817138672,94187600
2001-04-04,16.199454359199166,16.6926461780975,15.497604463074612,15.763169288635254,104046600
2001-04-05,16.31325885587852,17.413455383368,16.237383233293038,17.223766326904297,113364000
2001-04-06,17.109953900465577,17.356549688388032,16.711606858437,17.05304718017578,92622000
2001-04-09,17.169140830234706,17.427117559709657,16.892953529191818,17.345172882080078,56295600
2001-04-10,17.587975844657386,18.237471221312997,17.536379800783617,18.113035202026367,109199400
2001-04-11,18.407430599317745,18.665407310418633,18.119102937765334,18.222293853759766,109879600
2001-04-12,18.07660804052305,18.91123985659501,18.01287164011775,18.871784210205078,87520000
2001-04-16,18.635055472183932,18.68968601922955,18.2465714534406,18.449918746948242,65857400
2001-04-17,18.367973928462533,18.850543015179046,18.222292847649854,18.65933609008789,85149200
2001-04-18,19.239024150111508,20.12525093401323,19.120658355061504,19.858169555664062,156696400
2001-04-19,19.9735026076516,20.941676508966726,19.955293195138584,20.650314331054688,159375600
2001-04-20,21.33622941298223,21.579030054801716,20.78992391669232,20.941675186157227,192919600
2001-04-23,20.671556311764416,20.780817401508422,20.304318549501666,20.714046478271484,92171200
2001-04-24,20.698878942054144,21.22393952353323,20.377166887420827,20.501604080200195,89176600
2001-04-25,20.507662619072462,21.181438499695947,20.410541917440078,21.15108871459961,76744000
2001-04-26,21.266427606584415,21.548685124070648,20.714052953772136,20.98113441467285,118737600
2001-04-27,21.10253573046104,21.14806158426597,20.094907175662204,20.371095657348633,121572400
2001-04-30,20.79902751092469,20.959883477475245,20.54105082972811,20.56229591369629,74368200
2001-05-01,20.53497680166551,21.336223081425935,20.51676508016646,21.29676628112793,83702800
2001-05-02,21.54866935095356,21.59419517184515,21.04788995222492,21.172327041625977,92864400
2001-05-03,21.01754095581074,21.29979827715296,20.68065311048166,20.79901885986328,66273400
2001-05-04,20.63817302582542,21.56385671275885,20.626032646180644,21.47280502319336,119538400
2001-05-07,21.497080311871155,21.89770347603491,21.457623509181502,21.664005279541016,109356200
2001-05-08,21.776297305476902,21.88252268288351,21.47279490400684,21.87038230895996,75084000
2001-05-09,21.621510424728662,21.639722143377323,21.202677944442357,21.36656951904297,76676600
2001-05-10,21.588133327945876,21.621518790256022,21.233035936691156,21.245176315307617,64334600
2001-05-11,21.23304630860216,21.24518669314895,20.835458555746534,21.063085556030273,51128800
2001-05-14,20.981126176559982,21.002371258113275,20.72922087115389,20.856691360473633,44968000
2001-05-15,20.8627602935499,21.03272326071929,20.638169101677025,20.72011375427246,61385600
2001-05-16,20.547116812566546,21.208752306525614,20.43482237777148,20.990232467651367,91893800
2001-05-17,20.972025295640044,21.28766821878854,20.501597742474424,20.689767837524414,106984800
2001-05-18,20.54409001934818,21.002377239887306,20.41054814552704,20.665489196777344,90605400
2001-05-21,20.653351775048897,21.242145213658638,20.562300073598866,20.87794303894043,103491600
2001-05-22,21.07825153328964,21.35140429608901,20.9963068622202,21.339263916015625,83455600
2001-05-23,21.363544624535237,21.73078243758997,21.09646321018836,21.15412712097168,93637400
2001-05-24,21.226975670668363,21.785419424387765,21.02362713929704,21.767210006713867,80781600
2001-05-25,21.748993023290335,21.82183298418875,21.354438796971106,21.521366119384766,52747600
2001-05-29,21.487971298912974,21.77629765877146,21.260344494117454,21.348358154296875,71210800
2001-05-30,21.11163834269686,21.421212265411018,20.835452203964152,20.999343872070312,86501800
2001-05-31,21.090388594687703,21.360505641079307,20.75957197302127,20.99630355834961,70682600
2001-06-01,21.123767021916382,21.45761920584189,20.850614393053835,21.348358154296875,57587600
2001-06-04,21.41208740235352,21.554731533045658,21.184460685739722,21.481891632080078,43736600
2001-06-05,21.475833577007815,22.179959154178242,21.39692229324892,22.034276962280273,89454200
2001-06-06,22.122306600816284,22.3013743572887,21.715614186506876,21.961450576782227,80022800
2001-06-07,21.8886012010853,22.377240412835185,21.87646082318303,22.362064361572266,66960000
2001-06-08,22.368131073562978,22.3833071232524,21.867353851373124,22.213346481323242,51867000
2001-06-11,22.110166466387433,22.110166466387433,21.703474047503775,21.88861083984375,47345600
2001-06-12,21.55474492116659,21.976615494952764,21.491009678792025,21.8764591217041,66714600
2001-06-13,21.867374763028394,21.943250452954874,21.439434760382746,21.45461082458496,55302400
2001-06-14,21.31194093905452,21.412097296373748,20.759566610787562,20.911317825317383,71972400
2001-06-15,20.48946238708189,20.72922973313817,20.15257429589887,20.64424705505371,108354400
2001-06-18,20.622995904185466,20.626031577824584,20.03420257292552,20.298248291015625,56846800
2001-06-19,20.701902588564014,20.896143978376003,20.289139056328537,20.431785583496094,63457400
2001-06-20,20.377151227508264,21.120731191391346,20.365010853478637,21.066102981567383,64108400
2001-06-21,20.987211382614298,21.41211560981966,20.917404745388563,21.196626663208008,69603800
2001-06-22,21.245182718618228,21.430319496123765,20.814209567770423,20.890085220336914,51092000
2001-06-25,20.97202048542575,21.18750696405094,20.568361639369787,20.89614486694336,49215600
2001-06-26,20.58353504240477,21.3089056765764,20.547113916622244,21.287660598754883,63077000
2001-06-27,21.202690243393544,21.709538991945305,21.050938954686487,21.59117317199707,69199800
2001-06-28,21.71561564576711,23.11172737986262,21.40604164446652,22.0767822265625,128975600
2001-06-29,22.0342801518755,22.2801187415687,21.670078092719958,22.155681610107422,94283800
2001-07-02,21.867364423539655,22.201216838253142,21.29070898964843,21.427284240722656,72810200
2001-07-03,21.336224426331437,21.48797566032941,21.22392767957851,21.387819290161133,28037400
2001-07-05,21.31195413241497,21.46370544088783,20.771719844738183,20.792964935302734,49242600
2001-07-06,20.729220867370657,20.75957065307836,19.931007841570793,20.049373626708984,67467800
2001-07-09,20.091864994351745,20.307353811537883,19.739803291063264,19.93708038330078,66476600
2001-07-10,20.000818259498203,20.107043687569682,19.53038838662936,19.56984519958496,66562600
2001-07-11,19.48789562489789,20.25879226770616,19.48485995148776,20.18291664123535,73822600
2001-07-12,21.457630687501872,21.867361007806107,21.34533621899432,21.730783462524414,128078000
2001-07-13,21.67008436399406,21.852185446271477,21.530473457063344,21.651872634887695,58934600
2001-07-16,21.6852542935362,21.90074312205891,21.2907024038447,21.603309631347656,55990800
2001-07-17,21.445494123106354,21.855222156541075,21.28767147958686,21.797555923461914,63241000
2001-07-18,21.427275633297135,21.700428341260213,21.205720109172834,21.418170928955078,57590800
2001-07-19,21.6154472057385,22.155681254891903,21.6154472057385,22.025175094604492,76549400
2001-07-20,20.647275211668433,21.063074480476143,20.619961097456873,20.99630355834961,124203600
2001-07-23,21.014515175621007,21.014515175621007,20.137393022168702,20.361984252929688,79999400
2001-07-24,20.334670087930153,20.635136952818346,19.940115861500338,20.12828826904297,67530200
2001-07-25,20.11008455133614,20.492496191085166,19.91280738226743,20.480358123779297,74065400
2001-07-26,20.371084294752592,20.431783855608053,19.879409515880003,20.21022605895996,77974000
2001-07-27,20.046339918143158,20.107039488496127,19.742837435297933,19.87030792236328,65396000
2001-07-30,19.92493886995372,20.298245634796054,19.891553410913808,19.9704647064209,42196400
2001-07-31,20.034202308145137,20.45303495872743,19.985640792723157,20.08883285522461,59031600
2001-08-01,20.273967336679583,20.27700069440235,19.958324467993165,20.173810958862305,55679000
2001-08-02,20.398404852843804,20.498561243912533,20.11007837429625,20.47124481201172,54198400
2001-08-03,20.425725781435858,20.443935196351475,20.03117147762976,20.301288604736328,43260400
2001-08-06,20.192024884564045,20.371092598497636,19.934048172461118,20.07062339782715,27831600
2001-08-07,20.04331269772611,20.349850983025842,20.028136640967656,20.13739776611328,31347800
2001-08-08,20.185948728828006,20.40750422206321,19.572872479147687,19.685169219970703,54996400
2001-08-09,19.721600553446226,19.894596947970264,19.515218686685866,19.73070526123047,45536200
2001-08-10,19.65785779852211,19.988676759449298,19.09030955083299,19.88548469543457,51756400
2001-08-13,19.80050270740007,20.028129585340192,19.651787128830488,19.979570388793945,32675400
2001-08-14,19.955289253876142,20.058478991790455,19.560735080054865,19.633577346801758,36481200
2001-08-15,19.639652464271627,19.742844549705552,19.181364059448242,19.181364059448242,39503000
2001-08-16,19.0721035996935,19.639653142558256,19.02961342055942,19.61233901977539,43905600
2001-08-17,19.357394968690755,19.46362041290008,18.665409428651692,18.78074073791504,52234200
2001-08-20,18.713961130414386,19.044778849164864,18.543999340620665,19.029603958129883,48371200
2001-08-21,19.02960767107998,19.181358926578593,18.425637164776617,18.446882247924805,47111800
2001-08-22,18.553109892016252,18.559180081518893,17.930929940123992,18.410463333129883,78107200
2001-08-23,18.413494238711944,18.674506547298147,17.906645671205737,17.943065643310547,51813200
2001-08-24,18.088745651110994,18.902132313969286,17.97645006820167,18.832326889038086,63399000
2001-08-27,18.786805550448474,19.22991893054029,18.68664916792037,18.91124153137207,44562800
2001-08-28,18.92034550061304,19.105482206984338,18.386181621203345,18.434741973876953,47422800
2001-08-29,18.528833572437946,18.604709222740944,18.070545154026878,18.28603172302246,48170000
2001-08-30,17.918793048752143,18.106964328877726,17.153966389111083,17.281436920166016,97632000
2001-08-31,17.254112895587593,17.62135172033039,17.087186788578997,17.3148136138916,57900800
2001-09-04,17.357312852066432,17.930933724543873,17.017390272567976,17.0264949798584,67189200
2001-09-05,17.050776024749894,17.721516487540065,16.81100869479559,17.524240493774414,89470600
2001-09-06,17.16609839758845,17.721507259919516,16.965786833798074,17.002206802368164,112356800
2001-09-07,17.029527662699696,17.408905836765292,16.786725862851775,16.814041137695312,89863800
2001-09-10,16.66835595242988,17.587969271026797,16.601586192885527,17.47567367553711,84471800
2001-09-17,16.395207091126295,16.722989227115537,16.024933627680223,16.058319091796875,127502000
2001-09-18,16.21007029349079,16.692639368827713,16.137229175916982,16.486257553100586,83182600
2001-09-19,16.52874647473861,16.601587586813114,15.357226596784225,16.349679946899414,126950200
2001-09-20,15.88835947365622,15.967270792180715,15.378475050685697,15.405790328979492,117983200
2001-09-21,14.543842550396137,15.35722952791797,14.416372027149041,15.087112426757812,184976600
2001-09-24,15.37240982718922,15.918714370666574,15.135676970724798,15.785172462463379,85580200
2001-09-25,15.864078050927743,16.08563476823706,15.22368750038298,15.569680213928223,84940600
2001-09-26,15.63341298630761,15.72142898760014,15.038548374799042,15.257070541381836,58524400
2001-09-27,15.205475969758954,15.381507989182543,14.5681211332858,15.162985801696777,81191200
2001-09-28,15.059801631749334,15.65770224111491,14.865560115021836,15.530230522155762,116641200
2001-10-01,15.46041459154299,15.933878836628576,15.299558661392943,15.718392372131348,69999600
2001-10-02,15.669828632235378,16.252552662046774,15.64858355767578,16.100801467895508,80860800
2001-10-03,15.927813907905094,17.2784005058545,15.90353430560599,17.065948486328125,97199200
2001-10-04,17.27536169419018,17.724546411725765,17.059875197679702,17.129680633544922,101778000
2001-10-05,17.044704958370975,17.603149755547438,16.674431437853947,17.518169403076172,80844400
2001-10-08,17.238944120005907,17.800424516259397,17.220734708494867,17.61528778076172,60605800
2001-10-09,17.45139625886999,17.472641344302644,16.44680242264903,16.559099197387695,99477600
2001-10-10,16.26774118175267,16.920272326511157,16.08564005928415,16.847431182861328,86349200
2001-10-11,16.923299891896466,17.251083167020376,16.56820250161579,17.09326171875,83742600
2001-10-12,16.905093153396297,17.190385148565408,16.556064739478106,17.111474990844727,63307000
2001-10-15,16.96578788565851,17.75489381429705,16.95061183652431,17.621353149414062,68437000
2001-10-16,17.563693069910837,17.87933601461261,17.36338142380594,17.73972511291504,66169000
2001-10-17,17.943070020395716,17.997700570764685,16.99007222049089,17.005247116088867,73710600
2001-10-18,17.099330352174913,17.475673949617754,16.84438821397689,17.223766326904297,78348000
2001-10-19,17.421042721387668,17.606178260664823,16.883843195745243,17.57279396057129,91219600
2001-10-22,17.572803044344486,18.26478868223816,17.442296818563392,18.258718490600586,72323600
2001-10-23,18.352802384290687,18.647199115667057,18.028054698596296,18.340662002563477,80325000
2001-10-24,18.361901130785267,18.701823604402673,18.094818608343655,18.61077308654785,79141400
2001-10-25,18.395291326944456,18.999260805172536,18.079648369862102,18.98712158203125,75318200
2001-10-26,18.91427718692522,19.31186590982338,18.841437229578688,18.877857208251953,64509400
2001-10-29,18.847509062121922,18.877860013668606,18.070543226853623,18.100893020629883,55129400
2001-10-30,17.882363216723487,18.070535563198366,17.660806574361057,17.870223999023438,57395600
2001-10-31,17.997697364183068,18.431706016027345,17.633494145868767,17.648670196533203,64700000
2001-11-01,18.23443270158639,18.89303264113809,18.088750467202416,18.768596649169922,109671200
2001-11-02,18.795923053010583,19.126741055511054,18.364948599786857,18.635066986083984,83360000
2001-11-05,18.774663928454224,19.433263765915132,18.741278469823467,19.20260238647461,66401600
2001-11-06,19.029606013382068,19.709452088212313,18.86571439385557,19.660890579223633,68612000
2001-11-07,19.490939160655813,19.74284689788433,19.433272920303402,19.500043869018555,58899000
2001-11-08,19.56376658064607,20.049370011016507,19.320964865460855,19.551626205444336,74227800
2001-11-09,19.52735285863947,19.924942771734173,19.396847827935797,19.791400909423828,48013600
2001-11-12,19.636611179669508,20.164707206429522,19.317934938218144,19.967430114746094,57752800
2001-11-13,20.27397384849579,20.622999973018405,20.213271941439817,20.607826232910156,60159600
2001-11-14,20.707967094463953,20.741350223853008,19.967420593202235,20.015979766845703,88625600
2001-11-15,20.06152317895592,20.349852063892808,19.864246008323583,20.067594528198242,77922000
2001-11-16,20.14043040535043,20.216306046625697,19.712490677098327,19.955293655395508,59249000
2001-11-19,20.10705040634494,20.32557268313449,19.940123023924745,20.195066452026367,56005000
2001-11-20,20.16773816955375,20.57746835575992,19.736765218646905,19.849061965942383,65921800
2001-11-21,19.533419897691886,19.606259844912227,19.266337389753755,19.439334869384766,50785200
2001-11-23,19.5394882516316,19.669994406798207,19.308826883063908,19.639644622802734,15754600
2001-11-26,19.724625303712646,19.943147457327026,19.54555995399761,19.770151138305664,41983600
2001-11-27,19.6639284969824,19.748908831872573,19.044783079944835,19.345251083374023,90819000
2001-11-28,19.172253109432088,19.460581884887464,19.03871242107389,19.05995750427246,54536600
2001-11-29,19.157074692403395,19.697309851193808,19.105479830629527,19.67909812927246,54034400
2001-11-30,19.624483088515195,19.751953649864767,19.402925128086284,19.487905502319336,48234200
2001-12-03,19.37257084993801,19.797474938487092,19.363464984966054,19.657861709594727,47211800
2001-12-04,19.727671074144766,20.0554544723374,19.454518242317576,20.031173706054688,51005800
2001-12-05,20.179878896838254,20.68976314701616,19.788360426564136,20.66851806640625,74243000
2001-12-06,20.632099301218155,20.941670807358847,20.501593144144895,20.835445404052734,56026200
2001-12-07,20.714043125986574,20.893108467924165,20.198089864449077,20.586572647094727,42334800
2001-12-10,20.49249329495333,20.774750788520258,20.29218279513796,20.352882385253906,38367400
2001-12-11,20.534977624324974,20.677621835952515,20.355909968240162,20.431785583496094,54334000
2001-12-12,20.383228537489,20.63210048908038,20.10704015745185,20.62299346923828,47884200
2001-12-13,20.374119990889074,20.71100791805358,20.052408113450575,20.113107681274414,53227800
2001-12-14,20.037234892010527,20.62299483479781,20.009920777296397,20.468210220336914,43000600
2001-12-17,20.386257407547394,20.975052855215917,20.383224050474695,20.935598373413086,57079800
2001-12-18,20.917391380725746,21.063073597031522,20.820270675035317,21.023616790771484,47255200
2001-12-19,20.826347310881697,21.211794558236583,20.774750113863725,21.09039306640625,56996200
2001-12-20,20.987200231414967,21.017550021044833,20.21933920763079,20.261829376220703,78585000
2001-12-21,20.641202661759,20.6442360191274,20.33466453313223,20.49855613708496,84307600
2001-12-24,20.553195902907067,20.647280965463924,20.395373258347355,20.41661834716797,11701600
2001-12-26,20.46213485632817,20.962914367639886,20.453030153210857,20.541046142578125,29328000
2001-12-27,20.632104365932634,20.853659930709387,20.4135821594663,20.592647552490234,32406600
2001-12-28,20.707977827592707,20.89614790685784,20.547119547955113,20.598716735839844,28787200
2001-12-31,20.589610216665555,20.783853963265887,20.10704231262207,20.10704231262207,43006200
2002-01-02,20.228439796164192,20.36805065248102,19.88244717060944,20.346805572509766,48124000
2002-01-03,20.36805231098771,21.01754745504107,20.36198096447867,21.011478424072266,67590800
2002-01-04,21.017543212380303,21.217855927018757,20.841511247796163,20.911317825317383,52731400
2002-01-07,21.16930867567683,21.251253367841265,20.744404525888314,20.80813980102539,58508800
2002-01-08,20.84758975516126,21.202687163423374,20.63817226619308,21.057004928588867,47736400
2002-01-09,21.160204623071888,21.43335746465588,20.805107086783398,20.853666305541992,76304000
2002-01-10,20.783852673804112,21.184475889952296,20.677624944046496,21.026653289794922,50296600
2002-01-11,21.09950277584311,21.342305817073267,20.668529577423918,20.82331657409668,72993200
2002-01-14,20.729227869221585,20.953819137968548,20.559264843876498,20.78082275390625,50997800
2002-01-15,20.838481683324893,21.12984379038566,20.789920174378004,21.108598709106445,60717400
2002-01-16,20.89614790685784,21.196614751407985,20.592645388775548,20.598716735839844,61955400
2002-01-17,20.799019916866403,21.245168832842435,20.759565436913963,21.202678680419922,78958000
2002-01-18,20.36501832355499,20.592645210142138,19.855134004978176,20.06151580810547,107140400
2002-01-22,20.21630505495353,20.22237408711989,19.500038851206803,19.56377410888672,76837200
2002-01-23,19.439337281124022,19.639647739716505,19.193499823772868,19.345251083374023,80403000
2002-01-24,19.454512840560316,19.782296147740343,19.363462307822644,19.606264114379883,83886000
2002-01-25,19.48181982004374,19.682130200200387,19.275436937407974,19.363452911376953,48981200
2002-01-28,19.49397262110057,19.54556750632331,19.093348132084554,19.369535446166992,41622000
2002-01-29,19.393812595020744,19.575913654278,18.814122795135106,18.914278030395508,58666000
2002-01-30,18.953733955360264,19.090310330640712,18.613811432928056,19.07513427734375,66100000
2002-01-31,19.138867568451193,19.366494437524146,18.853574484906876,19.336143493652344,69566200
2002-02-01,19.469686754482648,19.57591217137427,18.959802437862447,19.017467498779297,63462200
2002-02-04,18.93856347685893,19.026578354549244,18.437783703290943,18.550079345703125,70308400
2002-02-05,18.45294893796491,18.886957539014336,18.361898433485095,18.559175491333008,66772600
2002-02-06,18.698794164627994,18.783774516657722,18.286030470019956,18.33155632019043,66103000
2002-02-07,18.30120733065591,18.698796170446606,18.13428112507544,18.149456024169922,63314000
2002-02-08,18.246579177446744,18.410470887961026,17.855061634912502,18.40743637084961,61283000
2002-02-11,18.213184580525425,18.586493675694303,18.085714085800568,18.55310821533203,50899600
2002-02-12,18.35887017477347,18.46813012272127,18.21622360255581,18.252643585205078,44973800
2002-02-13,18.289063073106306,18.780738035537507,18.194978023993315,18.762527465820312,54168600
2002-02-14,18.817160101383866,19.117628167260456,18.610778252811567,18.72003936767578,57267000
2002-02-15,18.726103942932117,18.835365025032647,18.27085020602665,18.27995491027832,50179800
2002-02-19,18.182834994865008,18.25264043195446,17.78524629724751,17.88540267944336,52262600
2002-02-20,18.028041219357885,18.31940321634165,17.845939102915786,18.179792404174805,50492000
2002-02-21,18.125172220793445,18.292098387726803,17.606181992863473,17.618322372436523,59398400
2002-02-22,17.61832423590294,17.83077626982085,17.34517261324029,17.600114822387695,71347800
2002-02-25,17.584942825700285,18.176773214708184,17.569767925012023,17.930936813354492,51832200
2002-02-26,17.936995246774586,18.210147928814816,17.572793214414308,17.770069122314453,63276200
2002-02-27,17.927887856998538,18.25567102633209,17.600105845434836,17.721506118774414,65750000
2002-02-28,17.839873822968976,18.119096681865077,17.645632438225586,17.70633316040039,68068000
2002-03-01,17.92182041526376,18.64112093669286,17.86111969040978,18.625946044921875,62115600
2002-03-04,18.586493658180313,19.272408800560935,18.47419689929119,19.211708068847656,74464200
2002-03-05,19.120660570327463,19.38774313739027,18.92034893447294,19.144941329956055,55926400
2002-03-06,19.093340791518525,19.333108026335896,18.874818637480406,19.31186294555664,49835400
2002-03-07,19.324005337953107,19.387741748527162,18.77466650506765,19.03567886352539,58079200
2002-03-08,19.311862532599573,19.636608925819644,19.172250516188367,19.40898323059082,57701800
2002-03-11,19.275443002524213,19.72766223077153,19.120657239055483,19.5273494720459,43718200
2002-03-12,18.974982207903697,19.05996256325386,18.717004309808484,18.98105239868164,66407200
2002-03-13,18.841442258247113,19.126734289909223,18.80198659545462,18.847511291503906,44387400
2002-03-14,18.859647034402062,18.889997982072988,18.528829230295734,18.580425262451172,51819600
2002-03-15,18.513650712800185,18.971938934140844,18.50454600916555,18.965869903564453,69086800
2002-03-18,19.04174419319106,19.117619805574595,18.574350143043684,18.859642028808594,52296800
2002-03-19,18.87178608939074,19.12065805397965,18.66540429078966,18.886960983276367,36376400
2002-03-20,18.63505756360556,18.823228825786668,18.240503311157227,18.240503311157227,55235200
2002-03-21,18.273885026697958,18.692718795821225,18.158554911683694,18.622913360595703,46123400
2002-03-22,18.528830344458903,18.556145620120102,18.276923831379236,18.346729278564453,41341400
2002-03-25,18.355831923962224,18.446882446688416,17.952174182027044,17.97645378112793,47752400
2002-03-26,17.93700584741323,18.48938056841508,17.697239637888988,17.930936813354492,69357200
2002-03-27,17.845950198302116,18.17373351702926,17.782214938917523,18.040191650390625,47318400
2002-03-28,18.194970585582034,18.407422514347342,18.106954604586853,18.304231643676758,43901200
2002-04-01,18.158560939992046,18.331557327715206,17.96735397964573,18.32548713684082,47010000
2002-04-02,17.876299411508995,17.93396447519041,17.33302960702889,17.384624481201172,76509400
2002-04-03,17.433185056445915,17.48478108903053,16.8443905599756,17.096298217773438,76931400
2002-04-04,16.990072472088933,17.290540503567744,16.82011062867189,17.132719039916992,61763800
2002-04-05,17.266260681472083,17.390696686406713,16.947583220812223,16.956687927246094,50166000
2002-04-08,16.480185229929663,17.39372838728768,16.468044852277366,17.366413116455078,73389600
2002-04-09,17.399802056942146,17.430151849374226,16.631939804490543,16.65318489074707,63413000
2002-04-10,16.729059450505122,17.333030006216045,16.7108500393286,17.08719253540039,75636400
2002-04-11,16.96275667149917,17.13271850965586,16.540888328725387,16.628904342651367,58165800
2002-04-12,16.73816577072496,17.07505262215899,16.650149755068444,16.974897384643555,52297600
2002-04-15,16.996138106977156,17.223764956624173,16.814037090367556,16.90205192565918,47388800
2002-04-16,17.117545951936783,17.633499411021987,17.105405570888305,17.54548454284668,51921600
2002-04-17,17.58796672782905,17.688121931548316,17.123607204750826,17.18734359741211,55158600
2002-04-18,17.235896714482596,17.393718056919795,15.98850201692218,17.10842514038086,74794800
2002-04-19,17.43318771840057,17.597079388901395,17.25715682464708,17.360347747802734,104268600
2002-04-22,17.153953763495192,17.208584281672692,16.6926300309794,16.87169647216797,51465200
2002-04-23,16.90509174295205,16.941511723648315,16.176685182404874,16.3861026763916,68281400
2002-04-24,16.34361764806976,16.519649745201455,16.08564085222725,16.091711044311523,61220400
2002-04-25,16.05527594523967,16.52570439038336,16.04920575886605,16.30718231201172,57290400
2002-04-26,16.410382056713626,16.525713344764792,15.618240251167716,15.630380630493164,62776600
2002-04-29,15.621273870689413,16.058317049001783,15.612168008507599,15.854970932006836,70246000
2002-04-30,15.81248166325355,16.176684938025154,15.757851114149295,15.861042022705078,77384000
2002-05-01,15.83069523379137,16.143302534671854,15.375441343451008,16.009761810302734,76413000
2002-05-02,15.976375767369557,16.410384553232767,15.524157567518266,15.542366981506348,79009200
2002-05-03,15.557537328320581,15.685008977802536,15.026407963981056,15.041584014892578,71628000
2002-05-06,15.005164319362096,15.33901778930287,14.680416712394505,14.756292343139648,66299400
2002-05-07,14.926250029004752,15.263137921230154,14.674342449135334,15.014266014099121,88385400
2002-05-08,15.560580354581887,16.68354034423828,15.545405454269776,16.68354034423828,101242000
2002-05-09,16.510528639866223,16.692629590472627,15.751772749390193,15.81854248046875,83288200
2002-05-10,15.942990057252684,15.985480232943802,15.17209438877716,15.190303802490234,64408800
2002-05-13,15.311711709934396,16.058328086912095,15.099259584725777,15.991557121276855,64819000
2002-05-14,16.510538404226793,16.72298925298819,16.383066737199663,16.656219482421875,64832400
2002-05-15,16.537852019314375,17.129680978293614,16.346645116844833,16.616762161254883,70412000
2002-05-16,16.60462035789477,17.005243537786463,16.586410950117013,16.91722869873047,53406400
2002-05-17,17.059877666457837,17.11754389060859,16.77458569279681,17.005247116088867,54646200
2002-05-20,16.84438723889435,16.85956213097898,16.237382293348606,16.392168045043945,52115800
2002-05-21,16.373955233620652,16.571231105248724,15.821580940630348,15.839790344238281,63120000
2002-05-22,15.74267702354885,16.30415743853669,15.73660683358586,16.29505157470703,54169400
2002-05-23,16.298087486526576,16.64408021507603,16.08866998194216,16.638010025024414,51412800
2002-05-24,16.43162956220528,16.546960867246,16.09777718596745,16.164546966552734,35982000
2002-05-28,16.264707627380076,16.295057430330864,15.706262685581889,15.87925910949707,49602000
2002-05-29,15.675901961100415,16.000649489056784,15.645551021524607,15.79730224609375,45393200
2002-05-30,15.67286458069355,16.194889106823027,15.60912935118328,15.976366996765137,63213000
2002-05-31,16.055288488862644,16.21310882679944,15.442213079381519,15.45131778717041,66468000
2002-06-03,15.475597967681981,15.672873961544294,14.92322217466413,14.99909782409668,88439000
2002-06-04,15.023373922307941,15.548433114397596,14.944463780821765,15.169054985046387,88008400
2002-06-05,15.30563093526136,15.706254136557744,15.275281148830175,15.678938865661621,66969400
2002-06-06,15.630376205580276,15.824617588717109,15.175122529689588,15.751777648925781,78703400
2002-06-07,15.141741651924656,15.964233263791689,15.132636946141062,15.77606201171875,97834400
2002-06-10,15.675913998971623,16.176692729946563,15.618247748379419,16.0310115814209,71825400
2002-06-11,16.15847501073994,16.44376696868423,15.909601874008224,15.955127716064453,74368200
2002-06-12,15.958169330736837,16.92937685031759,15.933888563861975,16.856536865234375,136198600
2002-06-13,16.644075210901406,16.83831660307137,16.449833818731445,16.455904006958008,79771600
2002-06-14,16.131159788962375,16.859565159813865,16.085633946759668,16.76851463317871,109433600
2002-06-17,16.89295095908252,17.12968256459687,16.80493494655067,16.89902114868164,94486600
2002-06-18,16.853491017625277,17.084153532624498,16.798860482902832,16.99310302734375,77518400
2002-06-19,16.835289715551625,16.977935151310387,16.48626125989203,16.498401641845703,81247000
2002-06-20,16.50142899075128,16.722985655201192,16.358783616953144,16.419483184814453,86401200
2002-06-21,16.20703778074258,16.556065043295295,15.867114067077637,15.867114067077637,116820000
2002-06-24,15.809450001264851,16.583381376259663,15.736608870052992,16.437700271606445,104523200
2002-06-25,16.601582887829583,16.69263338382374,16.024927816916815,16.070453643798828,84025200
2002-06-26,15.493806109314091,16.507504748739496,15.493806109314091,16.4285945892334,112131400
2002-06-27,16.57123523906995,16.67442613041263,16.043141562846305,16.66835594177246,95812400
2002-06-28,16.556061456563153,16.932405073099638,16.38913530996019,16.601587295532227,89555600
2002-07-01,16.42555626268588,16.50750208303835,15.958163255973256,15.982442855834961,66473800
2002-07-02,15.897461405400596,16.061351876848104,15.578784009324117,15.612168312072754,82814200
2002-07-03,15.551471884656337,15.939954795986823,15.311704581295002,15.733572959899902,80936600
2002-07-05,16.112953533152865,16.662293671389037,16.10081315094674,16.647117614746094,35673600
2002-07-08,16.513569050387307,16.6713904708908,15.958160142283305,16.061349868774414,63199400
2002-07-09,16.17971732087461,16.61069027862819,16.076526433307265,16.14936637878418,85277200
2002-07-10,16.295048625866382,16.449835547485655,15.821585472137185,15.854970932006836,90673400
2002-07-11,15.794272210337446,16.106879451120108,15.554504929654488,16.058319091796875,129550600
2002-07-12,16.197933420359288,16.307194541484765,15.624313692221063,15.739645004272461,95733800
2002-07-15,15.596993841736104,15.739640392270832,14.56812051556739,15.721429824829102,136965600
2002-07-16,15.572716872396498,16.02493504140705,15.369369553824,15.554506301879883,97154600
2002-07-17,15.93995360916254,16.176685220907178,15.530224483715685,15.782132148742676,98034800
2002-07-18,15.800342022149662,16.00672383378088,15.375438019904152,15.512014389038086,91053600
2002-07-19,15.135669047031266,15.445241729750148,14.813957144461353,15.041584014892578,112543400
2002-07-22,14.856450359142894,15.172093295489752,13.930767794187348,14.419405937194824,180069800
2002-07-23,14.109830981773461,14.203916010781885,13.04150209982775,13.053641319274902,168061600
2002-07-24,12.67122900709692,14.07037567671659,12.568038113782213,14.030920028686523,202307800
2002-07-25,13.794194252321464,13.873104423769272,12.880650721626475,12.999017715454102,163411400
2002-07-26,13.275202524773654,13.782051245807523,13.256991954320135,13.763840675354004,123538000
2002-07-29,14.219089479784607,14.659168268802729,14.128038975311542,14.643993377685547,112148600
2002-07-30,14.431544534118055,14.820028545377843,14.364774767280931,14.598470687866211,122690600
2002-07-31,14.449751425516725,14.568117192462292,14.070373373629685,14.562047004699707,93875600
2002-08-01,14.44064577362504,14.595431499202661,13.809360181047618,13.885235786437988,92002800
2002-08-02,13.812396478937394,13.915587361900384,13.293407548933835,13.478544235229492,85947600
2002-08-05,13.442126648920674,13.709208028162633,13.296445580851366,13.351076126098633,78941600
2002-08-06,13.627262201968579,14.340492587108244,13.609051635854374,13.860958099365234,88715800
2002-08-07,14.264620643385268,14.355671181895348,13.706175874014262,14.291935920715332,86349400
2002-08-08,14.298001769188817,14.87162126116185,14.085549805332493,14.844305992126465,88748000
2002-08-09,14.613648596241086,14.917151153523184,14.464931833753894,14.60454273223877,69049400
2002-08-12,14.449759136441608,14.79575191915392,14.446723462055402,14.710771560668945,56866600
2002-08-13,14.565087698877997,15.08407677491966,14.240338909355021,14.282830238342285,100122800
2002-08-14,14.34049638490089,15.093182617070115,14.328356004276284,15.087112426757812,96706000
2002-08-15,15.162987908530543,15.399720697123236,14.795750081800996,15.10532283782959,98745600
2002-08-16,15.00212973110276,15.244931516760627,14.84734279677883,15.175126075744629,69334000
2002-08-19,15.187267445616481,15.79730704425471,15.129601221792305,15.782132148742676,79848200
2002-08-20,15.593964132759272,15.691084873511445,15.402757167878814,15.49077320098877,70317600
2002-08-21,15.648593002887807,15.897465018889022,15.524156994887198,15.867114067077637,81203400
2002-08-22,16.040119454764138,16.222221794662804,15.96424376924913,16.15545082092285,72517600
2002-08-23,15.982440515418332,16.040105569694568,15.733568574986048,15.848899841308594,57929200
2002-08-26,15.93387759339016,15.97940342105066,15.533254477949372,15.81247615814209,55652400
2002-08-27,15.88228040459122,15.91870036671158,15.37239630382732,15.430061340332031,65470200
2002-08-28,15.320808946134298,15.375439499043408,14.962675836072517,14.986956596374512,68875000
2002-08-29,14.838235372719225,15.47862576101624,14.72593978451099,15.351155281066895,94275600
2002-08-30,15.217614529259192,15.32080542126068,14.871621878951299,14.895902633666992,58138400
2002-09-03,14.725946739174834,14.725946739174834,14.264622634200148,14.270692825317383,74452600
2002-09-04,14.401200194609887,14.750227528556845,14.310149636092012,14.631861686706543,80232000
2002-09-05,14.41636975218427,14.42243994153867,13.924695992180178,13.93380069732666,90438800
2002-09-06,14.492242735881431,14.650064156963747,14.407262415979424,14.513487815856934,69918400
2002-09-09,14.340496783434782,14.856451396615098,14.152325509605651,14.7805757522583,81653200
2002-09-10,14.732016628427868,15.120499589806156,14.674350392881024,15.111394882202148,83950000
2002-09-11,15.2449314876472,15.508978356685237,14.72897697050316,14.744153022766113,77443200
2002-09-12,14.61364889527977,14.65917358514143,14.27069067435735,14.31014633178711,63726800
2002-09-13,14.234269711703533,14.64703219713147,14.219093658356579,14.540806770324707,59549200
2002-09-16,14.446718905143552,14.60757602152756,14.279792757442582,14.501349449157715,50166200
2002-09-17,14.771463147374224,14.841269727167456,14.328349864389786,14.352630615234375,73343400
2002-09-18,14.179641240905404,14.640965312265875,14.161430668880607,14.49224853515625,83951800
2002-09-19,14.167498782733809,14.51349149609227,14.140183507586018,14.32532024383545,77777600
2002-09-20,14.48010671069118,14.568122730050122,14.355670708682817,14.404231071472168,130619200
2002-09-23,14.143216046982836,14.176601507249881,13.599947451500544,13.727417945861816,89783800
2002-09-24,13.606019906542507,14.1067984206432,13.545319164835357,13.851856231689453,104142200
2002-09-25,14.082517641754293,14.252478315006371,13.672788537799633,14.115901947021484,107116600
2002-09-26,14.298010299846899,14.416376150364465,13.945947265433038,14.021822929382324,100852200
2002-09-27,13.973259216311801,14.294971213713017,13.715281325783316,13.733491897583008,81011600
2002-09-30,13.618156882335784,13.669752909495655,13.083992990518636,13.275199890136719,115577000
2002-10-01,13.451230316828342,14.036990217442696,13.108272177610324,14.030920028686523,110636600
2002-10-02,13.991469032110588,14.206956752398069,13.706177012346025,13.842753410339355,103488600
2002-10-03,13.748663640903597,14.140182161494062,13.536211649731005,13.596912384033203,105221400
2002-10-04,13.775979335663209,13.830609882432508,13.260024814936635,13.284305572509766,107120400
2002-10-07,13.296448473522998,13.675826699291248,13.260027330254513,13.369288444519043,89790000
2002-10-08,13.58174089265439,13.955048939151313,13.393569611166537,13.654582023620605,115667600
2002-10-09,13.423916081248182,13.794189519530724,13.296445580851366,13.351076126098633,123142600
2002-10-10,13.354114769416855,14.149291279238188,13.126487813119976,14.076451301574707,118515000
2002-10-11,14.373875639082499,14.841269671147291,14.267649091193272,14.83216381072998,108828800
2002-10-14,14.644002250624908,14.971785654658978,14.51956621563509,14.95964527130127,76216200
2002-10-15,15.557541179042303,15.894429215908513,15.372405584461353,15.870149612426758,133374200
2002-10-16,15.293492264705788,15.557539140995596,15.260106801242772,15.299562454223633,95437400
2002-10-17,15.867118181392085,15.933889134920289,15.190307410403197,15.408829689025879,182602400
2002-10-18,15.964231522442152,16.14633372264286,15.521118136829747,16.13115882873535,152817200
2002-10-21,15.773027762934165,16.08260050029448,15.587891023729142,15.936918258666992,112378600
2002-10-22,15.60914015115256,15.760891464185137,15.487738637618243,15.68198013305664,87159000
2002-10-23,15.60913227123462,16.164541194507468,15.60913227123462,16.146331787109375,110866600
2002-10-24,16.194891981648425,16.19792649692908,15.448276183442081,15.548431396484375,95833400
2002-10-25,15.554507076017183,16.02493583895727,15.527191797767992,15.988515853881836,75425800
2002-10-28,16.207033259444113,16.237383045018348,15.633412586822184,15.76695442199707,79906600
2002-10-29,15.827658865537543,15.930849781586153,15.433104613853201,15.803378105163574,90517200
2002-10-30,15.84282756647765,16.203995052526437,15.669831268660422,16.119014739990234,94451200
2002-10-31,16.143307112931026,16.410389795184717,16.040116155544656,16.228288650512695,105973800
2002-11-01,15.912641654237786,16.158479180798853,15.751785644261718,16.08563804626465,105097800
2002-11-04,17.223772128134666,17.37552342441779,16.85046407821064,17.0264949798584,139964200
2002-11-05,16.929371434082007,17.23894416607038,16.86867185185592,17.202524185180664,76658200
2002-11-06,17.29660330638185,17.329987599825806,16.853488896321196,17.30874252319336,115407000
2002-11-07,17.056844160304166,17.18431468019849,16.844392136043236,16.999177932739258,73699600
2002-11-08,16.99614473252602,17.16307092245209,16.69567666444271,16.722991943359375,64522200
2002-11-11,16.713879213644624,16.72298391632309,16.334501165109437,16.346641540527344,58341200
2002-11-12,16.419486433150947,16.82314535435248,16.358786853281178,16.543922424316406,81398600
2002-11-13,16.46198021048896,16.974899146471987,16.422524551483974,16.801902770996094,107370200
2002-11-14,16.993107345304015,17.299644394453477,16.956686207721088,17.29660987854004,78337000
2002-11-15,17.17824159730491,17.275362307851708,16.895984170475096,17.205556869506836,77533600
2002-11-18,17.284466444058822,17.308746040385376,16.917228721622834,16.950613021850586,58086400
2002-11-19,16.859572438567017,16.93544810314902,16.483229790591906,16.650156021118164,76403400
2002-11-20,16.695666152397074,17.26928664847996,16.67138656296406,17.18430519104004,76435400
2002-11-21,17.293574049047855,17.603146769091904,17.232873311393483,17.55458641052246,82922200
2002-11-22,17.436219085947137,17.694195751233046,17.3148176212419,17.6699161529541,70002000
2002-11-25,17.621359678018298,17.7973905670474,17.472642908902476,17.672954559326172,61583000
2002-11-26,17.493884034608296,17.679020746119903,17.23287169757686,17.2692928314209,68650400
2002-11-27,17.48174392538573,17.78828210554916,17.421044350252938,17.627426147460938,55191800
2002-11-29,17.733657999064476,17.794358754001937,17.506031036376953,17.506031036376953,28393000
2002-12-02,17.80041932600285,17.8945043454307,17.302674330711405,17.509056091308594,63735000
2002-12-03,17.38462816032827,17.40587324922124,17.120581228536675,17.211631774902344,58457400
2002-12-04,17.035594395458777,17.433181900225836,16.941508210585695,17.160030364990234,83892000
2002-12-05,17.284472948920673,17.32696312681051,16.783693206029238,16.795833587646484,68435800
2002-12-06,16.653181093043173,16.917229089622527,16.45590517168205,16.835283279418945,71670200
2002-12-09,16.69264349903738,16.759414443520114,16.240424102098952,16.24649429321289,63862800
2002-12-10,16.255592858512195,16.534814577733613,16.23131210496074,16.392168045043945,63730200
2002-12-11,16.34361521074729,16.69567819473679,16.261670524256882,16.589452743530273,69186200
2002-12-12,16.69264063395665,16.710851204172847,16.295051867514168,16.440732955932617,55242000
2002-12-13,16.29201286350144,16.31325794401623,15.930845336979974,15.933879852294922,65245400
2002-12-16,16.085640584514135,16.556069464393893,15.985484153446642,16.53482437133789,60140400
2002-12-17,16.51661105700567,16.689608605419167,16.32236957682906,16.498401641845703,49549800
2002-12-18,16.340580518823053,16.510542396701567,16.02190301085009,16.24649429321289,62709400
2002-12-19,16.161504896258336,16.616758555307868,16.049209317868364,16.119014739990234,82686600
2002-12-20,16.234358570103055,16.304164046312774,16.070466847991106,16.097782135009766,98294600
2002-12-23,16.100809621611173,16.474117609340247,16.05528493497318,16.389137268066406,48798400
2002-12-24,16.249524748417894,16.45894106461804,16.24345455925366,16.334505081176758,18386000
2002-12-26,16.398243844163094,16.598555498419902,16.137231443028675,16.204002380371094,37228000
2002-12-27,16.170611669121325,16.38913382392677,16.055281560991848,16.076526641845703,40891600
2002-12-30,16.08867197520937,16.15847859056628,15.864080704326279,16.009761810302734,48019600
2002-12-31,16.006723956414735,16.08259958898487,15.557539192761693,15.691081047058105,58208800
2003-01-02,15.873186750529014,16.313265779865556,15.69412015891362,16.304161071777344,67025200
2003-01-03,16.264694868052597,16.3284300989127,16.049208425942805,16.325395584106445,55546800
2003-01-06,16.39520259822459,16.762440287330243,16.328431688289026,16.62282943725586,59456200
2003-01-07,16.668361281299877,16.999179142657354,16.595521309824555,16.935443878173828,80517400
2003-01-08,16.8049320679834,16.859562607247387,16.422519450905572,16.46197509765625,64566000
2003-01-09,16.607656889438914,16.97185895705948,16.549990674441887,16.938474655151367,61808000
2003-01-10,16.72299266293261,17.087196011569276,16.662293069635272,16.971864700317383,67730200
2003-01-13,17.153965240438982,17.223770691976213,16.92633831499436,17.11450958251953,60817800
2003-01-14,17.09629924785846,17.29964540123088,17.053807918205536,17.29054069519043,54206400
2003-01-15,17.299639688389338,17.39676037998326,17.053802286546613,17.078083038330078,59622600
2003-01-16,17.093268007893382,17.19342443139975,16.726030103911338,16.798870086669922,81371000
2003-01-17,16.067425936786385,16.085636508121244,15.572717572112472,15.618242263793945,155876000
2003-01-21,15.74268120613534,15.827662730425116,15.56665028152136,15.578790664672852,86159200
2003-01-22,15.65769565220591,15.903533119609433,15.451313838087705,15.478629112243652,86948000
2003-01-23,15.766958820526138,15.94602538401681,15.61824205107642,15.867114067077637,71374800
2003-01-24,15.79123115023184,15.797301337797984,15.084071086439524,15.129595756530762,103027000
2003-01-27,14.968739786443889,15.357222527174144,14.692552620874118,14.923213958740234,114838600
2003-01-28,15.081038654157524,15.084074327477804,14.73808166625517,14.816991806030273,86151200
2003-01-29,14.789677864809198,15.18726658829439,14.546876077011856,15.147810935974121,106884000
2003-01-30,15.223682937807203,15.22671745290678,14.62578273720294,14.640958786010742,87877400
2003-01-31,14.401196555322374,14.674348161848588,14.27372487939384,14.404231071472168,106858400
2003-02-03,14.546875031396747,14.901972403444384,14.404228484794617,14.738081932067871,80129800
2003-02-04,14.507419265999063,14.549909430748672,14.228197521775833,14.361738204956055,81854800
2003-02-05,14.516527606856625,14.72897846687887,14.182674105248154,14.252479553222656,101072000
2003-02-06,14.222134817354291,14.452796329283945,14.131084251007605,14.392095565795898,83312000
2003-02-07,14.531696045490719,14.552941122052342,14.085547122156976,14.1371431350708,75208000
2003-02-10,14.203913786234358,14.422435910840552,14.125003662220962,14.379945755004883,74081400
2003-02-11,14.355667360201403,14.467962955876715,13.961114359846713,14.09465503692627,84292000
2003-02-12,14.128040495638684,14.294966631430658,14.04002449680961,14.09465503692627,71315200
2003-02-13,14.085546608758351,14.301033039040531,14.000566305609278,14.261578559875488,73558200
2003-02-14,14.340496497073225,14.719874711281513,14.194815401749695,14.659173965454102,90446400
2003-02-18,14.944463934632013,15.169055141168155,14.81092209075305,15.15084457397461,57415500
2003-02-19,15.114315350110049,15.150852451650806,14.718493459186881,14.937718391418457,46902700
2003-02-20,15.083857757935442,15.144753660315446,14.675856721929964,14.700214385986328,50897200
2003-02-21,14.791556778652103,15.10212363108698,14.43227228184344,14.998600959777832,56853200
2003-02-24,14.882901533274111,14.919438608730601,14.517527294231153,14.657587051391602,62403700
2003-02-25,14.334841666074778,14.779379790428136,14.237407522846837,14.730663299560547,68113000
2003-02-26,14.657593468127178,14.901176013626065,14.359204704704393,14.377473831176758,57096000
2003-02-27,14.55406549001753,14.742841749482313,14.188691222849116,14.359199523925781,75434300
2003-02-28,14.45663343867962,14.65758912434962,14.34093132829603,14.432275772094727,56585400
2003-03-03,14.627139701562484,14.688035601732814,14.249586049700596,14.334840774536133,50653500
2003-03-04,14.35920071657896,14.407917212148213,14.04254291463237,14.048632621765137,56605700
2003-03-05,14.048629434243221,14.340928341338456,14.0364500227411,14.273943901062012,55415900
2003-03-06,14.109533299324319,14.310489056638662,14.08517446256221,14.170429229736328,54607600
2003-03-07,13.975554548982625,14.487078190088692,13.94510602183789,14.347017288208008,66167600
2003-03-10,14.194787739267703,14.286131059507554,13.939025745700116,13.975564002990723,48413600
2003-03-11,14.042546200286937,14.164338048453189,13.859859589530704,13.884217262268066,53990700
2003-03-12,13.890303914021413,14.27394733827246,13.731975010845586,14.243498802185059,72379500
2003-03-13,14.444457797049584,15.065594137337909,14.273950601945996,15.022967338562012,80701300
2003-03-14,15.029049957969738,15.199557072645128,14.773288124464045,15.138662338256836,75451400
2003-03-17,14.931622643152686,15.802431147959108,14.81592051331657,15.790251731872559,100983800
2003-03-18,15.765895250429834,15.857239723205566,15.528402408796657,15.857239723205566,78108800
2003-03-19,15.820693220748268,16.094724173212054,15.674543766598452,16.027738571166992,73652100
2003-03-20,15.845053383703842,16.149531729302335,15.631918309486354,15.985113143920898,71798500
2003-03-21,16.289591716119904,16.320039086506213,15.851143310496301,16.17997932434082,85586800
2003-03-24,15.558844240274437,15.790248451878751,15.33353089694123,15.400516510009766,61105200
2003-03-25,15.589299714545918,15.680643033901045,15.242194404100438,15.522314071655273,63595100
2003-03-26,15.504033311103335,15.601467428340143,15.370063287327957,15.376152992248535,51673600
2003-03-27,15.18738460613698,15.382250617968264,14.974249470136622,15.24828052520752,60043300
2003-03-28,15.022967338562013,15.284819001320415,14.980340539786116,15.022967338562012,39584600
2003-03-31,14.767199591791137,15.047319109005524,14.621050126962844,14.742840766906738,71384000
2003-04-01,14.895084671200273,15.04123534396389,14.767204284398444,14.828100204467773,49803200
2003-04-02,15.284814340330879,15.832875171666945,15.284814340330879,15.66236686706543,68282500
2003-04-03,15.826791706834985,15.887687636887444,15.589298857272984,15.668462753295898,57394300
2003-04-04,15.686720836186987,15.711078494162482,15.18128694715171,15.278719902038574,55740600
2003-04-07,15.972934041839542,16.094725847043556,15.327440261840822,15.32744026184082,65627100
2003-04-08,15.412697386045613,15.72935522347075,15.345712923065951,15.577116012573242,54132100
2003-04-09,15.595381212224561,15.631918288429203,14.943797739360342,14.962065696716309,76875800
2003-04-10,15.047324015276791,15.096041680930277,14.785473531347762,14.974249839782715,51608900
2003-04-11,15.15694258362469,15.33354070872045,14.584523718092713,14.736763000488281,71565500
2003-04-14,14.779379676358097,15.150842480796669,14.614961085389208,15.077768325805664,51599600
2003-04-15,15.029055552834855,15.096041179389838,14.675860619032921,14.980339050292969,63399000
2003-04-16,15.58930294559398,15.674556573129374,14.980345808355885,15.175211906433105,86178700
2003-04-17,15.083859398921549,15.552756388318741,15.065590277772214,15.528397560119629,58356600
2003-04-21,15.595382638857838,15.595382638857838,15.272635145296547,15.351799011230469,41557800
2003-04-22,15.260461004362336,15.711089012784008,15.242193039023366,15.686731338500977,58844000
2003-04-23,15.680635987323994,15.82678546491409,15.51012768272248,15.66236686706543,55559300
2003-04-24,15.516224362165822,15.662373905432691,15.418791333321241,15.522314071655273,51703600
2003-04-25,15.424873833322717,15.6136500932896,15.327440850017695,15.357888221740723,53657400
2003-04-28,15.461413033322698,15.796339975698976,15.418786242464048,15.674548149108887,56287600
2003-04-29,15.802431689152057,15.985118290734647,15.638013050831873,15.711087226867676,65877300
2003-04-30,15.668454049379143,15.75979731296949,15.376155141292989,15.57102108001709,55566800
2003-05-01,15.552755629992458,15.802427799395474,15.430963817920977,15.66236686706543,42085800
2003-05-02,15.619742985231873,16.009476159422153,15.564936775759692,15.893774032592773,52695400
2003-05-05,15.985109450904877,16.070362996298787,15.735437358114902,15.7476167678833,50391500
2003-05-06,15.747625063053661,16.13735708899694,15.723266230685677,16.05819320678711,54299500
2003-05-07,15.899864237695159,16.04601374702699,15.735445604136952,15.826788902282715,49120000
2003-05-08,15.680637856587683,15.918130640796125,15.65627902667249,15.674548149108887,46401400
2003-05-09,15.771980411731132,16.13735471300337,15.765890704535758,16.052101135253906,58913600
2003-05-12,15.924217605545664,16.119083565332453,15.869411409169038,15.954666137695312,53900800
2003-05-13,15.857237442660004,15.954670448881226,15.765892983021189,15.826788902282715,44501900
2003-05-14,15.88159532182494,15.942491241885383,15.552759211887468,15.601475715637207,45021000
2003-05-15,15.741538926403145,15.838971954994577,15.571030545621477,15.705001831054688,45450200
2003-05-16,15.75979731296949,15.863319988103246,15.47358811065504,15.57102108001709,60620900
2003-05-19,15.467500249738363,15.552754979218204,15.065588912809579,15.077768325805664,55336300
2003-05-20,15.138661864367318,15.223915419036299,14.919437110655574,14.998600959777832,52677600
2003-05-21,14.998604284889005,15.047320778570407,14.547976427962828,14.633231163024902,108960900
2003-05-22,14.736760228193468,14.77938703340626,14.639327198708994,14.712401390075684,93157100
2003-05-23,14.736754585537394,14.943799984288217,14.633231886161983,14.748932838439941,76968000
2003-05-27,14.767197874910558,15.156929735807896,14.748928758371283,15.09603500366211,68486800
2003-05-28,15.08994805942458,15.144754257578702,14.797647948771676,14.864633560180664,91467000
2003-05-29,14.901173048813456,15.02296487807718,14.755023550592766,14.858546257019043,75451300
2003-05-30,15.059499556470376,15.169111952998309,14.925529494876669,14.986425399780273,85096700
2003-06-02,15.21173647290931,15.242185001573624,14.962064345324968,15.004691123962402,66310800
2003-06-03,15.071681650239935,15.175204358539686,14.962069234217493,15.150845527648926,61058200
2003-06-04,15.21783431672315,15.357894139001333,15.065595076466025,15.144760131835938,83484600
2003-06-05,14.901168483323282,14.931617012056732,14.621048987931198,14.66976547241211,115877900
2003-06-06,14.882903206684288,14.955977365813611,14.401826819529505,14.414006233215332,119629400
2003-06-09,14.444460325013605,14.6027892921002,14.371386131892628,14.462729454040527,73610000
2003-06-10,14.578427655236041,15.071682390056193,14.523621444534575,15.02905559539795,80655300
2003-06-11,15.022965149951403,15.199562027937457,14.870725941363121,15.150845527648926,75768600
2003-06-12,15.205650289997237,15.309172988454664,15.065590510170384,15.217829704284668,66177700
2003-06-13,15.34571691930584,15.376164304817067,14.91335684378793,15.01078987121582,55157500
2003-06-16,15.102134353628333,15.479688235141069,15.022970448299565,15.461419105529785,69658600
2003-06-17,15.6136486464786,15.918126981466047,15.546664202596379,15.808514595031738,122213900
2003-06-18,15.820696384910669,16.094727392181056,15.656277780548436,15.875502586364746,89957700
2003-06-19,15.887682000352951,16.070368564204646,15.838965505892977,15.875502586364746,63626900
2003-06-20,16.03992034937487,16.06427801458079,15.838964675081725,16.033830642700195,86048900
2003-06-23,15.918135394104478,15.979031325583634,15.522313581729895,15.698911666870117,52584500
2003-06-24,15.619742768066095,15.857236726307933,15.540578889647483,15.650191307067871,51820300
2003-06-25,15.613652919008288,15.826788044120462,15.309174500703177,15.38224983215332,60483500
2003-06-26,15.461413483643447,16.143445641725158,15.351801068818444,15.680638313293457,51758100
2003-06-27,15.802435007671969,16.039927871901583,15.546673014850334,15.60756778717041,76040300
2003-06-30,15.796339969118108,15.905952380704935,15.5283986476273,15.613652229309082,48073100
2003-07-01,15.583208335422755,15.954672444026215,15.46141648166953,15.924223899841309,60926000
2003-07-02,16.13735606985693,16.399207693810467,16.106908692812883,16.368759155273438,94069300
2003-07-03,16.253061768043136,16.41139071877993,16.082553399212763,16.137359619140625,39440900
2003-07-07,16.45401122771847,16.77675755331012,16.411384442186954,16.697593688964844,88960800
2003-07-08,16.60015984573834,16.928995861037023,16.5940701393356,16.868101119995117,61896800
2003-07-09,16.782858374544915,16.868113163561077,16.594081987247634,16.728052139282227,62300700
2003-07-10,16.59407508120939,16.69759779790051,16.192163630877527,16.38702964782715,55350800
2003-07-11,16.411385859027572,16.715864252245204,16.374847615566573,16.6306095123291,50377300
2003-07-14,16.82547889302326,16.935091322536948,16.47228393208644,16.6854190826416,60464400
2003-07-15,16.7280433367332,16.76458158201039,16.502729964988614,16.606252670288086,53567600
2003-07-16,16.782849184284277,16.819387428780164,16.563625524773606,16.75849151611328,49838900
2003-07-17,16.52709122471864,16.6062562785274,16.16171798450134,16.253061294555664,72805000
2003-07-18,16.508818646815996,16.581892809844263,16.28959383474544,16.374847412109375,63388400
2003-07-21,16.36267395122824,16.38703162554007,15.832880887400513,15.857239723205566,48480800
2003-07-22,16.003390507024523,16.17389772504203,15.912046027094219,16.064285278320312,51791000
2003-07-23,16.088643485346477,16.22870331222564,15.918135112519717,16.10691261291504,49828200
2003-07-24,16.307868803452525,16.393122411384233,15.820702508787619,15.832881927490234,53556600
2003-07-25,16.00338456681445,16.411385655116387,15.875503039275666,16.374847412109375,54173000
2003-07-28,16.40530339222895,16.441840490322626,16.13127225279288,16.204347610473633,52658300
2003-07-29,16.368765242673845,16.380944662618077,15.979033096405763,16.11909294128418,62391100
2003-07-30,16.113001226068747,16.179986865932324,15.936404304828324,15.972941398620605,41240300
2003-07-31,16.198257936838893,16.43575081722005,16.021659832919177,16.082555770874023,64504800
2003-08-01,16.03383341416381,16.143445830269005,15.905953036369734,15.936400413513184,42649700
2003-08-04,15.924221453992821,16.082550374956526,15.680638945392129,15.942490577697754,51825600
2003-08-05,16.02165231916554,16.16171325922464,15.58929356928902,15.62583065032959,58825800
2003-08-06,15.552758881866618,15.948580611620768,15.485773255072223,15.619743347167969,56294900
2003-08-07,15.66237308777261,15.717179308823171,15.497955586114186,15.656283378601074,44258500
2003-08-08,15.75980260105305,15.820698517710653,15.528399511545759,15.577116012573242,33241400
2003-08-11,15.595382690429688,15.826785743649527,15.552755903901783,15.595382690429688,36433900
2003-08-12,15.656283334986755,15.692821589914185,15.497955542940927,15.668462753295898,38208400
2003-08-13,15.704998473216783,15.765893231946716,15.528400420719379,15.589296340942383,39636900
2003-08-14,15.625836915762429,15.656284301922467,15.540583305319661,15.60756778717041,37338300
2003-08-15,15.595385009725135,15.625832387060868,15.485772592927702,15.55275821685791,27607900
2003-08-18,15.564936559355901,15.729355185486483,15.504040642845354,15.650191307067871,45817400
2003-08-19,15.741536845903704,16.228701924474098,15.692820338046664,16.210433959960938,72952900
2003-08-20,16.015568136565506,16.15562912493793,15.832881506852969,16.10691261291504,56739300
2003-08-21,16.228698997354982,16.27741549642518,15.912041172652213,15.979026794433594,63802700
2003-08-22,16.307869919843135,16.41139266291564,15.960763432016478,15.966853141784668,65846300
2003-08-25,16.02165747023811,16.16171845532778,15.97294095935704,16.137359619140625,36132900
2003-08-26,16.021650443048006,16.24087522660617,15.808515365865647,16.17997932434082,47546000
2003-08-27,16.143442595385757,16.18606937944207,16.015561081724073,16.08863639831543,30633900
2003-08-28,16.13736198073585,16.186078498746262,15.979033006828669,16.143451690673828,46211200
2003-08-29,16.113003594202805,16.167809823692757,16.046019105987764,16.1495418548584,34503000
2003-09-02,16.259150759680058,16.624523994419953,16.119089780770366,16.60016632080078,74168900
2003-09-03,16.69759517631781,17.294372549903095,16.673236347276994,17.233476638793945,109437800
2003-09-04,17.111687341520234,17.33700072063619,17.044701717813496,17.31264305114746,59840800
2003-09-05,17.190852743626525,17.507510605510625,17.154315655407004,17.282196044921875,64024500
2003-09-08,17.288285827967112,17.611033399532307,17.257838447901364,17.56231689453125,46105300
2003-09-09,17.446618829314062,17.48315592621448,17.239573344389417,17.276111602783203,44315200
2003-09-10,17.069066082441196,17.160409405249393,16.73413901681999,16.776765823364258,54763500
2003-09-11,16.843747179825517,17.117778239966317,16.801120384135405,16.953359603881836,37813300
2003-09-12,16.73413588008919,17.294376292856768,16.71586791584781,17.25783920288086,55777200
2003-09-15,17.276109240149484,17.42225876925751,17.251750404551544,17.27001953125,41432300
2003-09-16,17.30046345022291,17.629300695993564,17.245657242594465,17.598852157592773,52060600
2003-09-17,17.51359738283875,17.62929949791272,17.336999356594646,17.355268478393555,47221600
2003-09-18,17.349175571783896,17.97031166048901,17.306548790273432,17.964221954345703,67268100
2003-09-19,18.12255973511294,18.25044014248543,17.97641020033299,18.24435043334961,92433800
2003-09-22,17.897249131177915,18.268713340785137,17.544054053049145,17.702383041381836,65678700
2003-09-23,17.73282645357557,18.092109976556994,17.586675767100157,18.02512550354004,57827800
2003-09-24,18.031208984020523,18.086015182144635,17.306550156651653,17.330907821655273,66336500
2003-09-25,17.336999250170308,17.635387935430106,17.184760053925945,17.19693946838379,56224500
2003-09-26,17.215212785065162,17.525780960461905,17.136047733291175,17.16649627685547,49864700
2003-09-29,17.300457277110795,17.604935583517523,17.11168105235654,17.55621910095215,47380300
2003-09-30,17.410075387224026,17.42225480224977,16.898551571072137,16.928998947143555,63333700
2003-10-01,17.069054480234765,17.43442752311557,16.935083280452066,17.367443084716797,58375900
2003-10-02,17.324821103554935,17.507507675572448,17.166492199109744,17.355268478393555,38143600
2003-10-03,17.75718207888033,17.939868673663767,17.61712227878016,17.708465576171875,57303000
2003-10-06,17.751094732163843,17.842438041706348,17.604945204597197,17.775453567504883,34047600
2003-10-07,17.665833168348303,17.885057941626403,17.61102697502878,17.744997024536133,52356800
2003-10-08,17.878971885869014,17.878971885869014,17.46488107912926,17.550134658813477,46989100
2003-10-09,17.793712297860502,17.87287731014029,17.537950466981936,17.623205184936523,62653300
2003-10-10,17.604948043823242,17.78154614404693,17.458798492686427,17.604948043823242,37604700
2003-10-13,17.64756656410065,17.720641886101014,17.355267599084872,17.525775909423828,39320300
2003-10-14,17.45270248173517,17.51968810404837,17.34309006758374,17.464881896972656,34851300
2003-10-15,17.88130406750649,17.918046145121963,17.575117362021857,17.801694869995117,57242100
2003-10-16,17.7037085094913,17.94865754746238,17.63634708604582,17.899667739868164,42232500
2003-10-17,17.930288504624496,17.93641237705478,17.63634846801713,17.715957641601562,49960000
2003-10-20,17.728205015947424,17.985401812597754,17.63634809942221,17.973154067993164,38794500
2003-10-21,17.973154067993164,18.02214387840231,17.862926702570277,17.973154067993164,44166800
2003-10-22,17.777192689680213,17.88741887384558,17.6363459796745,17.69145965576172,48798500
2003-10-23,17.58736499598026,17.807819810896795,17.207694112523622,17.703716278076172,67357900
2003-10-24,16.69941808026407,16.779026085371637,16.178900606840056,16.295251846313477,210558300
2003-10-27,16.47896385192871,16.595315094973543,16.423850166697434,16.47896385192871,65619100
2003-10-28,16.589193735182068,16.668801754791556,16.460594727493582,16.65655517578125,71752600
2003-10-29,16.632055641084296,16.687169321274194,16.325869048033397,16.374858856201172,73551500
2003-10-30,16.540195563795084,16.55856717504869,15.86658500194461,15.995183944702148,98729400
2003-10-31,16.148285414902553,16.191151361622424,15.989068207079136,16.00743865966797,69623700
2003-11-03,16.13603260105038,16.380981625398448,16.099290539400442,16.338115692138672,57772300
2003-11-04,16.282999544428655,16.30137115646995,15.92782322102592,15.96456527709961,84026100
2003-11-05,16.01356077747413,16.11766428009825,15.921705020572691,15.982942581176758,61514400
2003-11-06,16.080919298973065,16.105413617973618,15.921702137437595,16.06254768371582,68189800
2003-11-07,16.15440634925696,16.221767782722367,15.940076639156707,15.982942581176758,57822100
2003-11-10,15.99518863718689,16.06254889552712,15.921703338623047,15.921703338623047,54579100
2003-11-11,15.927826690824494,15.97069262691675,15.719619714368555,15.799227714538574,64990700
2003-11-12,15.82984729808358,16.007434916974116,15.676753999587625,15.909455299377441,75877300
2003-11-13,15.835975120586447,15.878841067977076,15.58490214186179,15.731871604919434,78949500
2003-11-14,15.737991770292295,15.933951008196365,15.578774597492941,15.615516662597656,83146400
2003-11-17,15.548153493987535,15.578772851484091,15.211348737588846,15.40118408203125,103900200
2003-11-18,15.51141143300073,15.823721871411234,15.382813635542375,15.40118408203125,106868300
2003-11-19,15.486908129703021,15.64000132433587,15.413422882355565,15.523650169372559,78853300
2003-11-20,15.413429432913537,15.695120470109913,15.358315765982267,15.370563507080078,106845700
2003-11-21,15.51141446722249,15.54203266269928,15.358321153819976,15.376692771911621,70712900
2003-11-24,15.511412917987382,15.805351770040218,15.48079472556865,15.756361961364746,99463800
2003-11-25,15.84209936940234,15.891089191581777,15.54203539454261,15.554283142089844,85663800
2003-11-26,15.682876651292991,15.695123226532703,15.505287878212718,15.5848970413208,69758400
2003-11-28,15.615518006529054,15.768611320318554,15.554280447411395,15.744115829467773,33402600
2003-12-01,15.86045916725754,16.05029445466554,15.61551022092323,15.82371711730957,101914600
2003-12-02,15.891082103360853,15.976813961931779,15.682875159966631,15.713493347167969,85121700
2003-12-03,15.811475495389471,15.964568792080708,15.689001558841978,15.719619750976562,93121600
2003-12-04,15.75023424599943,16.06254463810086,15.713492190460698,16.044174194335938,87202400
2003-12-05,15.897207555175562,16.215641896369352,15.87271323478098,15.909455299377441,96610900
2003-12-08,15.995186153682068,16.12990781745406,15.805349648537744,16.06867027282715,90504000
2003-12-09,16.19115265269578,16.29525617503496,16.074801382314455,16.154409408569336,103547100
2003-12-10,16.197272879769457,16.30749908330185,16.154405771273815,16.283004760742188,82853700
2003-12-11,16.28300410152486,16.39323146860397,16.09316872933818,16.295251846313477,79309000
2003-12-12,16.34423768638449,16.41772180124369,16.227886475180313,16.31974220275879,69154100
2003-12-15,16.564694216850167,16.595313576960756,16.338116792077628,16.374858856201172,88860600
2003-12-16,16.42996672269832,16.6320497558851,16.39322467157584,16.570812225341797,73978000
2003-12-17,16.558563232421875,16.58305754025235,16.44221205820352,16.558563232421875,53712300
2003-12-18,16.59531453229167,16.80964539336737,16.564695170418442,16.77902603149414,61177800
2003-12-19,16.834132200272794,16.87087425011017,16.650420783077216,16.75452423095703,76856400
2003-12-22,16.632058436758374,16.797399505120154,16.515707184799048,16.644306182861328,43894800
2003-12-23,16.638178529452954,16.742282011656005,16.54019891890998,16.625930786132812,39609000
2003-12-24,16.619799586002358,16.632047323921885,16.53406775658282,16.558563232421875,19924200
2003-12-26,16.564688644772513,16.68716370799802,16.53407046297052,16.662668228149414,12076900
2003-12-29,16.662668320288056,16.858628656134215,16.632050138316753,16.81576156616211,40426700
2003-12-30,16.78514712795019,16.87087899099849,16.779023256588307,16.852508544921875,34406600
2003-12-31,16.791280284589124,16.870888320297357,16.674929000391234,16.760662078857422,42198900
2004-01-02,16.889250784279106,17.00560200537131,16.736157502634804,16.809642791748047,44487700
2004-01-05,16.98110674986409,17.25667512776313,16.97498287835422,17.232179641723633,67333700
2004-01-06,17.262796883791896,17.31791055261776,17.18931160268777,17.293415069580078,46950800
2004-01-07,17.250552981765576,17.33628485546115,17.15257336382515,17.275047302246094,54298200
2004-01-08,17.385270339697986,17.440384007080628,17.14644522637912,17.24442481994629,58810800
2004-01-09,17.164822480577094,17.183192930404097,16.895377925691427,16.938243865966797,67079900
2004-01-12,16.944368588404622,16.98111065791066,16.748409327026668,16.88313102722168,55845200
2004-01-13,16.870885577234716,16.925999272998503,16.693297910447665,16.797401428222656,51555900
2004-01-14,16.852504989820527,16.98110275726478,16.82188563947038,16.962732315063477,43907000
2004-01-15,16.87088024164853,16.97498372649974,16.791272244060714,16.864757537841797,58504100
2004-01-16,16.96885280731455,17.07295624893035,16.858626664434855,17.03009033203125,63983400
2004-01-20,17.134205877454285,17.268928760602602,17.103587677471193,17.207691192626953,63068500
2004-01-21,17.226054760097348,17.330158233642578,17.05459103991155,17.330158233642578,53570600
2004-01-22,17.366897681391436,17.415887471928148,17.109700989071506,17.15256690979004,78425200
2004-01-23,17.31791189780649,17.611850709037196,17.281168670395893,17.440385818481445,127259100
2004-01-26,17.446509574667775,17.65471652325212,17.342406100375605,17.63634490966797,58299600
2004-01-27,17.53837436265147,17.58736418949649,17.281177479712717,17.299549102783203,63196200
2004-01-28,17.33015895575973,17.415891987433966,16.821889309156433,16.96885871887207,71336000
2004-01-29,17.030099645772047,17.11583269446618,16.883130206879745,17.091337203979492,63748400
2004-01-30,17.048464847465507,17.085206901358433,16.870876112300174,16.932113647460938,40528700
2004-02-02,16.90762501534325,17.023975086433843,16.68104640951826,16.77902603149414,62891800
2004-02-03,16.77902636863385,16.870882120080736,16.64430467771237,16.711666107177734,47993800
2004-02-04,16.66879900560317,16.797397992081798,16.54020118713379,16.54020118713379,60648000
2004-02-05,16.570820079098155,16.63818151142268,16.429974509700788,16.50958251953125,55527500
2004-02-06,16.55245064998855,16.650430284136434,16.49121308664378,16.58306884765625,47209600
2004-02-09,16.6504281496013,16.674922470993486,16.442221161726213,16.47283935546875,48108500
2004-02-10,16.454473722170675,16.625937526126094,16.423854351457518,16.546329498291016,37790600
2004-02-11,16.515703432269692,16.674920591404298,16.442219308367005,16.625930786132812,51515300
2004-02-12,16.58918797909493,16.62593003939604,16.491208372952606,16.503456115722656,44537000
2004-02-13,16.521829953742948,16.570819766871548,16.227891074971353,16.283004760742188,67541100
2004-02-17,16.362611153229153,16.595313618617084,16.283003152760124,16.527952194213867,43477000
2004-02-18,16.47283652172534,16.60143548294203,16.374856916993114,16.39322853088379,50334700
2004-02-19,16.485082327984365,16.52182438344098,16.185019677736094,16.20339012145996,61840600
2004-02-20,16.325867535557634,16.41159939990651,16.227887928299197,16.270753860473633,57821900
2004-02-23,16.36873597902673,16.38710759620966,16.215642673196683,16.295251846313477,50256800
2004-02-24,16.295252381854155,16.50345937806645,16.258509146280737,16.46059226989746,55426500
2004-02-25,16.47283477931747,16.527948447150848,16.29524720252795,16.350360870361328,64275700
2004-02-26,16.283001782991736,16.31974384411667,16.172774431607873,16.227888107299805,66602700
2004-02-27,16.209510751165965,16.301367623455292,16.13602665494488,16.246253967285156,58266500
2004-03-01,16.307493775817335,16.362607443650713,16.227885793396286,16.350360870361328,51912300
2004-03-02,16.29524910966557,16.344238912583396,16.136031958180368,16.160526275634766,66331000
2004-03-03,16.13603335362121,16.258507287502784,16.05642418698951,16.14828109741211,54998700
2004-03-04,16.123785609830314,16.17889928888022,16.050300315094063,16.14828109741211,44023200
2004-03-05,16.062550612769318,16.289129236889526,16.044180162171276,16.136035919189453,59849800
2004-03-08,16.111538144578223,16.1360336325835,15.805351552567185,15.817599296569824,69367800
2004-03-09,15.799227271638193,15.903330756947826,15.640011275761461,15.750237464904785,81111700
2004-03-10,15.707373412825342,15.799229165459906,15.523661907556216,15.535909652709961,75155800
2004-03-11,15.419549804020482,15.786973777506377,15.352188411278961,15.364436149597168,90536300
2004-03-12,15.542033195495605,15.621642375279196,15.450177437907048,15.542033195495605,64137100
2004-03-15,15.493040446940956,15.572649611652094,15.346071029023207,15.407308578491211,68835300
2004-03-16,15.468550251466057,15.535911690638555,15.370570613402109,15.419560432434082,65453800
2004-03-17,15.462422289581983,15.591020092534134,15.376690420947217,15.388936996459961,56241400
2004-03-18,15.284836003559239,15.327703112871918,15.052134678765485,15.24197006225586,123231000
2004-03-19,15.16847760196155,15.272581045721813,15.039878680606563,15.082744598388672,86281600
2004-03-22,14.990895566297695,15.211350290746218,14.703080584497037,15.003143310546875,127605200
2004-03-23,15.095000212630856,15.101124085224516,14.764319268638042,14.788813591003418,91696300
2004-03-24,14.929654091881595,15.052129166187731,14.807180185584329,14.948025703430176,97584700
2004-03-25,15.064376178899703,15.45629452891699,15.052128438459459,15.425676345825195,85677900
2004-03-26,15.376685637395635,15.621634591585726,15.30932423699008,15.327695846557617,61584900
2004-03-29,15.46241776113137,15.554273474625447,15.309324515971653,15.499159812927246,51881600
2004-03-30,15.437929269061101,15.511414573923892,15.327703063780858,15.431806564331055,59010400
2004-03-31,15.431807207573272,15.431807207573272,15.229724070788805,15.26646614074707,70533200
2004-04-01,15.278713180648236,15.376692808015154,15.21747562154159,15.358321189880371,69051900
2004-04-02,15.60326685952928,15.860463617346094,15.57877254202765,15.829845428466797,98043800
2004-04-05,15.805350682058778,15.909454164329208,15.756360876755581,15.891083717346191,53800300
2004-04-06,15.78085726650427,15.860465266674291,15.713495842354067,15.799227714538574,48992000
2004-04-07,15.762489080225961,15.786984573613893,15.523663859740683,15.670633316040039,63268900
2004-04-08,15.811472702492795,15.829844315333927,15.529781646982478,15.603265762329102,45294600
2004-04-12,15.603266475299488,15.762483623170993,15.572648287174163,15.682875633239746,38786800
2004-04-13,15.72574258465469,15.780856261265182,15.56040155482321,15.5848970413208,56971500
2004-04-14,15.548152061149704,15.725740814236877,15.542028190214738,15.621637344360352,61079600
2004-04-15,15.633884414658908,15.756358324070376,15.370563815811344,15.444047927856445,73756900
2004-04-16,15.511412062184089,15.554277996408961,15.376690387761762,15.407308578491211,51768600
2004-04-19,15.358313278877505,15.676747487800503,15.346065539763076,15.633881568908691,44592100
2004-04-20,15.707373782933267,15.848219351492249,15.48079633229652,15.511414527893066,59902600
2004-04-21,15.529783364710308,15.609391359809306,15.431803754738118,15.5848970413208,49252000
2004-04-22,15.62163920417406,15.915578035993244,15.597143717517916,15.891083717346191,99207700
2004-04-23,16.779024500429014,16.97498372649974,16.742282437543036,16.864757537841797,258269000
2004-04-26,16.809650275471174,16.87088668098435,16.595319352146362,16.68105125427246,89391000
2004-04-27,16.632060187186152,16.76065919878273,16.613688566098215,16.66880226135254,80716800
2004-04-28,16.540195789179897,16.56469010317629,16.209513790162067,16.26462745666504,72842200
2004-04-29,16.2340049990021,16.497325521202278,16.111529957231784,16.215633392333984,77787300
2004-04-30,16.283002612849078,16.38098222618177,15.897206863343614,16.001310348510742,66172200
2004-05-03,16.038056289302155,16.240139421945877,16.038056289302155,16.136035919189453,65916200
2004-05-04,16.13603085346547,16.25238206543299,15.933947784263436,16.123783111572266,55496400
2004-05-05,16.117664997855012,16.289129941580264,16.074799053926043,16.105417251586914,51841700
2004-05-06,16.01967825836477,16.129905589868702,15.940070278950182,15.995183944702148,62693900
2004-05-07,15.940077772050714,16.15440749738382,15.768612823774825,15.78698444366455,68290200
2004-05-10,15.695123978271077,15.952320758769122,15.689001274362509,15.878836631774902,64621400
2004-05-11,15.976811119459684,15.989058859364786,15.793099692918243,15.884955406188965,57917200
2004-05-12,15.842089484529879,15.9216974578955,15.572645046661501,15.884955406188965,64145600
2004-05-13,15.811477645087235,16.038056268919487,15.793107194512539,15.982942581176758,63861500
2004-05-14,15.921694120881941,16.025797552238817,15.70123952083008,15.835962295532227,43775300
2004-05-17,15.597142780991609,15.7931031584471,15.56652459251898,15.640009880065918,55149600
2004-05-18,15.737991296570984,15.903331168569986,15.701248064563067,15.817599296569824,58158600
2004-05-19,15.94007108208972,16.087040475497055,15.688998222351076,15.688998222351074,60052800
2004-05-20,15.768609705535907,15.842095002553702,15.67063008818496,15.756361961364746,52089900
2004-05-21,15.903333228654079,16.044179966911102,15.786983149584733,15.85434341430664,57809300
2004-05-24,15.952325019097923,16.025810333726735,15.762489610986883,15.774737358093262,56250500
2004-05-25,15.74411621162183,16.038056268919487,15.676755946165745,15.982942581176758,66615000
2004-05-26,15.915582892695463,16.013562533200727,15.82985099925572,16.00743865966797,50306900
2004-05-27,16.01968570747415,16.038057327270508,15.872716253131472,16.038057327270508,49071900
2004-05-28,16.007434005953193,16.13603297673569,15.933949880942427,16.06254768371582,37393000
2004-06-01,16.001306020589563,16.08703903507405,15.842090067994395,15.989059448242188,48369500
2004-06-02,15.99518764468543,16.093167258018124,15.927826222515781,16.001310348510742,54020000
2004-06-03,15.952323043001515,16.001312857348953,15.83597296393217,15.85434341430664,45933100
2004-06-04,15.940073522649389,16.06867132356687,15.884959845682156,15.891083717346191,48815300
2004-06-07,15.933953214492666,16.185026168823242,15.903333849324698,16.185026168823242,65218600
2004-06-08,16.093164343973864,16.319741720775156,16.068668861071608,16.28912353515625,58447700
2004-06-09,16.166658201753908,16.319751558149324,16.166658201753908,16.209524154663086,50385500
2004-06-10,16.15440222234109,16.405476273477575,16.15440222234109,16.39322853088379,48109200
2004-06-14,16.258508495243312,16.47283935546875,16.246261918551827,16.47283935546875,67377500
2004-06-15,16.527951840579764,16.90149985080997,16.51570409676684,16.78514862060547,114183400
2004-06-16,16.742279708798584,16.84025930586472,16.6259284992792,16.730031967163086,67431100
2004-06-17,16.72391526663455,17.09746337061152,16.711668687757324,17.00560760498047,105427500
2004-06-18,17.00559869631451,17.45263071140739,16.962732772676677,17.360774993896484,134218700
2004-06-21,17.28116584884723,17.550610299153533,17.219929482512505,17.360774993896484,116881700
2004-06-22,17.238312105412863,17.36078726063814,17.030105042335677,17.324045181274414,98932000
2004-06-23,17.26892185815279,17.379148034839805,17.146446771155226,17.330158233642578,58558400
2004-06-24,17.440392395673815,17.544495909912428,17.366908249157998,17.385278701782227,65503800
2004-06-25,17.440390690768574,17.532246448938604,17.299545117040573,17.49550437927246,71136500
2004-06-28,17.513878062799098,17.605733831797888,17.250557335128953,17.31791877746582,77024100
2004-06-29,17.256675589874103,17.501624616783182,17.256675589874103,17.452634811401367,55371700
2004-06-30,17.49550375554009,17.636349324246805,17.385276382462038,17.4893798828125,83544400
2004-07-01,17.57510892059565,17.66084078319077,17.305664422142232,17.532241821289062,78441400
2004-07-02,17.526123744002028,17.56286581366817,17.391400875210604,17.49550437927246,36690100
2004-07-06,17.34240669100944,17.34853056241272,17.10970541773008,17.158695220947266,69158900
2004-07-07,16.944370467938295,17.34241290776581,16.870885152765627,17.207691192626953,66255700
2004-07-08,17.072970072606203,17.238311172812406,16.87088689502404,16.926000595092773,59125100
2004-07-09,17.01173062664133,17.14645233162069,16.925997570736854,17.060720443725586,50249300
2004-07-12,16.944368419555676,17.146451551839125,16.895378604699367,17.079090118408203,45757300
2004-07-13,17.09132835344058,17.11582383124258,16.901493072509766,16.901493072509766,43274100
2004-07-14,16.77902305334243,17.366901848862835,16.742280993625226,17.226055145263672,87656300
2004-07-15,17.17706347797485,17.268920369308052,17.023970216431373,17.066837310791016,46759700
2004-07-16,17.25667605851828,17.268923802198625,16.687168825482733,16.828014373779297,66406300
2004-07-19,16.91374826622122,17.305666739723673,16.90150052192197,17.11583137512207,60354500
2004-07-20,17.146451779235708,17.440390672271796,17.0545960211631,17.342411041259766,89010700
2004-07-21,18.303833595837936,18.303833595837936,17.642470621910295,17.6730899810791,201518000
2004-07-22,17.801685509424463,17.942531039564997,17.65471610823317,17.758819580078125,124640700
2004-07-23,17.379153246611303,17.391400992585787,17.158699659117246,17.164823532104492,97372700
2004-07-26,17.366903823188974,17.58123350257922,17.2689242074651,17.550615310668945,72387600
2004-07-27,17.575116495900154,17.611858571704932,17.226062687721384,17.4158992767334,72968400
2004-07-28,17.35465753249084,17.6302259547959,17.317915465519913,17.50162696838379,62718800
2004-07-29,17.624098451507393,17.636345025968584,17.29954028410119,17.440385818481445,60148400
2004-07-30,17.422012187790664,17.64246567190712,17.34852691441265,17.44650650024414,59552900
2004-08-02,17.31178483366079,17.483248524583512,17.244423430507556,17.46487808227539,52267000
2004-08-03,17.37914923530077,17.4036447215959,17.146447955542403,17.189313888549805,53990900
2004-08-04,17.152582627043397,17.26893392418638,17.140334876184177,17.18320083618164,46217900
2004-08-05,17.244423705419862,17.27504188842738,16.852505356481306,16.85862922668457,55591700
2004-08-06,16.766771851531455,17.060711772651967,16.570812682790297,16.619802474975586,75628000
2004-08-09,16.69329599926378,16.70554374536673,16.595316366458878,16.644306182861328,51877500
2004-08-10,16.717784568407485,16.993352920813447,16.687166381699694,16.9749813079834,57632700
2004-08-11,16.772900876792548,16.84638617166095,16.656550814597185,16.78514862060547,53097300
2004-08-12,16.674923138705324,16.723912951460612,16.448345692715588,16.46059226989746,50279700
2004-08-13,16.540205624148385,16.687175099542845,16.521834001720492,16.546329498291016,43333200
2004-08-16,16.552445562559946,16.656549037846826,16.50957846378734,16.589187622070312,54347200
2004-08-17,16.668796934471843,16.766776546276994,16.52182751676412,16.564693450927734,56879700
2004-08-18,16.491204632434727,16.84025704614617,16.466709152450665,16.81576156616211,58844000
2004-08-19,16.748402815105237,16.809640352478503,16.54019588884145,16.60755729675293,46293000
2004-08-20,16.613688061212127,16.760658689430237,16.558575535642138,16.65655517578125,46494800
2004-08-23,16.748679030491378,16.785529480810446,16.65655231896635,16.730253219604492,39572200
2004-08-24,16.828521868091812,16.865372318410884,16.63812650807947,16.730253219604492,40835300
2004-08-25,16.71182740398896,16.994350646901083,16.693402764561984,16.9206485748291,53512700
2004-08-26,16.86537298921331,16.951358938650735,16.82238060022197,16.853090286254883,35465500
2004-08-27,16.889927990293497,16.98205463594978,16.85921949889269,16.865360260009766,33248700
2004-08-30,16.76709747314453,16.822373713921507,16.490717440713908,16.76709747314453,36679600
2004-08-31,16.760956709906434,16.779381342529252,16.61355262019832,16.76709747314453,52106700
2004-09-01,16.72410383181618,16.902216410006943,16.668827595236575,16.822372436523438,48507500
2004-09-02,16.828523742399607,17.00049448213332,16.797815225622614,16.96364402770996,42161700
2004-09-03,16.865375490014916,16.963645328436982,16.644271575066284,16.650413513183594,46174400
2004-09-07,16.760956983983828,16.816232054210406,16.68111300313179,16.8039493560791,44893400
2004-09-08,16.767106940683757,16.87151754650075,16.668838273027166,16.74254035949707,53278100
2004-09-09,16.767100662913602,16.871511229638237,16.693399775492967,16.754817962646484,56904700
2004-09-10,16.791675679036185,16.896086290982325,16.69340700561099,16.88380241394043,52664500
2004-09-13,16.90836559996314,16.932932175954893,16.423163130988208,16.73639488220215,48239200
2004-09-14,16.810097897263542,16.896082675246227,16.74867969665245,16.853090286254883,55920000
2004-09-15,16.803949735496737,16.828516303768318,16.66882950991295,16.699539184570312,52605700
2004-09-16,16.71797260685546,16.79781663148577,16.68726408750837,16.74254035949707,35951500
2004-09-17,16.822381751717927,16.908367707041112,16.742538905476565,16.89608383178711,65283000
2004-09-20,16.85309143985293,16.98206861565547,16.785531297410746,16.89608383178711,51513600
2004-09-21,16.85923484163487,16.908369175463164,16.73639842133667,16.74254035949707,73874400
2004-09-22,16.754821922521504,17.037344010163356,16.625843581870615,16.656553268432617,68409000
2004-09-23,16.699542870493904,16.82237808187263,16.68725899791966,16.79781150817871,52155800
2004-09-24,16.822374725604146,16.865367099581928,16.699539538732537,16.760957717895508,49859800
2004-09-27,16.687255314707368,16.779381995770844,16.662687574981476,16.699539184570312,47813600
2004-09-28,16.711830393738623,16.803958293173974,16.60742096109438,16.748682022094727,62055100
2004-09-29,16.74253439003458,17.006631779494736,16.724108582122998,16.939071655273438,61529300
2004-09-30,16.945218560328094,17.06805497285068,16.902226167381645,16.98206901550293,71218000
2004-10-01,17.086475187582394,17.393564967866634,17.06190861431602,17.35057258605957,66302800
2004-10-04,17.46727018710433,17.479552890229865,17.24002319318794,17.270732879638672,62016200
2004-10-05,17.2891475162105,17.473402013937317,17.258439018983072,17.430408477783203,58017700
2004-10-06,17.436558918037,17.53482756285055,17.338290273223457,17.522544860839844,56999600
2004-10-07,17.528676589485038,17.559385083810223,17.295287815379325,17.301429748535156,38401500
2004-10-08,17.258449499191702,17.399710546545297,17.17860548358851,17.190889358520508,49556600
2004-10-11,17.319868862883258,17.332151567183445,17.154040054554606,17.233882904052734,44691000
2004-10-12,17.092621504084992,17.295300764154977,17.080337628576544,17.215457916259766,56412900
2004-10-13,17.313726577417647,17.362860907996588,17.160181647926603,17.215457916259766,49500700
2004-10-14,17.221586559778817,17.295287413026298,17.074182510375977,17.074182510375977,41548700
2004-10-15,17.17860548358851,17.3444342808061,17.08647876450811,17.190889358520508,49828500
2004-10-18,17.240016183137296,17.47340501944441,17.18473994145689,17.448837280273438,50350700
2004-10-19,17.522547899678234,17.559398355010423,17.3014428247754,17.307584762573242,57026500
2004-10-20,17.332146057862502,17.657661633171543,17.270729041519417,17.626953125,69078100
2004-10-21,17.694510907551994,17.74364522025108,17.485689785717273,17.540966033935547,94988500
2004-10-22,17.381280375855216,17.40584811955894,16.93907153227867,17.03734016418457,101912800
2004-10-25,16.99434771186093,17.055765899404456,16.920645652517795,16.96977996826172,61529500
2004-10-26,17.01891802296858,17.13561248779297,16.969783696430113,17.13561248779297,76966600
2004-10-27,17.11104825595705,17.411996193693117,16.939077503770054,17.289159774780273,72392600
2004-10-28,17.264585142483803,17.528682499965452,17.135606845629212,17.203166961669922,63059600
2004-10-29,17.270726256498047,17.28915088984808,17.074187852948032,17.178598403930664,80010100
2004-11-01,17.295298646462186,17.3690007190337,17.172462249327904,17.246164321899414,72930900
2004-11-02,17.356716704715613,17.485693866354715,17.215455669171448,17.344432830810547,89417100
2004-11-03,17.59624165570877,17.59624165570877,17.387420541308305,17.485689163208008,79666700
2004-11-04,17.43042431687091,17.811216354370117,17.43042431687091,17.811216354370117,87867700
2004-11-05,17.940183983934734,18.032311853037235,17.82963264962986,18.001602172851562,95337700
2004-11-08,17.921758997341,18.106012389039275,17.89104931775496,17.983177185058594,112802100
2004-11-09,18.07531078861344,18.357832920047418,18.026176453952967,18.28413200378418,100401000
2004-11-10,18.376244488248794,18.42537878481681,18.2349835320475,18.259550094604492,84097700
2004-11-11,18.357826848993017,18.47452129451562,18.314834466814837,18.413103103637695,87358900
2004-11-12,18.523655888297405,18.54822363359562,18.30255086643178,18.40696144104004,162269000
2004-11-15,18.715003538931803,18.82452796079845,18.619169996207013,18.749229431152344,104468000
2004-11-16,18.708151892985363,18.714997330285335,18.5164835654871,18.564401626586914,64522600
2004-11-17,18.653389281992403,18.72184234782369,18.52332858747632,18.5986270904541,58830700
2004-11-18,18.571243661551666,18.59862540766015,18.482255597966134,18.53017234802246,63249900
2004-11-19,18.5028044435908,18.53018490261661,18.372743672723608,18.38643455505371,85808600
2004-11-22,18.31113460406412,18.359051382911584,17.866191407522134,18.2426815032959,92410800
2004-11-23,18.153682746355262,18.276897994394655,18.071538812451152,18.1605281829834,70459700
2004-11-24,18.22214645343176,18.29744368906718,18.071549370892313,18.235836029052734,60069200
2004-11-26,18.181062849333266,18.359040281456455,18.174217412832352,18.208444595336914,24398700
2004-11-29,18.23583206896787,18.448036765439486,18.215297057178628,18.32482147216797,67079900
2004-11-30,18.31113203669195,18.48910955148169,18.276906143923746,18.352203369140625,75960400
2004-12-01,18.448038633949114,18.67393292594859,18.352203781901295,18.653396606445312,99889000
2004-12-02,18.66707662320907,18.756064678003625,18.427491590962116,18.543861389160156,96088300
2004-12-03,18.591785080038168,18.783453438566248,18.57809420322176,18.63970184326172,76498400
2004-12-06,18.550709731311606,18.78344936417052,18.53017342054161,18.70815086364746,55297400
2004-12-07,18.66023303077072,18.742375657829133,18.482255597966134,18.53017234802246,111656000
2004-12-08,18.489100332213436,18.72868537902832,18.420647275175828,18.72868537902832,95655000
2004-12-09,18.571248764813554,18.72869123693449,18.44118935195931,18.63970184326172,83006000
2004-12-10,18.537029266357422,18.60548236839486,18.509648808923043,18.537029266357422,70949200
2004-12-13,18.55071762019721,18.67393292594859,18.42065687461141,18.653396606445312,93812500
2004-12-14,18.5164865631818,18.70815492170988,18.50964243040747,18.63970184326172,127843200
2004-12-15,18.632859096489305,18.75607439436846,18.53018011680136,18.55756187438965,106303900
2004-12-16,18.58493999237081,18.673929387723017,18.489106464115107,18.591785430908203,88997500
2004-12-17,18.482259605439168,18.701308399268893,18.34535345647869,18.454877853393555,126184400
2004-12-20,18.489101787002575,18.584935291015668,18.406957850967373,18.448030471801758,85552800
2004-12-21,18.482255597966134,18.59862540766015,18.441184284436925,18.53017234802246,94646100
2004-12-22,18.372727651961643,18.584930920502376,18.331656346419333,18.461715698242188,63651900
2004-12-23,18.39327929262786,18.584946415379957,18.365897529015072,18.489112854003906,65801900
2004-12-27,18.489103934412604,18.55071156718601,18.359043231265005,18.379579544067383,55958500
2004-12-28,18.37957740937802,18.502792660614038,18.345350225349364,18.448030471801758,55075900
2004-12-29,18.379575318735352,18.482254247874636,18.359039010654126,18.413801193237305,47594900
2004-12-30,18.40696026209143,18.441187450603497,18.311126745525126,18.31797218322754,48355400
2004-12-31,18.311130418178347,18.41380939304133,18.263213650284555,18.29059410095215,54959500
2005-01-03,18.34535446678633,18.44803473697835,18.242675502228177,18.304283142089844,65002900
2005-01-04,18.393270382585634,18.550711530188682,18.24951880452315,18.37273406982422,109442100
2005-01-05,18.372734452458342,18.550711916529398,18.31797225625446,18.331663131713867,72463500
2005-01-06,18.379572122322426,18.523322336990972,18.235820602020684,18.311119079589844,76890500
2005-01-07,18.359045696267092,18.40696246027252,18.222140842770706,18.256366729736328,68723300
2005-01-10,18.20844544598937,18.386422886427212,18.167374130698658,18.34535026550293,70376600
2005-01-11,18.270051506497257,18.359039566275545,18.215289322256744,18.29743194580078,64712000
2005-01-12,18.324817693984162,18.379579890188047,18.2221387393061,18.331663131713867,72940600
2005-01-13,18.26321183543632,18.345354484910445,17.907256872691455,17.982555389404297,89861600
2005-01-14,18.07153643893977,18.105763617585065,17.82510728086046,17.87986946105957,92180800
2005-01-18,17.818266480669283,18.037315258452683,17.68820577924775,18.01677894592285,69146400
2005-01-19,17.94148930406566,17.975716508527476,17.742976740724504,17.784048080444336,58114100
2005-01-20,17.68820960419729,17.8661871010411,17.61975651992906,17.701900482177734,58380100
2005-01-21,17.76350859598985,17.886722584161802,17.551303898597777,17.558149337768555,76501000
2005-01-24,17.63344601936792,17.79773262538774,17.551302063541065,17.57183837890625,69010900
2005-01-25,17.63344298833662,17.92779026313917,17.626597551058225,17.811420440673828,67580700
2005-01-26,17.84565584312446,17.91410894679842,17.729285958569037,17.804584503173828,64974500
2005-01-27,17.763507209296453,17.907257503758995,17.695054128566422,17.873031616210938,93204100
2005-01-28,18.167374724939144,18.242671921162767,17.770347210152718,17.920944213867188,110466500
2005-01-31,18.037313802017028,18.15368361902231,17.90725311109734,17.989397048950195,71442100
2005-02-01,17.968863743462688,18.092079018033555,17.94832742915627,18.064697265625,57981700
2005-02-02,18.0852256138696,18.13998778893161,17.98939213391939,18.112606048583984,79329500
2005-02-03,18.05100490644779,18.071539911948044,17.86618202314382,17.920944213867188,62545400
2005-02-04,17.914099994541093,18.051006133472573,17.893563682011262,18.01677894592285,61246500
2005-02-07,17.98255559766301,18.00309060745242,17.838804000967674,17.907257080078125,57763400
2005-02-08,17.927794984252078,18.03047395920016,17.90725866700886,17.962020874023438,61343700
2005-02-09,17.968855399852565,18.00992670376064,17.825105183357685,17.845640182495117,77874800
2005-02-10,17.86618217871477,17.886717184393834,17.797729113306097,17.83880043029785,71796400
2005-02-11,17.818269516212126,17.879877158663476,17.667672476604857,17.777196884155273,83835900
2005-02-14,17.74982228136153,17.87988304777862,17.736131399499868,17.804584503173828,58694000
2005-02-15,17.85264720567912,17.90757837546394,17.756517985971275,17.804582595825195,76551600
2005-02-16,17.763371911353623,17.804569931973738,17.626043429737955,17.70844078063965,57506600
2005-02-17,17.653517989427446,17.75651506176667,17.57798846195077,17.612319946289062,67024800
2005-02-18,17.605448687411183,17.61231524437813,17.44065524918992,17.495586395263672,77091100
2005-02-22,17.33766004000972,17.502453483230585,17.303328563795237,17.32392692565918,96419200
2005-02-23,17.330792477871405,17.406323292757687,17.28272789009351,17.303327560424805,83689400
2005-02-24,17.289597223707137,17.46812379959898,17.268997550067386,17.420059204101562,85236300
2005-02-25,17.392587156125344,17.42691862438174,17.2689917749438,17.337656021118164,62467700
2005-02-28,17.317055948288953,17.420052969966044,17.255258259147315,17.27585792541504,82728000
2005-03-01,17.29645769683521,17.44751798806561,17.25525836404929,17.35825538635254,56394800
2005-03-02,17.29647121149257,17.49559623689869,17.27587152900398,17.34453582763672,67739000
2005-03-03,17.371988898345098,17.37885545448561,17.26212661942026,17.282726287841797,52183600
2005-03-04,17.310191202742168,17.371988898345098,17.255260063279753,17.282726287841797,63058200
2005-03-07,17.282736008155776,17.708453560671714,17.275869448153312,17.488727569580078,80407400
2005-03-08,17.44066047668457,17.591722155911533,17.399462432196408,17.44066047668457,52871800
2005-03-09,17.433791628959764,17.55738705586092,17.358262108923984,17.378860473632812,62991800
2005-03-10,17.46125030517578,17.49558177127507,17.33765493175997,17.46125030517578,59132900
2005-03-11,17.47499703073351,17.495595402577248,17.20720640980235,17.227806091308594,60617900
2005-03-14,17.22092979486157,17.268994381540065,17.138532425082893,17.24152946472168,65550500
2005-03-15,17.234662315127693,17.330791485177272,17.090467250391608,17.10420036315918,71469400
2005-03-16,17.042407330699863,17.14540308532816,16.86388074483518,16.911945343017578,74841400
2005-03-17,16.918810203735983,16.946276434034154,16.84328068973991,16.850147247314453,60573200
2005-03-18,16.84328042546341,17.104203060892324,16.671620417779092,16.692218780517578,135904000
2005-03-21,16.719689265595033,16.7265558248094,16.582360700632286,16.6166934967041,71446200
2005-03-22,16.609824578170954,16.664755734420986,16.451896357997807,16.472496032714844,102113300
2005-03-23,16.472500471524068,16.747156326785138,16.451900791256076,16.602962493896484,79293300
2005-03-24,16.6441569954802,16.802083914870323,16.61669207064207,16.67162322998047,78820900
2005-03-28,16.754020752004593,16.802085356842877,16.602960378275377,16.6166934967041,49802000
2005-03-29,16.575493118927373,16.64415739717306,16.355768476270914,16.4244327545166,74231700
2005-03-30,16.506825889449452,16.609821625400688,16.479359661376144,16.589221954345703,59585700
2005-03-31,16.651013814585983,16.69221183257668,16.561751223995913,16.59608268737793,62382300
2005-04-01,16.644156028118115,16.71968685894185,16.548026832278506,16.56175994873047,64619600
2005-04-04,16.554885378336742,16.657881082554884,16.438156564313136,16.63728141784668,62196400
2005-04-05,16.630414492611592,16.822674096622528,16.561751564436136,16.802074432373047,73549600
2005-04-06,16.802078836959062,17.12480044649385,16.788347033521088,16.939407348632812,78020200
2005-04-07,16.93254106489073,17.25526136996326,16.911941394909253,17.234663009643555,77451500
2005-04-08,17.21405658860326,17.337651940696603,17.104194344445016,17.124794006347656,47956300
2005-04-11,17.18660416941272,17.24153533140237,17.06987528647694,17.145404815673828,47791800
2005-04-12,17.111065522053746,17.40632087413399,17.02866816183955,17.38572120666504,67517800
2005-04-13,17.323932608711,17.474994296798425,17.15913911143024,17.193471908569336,60929300
2005-04-14,17.172871694311997,17.262134344763115,17.049276247793326,17.056142807006836,66754400
2005-04-15,16.8776110752387,17.097335664750577,16.760882223352787,16.79521369934082,100251600
2005-04-18,16.788349126691244,17.056138317215073,16.754016339661323,16.925676345825195,75766400
2005-04-19,16.966876499463474,17.02867421417287,16.788351223260868,16.911945343017578,65956200
2005-04-20,16.932537147346263,16.960003367633597,16.68534640340614,16.699079513549805,91923500
2005-04-21,16.808942736160855,17.433784877136972,16.802076180696538,17.35825538635254,93562300
2005-04-22,17.200330135413644,17.337658648573985,17.014938345207476,17.152265548706055,80087500
2005-04-25,17.214065060245474,17.35826014520489,17.069871284947958,17.159133911132812,75457900
2005-04-26,17.131673168456896,17.337664700438808,16.987478048339785,17.001211166381836,60464300
2005-04-27,16.93254275733536,17.268996209358132,16.911943085294897,17.159133911132812,47732800
2005-04-28,17.04240910012492,17.111073380226866,16.781486407332178,16.788352966308594,83623100
2005-04-29,17.08359949690664,17.37198829650879,17.02180311310626,17.37198829650879,98641200
2005-05-02,17.32392692565918,17.413190859275815,17.131668563399103,17.32392692565918,54376700
2005-05-03,17.255262646126972,17.440655760686255,17.227797727115522,17.413190841674805,67867800
2005-05-04,17.399452198619617,17.44065021887695,17.24152536291529,17.31018829345703,86864200
2005-05-05,17.303328563795237,17.392591187750007,17.220931187353873,17.32392692565918,59362300
2005-05-06,17.39258937462466,17.49558510219297,17.296460203515796,17.317058563232422,64322600
2005-05-09,17.323925524838597,17.3925897813772,17.20033012500146,17.24152946472168,61872400
2005-05-10,17.193466306434726,17.22093122553483,17.04240466756761,17.097335815429688,62235100
2005-05-11,17.090467250391608,17.14539839180018,16.918807269782093,17.10420036315918,59463300
2005-05-12,17.056138068640138,17.24153118691407,17.049271511334226,17.166000366210938,74540700
2005-05-13,17.1865965257844,17.426919434068168,17.159130302173896,17.37198829650879,77204300
2005-05-16,17.378875327722206,17.564856476316663,17.351323294865182,17.557968139648438,50577300
2005-05-17,17.43398339359694,17.56485918282769,17.39265468103526,17.53730583190918,39983200
2005-05-18,17.564857347396156,17.799055550466715,17.509751965133436,17.702621459960938,71182400
2005-05-19,17.737061211394494,17.94370605920477,17.702620841364748,17.85416030883789,52120800
2005-05-20,17.826612952551354,17.854166308887418,17.723290493923795,17.730178833007812,64444500
2005-05-23,17.730177845558348,17.957487767405905,17.730177845558348,17.80594825744629,75421100
2005-05-24,17.771504737718768,17.82661012784285,17.71639934759468,17.737064361572266,61287700
2005-05-25,17.688843293055793,17.750837007096266,17.56485586497485,17.70950698852539,35749000
2005-05-26,17.73706489897422,17.909269412556498,17.72328822257176,17.84038734436035,50579200
2005-05-27,17.792170925048772,17.971263783216838,17.778394248155177,17.957487106323242,54978000
2005-05-31,17.90238691879786,17.9299402805979,17.73707068944741,17.77151107788086,46131100
2005-06-01,17.723291205377468,17.90927242666259,17.640633760683897,17.778396606445312,54621000
2005-06-02,17.70951882106924,17.812842622715966,17.66130174766968,17.764625549316406,27212500
2005-06-03,17.702624716197132,17.778393809610442,17.454649793494184,17.516643524169922,79659500
2005-06-06,17.482204026667734,17.564862782547152,17.43398696649489,17.475317001342773,40756900
2005-06-07,17.447763167350885,17.79217223209434,17.433986489445232,17.57175064086914,54511400
2005-06-08,17.59930176032574,17.64752013046797,17.454650591347797,17.49597930908203,45369700
2005-06-09,17.49598022620436,17.640632716581095,17.46153984525654,17.57175064086914,52767900
2005-06-10,17.557972240015015,17.57863725484566,17.454649793494184,17.516643524169922,39459800
2005-06-13,17.468428358926978,17.557974138576725,17.39954628252607,17.43398666381836,49104100
2005-06-14,17.43398786794226,17.523534967593143,17.385770805276287,17.468429565429688,44243300
2005-06-15,17.495983620669445,17.502871960958707,17.296227007547152,17.39954948425293,50764800
2005-06-16,17.3719949030769,17.3788832428824,17.186014983594326,17.248008728027344,65918800
2005-06-17,17.4064366021044,17.420213281715398,17.165349964177828,17.248008728027344,90821300
2005-06-20,17.206681291614927,17.41332757558465,17.17224090119498,17.296228408813477,50538900
2005-06-21,17.275562988809195,17.351333422569827,17.24801093987047,17.323780059814453,81084000
2005-06-22,17.29621675119046,17.399539166627836,17.241111375369474,17.26866340637207,60492700
2005-06-23,17.337552545146888,17.647521232042802,17.32377586710344,17.43398666381836,105159800
2005-06-24,17.3719949030769,17.495982391942935,17.248008728027344,17.248008728027344,57970700
2005-06-27,17.268676661621722,17.39266418084437,17.241124609470468,17.254899978637695,61636200
2005-06-28,17.282440078781267,17.358210463216043,17.241111375369474,17.26866340637207,53058100
2005-06-29,17.37198976359065,17.44087182745048,17.220450274151908,17.28244400024414,55859900
2005-06-30,17.261786211184873,17.316891622571724,17.096469977024324,17.110246658325195,82018200
2005-07-01,17.117132078852567,17.21356620387407,16.993144595929827,17.02069664001465,69718400
2005-07-05,16.986251127074027,17.35132512612464,16.95869909130916,17.20667266845703,61883500
2005-07-06,17.199785253788562,17.275555655384874,17.006917051639533,17.013805389404297,64214600
2005-07-07,16.931147342631967,17.020693109604697,16.876041952075795,16.9793643951416,80082900
2005-07-08,16.97247536978297,17.303109013546916,16.965587032015378,17.28244400024414,56104000
2005-07-11,17.323776356778534,17.482204217307324,17.296224313729184,17.420211791992188,61525400
2005-07-12,17.385773104249196,17.64752478450015,17.358221056432388,17.640636444091797,63384800
2005-07-13,17.585529739923214,17.73706927630019,17.5510880404172,17.67507553100586,44749200
2005-07-14,17.76462086076372,17.978154121097578,17.76462086076372,17.888607025146484,69506800
2005-07-15,17.936830133638665,17.97815886600733,17.737072185192822,17.764625549316406,56472800
2005-07-18,17.709516923619983,17.764623645962857,17.599306106567383,17.599306106567383,39668000
2005-07-19,17.764617813509883,18.081473480052384,17.737064461384723,18.019479751586914,113290100
2005-07-20,17.909258709952145,18.06768645245526,17.826600014750518,18.04013442993164,71424800
2005-07-21,18.115915418400046,18.23990288602155,17.909270514908375,18.212350845336914,112932100
2005-07-22,17.902389453798435,18.143476148420575,17.654414417750885,17.68885612487793,97558900
2005-07-25,17.695735931396484,17.84038709011237,17.668182578984226,17.695735931396484,45174600
2005-07-26,17.716399089217262,17.7301757650014,17.58552461071633,17.5924129486084,51476400
2005-07-27,17.64063864954748,17.771513192218467,17.58553323320792,17.716407775878906,57977300
2005-07-28,17.737064361572266,17.805946427681402,17.675070633455654,17.737064361572266,44738700
2005-07-29,17.757735603400572,17.909275150934505,17.626859763275096,17.640636444091797,59524400
2005-08-01,17.77838991819337,17.94370605920477,17.743949548163624,17.85416030883789,61346800
2005-08-02,17.84039200365994,18.529210237884776,17.819728297475766,18.46721649169922,137510100
2005-08-03,18.432771587717255,18.894279744086784,18.412106572781475,18.770292282104492,139422400
2005-08-04,18.708304954506993,18.94250328200806,18.632534520957634,18.81851577758789,91461400
2005-08-05,18.797851267920695,19.245582881824205,18.77029790641693,19.12159538269043,82212400
2005-08-08,19.149143624688463,19.176696980716294,18.65319504053447,18.68763542175293,77207200
2005-08-09,18.74963477990519,18.949392729542907,18.604983558843436,18.839181900024414,64761800
2005-08-10,18.88050973730875,18.942503490200192,18.494771852286064,18.56365394592285,62818800
2005-08-11,18.584305529396236,18.804727034171172,18.52231181695131,18.7840633392334,48646800
2005-08-12,18.653185682312508,18.694514381803497,18.529198270023873,18.63252067565918,52006500
2005-08-15,18.639437854611938,18.860513263298785,18.439088759632,18.743066787719727,45976600
2005-08-16,18.673985169651566,18.74997903189266,18.44600094750104,18.473634719848633,46894600
2005-08-17,18.528906362490567,18.75689061884977,18.418368621086945,18.61871910095215,52413100
2005-08-18,18.57726213973735,18.708526171273075,18.51508450994219,18.528902053833008,40861900
2005-08-19,18.5496229482858,18.59107425013002,18.445994034818685,18.459810256958008,36043500
2005-08-22,18.508180881556562,18.7707076811817,18.494363334809506,18.591083526611328,41691700
2005-08-23,18.54271401328182,18.701611767031004,18.47362763234775,18.563440322875977,48296700
2005-08-24,18.542719953318652,18.763795388957234,18.501268638564806,18.52199363708496,63645000
2005-08-25,18.584158518464044,18.715422462463774,18.549615999485887,18.67397117614746,39306300
2005-08-26,18.694698271009578,18.708515807245842,18.563435629903427,18.63252067565918,36774600
2005-08-29,18.521990678936216,18.812152471298475,18.521990678936216,18.75688362121582,52307700
2005-08-30,18.69470874002631,18.812155228378888,18.625622337869466,18.777612686157227,55163200
2005-08-31,18.7707007867034,18.957233646133783,18.680889401262828,18.915781021118164,65210200
2005-09-01,18.91578153760708,18.922690308631662,18.756883757181797,18.791427612304688,75974500
2005-09-02,18.798331150433835,18.83978376794785,18.63252463351697,18.667068481445312,52047500
2005-09-06,18.69470486090547,18.853603948208967,18.639436014190895,18.65325355529785,46089000
2005-09-07,18.611801102816504,18.729247559561987,18.528897178996623,18.549623489379883,44656100
2005-09-08,18.515086120012196,18.570354982668125,18.321645759573272,18.38382339477539,52552300
2005-09-09,18.390729415884273,18.528900892995438,18.32855178998455,18.363094329833984,41515800
2005-09-12,18.390732167321584,18.480543574994854,18.321645759573272,18.38382339477539,40550500
2005-09-13,18.335460884811265,18.487449907627635,18.218014402453424,18.294008255004883,63422900
2005-09-14,18.321639076011998,18.404541680896983,18.169648770867614,18.176557540893555,54969600
2005-09-15,18.21800834220155,18.259459640505632,18.11437811987182,18.148921966552734,60357200
2005-09-16,18.197282642063453,18.238733941752194,17.941663438937926,18.01074981689453,187384300
2005-09-19,18.02457616783963,18.148931445413417,17.865678343256988,17.962398529052734,61832300
2005-09-20,18.010761712936485,18.114390689461427,17.748234884559043,17.851863861083984,61043400
2005-09-21,17.824216784651654,17.893303161805644,17.568598902208837,17.610050201416016,68281800
2005-09-22,17.610060547346446,17.6860557386344,17.37516751765078,17.506431579589844,71314900
2005-09-23,17.485700709586606,17.64459982436634,17.354437999512818,17.458066940307617,66396800
2005-09-26,17.547878337606182,17.610055965625754,17.416614309818918,17.458066940307617,56203700
2005-09-27,17.52715790022669,17.5824267708778,17.47879648540738,17.506431579589844,48797900
2005-09-28,17.540965810533603,17.872580194880896,17.534057040264578,17.734407424926758,71019400
2005-09-29,17.692954366405512,17.962389791611503,17.6169592186959,17.92093849182129,66807100
2005-09-30,17.900216990594544,17.927852076352114,17.692959118266423,17.775861740112305,57644500
2005-10-03,17.762042667453095,17.775860209141825,17.575511125508438,17.616962432861328,55341300
2005-10-04,17.52023938848078,17.540964379884326,17.098813660434214,17.25771141052246,151666300
2005-10-05,17.29916591272681,17.306073365471526,17.043546676635742,17.043546676635742,73684700
2005-10-06,17.03663900585872,17.23698940893167,16.94682761953474,17.084999084472656,81724600
2005-10-07,17.11263074391453,17.160990812851797,16.939915459016838,16.9882755279541,50768700
2005-10-10,17.043547662814643,17.050456433672345,16.82247226622137,16.898466110229492,48880900
2005-10-11,16.933014249533034,16.960648022243458,16.75339011491756,16.863927841186523,76567300
2005-10-12,16.919185865513974,17.064267361870574,16.76719691869006,16.787921905517578,71294400
2005-10-13,16.79483393449199,17.084995665828636,16.767200174119143,16.9882755279541,70192000
2005-10-14,17.071180440754294,17.084997981670185,16.926100214277128,17.043546676635742,53846700
2005-10-17,17.050459696783122,17.057368468963023,16.884653117606167,16.94683074951172,46924400
2005-10-18,16.91919555711692,17.154088538939988,16.891561786280207,16.974464416503906,69328200
2005-10-19,16.96755276198838,17.333709716796875,16.926101453918108,17.333709716796875,66574500
2005-10-20,17.306081972087338,17.361350845523845,17.091915252235104,17.1264591217041,58830600
2005-10-21,17.209358297311635,17.271535932084227,16.9744653032182,17.11954689025879,69431200
2005-10-24,17.195538473083214,17.340620040893555,17.050458222986315,17.340620040893555,51868000
2005-10-25,17.23699416623417,17.36134812368521,17.154090210219795,17.29226303100586,41310500
2005-10-26,17.250808871889454,17.49951940027209,17.22317510079892,17.347530364990234,58178100
2005-10-27,17.423517976668943,17.45806182528856,17.16790008544922,17.16790008544922,61566100
2005-10-28,17.340611517586524,17.686042020655126,17.340611517586524,17.63768196105957,106559300
2005-10-31,17.692955064176896,17.824217738308135,17.6169599134702,17.7551326751709,75122100
2005-11-01,17.6929587334619,18.031480620349136,17.6929587334619,17.93475914001465,71370400
2005-11-02,17.914033865518967,18.307824598887308,17.914033865518967,18.280189514160156,75067100
2005-11-03,18.376910380461545,18.404544146554255,18.135108668012055,18.266372680664062,73421600
2005-11-04,18.328557869187716,18.452911844519374,18.273288996469024,18.41836929321289,57464000
2005-11-07,18.45981346980334,18.708523959581825,18.445997245259367,18.66016387939453,77104800
2005-11-08,18.611798001026774,18.777604503320525,18.49435156385458,18.68779182434082,60091700
2005-11-09,18.639441247989733,18.756887744950355,18.61180747572974,18.62562370300293,59562100
2005-11-10,18.6117965999148,18.756876784357722,18.404537499365542,18.715425491333008,73314800
2005-11-11,18.75688984094681,18.92269644617576,18.743072294415953,18.846702575683594,51945600
2005-11-14,18.901969553841486,18.95723841672409,18.791431828076277,18.908878326416016,67152200
2005-11-15,18.936587753145037,19.082094603528226,18.881156886707654,19.054378509521484,65081000
2005-11-16,19.04052194706046,19.317676300856405,19.012807172468964,19.220672607421875,86277000
2005-11-17,19.296885960120683,19.400818652874474,19.23452608015323,19.38003158569336,91351000
2005-11-18,19.48398214700652,19.574056871469843,19.331546168038884,19.449337005615234,75431200
2005-11-21,19.449328327319577,19.567119112337647,19.289964712758785,19.511688232421875,65794400
2005-11-22,19.442397461745383,19.45625551080665,19.303820935861605,19.338464736938477,104253300
2005-11-23,19.34539031982422,19.46318107273681,19.2206705436137,19.34539031982422,70541300
2005-11-25,19.262246178255843,19.35925119703432,19.033593662296145,19.23453140258789,44082500
2005-11-28,19.255314281514977,19.296887096750044,19.075163653395048,19.227598190307617,57517200
2005-11-29,19.255314150650097,19.255314150650097,19.123665361461804,19.179096221923828,62220400
2005-11-30,19.179096221923828,19.241456105140603,19.14445110815009,19.179096221923828,55904700
2005-12-01,19.21374609312171,19.470114729855524,19.21374609312171,19.324607849121094,61006100
2005-12-02,19.27610227792717,19.470110974292208,19.255316528671855,19.407751083374023,42319600
2005-12-05,19.352323041538405,19.414682941561242,19.199887143004215,19.296892166137695,47517300
2005-12-06,19.33153305728517,19.34539110444308,19.179098503276514,19.18602752685547,65980000
2005-12-07,19.17216732946887,19.227598190307617,19.08902037742276,19.227598190307617,55583200
2005-12-08,19.19988425243726,19.269173166650692,19.12366763622099,19.18602752685547,63931600
2005-12-09,19.19988441467285,19.28303137674677,19.151382570786453,19.19988441467285,48467000
2005-12-12,19.192958889508645,19.227602690049395,18.936590272147757,19.019737243652344,63757200
2005-12-13,18.90886908937513,19.005872755283715,18.707931413906405,18.798006057739258,104285500
2005-12-14,18.70793050069415,18.874223057666786,18.603997817783224,18.77029037475586,65076200
2005-12-15,18.76336186023315,18.78414892600756,18.576282232990852,18.65250015258789,79018100
2005-12-16,18.624790937852868,18.763368784335665,18.576289088056775,18.638648986816406,88542500
2005-12-19,18.583219900632766,18.617865026375195,18.46542911626134,18.59014892578125,68680100
2005-12-20,18.54165008470962,18.624795756851462,18.47929016981492,18.610939025878906,62960600
2005-12-21,18.61786378870215,18.645578565877262,18.507000715272717,18.520858764648438,75800900
2005-12-22,18.507000479925185,18.555503652123406,18.306064052837804,18.42385482788086,91276900
2005-12-23,18.375359946912226,18.479292712176807,18.319929050665998,18.458505630493164,30689200
2005-12-27,18.486212352454704,18.604003112363117,18.326848771865713,18.333776473999023,37819000
2005-12-28,18.36841763594521,18.472350326047366,18.257555923626125,18.28527069091797,35444400
2005-12-29,18.299131137282906,18.36149102384469,18.195198433538614,18.20212745666504,34495500
2005-12-30,18.11898422241211,18.22984597205413,18.084340421240093,18.11898422241211,49044600
2006-01-03,18.18827508245161,18.707940084807372,18.08434234629575,18.597078323364258,79973000
2006-01-04,18.548566856596334,18.76336124289504,18.548566856596334,18.687143325805664,57975600
2006-01-05,18.68022458118817,18.798015371686343,18.645580775220203,18.701011657714844,48245500
2006-01-06,18.63171842922755,18.70793637067914,18.354564080643836,18.64557647705078,100963000
2006-01-09,18.65944088822442,18.756444612915445,18.54165008470962,18.610939025878906,55625000
2006-01-10,18.465428561345714,18.721797197829734,18.423855733280543,18.70793914794922,64921900
2006-01-11,18.714869578249196,18.97816593786887,18.638651619759287,18.908878326416016,70120700
2006-01-12,18.88115912333926,18.888088147661744,18.68715040703841,18.804941177368164,45994800
2006-01-13,18.728713135419923,18.88114761285748,18.714855095223204,18.839574813842773,41418000
2006-01-17,18.63865174971131,18.839589524739687,18.63865174971131,18.701011657714844,58566600
2006-01-18,18.527789021021295,18.694081659855705,18.50007424200377,18.59014892578125,52376200
2006-01-19,18.617865208026725,18.874232533139953,18.60400715759454,18.721797943115234,60367600
2006-01-20,18.71486158512412,18.71486158512412,18.195196791717926,18.299129486083984,79165900
2006-01-23,18.29913164095862,18.382278599188258,18.222913706046125,18.257558822631836,47925600
2006-01-24,18.250629672285474,18.32684760666747,18.167482714634563,18.209056854248047,63040700
2006-01-25,18.29913865121574,18.410000423608153,18.174418826880125,18.29220962524414,59072100
2006-01-26,18.403064976730505,18.513926710442803,18.22984335260803,18.361492156982422,69509300
2006-01-27,18.867300271896607,19.366179429278418,18.839585497362176,19.25531768798828,134520700
2006-01-30,19.276101906358754,19.525541465223277,19.248387134027194,19.400821685791016,103999200
2006-01-31,19.338462416092383,19.66411860049175,19.31074764287225,19.5047550201416,94841300
2006-02-01,19.373108985944953,19.449326935967875,19.234532456857117,19.42854118347168,68448800
2006-02-02,19.380032595507682,19.39389064101718,19.089020247688065,19.179096221923828,55073400
2006-02-03,19.040520052390267,19.192955922991715,18.943516368608307,19.082094192504883,75022700
2006-02-06,19.0613089935726,19.082096065670438,18.77029659208385,18.825727462768555,60170500
2006-02-07,18.67329560218419,18.81187213817011,18.576290573260017,18.666366577148438,72159500
2006-02-08,18.714865394590753,18.763367240395883,18.506998641970835,18.64557647705078,51795200
2006-02-09,18.68022610690016,18.728729289423903,18.465431584887092,18.472360610961914,52861700
2006-02-10,18.444639330455765,18.63171768226451,18.368421392059822,18.493141174316406,52127000
2006-02-13,18.451563259396593,18.500066414915068,18.250626901409202,18.28527069091797,46707000
2006-02-14,18.299130994971552,18.486210653201987,18.257558178112347,18.465423583984375,58432900
2006-02-15,18.4932357551515,18.722663059691293,18.423712048249108,18.68790054321289,62808900
2006-02-16,18.667044556322807,18.701805747113532,18.472378440153218,18.63923454284668,48868500
2006-02-17,18.541901889597405,18.639234283299654,18.465425679657404,18.562759399414062,41513200
2006-02-21,18.576665833785214,18.576665833785214,18.312477300548544,18.45152473449707,50216100
2006-02-22,18.444564699244378,18.67399194334565,18.40284969045937,18.576658248901367,43043100
2006-02-23,18.583618367839804,18.694855784754868,18.451524764037295,18.53495216369629,47359100
2006-02-24,18.48628851869397,18.590573445731657,18.43762230781337,18.514097213745117,44753800
2006-02-27,18.597525276777095,18.952095076694555,18.541906562636402,18.806095123291016,51301500
2006-02-28,18.736566954456908,18.979897925094416,18.68094825744629,18.68094825744629,65036100
2006-03-01,18.75742447851662,18.910376900775194,18.736568294430032,18.868661880493164,53061200
2006-03-02,18.78523363041955,18.840852328856773,18.70180491973653,18.750471115112305,41850300
2006-03-03,18.639231364549293,18.882563636755492,18.590565175318893,18.722660064697266,45218800
2006-03-06,18.715715627738174,18.8756192687042,18.653144407176725,18.708763122558594,53054100
2006-03-07,18.701804293859958,18.840851698326823,18.6392330944553,18.81304168701172,51613900
2006-03-08,18.764379702687613,19.118949470170048,18.750474693910743,18.945140838623047,57547400
2006-03-09,18.959045423233572,19.063330334617707,18.771331787109375,18.771331787109375,45360700
2006-03-10,18.813036830427187,18.924274194863028,18.687894463923367,18.88951301574707,41297200
2006-03-13,18.89646739451597,18.972943587435264,18.72961133128178,18.847801208496094,40342600
2006-03-14,18.79914265882256,19.035521183215725,18.7643801360775,18.931236267089844,39821800
2006-03-15,18.910374777869517,19.084183364702678,18.778279880581117,19.0216121673584,57152000
2006-03-16,19.007709701453678,19.10504209874579,18.92428098516439,18.959043502807617,73793700
2006-03-17,19.014659283293902,19.2301815553481,18.959040589665264,19.11894416809082,120615000
2006-03-20,19.2579916511631,19.459608919196654,19.2371341436889,19.390085220336914,67094100
2006-03-21,19.285804748535156,19.619516988165177,19.244091050095047,19.285804748535156,73199600
2006-03-22,18.826944164350902,19.118942613674644,18.632278089450356,18.8756103515625,145696100
2006-03-23,18.826953048842974,18.840858059195,18.53495446172428,18.667049407958984,73682900
2006-03-24,18.569711040315994,18.917328256280467,18.507141161412477,18.778282165527344,69157600
2006-03-27,18.778282165527344,18.979899461238425,18.77132966208152,18.778282165527344,59908600
2006-03-28,18.778277492868618,18.917323549022466,18.639230110660655,18.701801300048828,58520500
2006-03-29,18.736568253791564,18.910376859759744,18.715710743695787,18.785234451293945,53150300
2006-03-30,18.79219015427355,19.04247368776474,18.77133264062651,18.931236267089844,54612000
2006-03-31,18.979902911890395,19.146760372816868,18.91733169555664,18.91733169555664,62190500
2006-04-03,19.237134083803497,19.27884777256778,19.077230505161864,19.16065788269043,57605300
2006-04-04,19.18847319935357,19.32751930904067,19.098091968305063,19.21628189086914,45470000
2006-04-05,19.38313715358027,19.424852178074946,19.216281033765263,19.285804748535156,41539300
2006-04-06,19.23018158133374,19.271895270098025,19.028564313927824,19.16065788269043,51885500
2006-04-07,19.19542569238821,19.271900588551745,18.931235829846177,18.945140838623047,47249400
2006-04-10,18.93122734466144,19.077227219270572,18.910371166898727,18.972942352294922,39432000
2006-04-11,18.972946405443537,18.99380258766171,18.77132780363912,18.86170768737793,42953400
2006-04-12,18.840848091471557,18.910371780395508,18.750466898054196,18.910371780395508,32183000
2006-04-13,18.826954107739898,18.910382848489625,18.771335389258365,18.82000160217285,28160000
2006-04-17,18.79219206998029,18.806095754441024,18.583620890411783,18.660097122192383,35796200
2006-04-18,18.729624819105016,19.11895591368834,18.64619606438105,18.92428970336914,56272700
2006-04-19,18.847807350277925,18.90342605614667,18.7435211164763,18.79218864440918,45111100
2006-04-20,18.806092326335456,18.90342605614667,18.56276131694379,18.79218864440918,45648300
2006-04-21,18.80608665866558,19.04246641888262,18.771325475244197,18.8756103515625,58528000
2006-04-24,18.81999120159667,18.945133580535842,18.75742001212709,18.847801208496094,42318400
2006-04-25,18.833896205046383,18.91732357363642,18.78523001902651,18.847801208496094,49222500
2006-04-26,18.826955354766177,18.93124029306964,18.77133663260067,18.84086036682129,39190000
2006-04-27,18.750474693910743,19.209329375110453,18.729618506800062,18.945140838623047,96509600
2006-04-28,16.845528058000912,17.033241651598086,16.685624475034857,16.78990936279297,591052200
2006-05-01,16.90810518214905,17.38086492014578,16.74820154313685,16.887248992919922,174800900
2006-05-02,17.026293431951725,17.38086320036574,16.616104954338724,16.692581176757812,190533500
2006-05-03,16.678677504141692,16.69953501903278,16.094680347738628,16.108585357666016,211527100
2006-05-04,16.233720162119607,16.45619491213557,16.087720278637818,16.29629135131836,171257400
2006-05-05,16.449246962408854,16.650865589188168,16.351914563855797,16.546579360961914,131604300
2006-05-08,16.581334410995872,17.38085340229046,16.34495469864041,16.497905731201172,80693500
2006-05-09,16.511820029630925,16.68562866152178,16.331058893337886,16.42144012451172,75345900
2006-05-10,16.45620259500747,16.539631328240702,16.40058388153689,16.525726318359375,76563300
2006-05-11,16.483999892656108,16.53961989372905,16.094669167522216,16.143335342407227,92916700
2006-05-12,16.08772784277493,16.247632804830456,16.025156624156406,16.108585357666016,83115900
2006-05-15,16.122533922297837,16.213266209947975,16.073677972699706,16.15743064880371,67314800
2006-05-16,16.16441635797394,16.750690636758513,15.989929997174373,16.059724807739258,82095100
2006-05-17,15.975971900166012,16.108581916507635,15.86430072784424,15.864300727844238,98598300
2006-05-18,15.941074997293338,16.150458110479136,15.885239411695434,15.93409538269043,95476400
2006-05-19,15.906176843257722,15.982949934622606,15.71773125938662,15.745648384094238,100071200
2006-05-22,15.689808681374586,16.066699750098703,15.668871176150956,15.968986511230469,87322300
2006-05-23,16.12952275402198,16.317967048589484,15.892221150703072,15.906180381774902,79986300
2006-05-24,16.045771396863664,16.4296423285324,16.03879178015415,16.401723861694336,107356700
2006-05-25,16.450576421725845,16.69485763078608,16.42963890718315,16.56922721862793,83052700
2006-05-26,16.590163497516524,16.66693659100367,16.443594262267816,16.555265426635742,46861600
2006-05-30,16.436608454525036,16.583177634544224,16.15045103725758,16.15743064880371,52497500
2006-05-31,16.23421609418414,16.297031309628856,15.80846881866455,15.80846881866455,120202000
2006-06-01,15.871282706912709,15.941077532817719,15.787529980807161,15.927118301391602,80230800
2006-06-02,15.962012114890484,16.045764818617222,15.822422500378956,15.885237693786621,73935600
2006-06-05,15.85732295283346,15.864302568316473,15.696795790400778,15.703775405883789,63914100
2006-06-06,15.738666064852476,15.745645677635993,15.340837454767094,15.445528984069824,126601300
2006-06-07,15.45948542855435,15.626992111550123,15.361773529613012,15.382712364196777,73827500
2006-06-08,15.37574208759759,15.501371177697834,15.333864393005253,15.431577682495117,104126900
2006-06-09,15.459495491078867,15.487413955362571,15.278029466911732,15.298968315124512,52573800
2006-06-12,15.326883542159116,15.424596823774985,15.145418871784248,15.152397155761719,74309700
2006-06-13,15.166356340065441,15.375740801841125,14.977910723834967,15.012808799743652,113175300
2006-06-14,15.068647845082499,15.312929107552971,15.040729377954086,15.271051406860352,86081500
2006-06-15,15.361771091494113,15.44552375408694,15.215201935119813,15.403647422790527,121577300
2006-06-16,15.333868808691909,15.550232966048497,15.208239682414307,15.424602508544922,147506500
2006-06-19,15.452512803226194,15.77356842253839,15.438554905084658,15.738670349121094,129640900
2006-06-20,15.731690487353053,15.885238001308071,15.703772031420186,15.745648384094238,90598500
2006-06-21,15.780553253806035,16.157443252723823,15.724717649106147,16.10858726501465,91660300
2006-06-22,16.094616867471842,16.171391269891547,15.899193052185174,15.968986511230469,76590600
2006-06-23,15.948056622887089,15.962015853853115,15.70377540588379,15.703775405883789,60532600
2006-06-26,15.808467496720759,15.975974280157434,15.79450826529464,15.927118301391602,53644100
2006-06-27,15.975969858751881,16.16441543717476,15.94107312106996,15.955032348632812,84759100
2006-06-28,16.024833310499805,16.22723821104533,15.98993655651477,16.1644229888916,71906500
2006-06-29,16.27608581972602,16.49244851174043,16.206291016462455,16.38077735900879,121395500
2006-06-30,16.429640767312762,16.506413881370563,16.26213264465332,16.26213264465332,73048800
2006-07-03,16.422650990370112,16.55525961952592,16.366815427771662,16.541301727294922,25711400
2006-07-05,16.387757998608397,16.41567645415205,16.262127611112426,16.297025680541992,53093500
2006-07-06,16.366824554068284,16.4784957415341,16.345885707208858,16.38776206970215,44775200
2006-07-07,16.3249478578442,16.436619052133402,16.26213264465332,16.26213264465332,63168800
2006-07-10,16.352867875953496,16.513395066595045,16.31796979240592,16.401723861694336,50565100
2006-07-11,16.310988963050452,16.310988963050452,15.87128249750825,16.122543334960938,88676300
2006-07-12,15.906178907428997,15.968992778978908,15.787528116767302,15.801486015319824,77379300
2006-07-13,15.613037879459844,15.780544601719672,15.529283852717384,15.536263465881348,73099500
2006-07-14,15.550223679239696,15.738667921727574,15.515325611204771,15.55720329284668,67499400
2006-07-17,15.557206826264416,15.78054918751367,15.536267980687745,15.689815521240234,37053500
2006-07-18,15.766588162972658,15.885238945287659,15.689813735820207,15.8712797164917,65047300
2006-07-19,15.927116101608547,16.37380079574556,15.85732128534329,16.331924438476562,82188200
2006-07-20,16.359842248953083,16.366821863425468,15.899198343578304,15.948054313659668,76605200
2006-07-21,16.806529634307786,16.855385612263895,16.052748455722863,16.659961700439453,175483800
2006-07-24,16.757671982453907,16.827466800230468,16.60412444832582,16.75069236755371,59586700
2006-07-25,16.75069401268127,16.953098870989436,16.680899188049988,16.90424156188965,60075800
2006-07-26,16.834443854015696,17.120601365262015,16.82048462633899,17.008930206298828,54942100
2006-07-27,17.1555024268235,17.169461658018264,16.5901668756912,16.659961700439453,85386800
2006-07-28,16.806522056579045,16.946111643137368,16.79256283167822,16.925172805786133,51705800
2006-07-31,16.799553545895808,17.043834818190508,16.75767717474484,16.792573928833008,40254400
2006-08-01,16.764650314656137,16.890280710796617,16.64599953288183,16.743711471557617,49168700
2006-08-02,16.834450091155166,17.02987402613242,16.771634874562274,16.960079193115234,46462000
2006-08-03,16.883306578551572,17.08571013599109,16.85538811202157,16.89726448059082,43155300
2006-08-04,17.02987140351175,17.092686610431024,16.855385013452764,16.95309829711914,45690400
2006-08-07,16.94611925540375,17.08570757344076,16.883304046358152,16.90424156188965,36862400
2006-08-08,17.022888070909076,17.113621719412713,16.8902794019041,16.987991333007812,58171300
2006-08-09,17.09268750357063,17.19737907683134,16.98799593030992,17.057790756225586,44405700
2006-08-10,17.008923452276544,17.169450513139765,16.987984619076027,17.07173728942871,31753400
2006-08-11,17.05080795288086,17.064767181699448,16.890280815143115,17.05080795288086,30255500
2006-08-14,17.11362394666771,17.169459533311592,16.99497315864628,17.120603561401367,47831900
2006-08-15,17.1976649584446,17.26771681627264,17.12060911734901,17.246702194213867,48994500
2006-08-16,17.23969357069683,17.323754715077058,17.14162045408283,17.3027400970459,52373600
2006-08-17,17.3027400970459,17.337765351183027,17.23969357069683,17.3027400970459,45674800
2006-08-18,17.54791667641519,18.073303419255495,17.498880794197174,18.066299438476562,128414800
2006-08-21,17.97523593370241,18.304477889916885,17.905184084089484,18.297473907470703,88398300
2006-08-22,18.220410969120326,18.388534553272088,17.94721031188965,17.94721031188965,89312400
2006-08-23,17.968230040180032,18.178385582294236,17.87716357388671,17.982240676879883,44648500
2006-08-24,18.087314087414537,18.1153353550938,17.863149290490753,18.031272888183594,35933300
2006-08-25,18.010254776617206,18.213404934535887,17.996245480585944,18.108327865600586,33115900
2006-08-28,18.101325719296106,18.21340812393782,17.99624863196046,18.178382873535156,34190900
2006-08-29,18.157357625656015,18.199388171846508,17.95420753616919,18.101316452026367,42711200
2006-08-30,18.108335539943194,18.13635548000804,17.961226512186787,18.07330894470215,30283100
2006-08-31,18.122337818701997,18.199393620432584,17.989239490436617,18.003250122070312,26380500
2006-09-01,18.136341684497282,18.19238285812693,17.961212849888767,18.101316452026367,31594600
2006-09-05,17.996241987293097,18.185380140211617,17.905174232066436,17.940200805664062,44222400
2006-09-06,17.870148994595976,18.017256595324508,17.870148994595976,17.940200805664062,50160400
2006-09-07,17.849136954726546,18.00325124001246,17.786090444587302,17.814111709594727,51266900
2006-09-08,17.88416495465631,18.06629918327008,17.83512773700342,17.93320083618164,36866800
2006-09-11,17.814112921227576,18.178381374335174,17.80710760449925,18.150360107421875,55608200
2006-09-12,18.143363159993683,18.19940438354383,18.017270072973815,18.164379119873047,52248800
2006-09-13,18.087311841529495,18.283456682546472,18.087311841529495,18.19939422607422,37706700
2006-09-14,18.20640837606757,18.563671651199613,18.199403056618543,18.444583892822266,74324500
2006-09-15,18.61971163784884,18.871897776804293,18.556665103109978,18.80885124206543,126057700
2006-09-18,18.731786697057686,18.941942175518673,18.68275081958836,18.766813278198242,49135000
2006-09-19,18.731786844925747,18.871890498339045,18.717776212358928,18.81584930419922,43039100
2006-09-20,18.920928456658974,19.075041423457225,18.906917822551602,19.040016174316406,71676400
2006-09-21,19.082049446754386,19.089054764801574,18.808848723552984,18.843873977661133,58495100
2006-09-22,18.79484038889951,18.8088510267095,18.549659571736512,18.675752639770508,47712500
2006-09-25,18.78082361674827,19.047020303678988,18.766814319642066,18.878896713256836,67903900
2006-09-26,18.85088302425245,19.138094440356205,18.829867065954105,19.054033279418945,54766500
2006-09-27,19.040024120977154,19.243173055811077,18.99799353724051,19.222158432006836,66233900
2006-09-28,19.243167741368012,19.278194331581957,19.09606007085284,19.19413185119629,44179700
2006-09-29,19.15909767150879,19.208133538836297,19.0610246007266,19.15909767150879,34283500
2006-10-02,19.138085912489426,19.257173617525517,19.01899820745334,19.166107177734375,52908100
2006-10-03,19.173118591308594,19.250174422981868,19.061034830812403,19.173118591308594,39386200
2006-10-04,19.18712050687348,19.586414157007944,19.17311121131573,19.572404861450195,82191200
2006-10-05,19.558395385742188,19.69149372236276,19.460323630404638,19.558395385742188,81967200
2006-10-06,19.446324996648684,19.61444868216038,19.369267806407716,19.52338218688965,36452200
2006-10-09,19.474336109701035,19.56540389979368,19.348244404855933,19.41829490661621,33366300
2006-10-10,19.397274017333984,19.43930457202273,19.222145147315764,19.397274017333984,34598500
2006-10-11,19.236159460140225,19.383268444122173,19.208139528413128,19.29220199584961,37219600
2006-10-12,19.320211970462072,19.817578529532835,19.29219205317568,19.76854133605957,120174900
2006-10-13,19.85261647750775,20.097797257426176,19.831600523985223,19.873632431030273,129751900
2006-10-16,19.950690675852897,20.034753164015434,19.845613567745666,19.929676055908203,49744800
2006-10-17,19.78256666544023,19.971706258170393,19.73353077164972,19.922670364379883,40122600
2006-10-18,19.96469382039116,20.104797469371192,19.79657024329158,19.97870445251465,40630800
2006-10-19,19.8596174605469,19.929669287537195,19.698499193758447,19.81758689880371,44730800
2006-10-20,19.95068801816355,19.957693335921224,19.73352851218667,19.91566276550293,48887800
2006-10-23,19.824597611673052,20.097799696105355,19.740536459638438,19.929676055908203,48525000
2006-10-24,19.915664030103056,19.915664030103056,19.7055084924117,19.81058692932129,61409600
2006-10-25,19.810577950858946,19.936669612973663,19.712504876600093,19.831592559814453,40717100
2006-10-26,19.845606600813152,19.901647794538565,19.642457774606314,19.859617233276367,69964200
2006-10-27,19.957700115644634,20.167855711382416,19.789576440731327,19.852622985839844,89060100
2006-10-30,19.859617124817547,20.202869601527055,19.838601176237496,19.98571014404297,47296800
2006-10-31,20.076779711859178,20.209878068025247,20.006727875133475,20.111804962158203,61861700
2006-11-01,20.16083391888687,20.307941513194052,20.10479273970407,20.181848526000977,75895900
2006-11-02,20.111811009674597,20.21688946442352,20.020744529837327,20.15384292602539,58674400
2006-11-03,20.209882650268206,20.26592386512962,20.041759005683968,20.12582015991211,41124500
2006-11-06,20.153841149385904,20.349984730553224,20.146835830611654,20.202877044677734,60446200
2006-11-07,20.216868383300557,20.363975928747887,20.174836510778466,20.27991485595703,56511200
2006-11-08,20.160848621959833,20.47607998370999,20.076786123816277,20.30095100402832,77403300
2006-11-09,20.392010401442647,20.595159239202733,20.314953254640102,20.497087478637695,89407500
2006-11-10,20.434045925441016,20.518108409279662,20.420035288779935,20.483081817626953,37855100
2006-11-13,20.448046798135916,20.637184958235434,20.42703085317943,20.560129165649414,47271800
2006-11-14,20.581224064762154,20.679631125544724,20.433612132892645,20.546077728271484,63012500
2006-11-15,20.475783647705086,20.637454092471287,20.461726455691238,20.4687557220459,63943200
2006-11-16,20.48280332305028,20.834258432042606,20.475774059987053,20.714763641357422,64328500
2006-11-17,20.60230915199993,20.763979607683954,20.581222692207426,20.665571212768555,49356700
2006-11-20,20.749920255238806,21.087317005560855,20.735861722134842,21.00999641418457,85703800
2006-11-21,21.024054794168162,21.08731685197974,20.93970627754972,21.031084060668945,66446600
2006-11-22,21.06622905247738,21.08731685197974,20.96079273635658,21.031084060668945,43907200
2006-11-24,20.848335433051766,20.974859598920357,20.83427689446725,20.91862678527832,20456700
2006-11-27,20.8694136638178,20.904558653454792,20.6163654482061,20.7218017578125,72722100
2006-11-28,20.623395734332693,20.679628524950484,20.47578382102632,20.658540725708008,52602300
2006-11-29,20.693688814862345,20.932678530454236,20.686659547851338,20.785066604614258,58775100
2006-11-30,20.67962542333901,20.78506172234668,20.616363375795352,20.637451171875,53297400
2006-12-01,20.546074970556198,20.595278494343336,20.314114543634354,20.4687557220459,72257000
2006-12-04,20.546066509440408,20.749911127693437,20.503892269375783,20.616357803344727,55123400
2006-12-05,20.63745667409668,20.665572402336956,20.405496218157936,20.475786209106445,45606000
2006-12-06,20.454700974608187,20.475787436878875,20.293031840619562,20.37738037109375,48564100
2006-12-07,20.35629188596007,20.433612486883383,20.25085555605279,20.278972625732422,46831100
2006-12-08,20.257883121534935,20.665571212768555,20.243824587876226,20.665571212768555,108854900
2006-12-11,20.517961874330567,20.9115914557499,20.461729076984945,20.763980865478516,107712000
2006-12-12,20.77803281441547,20.827236332085775,20.539043150849444,20.686655044555664,68529400
2006-12-13,20.80615769314744,20.80615769314744,20.609342207827954,20.771011352539062,46002500
2006-12-14,20.763974898449888,21.14354583628005,20.74991636797963,21.136516571044922,85866500
2006-12-15,21.185736063092083,21.248998157218733,21.108416768589944,21.220882415771484,102783700
2006-12-18,21.220870388657485,21.270073913825847,20.932677163503794,21.00999641418457,56986800
2006-12-19,20.883474379706936,21.20681396985725,20.756951591243567,21.080289840698242,53822100
2006-12-20,21.080295730437793,21.25602343876825,21.066237192004312,21.15058708190918,31202100
2006-12-21,21.17869567493523,21.185724941781142,21.009997292720062,21.073259353637695,32270500
2006-12-22,20.967820032169413,20.988907829689808,20.820209471612767,20.834266662597656,37971700
2006-12-26,20.756951591243567,21.087319107951036,20.665572457652885,21.080289840698242,37098300
2006-12-27,21.080291591021922,21.17869865934062,21.024058789026128,21.10137939453125,31248400
2006-12-28,20.988910832877895,21.10840568786725,20.95376449864834,21.073259353637695,26690600
2006-12-29,20.98891258239746,21.192755975137878,20.967824780101967,20.98891258239746,41739800
2007-01-03,21.024057578860944,21.263047308760516,20.665572984011582,20.98891258239746,76935100
2007-01-04,20.876448510480152,21.066233382225928,20.69369156598412,20.953767776489258,45774500
2007-01-05,20.827237396757525,20.911587246143732,20.700714633721272,20.834266662597656,44607200
2007-01-08,20.841299096375405,21.157609403784548,20.756950574863353,21.038114547729492,50220200
2007-01-09,21.087323083222795,21.213847236233473,20.897536853706775,21.059206008911133,44636600
2007-01-10,20.946736604970102,21.009998670034893,20.686660418099873,20.848329544067383,55017400
2007-01-11,20.918620771356796,21.614502142878177,20.841300172066983,21.579357147216797,99464300
2007-01-12,21.54420994160935,22.06436363244574,21.537180674621553,21.93783950805664,103972500
2007-01-16,21.972982204995596,22.106535574260462,21.81131311313018,21.902690887451172,62379600
2007-01-17,21.972986912415507,22.099511042962504,21.797259251254822,21.86052131652832,58519600
2007-01-18,21.895658458706983,22.050299603105223,21.649639553187658,21.79022216796875,56364300
2007-01-19,21.600437456733008,21.867544174194336,21.572321736350126,21.867544174194336,75826900
2007-01-22,21.832402102246217,21.874577702082036,21.445801821953193,21.593412399291992,56143900
2007-01-23,21.530152772341914,21.762113234859754,21.452833511966418,21.607473373413086,49171200
2007-01-24,21.63559080551568,22.00110333330202,21.54421166804732,21.853492736816406,58527800
2007-01-25,21.846454624449965,22.127618509181946,21.403621673583984,21.403621673583984,97378700
2007-01-26,21.94486752352768,21.951896790114596,21.509063720703125,21.509063720703125,96103700
2007-01-29,21.54421027915497,21.635589410732386,21.326308361901745,21.459861755371094,57605900
2007-01-30,21.4879866690874,21.537190219111565,21.185734758143315,21.424724578857422,61900400
2007-01-31,21.375506099723967,21.860514672514753,21.333331849258105,21.691816329956055,73968400
2007-02-01,21.677768719024776,21.748060065671645,21.347401132689203,21.480953216552734,55355800
2007-02-02,21.66371573396175,21.677774275033514,21.178706792556206,21.220882415771484,60401700
2007-02-05,21.066227798955467,21.101374129368057,20.672598283202394,20.813180923461914,99102100
2007-02-06,20.799124104241372,20.9115896894331,20.53904660055079,20.742891311645508,79281100
2007-02-07,20.834268396985237,20.876443995537013,20.560133709876112,20.64448356628418,65145500
2007-02-08,20.553103028176064,20.946732536019155,20.524987305106396,20.567161560058594,48749000
2007-02-09,20.63042547723335,20.66557046942038,20.33520298449754,20.37034797668457,69823100
2007-02-12,20.307081610364207,20.447664230680974,20.26490736054727,20.342227935791016,52774400
2007-02-13,20.483305775191877,20.596161343208543,20.426876645839055,20.46214485168457,50348100
2007-02-14,20.57500058871479,20.94178186045412,20.5608933062607,20.73723030090332,55588600
2007-02-15,20.864192900727616,20.913567043377093,20.61026720099375,20.779550552368164,63858100
2007-02-16,20.39160719198288,20.412768112798997,20.208216580942853,20.271697998046875,109340300
2007-02-20,20.19410826770611,20.35633929497812,20.08125271981338,20.33517837524414,53978200
2007-02-21,20.278745027002792,20.73016709448516,20.271691389030394,20.701953887939453,68604900
2007-02-22,20.67374343399289,20.835974448827642,20.567941534122674,20.73017120361328,57754400
2007-02-23,20.61026309212113,20.652584930535795,20.37749836221735,20.384552001953125,63787100
2007-02-26,20.42687829671179,20.518574293976382,20.328130003052628,20.504467010498047,63481900
2007-02-27,20.250539690277023,20.433930324981024,19.60162084564755,19.658048629760742,87143300
2007-02-28,19.71447951474818,19.926083402119534,19.693318587873165,19.86965560913086,86333300
2007-03-01,19.622774848657077,19.982502374677637,19.559293441397912,19.81321907043457,80175700
2007-03-02,19.76384830115151,19.862596575743307,19.58045768737793,19.58045768737793,63254700
2007-03-05,19.390010594482177,19.68625672023075,19.333582825070266,19.432331085205078,56454300
2007-03-06,19.60866848821328,19.707418095985776,19.502866586276625,19.62982940673828,49361800
2007-03-07,19.580449392118656,19.679197624875755,19.43232569763924,19.474647521972656,52044700
2007-03-08,19.552238460943066,19.643934418624486,18.7622497620017,19.270099639892578,72175200
2007-03-09,19.340636040288295,19.382956530083135,19.065550838605667,19.24894142150879,80125000
2007-03-12,19.171355257839217,19.382959079994922,19.136087057250403,19.354745864868164,36516400
2007-03-13,19.22072814035288,19.326530044533687,18.839839670888924,18.846893310546875,75169500
2007-03-14,18.91743063204417,19.3265323638916,18.8539492128485,19.3265323638916,75730300
2007-03-15,19.27009743777632,19.375899315411598,19.185456473805644,19.241884231567383,51757100
2007-03-16,19.291262201076908,19.382956821233755,19.185460302328504,19.27715492248535,65055300
2007-03-19,19.28420914289498,19.62982940673828,19.185460880466657,19.62982940673828,49412000
2007-03-20,19.70037184541751,19.86260157892352,19.58046261949031,19.636890411376953,47902400
2007-03-21,19.679207424206986,20.11652374267578,19.439389014940943,20.11652374267578,72808200
2007-03-22,20.116522522679674,20.137682098755842,19.75679493059682,19.940185546875,47934900
2007-03-23,19.904918036766105,19.94018624036022,19.60867185329755,19.76384925842285,50519800
2007-03-26,19.707416440343657,19.9049129486084,19.538133142397854,19.9049129486084,47491500
2007-03-27,19.777945078477675,19.862586027365044,19.502858631234666,19.55223274230957,58979800
2007-03-28,19.453492877126962,19.74973901618348,19.32653005391071,19.495813369750977,46947000
2007-03-29,19.6368742498361,19.64392788618473,19.390002359008296,19.573392868041992,42629900
2007-03-30,19.573406280918704,19.714476413873935,19.397069287396913,19.658048629760742,47061000
2007-04-02,19.672150937063634,19.7003654965866,19.439386202376173,19.566349029541016,41977600
2007-04-03,19.65099498857853,19.792063776189266,19.573406280918704,19.658048629760742,39821300
2007-04-04,19.756794776400504,20.299912980522652,19.67920607714181,20.102415084838867,63244200
2007-04-05,19.975454159294184,20.208218933997397,19.96134687710745,20.137683868408203,30131200
2007-04-09,20.15884807583625,20.257596376541866,20.024831563918127,20.15179443359375,31384600
2007-04-10,20.102410653643684,20.20115890704622,19.904912801494554,20.031875610351562,38643100
2007-04-11,19.96134476618852,20.151789019536466,19.74268729679514,19.827329635620117,44050200
2007-04-12,19.792060590290568,20.187056360845528,19.77795465554125,20.13062858581543,43762100
2007-04-13,20.05304507161399,20.243489366048472,19.820280271308942,20.180007934570312,36002900
2007-04-16,20.172948090037515,20.278749994854874,19.897861523099333,20.2646427154541,30740100
2007-04-17,20.194109635212055,20.377500249292652,20.144735497833498,20.349287033081055,33170200
2007-04-18,20.180000569226387,20.22232105965072,20.003663622890173,20.17294692993164,41778400
2007-04-19,19.98956286208891,20.37750373238276,19.933135074676265,20.236434936523438,43648800
2007-04-20,20.440979853179726,20.525622184990656,20.243483321194596,20.469194412231445,60311500
2007-04-23,20.426871061979178,20.44803197970197,20.222320905368694,20.299909591674805,41739100
2007-04-24,20.306962966918945,20.426870796423554,20.165892874622543,20.306962966918945,34236700
2007-04-25,20.35633585911975,20.45508411052253,20.23642669155465,20.448030471801758,39475000
2007-04-26,20.51856777468653,20.70195836560309,20.391604954410127,20.52562141418457,68760300
2007-04-27,21.280343986377723,21.682392032361015,21.16043480201918,21.24507713317871,128298800
2007-04-30,21.252127671444644,21.421412319775435,21.118112564086914,21.118112564086914,67788800
2007-05-01,21.118116073077875,21.456682735307567,21.089901511886573,21.442575454711914,73539300
2007-05-02,21.435524640562015,21.64712984136272,21.372043214856255,21.590702056884766,80686700
2007-05-03,21.583638062754737,21.86577684981258,21.534263943187597,21.844615936279297,82036800
2007-05-04,21.640079450113745,21.65418673468804,21.36499412763856,21.555437088012695,104385900
2007-05-07,21.527214975196095,21.69649828415307,21.499000417697857,21.661230087280273,59889100
2007-05-08,21.640067557377428,21.823458120023133,21.569532518614626,21.689441680908203,60551700
2007-05-09,21.65417594914242,21.816405604909075,21.562479990426286,21.710603713989258,51735000
2007-05-10,21.640069346351712,21.81640628516443,21.534267452132898,21.569534301757812,55398600
2007-05-11,21.562485447212968,21.85167798340655,21.54837816609514,21.788196563720703,43425300
2007-05-14,21.752921334989445,21.85872321196815,21.73176042145616,21.844615936279297,70188500
2007-05-15,21.86585235595703,22.000302960375986,21.823394767609827,21.86585235595703,75013900
2007-05-16,21.936612855738634,22.000299904263727,21.80216226999652,21.986146926879883,45833600
2007-05-17,21.95783917972953,22.035677844797835,21.908303765974402,21.922456741333008,41045600
2007-05-18,21.91538475305997,21.929537731324302,21.639408425417027,21.816316604614258,58453000
2007-05-21,21.7455521560486,22.04983442752944,21.7455521560486,21.971994400024414,41836400
2007-05-22,21.86585690364478,21.887086377084916,21.696025165231738,21.717254638671875,39999500
2007-05-23,21.82339854792969,21.82339854792969,21.632337342717417,21.639413833618164,46322500
2007-05-24,21.611100244772338,21.7950835329742,21.200672041192895,21.349275588989258,64046400
2007-05-25,21.427129214030664,21.696029178836813,21.35636563917549,21.568655014038086,47726500
2007-05-29,21.57572093039947,21.81631615714914,21.504957390231517,21.78801155090332,42373100
2007-05-30,21.61818047430614,22.028607424842708,21.58987586549451,22.014455795288086,57376800
2007-05-31,22.021537009467075,22.04984162435124,21.660644059200862,21.717254638671875,85290500
2007-06-01,21.78801145471107,21.865850133820125,21.618178419176882,21.646484375,39469400
2007-06-04,21.526192198133,21.766787484577627,21.512039216647413,21.738481521606445,41434500
2007-06-05,21.667719797221153,21.674794938419268,21.462505610207387,21.639413833618164,44265000
2007-06-06,21.490805125336266,21.604026246370122,21.40588860970976,21.434194564819336,38217500
2007-06-07,21.243135842719337,21.434197012419844,20.938853539056094,20.9600830078125,71971400
2007-06-08,20.93178295840921,21.271446456182737,20.811485300901577,21.26436996459961,61346200
2007-06-11,21.186530593126932,21.405896426523302,21.17945410176541,21.243141174316406,48467400
2007-06-12,21.200671919684076,21.39880953237627,21.06622269828422,21.122833251953125,56981800
2007-06-13,21.20775141279465,21.51911017694493,21.122836245109646,21.50495719909668,64435600
2007-06-14,21.47665860706002,21.731405531152276,21.441276152531486,21.596956253051758,59065700
2007-06-15,21.837542583277585,21.851694209578778,21.533260347717658,21.57571792602539,100933000
2007-06-18,21.717242616254847,21.738470728240664,21.526181510170915,21.589868545532227,45412600
2007-06-19,21.56863638638476,21.696010441177474,21.49787287264417,21.55448341369629,46802600
2007-06-20,21.540337620795547,21.58987168891027,21.200672932847752,21.236055374145508,46861600
2007-06-21,21.21483091894765,21.441273197915887,21.165296839136154,21.384662628173828,56564800
2007-06-22,21.228988362068716,21.29975192654949,20.839790781978547,20.86809539794922,86219900
2007-06-25,20.853942415112517,21.066233108554844,20.79025534205009,20.86809539794922,53905800
2007-06-26,20.910548493515847,21.087456691767933,20.875167393746406,20.889320373535156,48340300
2007-06-27,20.776102374609934,21.193605893560125,20.776102374609934,21.136995315551758,53468600
2007-06-28,21.129914007847116,21.207752691300488,21.002539898938625,21.108684539794922,46055200
2007-06-29,21.136983602544067,21.17944117509692,20.54964867503899,20.85392951965332,71193900
2007-07-02,20.99546218872425,21.08745384552987,20.86808808722243,21.04499626159668,47316000
2007-07-03,21.08038592210951,21.384666952438728,21.073309430747987,21.243141174316406,35202600
2007-07-05,21.264364250373973,21.38466187555486,21.108685526487932,21.221906661987305,47838500
2007-07-06,21.165292738778955,21.257285740352007,20.988384573894677,21.20775032043457,57541000
2007-07-09,21.129918824587882,21.193605893560125,21.0945363697685,21.136995315551758,33831400
2007-07-10,21.016690321688117,21.221903089092958,20.64872101841482,20.754865646362305,66013500
2007-07-11,20.691187161598645,20.981316561237367,20.669957687343594,20.86809539794922,48017000
2007-07-12,20.91762390167388,21.306822727522867,20.832708726737557,21.27851676940918,54302400
2007-07-13,21.18651905471038,21.24312960506911,20.98838145360383,21.10160255432129,42173000
2007-07-16,21.05915622214051,21.398819705634054,21.030850256998026,21.25021743774414,48023200
2007-07-17,21.243137986720157,21.851701305764575,21.23606149642048,21.78093910217285,77539600
2007-07-18,21.589875560652274,21.915385980753065,21.582799071123684,21.8800048828125,64414400
2007-07-19,21.97199647107193,22.531026994570055,21.887081296428143,22.297508239746094,121159300
2007-07-20,22.042758715991564,22.078141161424384,21.788011857386692,22.049835205078125,98292600
2007-07-23,22.19135968899393,22.304580801717197,22.021528019909034,22.071062088012695,48910600
2007-07-24,21.943687550611937,22.276274393731253,21.731396956314885,21.79508399963379,59729300
2007-07-25,21.929539102463682,22.1489048804674,21.490807546456246,21.731401443481445,54950100
2007-07-26,21.39881700702386,21.604031179319126,20.8822453556429,21.214832305908203,87025300
2007-07-27,21.179449391956993,21.228983470769734,20.776098921964756,20.797327041625977,69214600
2007-07-30,20.81148361075941,20.868094189124204,20.485973122587495,20.804407119750977,67499600
2007-07-31,21.023767769752105,21.030844259019517,20.507196200551924,20.514272689819336,66554000
2007-08-01,20.485972153064473,20.910550795855425,20.3939791240112,20.733642578125,80006300
2007-08-02,20.655801605830497,21.080381551575996,20.53550397703098,20.889320373535156,47938300
2007-08-03,20.839783196970423,21.073301929971795,20.45058440883332,20.4930419921875,61535500
2007-08-06,20.556733527301564,20.903474807739258,20.344444214509434,20.903474807739258,59530500
2007-08-07,20.75486853711056,21.080380304482734,20.556730880896957,20.910547256469727,49163000
2007-08-08,21.03084715509831,21.23606132300556,20.669954250977028,21.228984832763672,52898600
2007-08-09,20.974237862214586,21.29974968468392,20.46474268104389,20.733642578125,72964500
2007-08-10,20.45059176551342,20.556736436933363,19.99770711428021,20.31614112854004,76576200
2007-08-13,20.478884714173503,20.514265798923468,20.125068467866367,20.259517669677734,55492300
2007-08-14,20.429952376870425,20.51516518273326,20.025188162939138,20.07489585876465,42944100
2007-08-15,20.053595171265204,20.58618003317554,19.91867329367325,19.954179763793945,48117700
2007-08-16,19.797949116023368,20.131703080587457,19.535208074167603,19.748241424560547,81447400
2007-08-17,19.947077657301616,20.06069564819336,19.75534678975932,20.06069564819336,76747700
2007-08-20,20.010987712372064,20.231122397845276,19.939976130287175,20.06779670715332,49952000
2007-08-21,19.95418428851452,20.11040872917029,19.790858552224346,19.932880401611328,50786200
2007-08-22,20.074895119779626,20.11040022850996,19.890265574629115,20.03938865661621,44763500
2007-08-23,20.08199970982907,20.117504824389258,19.954179130319105,20.096200942993164,33886600
2007-08-24,20.03228875087257,20.479660736672777,19.932873355998378,20.458356857299805,45158900
2007-08-27,20.31633905776441,20.42995706125508,20.16721458166201,20.231124877929688,32789500
2007-08-28,20.096199020021412,20.231120880419624,19.81925536053897,19.833457946777344,43924400
2007-08-29,19.975471447816062,20.316326603775956,19.755336870300436,20.3021240234375,45753700
2007-08-30,20.181416758957454,20.543574645607617,20.110405169616232,20.202720642089844,33690700
2007-08-31,20.380238238710316,20.536462569697335,20.138799774364106,20.401540756225586,42511900
2007-09-04,20.238222188178447,20.66429029460568,20.2240196019298,20.458356857299805,45689600
2007-09-05,20.34473544345366,20.401544424429822,20.181409792451312,20.224016189575195,47669800
2007-09-06,20.2808295014897,20.600380934240896,20.27372820804709,20.529369354248047,45430800
2007-09-07,20.323438255126906,20.472561361407973,20.110403504739715,20.19561767578125,52160900
2007-09-10,20.35893802730594,20.4157470082821,20.17430850052517,20.224016189575195,37247600
2007-09-11,20.330532961913303,20.557770241394454,20.29502785653688,20.543567657470703,34380800
2007-09-12,20.458353508361153,20.713994601256854,20.45125221639928,20.543567657470703,42364700
2007-09-13,20.678495820841867,20.777911229850552,20.564876469131903,20.706899642944336,35288600
2007-09-14,20.579069653348423,20.671385080470984,20.508058098892473,20.62167739868164,33496600
2007-09-17,20.44414850012153,20.50805740710004,20.323429267948423,20.401540756225586,39536500
2007-09-18,20.38024200564643,20.571971470885252,20.074893223450555,20.543567657470703,77462400
2007-09-19,20.5009613481444,20.52936516168089,20.09619583117754,20.358938217163086,94242200
2007-09-20,20.224014321655496,20.295025879925202,20.124598952737596,20.181407928466797,67168900
2007-09-21,20.373143177874983,20.45835598285832,20.195614920654403,20.344738006591797,135636100
2007-09-24,20.458354619137047,21.02644581703472,20.45125332678961,20.65008544921875,104459800
2007-09-25,20.692698217816076,20.99094581604004,20.67139568865015,20.99094581604004,75621000
2007-09-26,21.076156217396218,21.19687549394945,20.934133061063054,20.948335647583008,60337000
2007-09-27,21.090364802677772,21.104566038803807,20.90573518870348,20.941240310668945,43407100
2007-09-28,20.941229564604537,21.083252688453896,20.75660004537352,20.919925689697266,45819100
2007-10-01,20.919935785253273,21.15427445902189,20.884430664373294,21.140071868896484,43875100
2007-10-02,21.090362548828125,21.19687925777505,20.998047074489605,21.090362548828125,33700900
2007-10-03,21.097456634007226,21.196873375276805,20.799210473497677,20.91282844543457,37633900
2007-10-04,20.99094309775456,21.14006755477194,20.905730283258855,21.09745979309082,37868000
2007-10-05,21.22527484927367,21.296286412507836,21.111656889872172,21.189769744873047,45012300
2007-10-08,21.06194920193813,21.196871036639752,21.019342805770798,21.189769744873047,30265400
2007-10-09,21.32469340035104,21.580333153615364,21.303389523231917,21.374401092529297,63603100
2007-10-10,21.331798159987432,21.566135428654764,21.324696866460148,21.466718673706055,32251500
2007-10-11,21.516424625178736,21.7507618747999,21.154268165754967,21.23948097229004,50788400
2007-10-12,21.324695020687162,21.587436086288648,21.267886031819287,21.424110412597656,31121100
2007-10-15,21.374401138666716,21.53772680030011,21.303389569216055,21.33179473876953,47150500
2007-10-16,21.47381921255719,21.71525776626668,21.46671791927947,21.530628204345703,56286200
2007-10-17,21.835975258717912,22.176829181594933,21.764963686176927,22.0703125,86092400
2007-10-18,22.169729283459784,22.17683057660389,21.750762468989727,22.12712287902832,49208600
2007-10-19,22.07741446179476,22.07741446179476,21.381504009555034,21.424110412597656,75200200
2007-10-22,21.3886065641701,21.800472096366185,21.3886065641701,21.665550231933594,58785100
2007-10-23,21.80757347274317,22.09872110079436,21.80757347274317,21.942495346069336,49956200
2007-10-24,21.906981816907063,22.226531788549153,21.65844204711914,22.19102668762207,77979200
2007-10-25,22.418272721721934,22.879847369094442,22.36146372188994,22.716520309448242,169588700
2007-10-26,25.57117574896605,25.585378338368248,24.54151375154259,24.87526512145996,288121200
2007-10-29,24.747433805628845,25.059885219395824,24.463390267227503,24.548603057861328,114655600
2007-10-30,24.406587901538686,25.272926800532726,24.392385313652447,25.258724212646484,107297300
2007-10-31,25.223218480659487,26.27418557874531,25.216115832456698,26.139265060424805,185635800
2007-11-01,25.940427882577254,26.622138443900788,25.81970996883357,26.316789627075195,152078800
2007-11-02,26.430407602484753,26.629238382234917,25.862315016570772,26.316789627075195,96389800
2007-11-05,26.10374957262234,26.345188072161356,26.01143684402345,26.082447052001953,75485400
2007-11-06,25.983035633548152,26.03274332847492,25.47175338988289,25.855215072631836,100966700
2007-11-07,25.592478073660875,25.677690891505183,25.173511215031947,25.22321891784668,74897800
2007-11-08,25.28001777691344,25.493053810807623,24.42788447679949,24.669322967529297,133742400
2007-11-09,24.271659737839784,24.527300821568637,23.895300758386636,23.95210838317871,125136900
2007-11-12,23.660963566866887,23.93790718733773,23.44793022103285,23.703571319580078,84865200
2007-11-13,23.895932867562575,24.70101151309431,23.78193926266646,24.551395416259766,104311500
2007-11-14,24.66539852302024,24.758019211998004,24.045558227480075,24.17380142211914,84063100
2007-11-15,24.05267906188965,24.294915879359333,23.903062923464375,24.05267906188965,64014100
2007-11-16,24.123935997241006,24.408918838636428,24.0170657330779,24.28780174255371,71113800
2007-11-19,24.19516372680664,24.394654562738857,24.131042157725172,24.19516372680664,63026200
2007-11-20,24.387531330993113,24.91475348582629,24.294910671801723,24.63689422607422,100009400
2007-11-21,24.508651021951337,24.743761657477208,24.351908786386034,24.387531280517578,89518700
2007-11-23,24.480157234451525,24.53715269382541,24.017056557108837,24.30204200744629,33467200
2007-11-26,24.28778917991224,24.487277337487946,23.46133474704135,23.48983383178711,80335000
2007-11-27,23.703578872033013,23.938689599436604,23.283226754240506,23.55396270751953,84178400
2007-11-28,23.78193863847676,24.145292395227063,23.439957832764165,24.009925842285156,88585000
2007-11-29,23.924435196782632,24.173795392032506,23.73207045280889,23.93155860900879,53633600
2007-11-30,24.166667876482062,24.309160573236564,23.646571843476945,23.93868064880371,71027800
2007-12-03,23.867433063183533,23.967177124715494,23.283215516077625,23.454204559326172,61770600
2007-12-04,23.325976204860954,23.682206733404307,23.247605053729696,23.347349166870117,54801500
2007-12-05,23.6109527054763,24.59414946325757,23.532581575228317,24.33053970336914,84894700
2007-12-06,24.40891186383777,24.658274836355467,24.131052517799915,24.61552619934082,49209700
2007-12-07,24.65826693272732,24.722388508785155,24.38040767575072,24.601268768310547,40771000
2007-12-10,24.679645983519485,24.900509848474215,24.558528930940362,24.765140533447266,36083500
2007-12-11,24.743765348520185,24.929006694152132,24.173797203926693,24.29491424560547,55070700
2007-12-12,24.65827107947898,25.00025197002393,24.17379747175134,24.55852699279785,63345400
2007-12-13,24.56565038190894,25.25673829299284,24.423157664863883,25.092872619628906,73913200
2007-12-14,24.971761987488453,25.534606930765584,24.94326289009691,25.15700340270996,71126200
2007-12-17,24.957504230610322,25.028751950656776,24.48015673650089,24.501529693603516,58121200
2007-12-18,24.679637311674963,24.936123589157784,24.373279004439567,24.750885009765625,52791800
2007-12-19,24.715264662774363,25.03587257268462,24.494403549809096,24.78651237487793,58469100
2007-12-20,25.14274822553617,25.49897870971382,24.993132074459055,25.30661392211914,59345000
2007-12-21,25.57735535877032,25.691349029541016,25.47048510337501,25.691349029541016,83240500
2007-12-24,25.74120738419279,26.16155933092642,25.684209220245567,26.06181526184082,29622600
2007-12-26,25.940698211153165,26.104563872753275,25.833828001585896,26.08319091796875,30252400
2007-12-27,25.897953346488606,26.040446074007033,25.605844478096063,25.627220153808594,33311100
2007-12-28,25.719833633608744,25.81245429802545,25.413475274079993,25.73408317565918,33447200
2007-12-31,25.57733823758827,25.6414598043385,25.30660243155155,25.363597869873047,35229700
2008-01-02,25.498975096622683,25.620092139526346,24.93613035909709,25.092872619628906,63004200
2008-01-03,25.09287195957096,25.39923034192132,24.836385619201128,25.199739456176758,49599600
2008-01-04,25.071499270515538,25.078625401831026,24.28779333082382,24.494407653808594,72090800
2008-01-07,24.615521253776233,24.793636462150623,24.401783547291444,24.65826988220215,80164300
2008-01-08,24.729521122686805,24.729521122686805,23.796198934545224,23.83182144165039,79148300
2008-01-09,23.767682079078995,24.60838566401633,23.76055595228979,24.537137985229492,74305500
2008-01-10,24.47302329593042,24.579893485168572,24.066920925340337,24.458776473999023,72446000
2008-01-11,24.32341731904872,24.394665047439904,24.02418501327455,24.1595516204834,55187900
2008-01-14,24.55140173872472,24.629772871864507,24.28066855601607,24.501529693603516,52792200
2008-01-15,24.24503818999202,24.494401080482287,24.223665237426758,24.223665237426758,61606200
2008-01-16,23.81043828793969,23.974306661259206,23.162099078005962,23.675071716308594,120778500
2008-01-17,23.895946664922477,24.08118536065103,23.48984404313525,23.589588165283203,94247800
2008-01-18,23.625201742634548,24.22366896700281,23.489835159176206,23.51833152770996,117062000
2008-01-22,22.471025568123967,23.176360592328145,22.442526469535775,22.7702579498291,108521400
2008-01-23,22.42827426706968,22.834376861528465,22.114792373154057,22.748882293701172,137597400
2008-01-24,23.048107568757555,23.76769455418313,22.884241898270165,23.68932342529297,155640400
2008-01-25,24.86488545396857,24.936130453850556,23.418588039525915,23.468460083007812,196992300
2008-01-28,23.525459530797686,23.582454990224406,23.097981354895257,23.311721801757812,81019000
2008-01-29,23.404332441347048,23.43283152105622,23.04810209844787,23.22621726989746,68023000
2008-01-30,23.197730513306347,23.3687196267178,22.834373891116833,22.94124412536621,106432600
2008-01-31,22.734620375112456,23.325964048879566,22.599252464315715,23.22621726989746,103642200
2008-02-01,22.129037293554266,23.689327194531387,21.55194428976164,21.69443702697754,291138900
2008-02-04,21.72293691053727,21.886802623326975,21.45220231370696,21.509199142456055,119998600
2008-02-05,21.3097061464721,21.331080463418594,20.582995677227764,20.711238861083984,137534100
2008-02-06,20.8608599008968,20.910731956654626,20.155523628939836,20.31938934326172,138315600
2008-02-07,20.19113992516383,20.50462306921713,19.877656781110534,20.034399032592773,164964900
2008-02-08,20.15551603278036,20.7183593399535,20.119892178585168,20.34787940979004,124872000
2008-02-11,20.319380268105476,20.383501842273372,19.884778789614415,20.0985164642334,156814100
2008-02-12,20.25526654225041,20.390634513379354,20.027279238608934,20.191144943237305,84365900
2008-02-13,20.39063234790026,20.696989405313765,20.326510755696848,20.63286781311035,88986200
2008-02-14,20.57587027203344,20.689865266663745,20.2766366385433,20.30513572692871,69113500
2008-02-15,20.16976349551651,20.404875489167267,20.127016230919384,20.24813461303711,68166100
2008-02-19,20.598598280948607,20.627208100797407,20.076481346429645,20.14800453186035,68261200
2008-02-20,20.13369959091,20.212375231181667,19.969197219606773,20.183765411376953,93056200
2008-02-21,20.46985994991437,20.7130366186489,19.9978074310294,20.09794044494629,98776500
2008-02-22,20.198074395436258,20.305358512961647,19.454236664960888,19.79754638671875,125705400
2008-02-25,19.776083860282085,20.19806912813496,19.65449486167717,19.911977767944336,109974300
2008-02-26,19.840454434509486,20.64151160108375,19.790388617384444,20.298200607299805,108923500
2008-02-27,20.162309819387392,20.51277193395094,20.097939087713343,20.21237564086914,75199500
2008-02-28,20.04072343174182,20.219530739953242,19.883372127433212,19.97635269165039,83002900
2008-02-29,19.804695284738763,19.90482692787927,19.32549170597997,19.454233169555664,117411400
2008-03-03,19.48284247975082,19.590126582702485,19.2182084500828,19.304035186767578,76544300
2008-03-04,19.325494820152862,19.761783738563885,19.282580082584662,19.73317527770996,86925600
2008-03-05,19.847602628342617,20.319653608746304,19.811841727841788,20.11223793029785,106489800
2008-03-06,20.069326507284035,20.148002138330483,19.66879862632155,19.71886444091797,91127700
2008-03-07,19.554363529324053,20.07648044027726,19.540058620045304,19.933435440063477,77597600
2008-03-10,19.90483151668374,20.212380336306833,19.847613226813746,20.06218147277832,72175100
2008-03-11,20.312511080543416,20.984826979143072,20.298206167677307,20.941913604736328,98740700
2008-03-12,21.04918900481906,21.0921023614522,20.41263565202861,20.477005004882812,75993800
2008-03-13,20.41263609005605,20.734488317997627,20.14084830910161,20.4698543548584,84552200
2008-03-14,20.54137891219936,20.748796002490234,19.768931551879373,19.997804641723633,105214900
2008-03-17,19.525752988478885,20.54853077282428,19.51144944392048,20.240982055664062,84490100
2008-03-18,20.505616195275252,21.08495132338103,20.505616195275252,21.042037963867188,83695300
2008-03-19,21.0134271883852,21.16362598611077,20.4698543548584,20.4698543548584,61442100
2008-03-20,20.555690561876467,20.899000309219183,20.448406436355828,20.870391845703125,60170200
2008-03-24,20.977668198984308,21.027734014731745,20.784556026080335,20.863231658935547,48294700
2008-03-25,20.977675566819563,21.006285393975755,20.698736573004904,20.841781616210938,49149000
2008-03-26,20.7630994384941,20.791707890599223,20.29819947301786,20.42694091796875,45868100
2008-03-27,20.36973029240141,20.376882749159115,20.026420553181435,20.06218147277832,47894400
2008-03-28,20.190916852386078,20.333963215843596,19.90482548966227,19.96204376220703,49244000
2008-03-31,19.94058606875957,20.44839942286613,19.911977615055772,20.298200607299805,46780600
2008-04-01,20.62005673592969,21.127870151561478,20.47701035750602,21.099260330200195,65796200
2008-04-02,21.149324838678403,21.156477293574103,20.741644458962504,20.856081008911133,49499400
2008-04-03,20.74163818359375,20.970511214245626,20.598591857340896,20.74163818359375,38961400
2008-04-04,20.834623644224035,20.927604193676846,20.555684724248163,20.856081008911133,43860800
2008-04-07,21.135019928887004,21.163629748469802,20.763101823649603,20.856081008911133,44428600
2008-04-08,20.698741117898507,20.74165450386379,20.412649604476705,20.562847137451172,44733500
2008-04-09,20.541390060483717,20.77026463873469,20.412649900719494,20.662979125976562,45839300
2008-04-10,20.620057373595216,21.027737791261213,20.598600006910697,20.820322036743164,65591600
2008-04-11,20.648669955499102,20.74880161835979,20.17661737469056,20.2266845703125,54373700
2008-04-14,20.198073604468235,20.24813943307337,19.97635292170627,20.069332122802734,43418100
2008-04-15,20.112247693242423,20.36972930305586,20.047876949741173,20.20522689819336,34310000
2008-04-16,20.43409332139812,20.77740293095553,20.29819942270997,20.705881118774414,54107400
2008-04-17,20.827470724159763,20.984820625470636,20.670119458657727,20.89899253845215,48743300
2008-04-18,21.464027302730877,21.528398036408422,21.177935910936988,21.45687484741211,73658900
2008-04-21,21.592762756994958,21.88600652244593,21.54269694789713,21.757265090942383,54411700
2008-04-22,21.914622008052948,21.95753674179413,21.435418394807808,21.635683059692383,67387500
2008-04-23,21.77873020967151,22.501110518563472,21.67144473573708,22.493959426879883,98351500
2008-04-24,22.62269657792343,22.958853774887245,22.28653938095962,22.744285583496094,115416700
2008-04-25,21.49264663491597,21.735824782034747,21.170794167864923,21.335296630859375,145194900
2008-04-28,21.313822613299568,21.342432426713895,20.612898554940426,20.734487533569336,97473000
2008-04-29,20.598601762002176,20.67012495951992,20.348272616977354,20.48416519165039,84428900
2008-04-30,20.555692104191987,20.891849419830017,20.39118967510477,20.39834213256836,74733600
2008-05-01,20.384032552862266,21.09210930941661,20.369727641208694,21.027738571166992,71699400
2008-05-02,21.1636377491606,21.18509512195943,20.64152062211518,20.913307189941406,66024200
2008-05-05,21.4068094365102,21.621377643438787,20.73449362970717,20.798864364624023,119687700
2008-05-06,20.741657854544957,21.356755730910887,20.691592002132317,21.242319107055664,93582000
2008-05-07,21.235147085884243,21.556999282417184,20.798857006723228,20.891836166381836,88775000
2008-05-08,20.941907779760985,21.02058205025823,20.741643147913678,20.934755325317383,69589900
2008-05-09,20.89184832925062,21.135026413551355,20.70588990167166,21.02058982849121,51621200
2008-05-12,21.027735107754125,21.49978620104029,20.991974198701723,21.44972038269043,64278800
2008-05-13,21.53587035460864,21.629191857024555,21.198475545303392,21.377941131591797,70934700
2008-05-14,21.45689391844508,21.7225034507061,21.34203611238979,21.48560905456543,66730400
2008-05-15,21.52150966257548,21.916334716763814,21.492795884918518,21.858905792236328,53355800
2008-05-16,21.873258101902124,21.880436887341563,21.4784344872261,21.528684616088867,81538200
2008-05-19,21.442542894317864,21.456899096629563,21.040539106895885,21.148218154907227,59615000
2008-05-20,21.033364450995116,21.040543238167196,20.55239666417483,20.645719528198242,75767600
2008-05-21,20.681608288635683,20.853895041417328,20.236534519586456,20.279605865478516,60125100
2008-05-22,20.301145302754502,20.6026475081642,20.229358802568647,20.437538146972656,52203100
2008-05-23,20.286781941448655,20.33703206647928,20.06424508665021,20.136030197143555,48890700
2008-05-27,20.179111562061625,20.45907744687038,20.136038834234277,20.416006088256836,47334500
2008-05-28,20.502139929793675,20.509318714657095,20.128852701388357,20.229352951049805,52318500
2008-05-29,20.25089492281523,20.588291081728713,20.200644780648634,20.322681427001953,47699200
2008-05-30,20.372930131694755,20.602647202726615,20.24371607633217,20.329858779907227,63399200
2008-06-02,20.27243525238758,20.358579348113786,19.777109782693284,19.956575393676758,77028400
2008-06-03,20.035530135139247,20.322674687447464,19.576098851446105,19.604812622070312,86616700
2008-06-04,19.583281730840106,19.841711197342818,19.525852808371337,19.769926071166992,79567400
2008-06-05,19.899140226955616,20.315500259399414,19.812997527395396,20.315500259399414,76063400
2008-06-06,20.092962776583157,20.222178191418656,19.734031677246094,19.734031677246094,78500800
2008-06-09,19.848892603507373,20.035536968468026,19.597640521090582,19.891963958740234,66787100
2008-06-10,19.64071305479824,20.30832521588575,19.611997905446067,20.02117919921875,77433900
2008-06-11,19.99246293091852,20.057070639706474,19.46124505693918,19.46842384338379,59330800
2008-06-12,19.6694222999933,20.49496348454155,19.518671908292156,20.27242660522461,113996300
2008-06-13,20.552393959942425,21.227184803980684,20.459072477411667,20.868253707885742,131969100
2008-06-16,20.832367048259165,20.896974773398217,20.559578571180104,20.767759323120117,74718900
2008-06-17,20.846722826852915,20.904151758777562,20.667257243436676,20.674434661865234,44256700
2008-06-18,20.49496277170725,20.717501012497465,20.430355072021484,20.430355072021484,49677800
2008-06-19,20.494970846041053,20.95440371027583,20.337041611931078,20.767759323120117,62037800
2008-06-20,20.746222831223562,20.760580407658463,20.171933465966088,20.265254974365234,97480400
2008-06-23,20.315494338376748,20.39445959763685,19.949385918129117,20.07859992980957,57145300
2008-06-24,20.042714787630366,20.107322501965363,19.748391364199215,19.906320571899414,65218300
2008-06-25,19.963752130905906,20.581114207396137,19.927859560083185,20.351398468017578,64280200
2008-06-26,20.121675252240323,20.24371186459305,19.920673370361328,19.920673370361328,67049100
2008-06-27,19.8704238044244,20.035531764275284,19.71249326090326,19.834529876708984,73450200
2008-06-30,19.90632324132962,20.08578883427896,19.73403643640391,19.748394012451172,57830500
2008-07-01,19.576102197209465,19.655066106831725,18.980276635882053,19.288957595825195,100327800
2008-07-02,19.310489605970062,19.38227608754436,18.578269958496094,18.578269958496094,84669000
2008-07-03,18.642878053756952,18.73620089256366,18.377269846228007,18.650056838989258,37074500
2008-07-07,18.74338588662481,18.9443864628586,18.26959685805412,18.685956954956055,71527600
2008-07-08,18.61417064675931,18.80799380666544,18.312668409976578,18.55674171447754,65553200
2008-07-09,18.513667654859145,18.556739005479283,18.075771254378186,18.111663818359375,54255800
2008-07-10,18.090126747460072,18.427521465412067,17.932196197990866,18.26959228515625,57830600
2008-07-11,18.061403221653034,18.40597656549711,17.853224006535356,18.12601089477539,69532600
2008-07-14,18.29113767750622,18.528032267243887,17.99681413780834,18.054243087768555,51216200
2008-07-15,17.89630340684091,19.123847011595274,17.89630340684091,18.7720947265625,92719300
2008-07-16,18.757744373421,19.590466037690792,18.60699392291563,19.56892967224121,82060400
2008-07-17,19.798636986634378,20.035531428735425,19.461242287039955,19.755565643310547,96526100
2008-07-18,18.922846320252006,19.00181022405154,18.025518651335858,18.563915252685547,150277000
2008-07-21,18.420344358824437,18.786454253405367,18.327022873168993,18.405986785888672,77575600
2008-07-22,18.3341986577591,18.621343223392348,18.29112594600414,18.520841598510742,88657200
2008-07-23,18.563915641022916,19.267420219558538,18.556736855215814,18.97309684753418,79408800
2008-07-24,18.72901726870175,18.786446166510206,18.262407302856445,18.262407302856445,81092600
2008-07-25,18.405981596319105,18.82234150956895,18.30548135253184,18.77927017211914,58682300
2008-07-28,18.707483292707956,18.743377214151565,18.190623146837908,18.30548095703125,59707800
2008-07-29,18.319848307596153,18.80081615805122,18.233704219347466,18.74338722229004,66368200
2008-07-30,18.807993814737436,19.016173180893045,18.592634291678056,18.82952880859375,51977700
2008-07-31,18.556739914888897,18.865420909423417,18.4562382662319,18.463417053222656,60461000
2008-08-01,18.60698068970717,18.628517039840187,17.996797794734267,18.262407302856445,82720200
2008-08-04,18.226518297590484,18.341376124158902,18.025517785702398,18.147554397583008,60588300
2008-08-05,18.405981531330145,18.86541414962074,18.30548128789773,18.815162658691406,84297600
2008-08-06,19.188458154649876,19.497139149923168,18.937206086226478,19.396638870239258,95550000
2008-08-07,19.310483124494294,19.92066595925084,19.188446557542985,19.662235260009766,82565800
2008-08-08,19.633528897396648,20.26524694900961,19.518671069830656,20.19346046447754,80814100
2008-08-11,19.999640869427868,20.387285736506897,19.85606788504988,20.02835464477539,68743800
2008-08-12,19.942208000639575,20.358567929833583,19.79863504469136,20.186281204223633,62813000
2008-08-13,20.150395584130063,20.459076608169628,19.927858642999997,20.035537719726562,51165200
2008-08-14,19.970929999847872,20.301147386918252,19.784285627888746,20.035537719726562,49732300
2008-08-15,20.085785570026015,20.207822208167265,19.798640941815307,19.963748931884766,47267400
2008-08-18,19.942211234616433,20.13603297660096,19.777101897736674,19.87760353088379,38078200
2008-08-19,19.84878420984154,20.000135930008405,19.654187962762695,19.690223693847656,40332900
2008-08-20,19.8487853118735,19.87761362340705,19.582116213143873,19.668603897094727,41497200
2008-08-21,19.531661244350854,19.62535495410738,19.35868729002549,19.589319229125977,43614200
2008-08-22,19.625350022067536,20.093821202468423,19.618142603947593,20.064992904663086,47930400
2008-08-25,19.899225059229412,20.06499154069644,19.79111516945371,19.935260772705078,51381300
2008-08-26,19.877608857275952,19.97850998546258,19.582111517865314,19.654184341430664,44774400
2008-08-27,19.704626835402998,20.02895372128011,19.55327383043561,19.86318588256836,33975300
2008-08-28,19.89922658610891,20.187516440057948,19.892019167925877,20.137065887451172,48372600
2008-08-29,19.949686464253578,20.021759305100108,19.668603897094727,19.668603897094727,50735500
2008-09-02,19.9424733688222,20.00733876966156,19.5028304019498,19.531660079956055,66079200
2008-09-03,19.459586933513016,19.58931773301772,19.344270972769877,19.387514114379883,57127700
2008-09-04,19.272198051049198,19.380306591836085,18.99111557006836,18.99111557006836,66141900
2008-09-05,18.760481089487794,18.89741791428132,18.47218985383418,18.486604690551758,82305200
2008-09-08,18.890206179403055,18.976693805271125,18.50101529968219,18.825342178344727,62110800
2008-09-09,18.88300114100161,19.171290951427554,18.774891259251916,18.810928344726562,85735700
2008-09-10,19.113632922209828,19.358679603879764,18.919036785352947,19.05597496032715,75064900
2008-09-11,18.810934328809793,19.791119996071995,18.76048376777034,19.704633712768555,72913300
2008-09-12,19.560483921675885,19.99291937041117,19.41633968854705,19.90643310546875,75628500
2008-09-15,19.401925865524817,19.812739082129895,19.264987668431637,19.329853057861328,82349400
2008-09-16,18.803718370580572,19.09200814180301,18.39290527475434,18.731645584106445,111729700
2008-09-17,18.54426272241353,18.645165205086744,17.657770881547513,17.708221435546875,106972100
2008-09-18,17.873988160831246,18.270387928816824,17.304615848184014,18.205522537231445,132291300
2008-09-19,19.005523937810437,19.027144813801595,16.93704202974645,18.133445739746094,134926100
2008-09-22,18.89741380264791,18.969486595879967,18.248761412907786,18.306419372558594,105207700
2008-09-23,18.49380414402824,18.86137407397512,18.263172354573076,18.33524513244629,92181300
2008-09-24,18.436154857618703,18.803724960243013,18.349667208605815,18.53705596923828,80250300
2008-09-25,18.609125618038295,19.373093993325668,18.55146765338782,19.178499221801758,96203500
2008-09-26,18.861381500981413,19.86318924640971,18.839759246703128,19.747873306274414,100744300
2008-09-29,19.416345278076445,19.93526714114009,18.025344848632812,18.025344848632812,134383100
2008-09-30,18.573091049323864,19.23615837097168,18.40732456258051,19.23615837097168,107192700
2008-10-01,19.01273173405264,19.452374582088485,18.94066030786751,19.08480453491211,88957000
2008-10-02,18.868590124733082,19.120844275400408,18.52264228222193,18.91904067993164,93819800
2008-10-03,19.00553287470329,19.798329859788243,18.91183778576971,18.96949577331543,114289400
2008-10-06,18.47219176185885,18.73165335087754,17.398311059617058,17.953269958496094,146374600
2008-10-07,18.003720164264497,18.169486676362723,16.67758531812948,16.742450714111328,145941200
2008-10-08,16.50460309146506,17.513617869497956,16.216313351266223,16.58388328552246,171598600
2008-10-09,17.131637105383742,17.232538186252206,15.906403803377561,16.07217025756836,131948700
2008-10-10,15.704604055971073,16.108209816166955,14.88297632580082,15.495593070983887,228467500
2008-10-13,16.475776582689242,18.378490447998047,16.31000876134717,18.378490447998047,144935400
2008-10-14,18.47939435918405,18.544259739513578,17.009115612621425,17.369478225708008,165674900
2008-10-15,17.138841424530725,17.47758168813991,16.201898076238486,16.331628799438477,113280200
2008-10-16,16.53344224550973,17.434349060058594,15.35865898952017,17.434349060058594,161147800
2008-10-17,16.987494335380838,18.09741190719764,16.80010560086601,17.24695587158203,133673100
2008-10-20,17.44155755748982,17.837956030520356,16.583893832123536,17.816333770751953,93484300
2008-10-21,17.513622303628285,18.02533792487798,16.771276206501998,16.83614158630371,100385600
2008-10-22,16.605511063398083,16.6199245242042,15.063158033844926,15.517215728759766,150054800
2008-10-23,15.53162543153476,16.281180199065563,15.05594697316869,16.086584091186523,154774100
2008-10-24,15.17847859829701,16.475785319102393,15.099199728320283,15.827131271362305,153919700
2008-10-27,15.618116455483353,15.827126066270784,15.149645310929406,15.264961242675781,117683900
2008-10-28,15.596499864412852,16.728038714601883,15.38028275756871,16.648759841918945,134088800
2008-10-29,16.670374816916116,17.275784151027082,16.360464106905766,16.57668113708496,111701800
2008-10-30,17.073986613059013,17.210923461340847,16.137042685822976,16.310016632080078,95323000
2008-10-31,16.23794523404721,16.511820306104774,15.942447903139815,16.093799591064453,93055200
2008-11-03,16.201898691065416,16.5118106805428,16.007302598880926,16.30280113220215,61923500
2008-11-04,16.670372769367823,17.052357608752864,16.48298543272147,16.958663940429688,72123000
2008-11-05,16.81452088131734,16.821728299144237,15.891992019590603,15.913614273071289,81179700
2008-11-06,15.762263484096472,15.913615142709077,15.034330739893099,15.048744201660156,95509700
2008-11-07,15.365862304395199,15.524422741192192,15.135230441426122,15.495593070983887,71256300
2008-11-10,15.747855618027646,15.83434192560874,15.272176802306406,15.351455688476562,67106800
2008-11-11,15.344244286375599,15.351450330596448,14.983881589651038,15.279378890991211,78014500
2008-11-12,15.055951035367942,15.135231258043985,14.616309538365265,14.630722999572754,90162300
2008-11-13,14.522613517484569,15.315411567687987,13.506391024614276,15.315411567687988,148413700
2008-11-14,14.818115932363963,15.38028231866094,14.16225583568822,14.45775318145752,96624500
2008-11-17,14.22711936044489,14.587482063722646,13.801891260603167,13.92441463470459,97289000
2008-11-18,14.149350908484115,14.26544803598862,13.605145104311648,14.236424446105957,108966500
2008-11-19,14.243685350958012,14.475881088503552,13.242346855242154,13.271371841430664,103010500
2008-11-20,13.14801162957717,13.670448655340184,12.698134263846693,12.719902992248535,139532800
2008-11-21,13.075447521085449,14.294468346152597,13.046422556685528,14.279955863952637,157231900
2008-11-24,14.432341638294874,15.194230813847119,14.417830531169818,15.012828826904297,125289900
2008-11-25,15.136179383285004,15.186971708626968,14.18563215421911,14.504899978637695,92948100
2008-11-26,14.316239515214306,15.005567380263814,14.316239515214306,14.867701530456543,79678300
2008-11-28,14.67904922994991,14.73709781349148,14.526672217148567,14.671792984008789,28650800
2008-12-01,14.42507470312966,14.475868384382673,13.496298103998246,13.503554344177246,79639900
2008-12-02,13.77929052431705,14.011484774755214,13.467278981295678,13.895387649536133,79689800
2008-12-03,13.532580728161308,14.4395901788958,13.496300903726564,14.41782283782959,80961500
2008-12-04,14.076789037738882,14.454105372141028,13.634169283908335,13.866363525390625,78719200
2008-12-05,13.721238859992473,14.497638728383345,13.401971145817688,14.41782283782959,91996200
2008-12-08,14.766117032133204,15.419163688004247,14.613738694837407,15.245018005371094,107225000
2008-12-09,14.962030834318542,15.419163059601958,14.845932333307797,14.947518348693848,80484900
2008-12-10,15.10715276975849,15.208737409436353,14.729836416687984,14.9547758102417,61499000
2008-12-11,14.591971465004768,14.599227708170277,14.011484467645804,14.113070487976074,83564300
2008-12-12,13.895391166103863,14.403317255470613,13.568868437785738,14.047769546508789,78112600
2008-12-15,14.033250643354023,14.105811677817506,13.706726680261662,13.815568923950195,59925900
2008-12-16,13.938923355398291,14.64276371533628,13.78654640158916,14.591971397399902,97688700
2008-12-17,14.374288497414279,14.548434183551064,14.149350492485958,14.265447616577148,78922700
2008-12-18,14.410566971890447,14.526664073892682,13.779287768764993,14.004225730895996,80759200
2008-12-19,14.091297918261201,14.367028163473089,13.866359977378885,13.873616218566895,113530400
2008-12-22,13.96069229494225,13.996973511147845,13.706729317450629,13.917156219482422,58575400
2008-12-23,13.989716529846191,14.200142036789602,13.793802124632563,13.989716529846191,47511400
2008-12-24,13.975204515549663,14.113070366534288,13.85910739387425,13.909899711608887,16880400
2008-12-26,13.931675035273242,14.026003472288432,13.851857707345955,13.880881309509277,23101000
2008-12-29,13.895386519641454,13.938922592061775,13.525326444101745,13.75752067565918,58512800
2008-12-30,13.793805985365564,14.142097436125933,13.786549740476323,14.033256530761719,43224100
2008-12-31,14.011485152004774,14.279960626294233,13.982461561912015,14.105814933776855,46419000
2009-01-02,14.171122154335638,14.802400224198223,14.055025006223273,14.751607894897461,50084000
2009-01-05,14.657275861517203,14.998310976882118,14.555689844014614,14.889470100402832,61475200
2009-01-06,15.056355743117628,15.237757619540732,14.954771135196365,15.06361198425293,58083400
2009-01-07,14.65001718068937,14.722578214263178,14.134835087903264,14.156603813171387,72709900
2009-01-08,14.243676113951844,14.650017353154118,14.18562756320675,14.599225044250488,70255400
2009-01-09,14.635513841034099,14.729842274823177,14.084051578916302,14.16386890411377,49815300
2009-01-12,14.30172148788124,14.359771409718428,14.004222558397212,14.127575874328613,52163500
2009-01-13,14.163862360983016,14.50489747512216,14.163862360983016,14.38154411315918,65843500
2009-01-14,14.17111729581187,14.27995816185306,13.793801001814822,13.851849555969238,80257500
2009-01-15,13.83733809234892,14.004227524857582,13.438254426091374,13.960691452026367,96169800
2009-01-16,14.243676833894103,14.446847463764437,13.895385511819265,14.301725387573242,79634100
2009-01-20,14.120323451819155,14.236421942896836,13.329412428756756,13.409228324890137,89873000
2009-01-21,13.692220910978786,14.113073413922118,13.394720415462057,14.06227970123291,68340900
2009-01-22,13.097218000458932,13.191547773387777,12.386122810013408,12.41514778137207,222436600
2009-01-23,12.313564543569948,12.690880952435093,12.153931317044133,12.48045539855957,117020600
2009-01-26,12.545751407806106,12.923066167811001,12.502213971509036,12.79245662689209,92476500
2009-01-27,12.901306365676087,13.03917084247959,12.647343374952696,12.81423282623291,61695000
2009-01-28,12.915817783510237,13.285877913179888,12.886794192313573,13.089964866638184,64145500
2009-01-29,12.90129924107651,13.031907402133927,12.7416647375849,12.763433456420898,49192800
2009-01-30,12.872279733423278,12.908560946846634,12.407891273498535,12.407891273498535,62370900
2009-02-02,12.35710110846922,13.155268566826127,12.33533237662808,12.937586784362793,88871700
2009-02-03,12.952102172413326,13.503564379985816,12.770700185079772,13.423747062683105,86865100
2009-02-04,13.452763007946455,13.786541776107155,13.423738045156968,13.51806640625,75618000
2009-02-05,13.43099641008437,13.888128574427057,13.242338274073964,13.815568923950195,75195200
2009-02-06,13.902643757795458,14.461362032476115,13.830082709241742,14.265447616577148,86746000
2009-02-09,14.250935652214533,14.345265433986617,13.97520531839209,14.105814933776855,52196400
2009-02-10,13.967946244014426,14.367029868820174,13.568862619208677,13.641422271728516,83953200
2009-02-11,13.743010800389321,14.142094498488333,13.728498313625416,13.938923835754395,58599000
2009-02-12,13.764779449093718,14.018742455546644,13.452769258066056,13.97520637512207,75323200
2009-02-13,13.982459148813346,14.127579842206034,13.81556972861774,13.851849555969238,47416000
2009-02-17,13.508475627695974,13.515781622817329,13.07012567474722,13.216242790222168,75853300
2009-02-18,13.31122112982833,13.47925627093629,13.150493379068998,13.238163948059082,54946900
2009-02-19,13.369667545840132,13.428114126617931,13.011682064391561,13.08474063873291,49195600
2009-02-20,12.982460812581243,13.289305741748649,12.9020962331518,13.150494575500488,69413800
2009-02-23,13.165108018179364,13.260083209649329,12.536806095684097,12.573334693908691,70803400
2009-02-24,12.441826285294551,12.675612571484914,11.952335726029908,12.544107437133789,122674500
2009-02-25,12.427216018364792,12.59524976069495,12.025394563929101,12.39068603515625,105894600
2009-02-26,12.45643859116066,12.478356581050075,11.996171951293945,11.996171951293945,83219500
2009-02-27,11.90119651271454,12.069230250968037,11.762385366842532,11.798913955688477,93428000
2009-03-02,11.660105006937314,11.871974054501974,11.484765249657238,11.535905838012695,80602100
2009-03-03,11.71124477037216,11.864666515504224,11.42631717925939,11.601656913757324,80476600
2009-03-04,11.776996612548828,11.981558926669274,11.608962188218548,11.776996612548828,69285100
2009-03-05,11.587041440291786,11.601653428813167,11.155998229980469,11.155998229980469,89708500
2009-03-06,11.214449427849903,11.411706477290101,10.863769222445415,11.163308143615723,92821400
2009-03-09,11.10486004947611,11.499374791472691,11.031802176803058,11.068330764770508,66479100
2009-03-10,11.229057148541465,12.14228631243548,11.141387299303053,12.040003776550293,95184200
2009-03-11,12.14959378490628,12.56602723485401,12.003478031719279,12.500274658203125,84522200
2009-03-12,12.42721462249756,12.449132609960781,12.040005204837971,12.427214622497559,93694100
2009-03-13,12.40529591805516,12.456436492370724,11.820830220911366,12.164203643798828,82965800
2009-03-16,12.288405099778902,12.390686267729885,11.864667040940885,11.871973037719727,67028900
2009-03-17,11.92311422236589,12.34685230255127,11.87927963296091,12.34685230255127,62481000
2009-03-18,12.441828011648207,12.580637767411533,12.127677123436639,12.39068603515625,70710700
2009-03-19,12.690228114538503,12.748674702444386,12.361465186645054,12.52219295501709,58994600
2009-03-20,12.653696857201497,12.894789182319949,12.332239959218084,12.4637451171875,81725500
2009-03-23,12.690225486724794,13.581536116091534,12.646389509765235,13.391584396362305,71600000
2009-03-24,13.17971740898547,13.30391517578357,13.03360025802376,13.099352836608887,50044100
2009-03-25,13.135881873554345,13.376974205392386,12.799814365800426,13.062823295593262,73927100
2009-03-26,13.274691387877734,13.793404579538471,13.238162800160554,13.756875991821289,63775100
2009-03-27,13.545005502466806,13.603452069526462,13.187018711565834,13.245465278625488,47670400
2009-03-30,12.960540597778063,12.975152590346532,12.617167133276899,12.770588874816895,49633000
2009-03-31,13.026292422610675,13.727652697370626,12.989763836764068,13.420807838439941,92423300
2009-04-01,13.318524113558183,14.144083458152277,13.281995530937676,14.107553482055664,96438900
2009-04-02,14.246365878098182,14.531292749747752,13.881074445326433,14.092944145202637,99082300
2009-04-03,13.976052910124707,13.990664905325684,13.464645619379588,13.698431968688965,81858400
2009-04-06,13.545008414676433,13.70573616027832,13.34775068588568,13.70573616027832,47476100
2009-04-07,13.70573616027832,13.98335706513183,13.610759597463643,13.70573616027832,65815200
2009-04-08,13.859155004110562,14.3340349316877,13.851849009004258,14.01988410949707,56408900
2009-04-09,14.20983485223624,14.392480537259965,14.04179976297266,14.370562553405762,55759600
2009-04-13,14.385177095945691,14.5020702436308,14.151390800575472,14.312118530273438,44444700
2009-04-14,14.202528527015032,14.282891678991122,13.881071738682794,14.136775970458984,63796300
2009-04-15,14.034496881510247,14.063720866465033,13.523089686088207,13.756875991821289,72725500
2009-04-16,13.997965600841816,14.450927526165337,13.873766475630209,14.436315536499023,67688700
2009-04-17,14.385173654411561,14.385173654411561,13.88107120469923,14.027188301086426,61398500
2009-04-20,13.800704039072935,13.844539995742208,13.566917844072698,13.596141815185547,62937200
2009-04-21,13.581537598923749,13.939523088987285,13.56692560500856,13.859158515930176,60928300
2009-04-22,13.705736364660853,14.019887257387907,13.661901777656919,13.720348358154297,59401000
2009-04-23,13.822627067565918,13.837239058460899,13.493864239809596,13.822627067565918,86116300
2009-04-24,14.480157352684099,15.488362848186652,14.246370975024588,15.276493072509766,168478500
2009-04-27,15.013477764049167,15.210735477889248,14.816221443685356,14.903890609741211,68219600
2009-04-28,14.794304583378793,14.808916576660904,14.458237098748478,14.560518264770508,76685200
2009-04-29,14.692021785705654,15.261875525658036,14.655491806557283,14.794302940368652,79301600
2009-04-30,15.050010234377217,15.415301738155904,14.618966148440245,14.80161190032959,87439900
2009-05-01,14.750466353376348,14.86735948380577,14.509374097681164,14.786994934082031,63224500
2009-05-04,14.881973391136926,14.903889984994045,14.597045129708453,14.750468254089355,54313400
2009-05-05,14.713938631698085,14.786997197769752,14.348647194815998,14.458235740661621,66835500
2009-05-06,14.655492057536001,14.662798053490793,14.32673060042787,14.458235740661621,59639100
2009-05-07,14.582432130657272,14.604350116476299,13.98335445303173,14.114859580993652,68727200
2009-05-08,14.21713838480183,14.348643491090996,13.983352148499263,14.187915802001953,67597600
2009-05-11,14.027190424669781,14.414398419806425,13.88837930143485,14.114859580993652,63762600
2009-05-12,14.253668294586188,14.655488212339504,14.224444318434589,14.531289100646973,71966800
2009-05-13,14.5532124094092,14.61165898962866,14.370566672038843,14.4290132522583,49281700
2009-05-14,14.487456219528456,14.779689047747366,14.46553823485852,14.655489921569824,54539500
2009-05-15,14.706636823088,14.976953176476071,14.59704963951643,14.77238941192627,61289900
2009-05-18,14.874662438278586,15.050002098083496,14.786991911638257,15.050002098083496,46073800
2009-05-19,15.079423930162438,15.248524883961597,14.88826578147907,14.932378768920898,51368300
2009-05-20,15.005897177460154,15.211760065497042,14.866204453352044,14.983839988708496,47450700
2009-05-21,14.807378251772107,14.873548378012085,14.344188770417665,14.572107315063477,58232800
2009-05-22,14.652984460594377,14.829437690042015,14.314781385742197,14.520644187927246,37318700
2009-05-26,14.366251119242836,15.035303612275548,14.300080969177984,14.954428672790527,44991700
2009-05-27,14.88826475516152,15.14559306843208,14.75592439963229,14.800037384033203,42892900
2009-05-28,14.939726232930727,15.16764489548433,14.741215751516563,15.035305976867676,45480800
2009-05-29,15.116180282665145,15.39556573025479,14.925022187558069,15.358803749084473,46134900
2009-06-01,15.439681479902918,15.80729294371013,15.33675071878136,15.733770370483398,57317100
2009-06-02,15.704362182588573,16.160199612406707,15.58672662635638,15.733770370483398,48935700
2009-06-03,15.667590665034675,15.998441342152553,15.652887281193786,15.976384162902832,56039600
2009-06-04,16.00579282331699,16.10137112330243,15.86610016734549,16.04990577697754,42330000
2009-06-05,16.145491705414443,16.40281996094734,16.035208567993536,16.27783203125,59579200
2009-06-08,16.160185512731122,16.41016120220369,15.902857432118163,16.211650848388672,49000600
2009-06-09,16.219008363098393,16.410166386159656,16.086668085415546,16.233713150024414,50887700
2009-06-10,16.299887307678848,16.63073808345876,16.263126733625974,16.57927131652832,61297200
2009-06-11,16.608680090748244,17.101279331685756,16.59397530091108,16.785133361816406,65124600
2009-06-12,16.83659458633891,17.189501041748713,16.718959101202312,17.152740478515625,50963500
2009-06-15,17.079225123532563,17.307145198753183,16.924829010311676,17.218917846679688,69089600
2009-06-16,17.255685451724922,17.72622918384142,17.233629656470253,17.240982055664062,105295600
2009-06-17,17.277733920036344,17.51300496606467,17.035110478528875,17.41007423400879,86483100
2009-06-18,17.36595443581114,17.417419781604814,17.130682079957122,17.277727127075195,58852200
2009-06-19,17.67475589063036,17.895322158537436,17.461540616304212,17.69681167602539,115459000
2009-06-22,17.60858319938827,17.60858319938827,17.093926778461217,17.115983963012695,71291600
2009-06-23,17.189503388980796,17.39536621724328,17.064515493665322,17.16009521484375,56752700
2009-06-24,17.240969069847644,17.461535270225475,17.174798929269155,17.255672454833984,54287700
2009-06-25,17.22626711751541,17.586526051995165,17.057166242574574,17.490947723388672,57724300
2009-06-26,17.32919458616936,17.417421905664654,17.145388956019367,17.16744613647461,65126400
2009-06-29,17.351257531747294,17.66740354501995,17.31449555210737,17.542415618896484,62854900
2009-06-30,17.62327997827652,17.82179035782338,17.373304256400935,17.47623634338379,66452400
2009-07-01,17.682102273402347,17.86590791617088,17.615932129819615,17.67475128173828,54908400
2009-07-02,17.468895899972594,17.674758812422635,17.064522472194984,17.182159423828125,65422200
2009-07-06,17.064521862453365,17.11598864047166,16.81454738085321,17.057170867919922,49207700
2009-07-07,16.968931665314894,17.0130446133607,16.51309319442377,16.564559936523438,52842500
2009-07-08,16.40281469336084,16.6822000475868,16.1748960955744,16.586620330810547,73023400
2009-07-09,16.652793921467083,16.77042944161253,16.446932462375557,16.498397827148438,46981200
2009-07-10,16.31460134446876,16.57192971565679,16.285191746697873,16.461645126342773,43229200
2009-07-13,16.48369545669785,17.123339918437097,16.277832565055355,17.079225540161133,67584000
2009-07-14,17.057167470685673,17.071870859150433,16.80719163654628,16.990997314453125,45448700
2009-07-15,17.461535236090135,17.73356819152832,17.32184256155022,17.73356819152832,67238700
2009-07-16,17.59387410633141,17.96883773803711,17.542408757292005,17.96883773803711,64555100
2009-07-17,17.939430275871285,17.976192245455948,17.7188640676663,17.858556747436523,52860100
2009-07-20,17.96884684487026,18.035017013549805,17.75563154527477,18.035017013549805,47798000
2009-07-21,18.152640682445192,18.255571365356445,17.91736974874783,18.255571365356445,52028400
2009-07-22,18.160001266957057,18.30704496569122,18.020308561182492,18.233522415161133,66192500
2009-07-23,18.329103821985488,18.909929079222525,18.26293366071054,18.792293548583984,106060500
2009-07-24,17.358617638111497,17.56447920623113,16.770438323547566,17.240982055664062,215135700
2009-07-27,17.23362075319712,17.240973148592516,16.836599815801836,16.990997314453125,80950000
2009-07-28,16.902765973299175,17.314490201756453,16.836595832720686,17.255672454833984,70288400
2009-07-29,17.446835185230636,17.579175502056327,17.16009876699236,17.498300552368164,73626900
2009-07-30,17.792385393238586,17.96148623483873,17.432125127463454,17.505647659301758,67820000
2009-07-31,17.47624032966836,17.696806533480732,17.27772990484179,17.292434692382812,54258200
2009-08-03,17.513004736575212,17.542414318106395,17.277733693629862,17.520357131958008,46902900
2009-08-04,17.41006621686817,17.490941127570686,17.29978314011727,17.47623634338379,49218300
2009-08-05,17.527704839550946,17.82914595799491,17.49094427479462,17.505647659301758,53310300
2009-08-06,17.593875107337645,17.630635672364264,17.108628356892805,17.248319625854492,59686000
2009-08-07,17.461538710637154,17.513004074043717,17.277733039998868,17.32184600830078,46169700
2009-08-10,17.248326029153393,17.31449619262697,17.130690494606192,17.218917846679688,35261900
2009-08-11,17.145397621931757,17.20421539721539,16.94688710447711,17.005704879760742,33615800
2009-08-12,17.005702997219633,17.571824898108545,16.932181837998712,17.299793243408203,61972300
2009-08-13,17.373313976058355,17.535063887955836,17.204213070280254,17.365962982177734,38954500
2009-08-14,17.365955990541142,17.498294862004776,17.285081067153126,17.417421340942383,46330200
2009-08-17,17.145394659962918,17.351257539054778,17.079224498909323,17.093929290771484,42474400
2009-08-18,17.21961594413505,17.48578336201455,17.20482847363874,17.43402862548828,38878900
2009-08-19,17.19004027691315,17.537537357630796,17.19004027691315,17.485782623291016,41821300
2009-08-20,17.44882697254589,17.648453718049065,17.404465943615747,17.500581741333008,39505900
2009-08-21,17.69280992677939,18.05509461980064,17.57451294171985,18.047700881958008,69011400
2009-08-24,18.047696939369544,18.284290857803775,17.95158118883476,18.217748641967773,54180900
2009-08-25,18.18817510726899,18.350833073639777,18.08466421029577,18.217748641967773,43980300
2009-08-26,18.180781916011128,18.2990788787742,18.055091216798985,18.151206970214844,41079000
2009-08-27,18.047688951663837,18.321251430159588,17.966359299368545,18.254709243774414,45495600
2009-08-28,18.535668783073625,18.846198595511453,18.195565441466382,18.2473201751709,55808000
2009-08-31,18.16598924611119,18.373009576826846,17.958970325606167,18.22513771057129,49592800
2009-09-01,18.00333536059952,18.29168401325963,17.67062429198328,17.74456024169922,62608500
2009-09-02,17.61148110793059,17.8480750899685,17.581907565281536,17.641056060791016,40771300
2009-09-03,17.678021473843973,17.8480732041901,17.567118232757853,17.82589340209961,34120000
2009-09-04,17.81109957763592,18.336042056401922,17.803705842837857,18.202959060668945,44999700
2009-09-08,18.20296906824323,18.365627092594107,18.047703372543833,18.350839614868164,53737100
2009-09-09,18.291693122965242,18.446958835715883,18.239938355452242,18.32126808166504,49900300
2009-09-10,18.33605101062247,18.52089024020621,18.225147754914506,18.483922958374023,46256000
2009-09-11,18.43216016210659,18.6096055759039,18.34343675010254,18.38040542602539,54303500
2009-09-14,18.225147754914506,18.550465193841084,18.21775401650579,18.483922958374023,42806800
2009-09-15,18.461735151522667,18.683542993955157,18.380406878487232,18.63178825378418,44716600
2009-09-16,18.668755522417477,18.742691469894975,18.44694909019589,18.63178825378418,50055800
2009-09-17,18.52828304861538,18.76487702497326,18.52828304861538,18.70572853088379,42428800
2009-09-18,18.82402177635223,18.83880924948729,18.557854310976374,18.676151275634766,68016500
2009-09-21,18.565251738803383,18.757484697146996,18.557858000765783,18.70572853088379,28878700
2009-09-22,18.779660054477155,19.09018992747371,18.698331775742794,19.05322265625,61376700
2009-09-23,19.164127193996613,19.408114867349127,18.957106794402225,19.008861541748047,60599900
2009-09-24,19.16411230291725,19.304590372422528,18.97187952628108,19.17889976501465,56302900
2009-09-25,18.99407103081162,19.090186766203423,18.86838035516956,18.890560150146484,50158900
2009-09-28,18.927532065832605,19.341571428743936,18.927532065832605,19.097583770751953,44358000
2009-09-29,19.15672426441717,19.19369152043573,18.99406636364092,19.038427352905273,39050300
2009-09-30,19.04583128121185,19.215883006261045,18.764874908319875,19.01625633239746,63533400
2009-10-01,18.787058481809016,18.831419500396414,18.336050327167836,18.395198822021484,75958100
2009-10-02,18.084663551782523,18.550459045673616,18.062483754118812,18.454341888427734,51219700
2009-10-05,18.469130032856892,18.52827851246545,18.129026627660433,18.217748641967773,60804900
2009-10-06,18.247324860465014,18.63918303639266,18.23253738697802,18.565248489379883,48795300
2009-10-07,18.476522110392153,18.61700026568046,18.39519242940247,18.557851791381836,38472700
2009-10-08,18.809228823671045,19.14933211993247,18.646569499189024,18.979280471801758,60521300
2009-10-09,18.905347620271613,19.068006971226495,18.82401794479417,18.890560150146484,39520000
2009-10-12,18.971895319387055,19.141947044436254,18.890565620358668,19.01625633239746,29145800
2009-10-13,18.92013812992656,19.1789132578456,18.86838338638495,19.082796096801758,37749000
2009-10-14,19.32677755038958,19.371139953656222,19.090183707142998,19.193693161010742,45365500
2009-10-15,19.149343649989557,19.74822235107422,19.149343649989557,19.74822235107422,65620100
2009-10-16,19.555985457019524,19.689068479653184,19.297210327622796,19.592952728271484,56500900
2009-10-19,19.585560491406124,19.65210271292278,19.40811503743208,19.489444732666016,48143200
2009-10-20,19.53380488843049,19.600347107033972,19.178913996019272,19.496837615966797,54604700
2009-10-21,19.56338568498161,19.7777998934382,19.511630920240112,19.652109146118164,61672700
2009-10-22,19.6373150969578,19.755612065416916,19.31939146539476,19.659496307373047,61600000
2009-10-23,21.589211097386283,21.700114294111113,20.61325929966006,20.71677017211914,281761000
2009-10-26,20.798108648370008,21.45613723793186,20.783322582363933,21.204755783081055,124149700
2009-10-27,21.241710210354857,21.352613394456885,21.027297575785667,21.138200759887695,69685800
2009-10-28,20.879428099968184,21.271287565953955,20.66501544099493,20.71677017211914,73542400
2009-10-29,20.75374178430217,21.00512316834734,20.591083822359806,20.86464500427246,65225500
2009-10-30,20.72416722948351,20.99772839791985,20.450604650836286,20.50235939025879,73371800
2009-11-02,20.48018295806565,20.738956697690746,20.26576881927787,20.613265991210938,62428900
2009-11-03,20.435828132342696,20.509764118377827,20.2805638308594,20.35449981689453,50294800
2009-11-04,20.47279190023784,20.990340857425075,20.421037145540247,20.746353149414062,63898400
2009-11-05,21.086451022500064,21.249108970311223,20.9090056039213,21.049482345581055,52681700
2009-11-06,20.98294728575054,21.167786502683622,20.84986423413622,21.086458206176758,38908500
2009-11-09,21.160389236693955,21.441344160371507,21.093847021310406,21.433950424194336,57518000
2009-11-10,21.367414109991174,21.648370521473304,21.300871876230218,21.44874382019043,65881100
2009-11-11,21.500484880417535,21.66314278698185,21.456123889574627,21.530059814453125,49693400
2009-11-12,21.448738674461698,21.803629562571324,21.441344938016368,21.7075138092041,55352400
2009-11-13,21.788849451186792,22.02544486673956,21.71491488217628,21.907146453857422,53037600
2009-11-16,21.892351895028362,22.032828649832314,21.714906459846294,21.84059715270996,54129500
2009-11-17,21.907435099283852,22.27874755859375,21.885155841805194,22.27874755859375,75648900
2009-11-18,22.278746296158342,22.382713325611494,22.137647173011533,22.360435485839844,59431200
2009-11-19,22.271320344201204,22.278746763095583,22.055959862042457,22.11536979675293,51967700
2009-11-20,22.026251955098374,22.107941138216475,21.85544858716455,21.99654769897461,42647100
2009-11-23,22.15992151067709,22.286167768325193,22.05595450430015,22.23418426513672,41832700
2009-11-24,22.241617833063493,22.271322094530937,22.093092276392227,22.211912155151367,37341400
2009-11-25,22.137646525579047,22.174778618186746,21.966843148917132,22.12279510498047,32033500
2009-11-27,21.617815154534142,21.82574925715943,21.350469689507527,21.69950294494629,29357900
2009-11-30,21.647512627470423,21.87030091724196,21.53611919080685,21.840595245361328,44172000
2009-12-01,21.92228309239878,22.315873305752458,21.840593916143046,22.286169052124023,49904200
2009-12-02,22.20448399059635,22.271320344201204,22.018827767570556,22.11536979675293,36308600
2009-12-03,22.159924663386207,22.427270050898606,22.100514734655054,22.152498245239258,43095200
2009-12-04,22.31587090598839,22.553511991682388,22.152493987490168,22.263887405395508,58810700
2009-12-07,22.11536868645893,22.33815557632712,22.04110591768803,22.12279510498047,38082700
2009-12-08,21.922288570063916,22.085665546953653,21.818320115275295,21.95941925048828,37402200
2009-12-09,21.885155204460677,22.13764778275383,21.72177823704229,22.063385009765625,44713300
2009-12-10,22.06338391941944,22.249040134492756,22.02625324298258,22.182205200195312,45940200
2009-12-11,22.256468782693847,22.278748040654577,22.12279748426343,22.167354583740234,43744200
2009-12-14,22.211909943954304,22.397566163088957,22.204483525215572,22.360435485839844,34651200
2009-12-15,22.197056152041007,22.43469587568413,22.1896297336216,22.293598175048828,49473200
2009-12-16,22.33072710939411,22.583219650187164,22.308449272317553,22.35300636291504,55737800
2009-12-17,22.241608358354444,22.249033358224814,21.959410204181648,21.981689453125,43691200
2009-12-18,22.15991644127493,22.612917865048214,22.13021077970899,22.54608154296875,94118000
2009-12-21,22.575795662907865,22.902551000838862,22.553517823432824,22.6649112701416,40129100
2009-12-22,22.724314584640997,22.96938066260566,22.67975750222309,22.887691497802734,36321000
2009-12-23,22.806011676542628,22.984242912123197,22.79116025394816,22.961963653564453,28362700
2009-12-24,22.932258130387066,23.021373748779297,22.84314392843953,23.021373748779297,11083900
2009-12-28,23.021371055063632,23.155043758788675,22.939681865799542,23.14761734008789,25384000
2009-12-29,23.28128703271466,23.39268046593022,23.1921714362756,23.310991287231445,29716200
2009-12-30,23.132760167762147,23.2367285936456,22.87284122771991,22.991661071777344,42006200
2009-12-31,23.00651672750727,23.01394314572704,22.635204315185547,22.635204315185547,31929700
2010-01-04,22.73917154841483,23.095631105401104,22.71689229493655,22.984237670898438,38409100
2010-01-05,22.909973314265528,23.0956294976608,22.754021383662476,22.991661071777344,49749600
2010-01-06,22.93224697726802,23.080772463538004,22.664903085003665,22.85055923461914,58182400
2010-01-07,22.746595843189837,22.798580766357617,22.419841967658314,22.612924575805664,50559700
2010-01-08,22.486678335343434,22.932252060023313,22.4569726649278,22.768875122070312,51197400
2010-01-11,22.806009606808765,22.84314170103679,22.367862226474585,22.47925567626953,68754700
2010-01-12,22.39014037336676,22.575796597717137,22.211910567963745,22.330730438232422,65912100
2010-01-13,22.471829417841377,22.664912059871757,22.28617319470962,22.538665771484375,51863500
2010-01-14,22.50895527823849,23.0956294976608,22.47182460813714,22.991661071777344,63228100
2010-01-15,23.08077921700212,23.199599074207338,22.806007411937287,22.917402267456055,79913200
2010-01-19,22.835715464555605,23.199601492228833,22.7837319486658,23.09563446044922,46575700
2010-01-20,22.88026918489498,22.976811199966694,22.508956793114727,22.71689224243164,54849500
2010-01-21,22.731744188105004,22.813431947916428,22.278742634605837,22.286169052124023,73086700
2010-01-22,22.278740965450382,22.427266471797733,21.417296428101835,21.506410598754883,102004600
2010-01-25,21.7143423034546,22.026244680182113,21.610375316693414,21.773752212524414,63373000
2010-01-26,21.68464189710271,22.16734767082898,21.602952726499545,21.907428741455078,66639900
2010-01-27,21.796038343476113,22.145071492441577,21.550972214107933,22.03367805480957,63949500
2010-01-28,22.159924756037626,22.18220401057162,21.454430610016622,21.654939651489258,117513700
2010-01-29,22.204478039944618,22.21933087375292,20.540998897408123,20.92716407775879,193888500
2010-02-01,21.083120032226113,21.149956385192752,20.734086846190554,21.097972869873047,85931100
2010-02-02,21.06826829020367,21.164808900549527,20.897463492754017,21.135103225708008,54413700
2010-02-03,20.986580207167652,21.380171920899212,20.882613172630666,21.261350631713867,61397900
2010-02-04,21.0756877631353,21.164803347835303,20.65239192280966,20.674671173095703,77850000
2010-02-05,20.793489147785483,21.00142454918319,20.474160337813444,20.80834197998047,80960100
2010-02-08,20.8009197989651,20.8529033057874,20.47416450636796,20.58555793762207,52820600
2010-02-09,20.771214815030334,21.04598660988658,20.607837871554203,20.800920486450195,59195800
2010-02-10,20.815773634512098,20.971724162473386,20.674674526039222,20.786067962646484,48591300
2010-02-11,20.74150931580499,21.090542435384215,20.570705964720112,20.88260841369629,65993700
2010-02-12,20.652392894991724,20.83804907344908,20.481589550757576,20.74150848388672,81117200
2010-02-16,20.987728317747248,21.166793023532588,20.905658535919812,21.151870727539062,51935600
2010-02-17,21.286163348507245,21.375694256473228,21.15932670966533,21.330928802490234,45882900
2010-02-18,21.330922653038076,21.659205874765476,21.271234923911976,21.614439010620117,42856500
2010-02-19,21.480141785102298,21.577133807207613,21.405531771061778,21.465219497680664,44451800
2010-02-22,21.517455945744913,21.592065993992065,21.37569699638215,21.43538475036621,36707100
2010-02-23,21.39807631683038,21.50999065611395,20.957878682322725,21.13694190979004,52266200
2010-02-24,21.278705220465056,21.480151926563543,21.17425058226492,21.360774993896484,43165900
2010-02-25,21.09217821419843,21.375694658851824,20.905653825511994,21.338390350341797,48735300
2010-02-26,21.37568745360962,21.52490748348746,21.271234286535734,21.390609741210938,40370600
2010-03-01,21.46523185566757,21.674138307571692,21.28616857272041,21.651756286621094,43805400
2010-03-02,21.69651743264717,21.860658386907456,21.069795355554167,21.233936309814453,93123900
2010-03-03,21.271242042420102,21.34585208456321,21.151866544218404,21.233936309814453,48442100
2010-03-04,21.233938337064288,21.375697288363405,21.092180808833493,21.360774993896484,42890600
2010-03-05,21.383155402648413,21.398077694998786,21.204092163648323,21.330928802490234,56001800
2010-03-08,21.278705220465056,21.584605141695356,21.263782925998136,21.360774993896484,39414500
2010-03-09,21.308554179594832,21.718908850590463,21.30109303033287,21.48761749267578,50271600
2010-03-10,21.532369272489053,21.718893603891576,21.487602408343694,21.614439010620117,44891400
2010-03-11,21.554756830258505,21.778586939401954,21.524913669546894,21.77112579345703,35349700
2010-03-12,21.875576396960263,21.92034184425429,21.666670027542885,21.838272094726562,31700200
2010-03-15,21.771120214437726,21.91287910492828,21.644283612013066,21.853191375732422,37512000
2010-03-16,21.950188063564216,22.002414659818438,21.786047129184098,21.912883758544922,36723500
2010-03-17,22.00988239003472,22.285939168195437,21.935272334607355,22.106874465942383,50385700
2010-03-18,22.10686842409481,22.174017313320682,22.00987637469525,22.091947555541992,43845200
2010-03-19,22.203857251247154,22.308310424604283,21.89795745235748,22.0770206451416,81332100
2010-03-22,22.009870271297785,22.159090299991277,21.927799113209602,22.08448028564453,37718200
2010-03-23,22.077032206519135,22.308322107104523,21.94273438583455,22.293399810791016,42026600
2010-03-24,22.174022263561206,22.271015757682136,22.084491339984748,22.121795654296875,33987700
2010-03-25,22.256086905208626,22.808198848150735,22.233703469375367,22.390384674072266,73168700
2010-03-26,22.450079434083392,22.532150634737004,22.077030591939195,22.129257202148438,55595500
2010-03-29,22.166551529999783,22.248622693676246,22.047176068143703,22.0770206451416,33336000
2010-03-30,22.10686816735885,22.278471672869873,22.009876119085696,22.211322784423828,34954800
2010-03-31,22.114324301546976,22.174012030742833,21.76365907040478,21.853191375732422,63760000
2010-04-01,21.89796353911032,22.039722473118108,21.35331266511746,21.75620460510254,74768100
2010-04-05,21.733817486949963,21.9576475695559,21.659208882482563,21.838272094726562,34331200
2010-04-06,21.74873371271829,22.069555745515533,21.62189712819537,21.87557029724121,47366800
2010-04-07,21.75620174745386,22.05464044584849,21.74127945676714,21.897960662841797,58318800
2010-04-08,21.87557582761256,22.368000004234396,21.860653537880292,22.32323455810547,63713800
2010-04-09,22.345621013263518,22.688825185090902,22.308315283890064,22.636598587036133,54752500
2010-04-12,22.569441283353754,22.748504448387465,22.539596710981034,22.621667861938477,37068800
2010-04-13,22.494836005997453,22.755970376903356,22.47991371667304,22.718666076660156,41374600
2010-04-14,22.97233844889765,23.129018211775854,22.875344994962568,22.994720458984375,68941200
2010-04-15,22.994722473050466,23.09171593548103,22.91265130069659,23.032028198242188,52745400
2010-04-16,22.97233909000299,23.114096568067648,22.83058018887051,22.8828067779541,88703100
2010-04-19,22.957416436018846,23.315542832388054,22.94995529154435,23.158863067626953,64970300
2010-04-20,23.29316082676132,23.457303169126128,23.226011945442604,23.397615432739258,52199500
2010-04-21,23.375242233276367,23.50207890652001,23.300632174356252,23.375242233276367,55343100
2010-04-22,23.158865203592253,23.52445277815447,23.054410594383096,23.419998168945312,84847600
2010-04-23,23.218551391073063,23.561755507224944,22.86788470718902,23.09917449951172,126766600
2010-04-26,23.129018920211397,23.33792670018224,23.024565741759886,23.211090087890625,63649300
2010-04-27,23.091713213711845,23.315541846208347,22.942493176669014,23.01710319519043,68730900
2010-04-28,23.069339351599893,23.12902710656507,22.845510626247563,23.061878204345703,64557900
2010-04-29,23.07679980681907,23.44984861993139,22.882814253232468,23.129026412963867,52665200
2010-04-30,23.18124886016681,23.188710005858653,22.77089580859191,22.785818099975586,63214800
2010-05-03,22.88280963888333,23.173787199053073,22.815660752218314,23.024568557739258,43989500
2010-05-04,22.77089266103624,22.793274671949924,22.196397329787803,22.47991371154785,82085600
2010-05-05,22.211325509841515,22.450076510026236,22.151637759795335,22.271013259887695,66833800
2010-05-06,22.077026233465038,22.293393779197554,20.823582143626084,21.621906280517578,128613000
2010-05-07,21.584602105668726,21.599524398036724,20.383384608339316,21.04741096496582,173718100
2010-05-10,21.64428285775699,21.994948076679268,21.42045281377173,21.592056274414062,86653300
2010-05-11,21.398072186118565,22.12178610197578,21.316001022388658,21.547290802001953,63789400
2010-05-12,21.621905189120252,22.069563973333373,21.57713973761935,21.965110778808594,47146800
2010-05-13,21.83081164911926,22.181476939782158,21.771123909792216,21.815889358520508,45188800
2010-05-14,21.786045185757125,21.793504907641125,21.368229606858627,21.584598541259766,63334000
2010-05-17,21.726354016191685,21.808423751558717,21.2264687679459,21.592056274414062,46053300
2010-05-18,21.637028957170237,21.734458660119614,21.284779919184796,21.434673309326172,52690600
2010-05-19,21.37471980376791,21.50212877778891,20.827611268644,21.16486930847168,61746700
2010-05-20,20.722683998731707,20.8650825911797,20.26551182743466,20.317974090576172,87991100
2010-05-21,19.958231430826093,20.31797534069683,19.81583425910617,20.115619659423828,117596300
2010-05-24,20.12311229757634,20.130607110460197,19.680928343854422,19.68842315673828,73711700
2010-05-25,19.22375909976459,19.733395054886476,19.021403394732715,19.53853416442871,98373600
2010-05-26,19.65844641699612,19.943243625014208,18.40684109525981,18.74410057067871,176684100
2010-05-27,19.28371116589355,19.755874354695642,19.28371116589355,19.486066818237305,136433600
2010-05-28,19.366141800795393,19.575992147926833,19.23123810831722,19.336162567138672,67496900
2010-06-01,19.133819378817655,19.718400473896573,19.126324566125703,19.40362548828125,76152400
2010-06-02,19.531032840664363,19.845807800422097,19.283709760103946,19.83081817626953,65718800
2010-06-03,19.898274573676787,20.18307177928622,19.793350039762554,20.1306095123291,67837000
2010-06-04,19.56101158148377,19.913259162995065,19.20126918809063,19.328678131103516,89832200
2010-06-07,19.35116016323169,19.358654974736282,18.91647110238914,18.95394515991211,80456200
2010-06-08,18.923968630306472,18.931463442886898,18.474289881906273,18.81904411315918,87355000
2010-06-09,18.9014863109064,19.126326425049612,18.54923865708504,18.5792179107666,87794000
2010-06-10,18.834040157767596,18.84902978917526,18.571728755583173,18.736610412597656,78930900
2010-06-11,18.766583771406598,19.276218213525652,18.564228099534475,19.231250762939453,68057700
2010-06-14,19.38114330483436,19.456088575965943,19.088851315361406,19.11133575439453,50972400
2010-06-15,19.298703946554053,19.97322146849686,19.291209132705962,19.920759201049805,81641500
2010-06-16,19.83831425733538,19.92075576595877,19.65844304446653,19.725894927978516,48698000
2010-06-17,19.905763832798318,19.988205331862716,19.516043631514723,19.76336669921875,47995500
2010-06-18,19.7633755842044,19.883289766122676,19.613482142061653,19.815837860107422,52075600
2010-06-21,20.070652195721667,20.153092287332765,19.4036280722056,19.448596954345703,54625300
2010-06-22,19.605974918247888,19.8233201288466,19.306189653188376,19.313684463500977,55985400
2010-06-23,19.32119180797282,19.32119180797282,18.901490735129606,18.968942642211914,61466200
2010-06-24,19.081363358034288,19.276224277864095,18.68414813216077,18.736610412597656,85243400
2010-06-25,18.77407775235003,18.819046633855894,18.219474412516803,18.384357452392578,156256700
2010-06-28,18.369366285273042,18.444312985343647,18.077075727436036,18.219472885131836,73784800
2010-06-29,18.084575144685086,18.137038852881215,17.320122551481408,17.470014572143555,119882100
2010-06-30,17.462514457589076,17.747311640556656,17.20020314365769,17.24517059326172,81050500
2010-07-01,17.30512745952914,17.477503872163634,17.035319906195543,17.357589721679688,92239400
2010-07-02,17.507484853980912,17.597419760983247,17.275149913664144,17.440032958984375,62485100
2010-07-06,17.762306589953397,18.054597244207837,17.67237023430364,17.85224151611328,73592000
2010-07-07,17.852232711460527,18.22696472112003,17.694845953558335,18.21197509765625,79965300
2010-07-08,18.43681883460951,18.45180846105992,17.964655607847924,18.29442024230957,50758100
2010-07-09,18.23446253497554,18.29441960921283,18.099558760569277,18.189495086669922,53806100
2010-07-12,18.30940844365275,18.654161248241614,18.301913631010905,18.609193801879883,49854200
2010-07-13,18.84152496308907,18.96143909166089,18.661653770231347,18.834030151367188,61928700
2010-07-14,19.1113355511259,19.19377706388109,18.8265398071825,19.066368103027344,72808100
2010-07-15,19.11133872769305,19.17879062579702,18.721616967423365,19.118833541870117,56934700
2010-07-16,19.118833745442736,19.216263471802744,18.646670453687467,18.654165267944336,65064800
2010-07-19,18.706631308042496,18.961449326168808,18.66915865869625,18.908987045288086,38181800
2010-07-20,18.631673353428027,19.09634017944336,18.511759241586073,19.09634017944336,45530700
2010-07-21,19.186282440609517,19.22375507614717,18.72161404069975,18.826539993286133,73297300
2010-07-22,19.118834371126262,19.47857689029107,19.088855113117678,19.36615753173828,73016400
2010-07-23,19.366150512016578,19.50105426517673,18.923966623097925,19.343666076660156,108520100
2010-07-26,19.38114484467606,19.635962789339224,19.336175963037014,19.561016082763672,67249900
2010-07-27,19.59099220087515,19.665938900921123,19.456088426690275,19.605981826782227,60672100
2010-07-28,19.538531859646817,19.628468194437477,19.358660619555042,19.448596954345703,69704800
2010-07-29,19.583493994140973,19.793344432005156,19.186278982865865,19.508548736572266,69446200
2010-07-30,19.298698635436498,19.366150512016578,18.998913311463475,19.343666076660156,83534800
2010-08-02,19.478578533540283,19.770869176333658,19.2987072587836,19.733396530151367,55044600
2010-08-03,19.635961078596377,19.74838041392064,19.463583239643814,19.605981826782227,56877700
2010-08-04,19.598491266689802,19.66594316841926,19.066372296923745,19.283716201782227,78531900
2010-08-05,19.103831796239866,19.17128365156013,18.89398142085586,19.013896942138672,64922100
2010-08-06,18.87149908527946,19.156294705926847,18.751584989271215,19.148799896240234,55982100
2010-08-09,19.148810109594596,19.283713896929374,19.013907751749365,19.19377899169922,57096500
2010-08-10,18.983927168377523,18.991421981537083,18.64666772364449,18.789066314697266,87257700
2010-08-11,18.496768182806818,18.661649716403936,18.406831891170025,18.631671905517578,76746900
2010-08-12,18.30191358037497,18.496774420055818,18.256946134137646,18.3543758392334,70240500
2010-08-13,18.249457438052872,18.489285804352555,18.167015901078674,18.286930084228516,45263500
2010-08-16,18.25694340264439,18.444309401671564,18.211974533645694,18.361867904663086,40909700
2010-08-17,18.618045806884766,18.80641131170771,18.5351659620007,18.618045806884766,52912600
2010-08-18,18.595445404499987,18.798880522386973,18.392010286612997,18.700929641723633,46818900
2010-08-19,18.55023905012408,18.640653704727775,18.24131824173556,18.414615631103516,54064600
2010-08-20,18.3166684529104,18.38448017614689,18.233788575599934,18.256391525268555,49560100
2010-08-23,18.41461165089395,18.565303188367363,18.263918676305824,18.294057846069336,51643000
2010-08-24,18.150900370795085,18.34680067054295,18.083088673301024,18.11322784423828,66522500
2010-08-25,18.08308932857451,18.248850463391776,17.98513989370859,18.158435821533203,47404800
2010-08-26,18.150902925065495,18.226249425896942,17.924864859686124,17.947467803955078,49105300
2010-08-27,17.992679567876298,18.098165269906556,17.713899314282465,18.030353546142578,60939400
2010-08-30,17.887194201545295,17.947471125944425,17.781709943125634,17.811847686767578,45453100
2010-08-31,17.781701003690443,17.87965041767848,17.57073115579723,17.68375015258789,66074600
2010-09-01,17.834446009009362,18.045415891238733,17.736496579079684,18.007741928100586,65235900
2010-09-02,17.992674996112495,18.04541855228366,17.86458637678387,18.037883758544922,48837100
2010-09-03,18.2639217193847,18.422149512777136,18.233783981714446,18.30159568786621,64189100
2010-09-07,18.15844132439664,18.309132918865856,18.022817883393667,18.052955627441406,51928700
2010-09-08,18.135837811057506,18.233788717434507,17.88719530296137,18.030353546142578,65512400
2010-09-09,18.226247253499395,18.241315402177726,18.07555426979769,18.09062385559082,46028900
2010-09-10,18.068011646837178,18.105685594993393,17.924854955186095,17.970062255859375,58284300
2010-09-13,18.233792395989664,19.055066605382315,18.15091106419838,18.919443130493164,114680400
2010-09-14,18.866688539760734,19.100261349568434,18.753668093843288,18.859153747558594,87160400
2010-09-15,18.911903752199176,19.002318422146626,18.77628031016274,18.926973342895508,56201900
2010-09-16,18.881756648980932,19.11533089543237,18.874221856793984,19.08519172668457,44548300
2010-09-17,19.137933179686996,19.235884037649303,18.896825586417652,19.002309799194336,70341600
2010-09-20,19.047522506248193,19.22835323875219,18.919433891085166,19.160541534423828,49838700
2010-09-21,19.153010577934456,19.153010577934456,18.896833296287312,18.949575424194336,52675700
2010-09-22,18.753670177836458,18.813947085037164,18.354336206549853,18.542701721191406,94299400
2010-09-23,18.467354694767177,18.527631600227714,18.35433567666802,18.40707778930664,46201800
2010-09-24,18.56531164292717,18.685865502651474,18.520104304809397,18.67079734802246,51948800
2010-09-27,18.723529928299946,18.829014142456373,18.527629646927558,18.633113861083984,43603300
2010-09-28,18.685860283918405,18.761206784481576,18.34680318705658,18.59544563293457,56041200
2010-09-29,18.557774977989723,18.58037936332967,18.38447900172914,18.45982551574707,44318900
2010-09-30,18.542703763266026,18.708464917044235,18.354338227880113,18.452287673950195,61262700
2010-10-01,18.663249197349298,18.70092171263768,18.309121230335414,18.36939811706543,62672300
2010-10-04,18.052948479622764,18.075552856545116,17.917326529432707,18.015275955200195,98143400
2010-10-05,18.128298951545354,18.422150167687782,18.015279916312885,18.346803665161133,78152900
2010-10-06,18.32419650538036,18.48995907323292,18.18103831599354,18.40707778930664,50489700
2010-10-07,18.55024313619035,18.648192606438876,18.294065829859942,18.482431411743164,50096100
2010-10-08,18.550233850534536,18.572836789292392,18.361868362941074,18.51255989074707,41327800
2010-10-11,18.640660373632688,18.640660373632688,18.45982956261603,18.52764129638672,27587800
2010-10-12,18.572836475412373,18.78380633531293,18.407075366492744,18.708459854125977,50141500
2010-10-13,18.851620045184337,19.243420639657984,18.75366917800855,19.092727661132812,75336500
2010-10-14,19.055060223587585,19.092732759721706,18.836555490087306,19.009851455688477,51949100
2010-10-15,19.10779436705554,19.250951094255946,19.009843514639964,19.243417739868164,68954800
2010-10-18,19.281101209914414,19.552348109579533,19.17561694320702,19.454397201538086,48330500
2010-10-19,19.039986264723378,19.115332756815178,18.798878639721462,18.911897659301758,66150900
2010-10-20,19.03245114564245,19.1379353704944,18.91189733520743,19.07012367248535,56283600
2010-10-21,19.137939825581753,19.24342551210431,18.874227764948035,19.15300941467285,50032400
2010-10-22,19.22835325612065,19.243422843121653,19.039987729952806,19.122867584228516,25837900
2010-10-25,19.01738024212765,19.100261519975977,18.96463813335678,18.979707717895508,50912400
2010-10-26,18.92697356027809,19.567415363959874,18.88176478766986,19.514673233032227,69304200
2010-10-27,19.431790457962173,19.672898127434657,19.303701828915532,19.627689361572266,64805500
2010-10-28,19.7482379753777,19.876326570560984,19.529734746603097,19.800981521606445,80730300
2010-10-29,20.456492879412995,20.49416684143658,19.951673285214593,20.094831466674805,114193200
2010-11-01,20.253061649430162,20.509238891475203,20.117439671684238,20.305805206298828,61912100
2010-11-02,20.388682865473417,20.659929665942606,20.358545130485076,20.637325286865234,54402100
2010-11-03,20.690070673812,20.71267505646507,20.313339585617765,20.3660831451416,110255300
2010-11-04,20.65239252041604,20.667462104751056,20.351008019289022,20.448957443237305,93599300
2010-11-05,20.47156687368219,20.48663646173753,19.989351552831483,20.230459213256836,110953700
2010-11-08,20.1023717437536,21.75245436560817,20.02702523626381,20.200321197509766,71670800
2010-11-09,20.200319529676474,20.426359033482967,20.12497302840764,20.305805206298828,58538600
2010-11-10,20.351011388640565,20.403753505430544,20.20031839457071,20.298269271850586,52277300
2010-11-11,20.102367401123047,20.132505135339375,19.800982873385813,20.102367401123047,62073100
2010-11-12,19.944137113486704,19.981811072904783,19.665356999365944,19.793445587158203,64962200
2010-11-15,19.83865108671345,19.966739662789507,19.718097301831804,19.74070167541504,51794600
2010-11-16,19.740707394449068,19.740707394449068,19.44505066569358,19.56634521484375,65339200
2010-11-17,19.63456375520782,19.6421448414796,19.369231519473047,19.3843936920166,58299700
2010-11-18,19.49053761302086,19.77103218831173,19.41472959705407,19.58909034729004,59514000
2010-11-19,19.558761401668168,19.58150466869675,19.407143959312258,19.475372314453125,52423200
2010-11-22,19.44504237226302,19.513270707803322,19.285843886631962,19.50568962097168,53350500
2010-11-23,19.38440673244519,19.407150006560553,19.020523022271355,19.04326629638672,69742500
2010-11-24,19.103908643124385,19.301011184059252,19.07358428547597,19.232784271240234,56825900
2010-11-26,19.111488919545515,19.263107820919146,19.08116600683779,19.141813278198242,21356500
2010-11-29,19.096321944663813,19.27068261209341,18.899218015678144,19.187292098999023,56603600
2010-11-30,18.990200667288082,19.308599308885576,18.952296652361554,19.14940071105957,75282100
2010-12-01,19.384399648230975,19.899902105554606,19.37681855962977,19.740703582763672,74123500
2010-12-02,19.892321142884914,20.4533086894224,19.861998234232924,20.385080337524414,91759200
2010-12-03,20.32443685670798,20.513959770374267,20.301695032472875,20.4836368560791,52622000
2010-12-06,20.415409688787292,20.453313695365477,20.28653404209824,20.34718132019043,36264200
2010-12-07,20.529123107687894,20.567027114179705,20.354762364313295,20.369924545288086,57860500
2010-12-08,20.33959548267876,20.650412891103503,20.316852216472746,20.642831802368164,41666800
2010-12-09,20.680740304163205,20.726225397356416,20.476055215876197,20.52912139892578,47148300
2010-12-10,20.61250575541689,20.771704256788855,20.551858500711674,20.726219177246094,37625800
2010-12-13,20.673157402382866,20.809614115947625,20.597347956408566,20.657995223999023,47943900
2010-12-14,20.703482370817863,21.037043098688716,20.665578367036087,20.938491821289062,64070500
2010-12-15,20.870259236455503,21.21898062773878,20.870259236455503,21.11284828186035,69634200
2010-12-16,21.04462576724298,21.21898651123047,20.968816308047714,21.21898651123047,57680200
2010-12-17,21.165919016028926,21.294794654915886,21.037043377141966,21.1507568359375,87456500
2010-12-20,21.188659051789838,21.218981961398924,20.983973989635302,21.0825252532959,52811000
2010-12-21,21.11285860165507,21.332704489282815,21.044630218542377,21.279638290405273,38153000
2010-12-22,21.23414873113771,21.529804032000893,21.21140545955394,21.37060546875,42252300
2010-12-23,21.203820775041585,21.469153114765202,21.196239685798634,21.453990936279297,24902500
2010-12-27,21.317543750993142,21.37819104198826,21.135600432062315,21.279638290405273,21652800
2010-12-28,21.20382556903346,21.355444496282306,21.19624447807649,21.234149932861328,23042200
2010-12-29,21.181081265333233,21.317537994711806,21.135594724910323,21.20382308959961,19502500
2010-12-30,21.165914454799566,21.226561716150776,21.059782108921137,21.11284828186035,20786100
2010-12-31,21.074942300254733,21.165913912924943,20.946066692439693,21.15833282470703,24752000
2011-01-03,21.264474810757104,21.363027556336345,21.16592351112325,21.211408615112305,53443800
2011-01-04,21.181078729738534,21.35543944265166,21.11285037321689,21.29479217529297,54405600
2011-01-05,21.150753059025323,21.23414358869195,21.052201797919615,21.2265625,58998700
2011-01-06,21.256896740243175,21.870950750407445,21.120439972218783,21.848207473754883,88026300
2011-01-07,21.711749923785643,21.787559397285094,21.416094567677764,21.681427001953125,73762000
2011-01-10,21.423669237838563,21.529801601357164,21.25688960288862,21.39334487915039,57573600
2011-01-11,21.378193524703253,21.41609754374756,21.264478575679057,21.309965133666992,50298900
2011-01-12,21.317538337918805,21.6738409012975,21.279632886956108,21.643516540527344,52631100
2011-01-13,21.476737844250597,21.522222941472968,21.23414873113771,21.37060546875,67077600
2011-01-14,21.28721131076913,21.514638204277986,21.1583356855288,21.453990936279297,62688400
2011-01-18,21.347856262701924,21.7875492694756,21.332694085860993,21.72690200805664,53322700
2011-01-19,21.575285579420573,21.742066651703908,21.43124922092397,21.582866668701172,50005900
2011-01-20,21.605609118673748,21.64351311769698,21.325114609689255,21.49189567565918,58613600
2011-01-21,21.52980781193715,21.5525510875139,21.24173355102539,21.24173355102539,58080300
2011-01-24,21.241732558362465,21.65110137799555,21.218989283848543,21.514644622802734,52047800
2011-01-25,21.332695733072455,21.567705154418945,21.31753500100565,21.567705154418945,42436600
2011-01-26,21.613193625780557,21.977077279353107,21.60561253558799,21.81787872314453,74628800
2011-01-27,21.795127259525927,22.33337144735996,21.59802332644817,21.886098861694336,146938600
2011-01-28,21.908859616706724,21.931602898395205,20.809627028788086,21.03705406188965,141249400
2011-01-31,21.05220355346354,21.15075482278744,20.786871210898504,21.021879196166992,65029000
2011-02-01,21.074948683353984,21.272052698883602,20.930912301422666,21.21898651123047,62810700
2011-02-02,21.17349686826689,21.309953576332884,21.13559142383475,21.18107795715332,45824000
2011-02-03,21.203824157074706,21.203824157074706,20.877845943303445,20.96123504638672,60340100
2011-02-04,20.999149366542277,21.105281785801473,20.855111479014965,21.052215576171875,40412200
2011-02-07,21.074943692548896,21.484313807692356,21.067364049774973,21.37818145751953,68980900
2011-02-08,21.302378398114975,21.48432024403721,21.26447294316539,21.43883514404297,34904200
2011-02-09,21.37060417926012,21.423670363808434,21.15833799512178,21.20382308959961,52905100
2011-02-10,21.173500476185424,21.181081566363652,20.688322272339562,20.84752082824707,76672400
2011-02-11,21.044622097117532,21.082526097132227,20.521538510434265,20.657995223999023,83939700
2011-02-14,20.627669624897486,20.67315615730952,20.430567101557997,20.642831802368164,56766200
2011-02-15,20.61995187116096,20.841097040867506,20.551320260512835,20.558944702148438,44116500
2011-02-16,20.627591598130394,20.642843401685322,20.2844347450967,20.60471534729004,70817900
2011-02-17,20.56657464779218,20.871604734950758,20.520820716514894,20.749591827392578,57207300
2011-02-18,20.688591788159588,20.749597531463554,20.581832101000565,20.635211944580078,68667800
2011-02-22,20.42169316030447,20.66571614057086,20.223424125215104,20.276803970336914,60889000
2011-02-23,20.231050025159888,20.48269890537107,20.154792480203717,20.276803970336914,60234100
2011-02-24,20.314929176412956,20.63520965687404,20.20816950108976,20.414064407348633,64494200
2011-02-25,20.52082051556436,20.551324105778008,20.208165988330617,20.246294021606445,53006300
2011-02-28,20.35306566721294,20.482703083736286,20.21580234918917,20.269182205200195,51379900
2011-03-01,20.284428714067825,20.421691996266578,19.941270508570945,19.948896408081055,60055000
2011-03-02,19.91077137875095,20.109040432549314,19.857391528592128,19.887893676757812,48658200
2011-03-03,20.025150755341166,20.131910422474842,19.964145023480295,19.97939682006836,68271500
2011-03-04,19.994645016046675,20.00989681099769,19.674364594531458,19.78875160217285,70437200
2011-03-07,19.92601204685898,20.032773149811028,19.48372020460371,19.613357543945312,64980400
2011-03-08,19.651491517339668,19.84213462141671,19.559982187406444,19.758251190185547,50549800
2011-03-09,19.682001899241737,19.811639322477788,19.56761627979629,19.74300765991211,39789100
2011-03-10,19.537099760103573,19.60572991771001,19.331204923811274,19.3769588470459,66549500
2011-03-11,19.376962259406795,19.71249448269493,19.338834225745277,19.582857131958008,49905800
2011-03-14,19.437971455636742,19.643866364940184,19.33121177873489,19.590486526489258,54473400
2011-03-15,19.125320133002926,19.422722971973904,19.064314385150116,19.361717224121094,76067300
2011-03-16,19.232077849250814,19.27783324630127,18.820289457237973,18.904172897338867,100725400
2011-03-17,19.110062831585033,19.232074292169653,18.87366580851375,18.896543502807617,62497000
2011-03-18,19.11006365812386,19.20157298476591,18.911794662475586,18.911794662475586,85486700
2011-03-21,19.20157814693167,19.50660689359031,19.17870044549785,19.315963745117188,46878100
2011-03-22,19.293081283569336,19.415092752129333,19.239701447885768,19.293081283569336,30895600
2011-03-23,19.239704300909352,19.52948267257867,19.2015762567647,19.476102828979492,43969000
2011-03-24,19.52186343578606,19.727758435220412,19.445605866977914,19.682003021240234,38696700
2011-03-25,19.773502597436284,19.78875439453946,19.514227864647967,19.537105560302734,57029800
2011-03-28,19.56760189076299,19.613355813997615,19.35408115818309,19.3769588470459,48973200
2011-03-29,19.32358554122254,19.46084881168685,19.29308194578981,19.437971115112305,40763500
2011-03-30,19.521855988396556,19.61336387246329,19.44559844867989,19.529481887817383,41999300
2011-03-31,19.52185822129207,19.58286396914488,19.323589177147497,19.361717224121094,63233700
2011-04-01,19.468475030195275,19.468475030195275,19.300708161543692,19.43034553527832,63114200
2011-04-04,19.407468516316367,19.567608025085782,19.37696492160327,19.48372459411621,35433700
2011-04-05,19.689618884270722,19.96414541020821,19.628613151228105,19.659116744995117,73651100
2011-04-06,19.811633443480225,20.063282313381553,19.72012555687518,19.94127082824707,65581400
2011-04-07,19.97177092177433,20.025150755341166,19.804004068288403,19.97939682006836,46134700
2011-04-08,19.956517991646766,20.040401413625112,19.79637704555095,19.880260467529297,39887600
2011-04-11,19.971775052030498,20.017528996765435,19.674370775024215,19.811634063720703,34286300
2011-04-12,19.697245889522684,19.712497687263205,19.483725084629842,19.552356719970703,36920400
2011-04-13,19.5599829381262,19.72774980702749,19.491351301665038,19.54473114013672,38144700
2011-04-14,19.38459014892578,19.39984194575411,19.132941319224,19.38459014892578,55239900
2011-04-15,19.415096255221155,19.49135380045326,19.20157687396129,19.346466064453125,65080400
2011-04-18,19.14056459991823,19.27782784361784,18.850786317776556,19.12531280517578,58045100
2011-04-19,19.06431390090114,19.19395129360694,18.965180108592815,19.178699493408203,38892400
2011-04-20,19.476103959759186,19.82688664062968,19.453226259249128,19.643869400024414,61608600
2011-04-21,19.666744677713236,19.743000761035685,19.338838283257104,19.46084976196289,46892300
2011-04-25,19.491352390713253,19.53710778723821,19.32358696692985,19.529481887817383,33525100
2011-04-26,19.628616833140573,20.16241818826186,19.57523698852678,19.97177505493164,69200000
2011-04-27,20.055657234063485,20.12428887907025,19.926019843994226,20.116662979125977,52689000
2011-04-28,20.177662133437966,20.4903181110617,20.1319082032089,20.368305206298828,80200000
2011-04-29,20.246298698274927,20.314930337617547,19.3388384971742,19.765878677368164,319317900
2011-05-02,19.781128677568894,19.826882614807,19.430344613432915,19.567607879638672,89825600
2011-05-03,19.52186343578606,19.712506630560352,19.437979964647884,19.682003021240234,71892900
2011-05-04,19.712487825613398,20.01751635536848,19.666733909772827,19.87262725830078,73292300
2011-05-05,19.865011789714362,19.887889486887754,19.58286079703349,19.666744232177734,55600000
2011-05-06,19.880268246314955,19.994653850002507,19.63624523725035,19.727754592895508,55993000
2011-05-09,19.674366949000696,19.796378414227725,19.57523317893801,19.69724464416504,38696400
2011-05-10,19.354092423924673,19.712502485612433,19.254958623463448,19.575239181518555,120798700
2011-05-11,19.559978052873376,19.56760394996349,19.22444585336402,19.33883285522461,78600000
2011-05-12,19.331213957488366,19.361716102401754,19.14057082468176,19.30833625793457,77400000
2011-05-13,19.2778318309417,19.30833397224429,19.026182983606443,19.087188720703125,66812300
2011-05-16,19.033811077195068,19.11769452721932,18.683028385260517,18.736408233642578,91350900
2011-05-17,18.72873167353285,18.959003846616216,18.62894809001455,18.82084083557129,82882100
2011-05-18,18.828511350537692,18.989700508096444,18.61359100976765,18.951322555541992,53931100
2011-05-19,19.074138835916298,19.097165027965907,18.80548870447584,18.974353790283203,37783600
2011-05-20,18.97434861650939,19.0894854014646,18.759429741179733,18.797807693481445,45451500
2011-05-23,18.582887127255283,18.61359065994184,18.444725622240856,18.55218505859375,52692500
2011-05-24,18.575216046902188,18.644297543838935,18.45240482213137,18.536836624145508,47691800
2011-05-25,18.55218744676842,18.659646896954293,18.544511562608687,18.56753921508789,34904200
2011-05-26,18.690351667862707,19.212300112991322,18.66732401386281,18.93597412109375,78016600
2011-05-27,18.94364886426932,19.112513924684002,18.920621211657004,19.005054473876953,50251000
2011-05-31,19.15856386986523,19.235321232271964,18.958996777242604,19.196943283081055,60196300
2011-06-01,19.181590093981608,19.26602333276419,18.705697117629335,18.751750946044922,74033500
2011-06-02,18.797809200487173,18.92062041452838,18.55986265628548,18.590564727783203,51487800
2011-06-03,18.46008437875477,18.529165894911873,18.29889515040533,18.352624893188477,60697700
2011-06-06,18.337265556596666,18.613591507254238,18.245157882394196,18.42937469482422,54778700
2011-06-07,18.4907858361699,18.552191458701607,18.344946933647524,18.467758178710938,41112600
2011-06-08,18.344935437753808,18.437044545843758,18.31423337774023,18.375638961791992,42205000
2011-06-09,18.429380176702015,18.452407834114823,18.283541274471926,18.391000747680664,42878700
2011-06-10,18.43705426103676,18.43705426103676,18.18375591034751,18.199106216430664,49327200
2011-06-13,18.26050564628738,18.567533599696056,18.191424173767334,18.4523983001709,47572500
2011-06-14,18.651970334803806,18.767107128989448,18.567538540166197,18.590564727783203,42894500
2011-06-15,18.421698396758565,18.429374280106888,18.16840010236414,18.222129821777344,49410200
2011-06-16,18.229806820551556,18.4984568980805,18.153049446396835,18.42169952392578,57184100
2011-06-17,18.590561880556457,18.65196747817252,18.406345087708264,18.621265411376953,83320400
2011-06-20,18.552186692357154,18.928296216738683,18.544510808509553,18.78245735168457,54338400
2011-06-21,18.82083764505406,19.081811851892795,18.728728498630005,19.005054473876953,49708700
2011-06-22,18.882238203174122,19.043427336262432,18.874562321023514,18.920616149902344,44287300
2011-06-23,18.759430320980144,18.92061948245928,18.575213508993237,18.9052677154541,59470400
2011-06-24,18.813160539438744,18.836188190556033,18.56753811695482,18.65196990966797,101387200
2011-06-27,18.59823109372771,19.542342367515175,18.59823109372771,19.342775344848633,92044200
2011-06-28,19.419547742391615,19.89544245626097,19.312088259657678,19.803333282470703,81032100
2011-06-29,19.734250716183933,19.734250716183933,19.46560202366963,19.665170669555664,66051000
2011-06-30,19.75727382257747,19.95684242248535,19.695868212146216,19.95684242248535,52535400
2011-07-01,19.903111274479105,20.08732809261238,19.834029784675987,19.972192764282227,52906200
2011-07-05,20.033601480505098,20.071979441231548,19.880086709548596,19.97987174987793,37805300
2011-07-06,19.93381237516122,20.24084185446306,19.92613649177617,20.21013832092285,48744200
2011-07-07,20.332950285265504,20.63230242832031,20.233166725588937,20.547870635986328,51946500
2011-07-08,20.37132581051802,20.709055843361583,20.34829816390489,20.663002014160156,58320700
2011-07-11,20.432741913932606,20.57090347260179,20.33295685797501,20.44041633605957,43999800
2011-07-12,20.37901040528826,20.56322874213605,20.217821190578395,20.371335983276367,47319300
2011-07-13,20.4173901416275,20.693714722991455,20.348308630280115,20.44041633605957,40861800
2011-07-14,20.432740887419794,20.732093112202364,20.23317224955624,20.317604064941406,46382300
2011-07-15,20.317599698670463,20.67068304794358,20.317599698670463,20.5555477142334,49132400
2011-07-18,20.44040818406275,20.64765263545215,20.156407829810615,20.409706115722656,44501900
2011-07-19,20.57856924070828,21.215652837873776,20.555543057597696,21.138896942138672,86730600
2011-07-20,20.939332367161917,20.993062089985635,20.70906024417081,20.770465850830078,49795400
2011-07-21,20.75511650800096,20.962359525054172,20.45576288065705,20.801170349121094,81737400
2011-07-22,20.616951207694715,21.14657398122336,20.478788235808963,21.131223678588867,76380600
2011-07-25,20.92398787243009,21.56107181197251,20.87025813093053,21.422908782958984,108482400
2011-07-26,21.353820006433757,21.60711831880818,21.32311793488618,21.553388595581055,74636500
2011-07-27,21.399877986203133,21.484311261339094,20.877930956707083,20.97771453857422,71488700
2011-07-28,20.947012890566437,21.545717322095477,20.885605806280928,21.277067184448242,83761400
2011-07-29,21.123553711289553,21.269391143324416,20.92398508089792,21.031444549560547,104394800
2011-08-01,21.115872698490413,21.2540356755227,20.53251871992359,20.931655883789062,61838400
2011-08-02,20.709064882663434,21.069824183612823,20.540199792533713,20.57090187072754,63883100
2011-08-03,20.593920538345603,20.724407607770335,20.32527051729176,20.663002014160156,64581200
2011-08-04,20.363654485631947,20.624628682886573,19.90311169847525,19.91078758239746,92949500
2011-08-05,19.933812645332207,20.03359766666525,19.36581044336554,19.711217880249023,112071700
2011-08-08,19.20461950105312,19.649810453955695,18.721049134264586,18.790130615234375,134257200
2011-08-09,18.96667507044313,19.665165893412276,18.444728120306905,19.634462356567383,126268900
2011-08-10,19.150896432555705,19.258355900683686,18.498460810295555,18.575218200683594,127819900
2011-08-11,18.805476150002857,19.480937506321997,18.728718811687752,19.335100173950195,90690100
2011-08-12,19.289051728050143,19.450242342035786,18.920618130404353,19.26602554321289,64787100
2011-08-15,19.37348786697579,19.634462070250894,19.304406374107366,19.580732345581055,56529400
2011-08-16,19.480317510034748,19.766111880513947,19.34900682196575,19.580732345581055,54251500
2011-08-17,19.503496170043945,19.851083819806576,19.256323384997632,19.503496170043945,50923700
2011-08-18,18.97824864891924,19.37990506355362,18.561145043926352,19.055490493774414,105714200
2011-08-19,18.8546595968565,19.0168675952401,18.468451900938483,18.576589584350586,77397900
2011-08-22,18.862389064839277,18.916457921271274,18.375767883685487,18.522525787353516,54721000
2011-08-23,18.56115227500963,19.117291122750157,18.56115227500963,19.094118118286133,59670600
2011-08-24,19.040042782318483,19.256319664075566,18.862387561553234,19.23314666748047,45329700
2011-08-25,19.3721787309797,19.4339719058287,18.92417784500809,18.978246688842773,48192000
2011-08-26,18.931908736307843,19.57301369999647,18.86239120635532,19.503496170043945,71957000
2011-08-29,19.719770558311268,19.97466764427757,19.59618418167705,19.959218978881836,38863200
2011-08-30,19.874250246725698,20.414941680191166,19.851078724866024,20.26045799255371,57341400
2011-08-31,20.30680103451431,20.631214079574175,20.283628042753428,20.546249389648438,59300800
2011-09-01,20.43812003550043,20.74708751407808,20.24501609802246,20.24501609802246,60510800
2011-09-02,19.91287655197167,20.08280746941404,19.820186023106576,19.92832374572754,43894400
2011-09-06,19.46486684648476,19.766108352829526,19.39534934913361,19.704315185546875,54929300
2011-09-07,19.84335532505219,20.08280372619629,19.750664813463608,20.08280372619629,41961000
2011-09-08,20.082802356412177,20.5925964522137,20.044182171956088,20.25273323059082,65811900
2011-09-09,20.082803384587955,20.221838412972996,19.696595627192032,19.881975173950195,64529200
2011-09-12,19.65024534879453,20.02872866330684,19.518934690840034,19.997831344604492,55046100
2011-09-13,20.021008457417047,20.229560981818345,19.9360422867501,20.113698959350586,48792300
2011-09-14,20.21411801095355,20.7007392316418,19.997841094388793,20.46901512145996,66739200
2011-09-15,20.64667158591129,20.878397182996565,20.32225692860474,20.84749984741211,67808300
2011-09-16,20.89383808051224,21.063770428480233,20.72390720580985,20.947908401489258,89681500
2011-09-19,20.700731535380744,21.094663554843876,20.546249343782627,21.01742172241211,52324900
2011-09-20,21.094670275043036,21.24142965609047,20.80115298621405,20.839773178100586,49211900
2011-09-21,20.893835023513073,20.901559353951065,20.05962648866015,20.075075149536133,72750700
2011-09-22,19.542110952231074,19.812456663466726,19.00142100302537,19.356731414794922,96278300
2011-09-23,19.233145056504156,19.426248925491677,19.070938513722126,19.356731414794922,64768100
2011-09-26,19.457151284312985,19.71204839837534,19.101839307375954,19.65025520324707,51057600
2011-09-27,19.820181323227942,20.021009527092428,19.657974777759875,19.827905654907227,55620700
2011-09-28,20.028736173593366,20.368599440433403,19.704321571897378,19.758390426635742,60736200
2011-09-29,20.067351551104323,20.214110888248776,19.379902322966036,19.65797233581543,63407300
2011-09-30,19.464871778517107,19.696595846225243,19.217697573491883,19.225421905517578,54060500
2011-10-03,19.094115096314216,19.573013466579884,18.93963284413554,18.947357177734375,64592500
2011-10-04,18.769696639046707,19.611629677850544,18.738800784192847,19.573009490966797,83485400
2011-10-05,19.634796689443355,20.206383826049613,19.43396853767382,19.997831344604492,94061300
2011-10-06,20.00556141517122,20.391769170187132,19.851079197124253,20.34542465209961,55111400
2011-10-07,20.345425031540106,20.476735729625076,20.237287329563905,20.275907516479492,52741600
2011-10-10,20.5308078405511,20.8320494714686,20.44584164792681,20.80887794494629,41815300
2011-10-11,20.747081186765744,20.90928773761078,20.63894201293671,20.8552188873291,38826200
2011-10-12,20.99425025857386,21.09466360971054,20.77797342185547,20.824317932128906,52489800
2011-10-13,20.66983671743691,21.009699913130763,20.561699030597474,20.994251251220703,43823500
2011-10-14,21.09466423685317,21.24142357589184,20.870664536150894,21.06376838684082,50947700
2011-10-17,20.940188034231,21.17963646511248,20.739359795236055,20.839773178100586,39453300
2011-10-18,20.80886699134463,21.164177294803263,20.700727855855572,21.09465980529785,52487900
2011-10-19,21.14101419139689,21.21825456756384,20.862944122745514,20.95563316345215,42880000
2011-10-20,21.056043063355112,21.117836233732092,20.39176537685353,20.886112213134766,76300200
2011-10-21,20.971083116596343,21.001980447574255,20.700737363602943,20.97880744934082,76620600
2011-10-24,20.901564978431363,21.164186390931267,20.88611778666403,21.00197982788086,56897800
2011-10-25,20.91701047331926,21.032872496976243,20.63894043793004,20.708457946777344,53554600
2011-10-26,20.87839555568917,20.901567082305426,20.160048765266602,20.538532257080078,63029900
2011-10-27,20.955626471195085,21.164178956081606,20.58486748024033,21.048316955566406,74512400
2011-10-28,20.963359560056567,21.00198122520899,20.693015270319034,20.839773178100586,57712100
2011-10-31,20.669842346731592,20.85522192034273,20.561704630441564,20.569427490234375,46799000
2011-11-01,20.229558811765166,20.329972160928264,19.97466180037303,20.075075149536133,61182600
2011-11-02,20.160044091073242,20.237285932839082,19.85107819727548,20.090526580810547,53533100
2011-11-03,20.268180597292584,20.53852629099026,20.0673524097819,20.4921817779541,65836100
2011-11-04,20.37632088641944,20.39176955049195,20.082803635370162,20.275907516479492,36549200
2011-11-07,20.245006092388337,20.716179938412775,20.183212921865906,20.70073127746582,42589700
2011-11-08,20.862945404705314,21.00970478031873,20.61577264994535,20.97880744934082,47822500
2011-11-09,20.538529107302843,20.662115474522846,20.129148345095523,20.237287521362305,62950900
2011-11-10,20.445837779446435,20.4690107748502,20.175493532730744,20.29907989501953,32514400
2011-11-11,20.530799034387716,20.91700669227557,20.523074704438123,20.785696029663086,37903000
2011-11-14,20.762536561632565,20.855227108128062,20.584881276887966,20.66984748840332,34199200
2011-11-15,20.669833598682835,20.96556247681536,20.545316645056246,20.80991554260254,43874200
2011-11-16,20.599796083148597,20.63092606895811,20.265157641852873,20.288503646850586,53262800
2011-11-17,20.241815661043823,20.265163156754674,19.7982236330564,19.876047134399414,70977500
2011-11-18,19.82935394515662,19.844918943711804,19.572537406435924,19.689271926879883,47626200
2011-11-21,19.642578447365086,19.650360946655272,19.377979408938554,19.45580291748047,61882500
2011-11-22,19.370197591496552,19.424673604085505,19.18342205503727,19.292375564575195,49204500
2011-11-23,19.15228460494194,19.292366563016046,19.043331146240234,19.043331146240234,49099700
2011-11-25,18.9732863789988,19.198974262914998,18.911027908325195,18.911027908325195,26164600
2011-11-28,19.409105516355478,19.432451525187346,19.21454752617169,19.354629516601562,46766700
2011-11-29,19.3157147610044,19.48692672226242,19.261238767643935,19.331279754638672,40917100
2011-11-30,19.743739485192858,19.9149499300532,19.564745060612484,19.907167434692383,81350900
2011-12-01,19.891608142429057,19.946084141201602,19.61144565097601,19.673704147338867,48545400
2011-12-02,19.914952965564982,19.938300455206146,19.58031303583883,19.62700653076172,52293800
2011-12-05,20.062817340886028,20.078380849550605,19.844911891628165,20.000558853149414,56818400
2011-12-06,20.086159658948887,20.132854629449366,19.930514210358112,19.969425201416016,46175300
2011-12-07,19.97721120502555,20.047252188718154,19.720394759605817,19.9227352142334,62667000
2011-12-08,19.82935024935565,20.016125744126697,19.743745741977055,19.767091751098633,60522200
2011-12-09,19.860476884652176,20.132858325134645,19.844911891628165,20.000558853149414,53788500
2011-12-12,19.77487198010558,19.899388962333468,19.68148498561442,19.85269546508789,38945900
2011-12-13,20.03946825178986,20.311849670530712,19.961644777241144,20.047250747680664,54581100
2011-12-14,20.01612655363313,20.125080043259043,19.899392050225124,19.91495704650879,47926400
2011-12-15,20.016116594748635,20.140633534345906,19.87603615097096,19.891599655151367,46213900
2011-12-16,19.977217063856955,20.36633309432993,19.946087068926385,20.234033584594727,101408100
2011-12-19,20.249588965886204,20.327412431895773,19.81377814997627,19.868255615234375,52258300
2011-12-20,20.125070557781736,20.311845972074305,20.086158085413047,20.257369995117188,60767600
2011-12-21,20.241808691872798,20.381890649188627,19.79821681661222,20.047250747680664,64132500
2011-12-22,20.093946971436527,20.125076959233407,19.829348012601105,20.086164474487305,35794100
2011-12-23,20.16398154579138,20.265152489590925,20.02389961398219,20.257369995117188,23205800
2011-12-27,20.202897727788567,20.3429796956116,20.179551722724348,20.26515769958496,21287200
2011-12-28,20.319632480807748,20.350760980493266,20.0472510578526,20.093944549560547,29822500
2011-12-29,20.195123447665257,20.272945469633665,20.125082440405752,20.24959945678711,22616900
2011-12-30,20.234026101582042,20.32741456747667,20.163985123250896,20.202896118164062,27395700
2012-01-03,20.66205336135057,20.98112827543002,20.537536394117577,20.83326530456543,64731500
2012-01-04,20.872176790075034,21.37802716687662,20.84104828971585,21.323551177978516,80516100
2012-01-05,21.30798390783207,21.580365307564854,21.23794441842116,21.541454315185547,56081400
2012-01-06,21.42472046557179,21.938353298315736,21.42472046557179,21.876094818115234,99455500
2012-01-09,21.829401467581707,21.868313948324467,21.572585032116958,21.588150024414062,59706800
2012-01-10,21.736016558345348,21.90722703688629,21.595934583012074,21.66597557067871,60014400
2012-01-11,21.34690337273979,21.77493036646887,21.30020986972709,21.572589874267578,65582400
2012-01-12,21.68932161997496,21.80605609687518,21.51810966845252,21.790491104125977,49370800
2012-01-13,21.73601812768503,21.98505210876465,21.627066132052597,21.98505210876465,60196100
2012-01-17,22.1017841674699,22.2963421293039,21.922791198828897,21.99283218383789,72395300
2012-01-18,22.031746642109862,22.101787638117404,21.767147653716847,21.9694881439209,64860600
2012-01-19,21.915009117851252,22.132914573607312,21.81383962889705,21.883880615234375,74053500
2012-01-20,22.42864885502558,23.144622445459007,22.374172845594764,23.121274948120117,165902900
2012-01-23,22.996747424904047,23.308041309767393,22.841101966831626,23.136829376220703,76078100
2012-01-24,22.934497759483065,23.012321260609706,22.708811239011617,22.833328247070312,51703300
2012-01-25,22.623204079227367,23.07457858138378,22.623204079227367,23.00453758239746,59231700
2012-01-26,23.043447860233464,23.113488852493592,22.880018383506624,22.957841873168945,49102800
2012-01-27,22.918934627930568,22.98119313299539,22.701029118023765,22.747722625732422,44187700
2012-01-30,22.545383657556194,23.051235715763923,22.436431637319426,23.043453216552734,51114800
2012-01-31,23.082361142633225,23.113491135316576,22.747721143085958,22.981191635131836,50572400
2012-02-01,23.183530531454675,23.385869532466593,23.16018303855654,23.2613525390625,67409900
2012-02-02,23.269133854755356,23.479256827086584,23.121269375963802,23.308046340942383,52223300
2012-02-03,23.455911779145975,23.65825227532079,23.417000773264547,23.533735275268555,41838500
2012-02-06,23.378090342465796,23.51817085770064,23.323612854788077,23.502607345581055,28039700
2012-02-07,23.463693906818186,23.728292898842408,23.385870411924056,23.619340896606445,39242400
2012-02-08,23.549299399817915,23.868374386187938,23.518169408777094,23.860591888427734,49659100
2012-02-09,23.876152711825164,23.969539699909816,23.720505752538195,23.94619369506836,50481600
2012-02-10,23.84501686499294,23.969533808071827,23.627112956784405,23.736064910888672,44605300
2012-02-13,23.837241306406245,23.94619477657165,23.681595824449133,23.798330307006836,33319800
2012-02-14,23.759165325457367,23.86100085333715,23.38315515371902,23.696496963500977,59644000
2012-02-15,23.759161604316176,23.806162494889325,23.524155657319056,23.53982162475586,43311300
2012-02-16,23.743499163355306,24.714859574007477,23.73566543091476,24.511188507080078,94705100
2012-02-17,24.44067979687126,24.534681572462432,24.244841021236496,24.479846954345703,70036500
2012-02-21,24.425016273468543,24.76185926091943,24.401515078716788,24.62868881225586,50829900
2012-02-22,24.636523825645273,24.816695179054907,24.42501754426965,24.495519638061523,49253200
2012-02-23,24.440676408283178,24.74618437779412,24.284004811844653,24.5738468170166,35034700
2012-02-24,24.66002082824707,24.675688290515133,24.472015763424633,24.66002082824707,35575400
2012-02-27,24.472014127461506,24.675686640936423,24.362344887179372,24.558183670043945,34568400
2012-02-28,24.60518811339151,25.01253319917568,24.581686918166117,24.965532302856445,45230600
2012-02-29,24.98119621549447,25.067365763428313,24.761857721308587,24.863693237304688,59323600
2012-03-01,25.012535824195925,25.37287855734662,24.949867457816165,25.294544219970703,77344100
2012-03-02,25.310208652728605,25.412042681464065,25.067367454736146,25.130037307739258,47314200
2012-03-05,25.07519415301618,25.106529072595723,24.769687651902853,24.910690307617188,45240000
2012-03-06,24.707018894832185,25.05169403967174,24.66785024601098,24.722684860229492,51932900
2012-03-07,24.808855713490424,25.004694485622764,24.699186479218312,24.942026138305664,34340400
2012-03-08,25.098701815675366,25.231870767911612,24.98903106952272,25.075199127197266,36747400
2012-03-09,25.145704047601985,25.192706441587827,25.00470134803946,25.05953598022461,34628400
2012-03-12,25.043867260829966,25.224040107152113,24.926364270015757,25.098703384399414,34073600
2012-03-13,25.25537457603665,25.60788204794291,25.184872484002774,25.592214584350586,48951700
2012-03-14,25.48254283623543,25.75671893990226,25.451210900377003,25.670549392700195,41986900
2012-03-15,25.686214031928635,25.803715502076095,25.521710180764686,25.733213424682617,49068300
2012-03-16,25.780219498803152,25.811554423969646,25.459043986503925,25.537378311157227,65626400
2012-03-19,25.49037804878345,25.545212671837113,25.184870009409373,25.224037170410156,44789200
2012-03-20,25.145704047601985,25.18487420338852,24.863697154345267,25.05953598022461,41566800
2012-03-21,25.03603530187951,25.18487472511971,24.9263660352373,24.996868133544922,37928600
2012-03-22,24.918531536527667,25.137871557199333,24.90286556615456,25.06736946105957,31749500
2012-03-23,25.14570121610557,25.153536441685937,24.848026891706105,25.075199127197266,35912200
2012-03-26,25.216209106201,25.545219926218955,25.184877161460367,25.529552459716797,36758300
2012-03-27,25.57654555822773,25.615712716108018,25.380706780563695,25.474708557128906,36274900
2012-03-28,25.474712348935725,25.61571652890273,25.09870219844472,25.216203689575195,41344800
2012-03-29,25.114373729667687,25.21620777415681,24.91853339699964,25.161373138427734,37038500
2012-03-30,25.380706464991484,25.388538701165118,25.098698150539622,25.271034240722656,31749400
2012-04-02,25.239709586154877,25.42771319116245,25.02820328932379,25.294544219970703,35853600
2012-04-03,25.1927023623337,25.216202061389836,24.80102477399626,25.02036476135254,42752100
2012-04-04,24.801021504340095,24.824522694429362,24.32317443144359,24.448511123657227,49455900
2012-04-05,24.401516457824194,24.77752663031422,24.323180631689205,24.69135856628418,50368600
2012-04-09,24.456352264446206,24.59735645944642,24.26051343675295,24.362350463867188,31056400
2012-04-10,24.33101130711144,24.432848316533047,23.735661195061134,23.868831634521484,54131300
2012-04-11,23.837503955877068,23.915839791071534,23.680832285488133,23.77483558654785,43014000
2012-04-12,23.87666350759314,24.31534344705086,23.829662619126708,24.268341064453125,38304000
2012-04-13,24.197844067451907,24.40935035117477,24.064673610381767,24.135175704956055,39749200
2012-04-16,24.276179501414784,24.432851152185915,24.103841880871816,24.346681594848633,38124800
2012-04-17,24.49551836359229,24.76185926091943,24.44068373663638,24.62868881225586,34361500
2012-04-18,24.503347485222864,24.526847181421964,24.31534244497384,24.3936767578125,40552900
2012-04-19,24.385849025181688,24.8166953224133,24.237012598878263,24.291847229003906,54781200
2012-04-20,25.184861020468723,25.764541968212313,25.106523738164338,25.396364212036133,106045000
2012-04-23,25.310212568203966,25.459049009716672,25.090871037024133,25.161373138427734,61398200
2012-04-24,25.231866179162232,25.474707327518743,24.934191908898782,25.00469398498535,40871100
2012-04-25,25.004697184064085,25.3180389544646,24.9655300230633,25.224037170410156,62495500
2012-04-26,25.16136235619881,25.247531886351293,25.00469224898563,25.15353012084961,40308100
2012-04-27,25.161369849162458,25.239707167294302,24.973364768040742,25.051700592041016,41419100
2012-04-30,25.051693874484613,25.153530866617075,25.00469299034026,25.08302879333496,35697200
2012-05-01,25.106534052992732,25.333707782615388,25.02819972676706,25.075199127197266,43832300
2012-05-02,24.949858957091617,25.0125273021195,24.785353617561423,24.910690307617188,37385300
2012-05-03,24.97336772564826,24.98903519113013,24.761862918169946,24.879365921020508,31501300
2012-05-04,24.636518924145545,24.730520701078408,24.22134017598669,24.268341064453125,57927200
2012-05-07,24.049004852751406,24.17434156321489,23.94716784166767,24.009836196899414,48641400
2012-05-08,23.876658897139855,24.11166628235598,23.633819277134446,23.89232635498047,46328300
2012-05-09,23.649492291631695,24.150839107278983,23.578990208914874,24.096004486083984,50309300
2012-05-10,24.17434271615932,24.299679432600477,23.85316719351242,24.080339431762695,43839200
2012-05-11,24.041174890931508,24.7070272034981,24.041174890931508,24.409351348876953,43459300
2012-05-14,24.143002051995442,24.315341116741408,24.001997905978254,24.03333282470703,40528900
2012-05-15,24.159499287030236,24.28565843443491,23.773136710111462,23.820446014404297,61822800
2012-05-16,23.899294644523266,23.907179778827814,23.449852516713293,23.576011657714844,60083700
2012-05-17,23.64697229434283,23.820440707392912,23.42619308360473,23.434078216552734,48484000
2012-05-18,23.489273943874487,23.50504270569867,23.000406232877047,23.079256057739258,56205300
2012-05-21,22.945217151260234,23.489279415208493,22.913676612394518,23.457738876342773,38787900
2012-05-22,23.410427514014888,23.560240548650263,23.260612975443976,23.465621948242188,39504900
2012-05-23,23.142344677915666,23.181768853815118,22.582512055740843,22.953105926513672,65171000
2012-05-24,22.992521164961282,23.10291001771908,22.677123368556632,22.92155647277832,52575000
2012-05-25,23.02406568403884,23.150224824449825,22.87425114082495,22.91367530822754,29507200
2012-05-29,23.16599485393415,23.434083417929276,23.039835706634758,23.307924270629883,37758800
2012-05-30,23.142343677496324,23.244847432765308,22.960990069901126,23.134458541870117,41585500
2012-05-31,23.102909676525666,23.197529766017336,22.819052415921266,23.016176223754883,39134000
2012-06-01,22.677122764458254,22.83482090649198,22.42480453405607,22.432689666748047,56634300
2012-06-04,22.566735391685068,22.69289451514356,22.330185907248854,22.511539459228516,47926300
2012-06-05,22.480005264282227,22.669243990162602,22.385385149374184,22.480005264282227,45715400
2012-06-06,22.77173465443006,23.158098523076898,22.71654024574761,23.1423282623291,46860500
2012-06-07,23.37100294596491,23.41831375233544,23.000410653009414,23.047719955444336,37792800
2012-06-08,23.031943159088954,23.402536850948778,22.90578405239396,23.378881454467773,42551100
2012-06-11,23.441972616346774,23.50505220093146,22.72444177772,22.787521362304688,46361900
2012-06-12,22.94521339635977,23.102911553074616,22.74020443908859,23.095027923583984,35337900
2012-06-13,23.0398367819725,23.213306745557276,22.905792493718693,22.9688720703125,32984600
2012-06-14,23.126573406243914,23.229077161512897,22.77174982274388,23.134458541870117,39458900
2012-06-15,23.331581918440122,23.717944532191595,23.252732067811372,23.670635223388672,62314400
2012-06-18,23.64697386910373,23.67851440299617,23.42619464366292,23.52869987487793,58679900
2012-06-19,23.804675277190324,24.530091066648883,23.694284904403112,24.20680809020996,75725800
2012-06-20,24.388160705566406,24.482779302605742,24.15949633883962,24.388160705566406,36257100
2012-06-21,24.41181323630881,24.553742627858227,23.702167782497117,23.765247344970703,48456600
2012-06-22,23.89140874388712,24.230461988429294,23.678516140235406,24.20680809020996,45098100
2012-06-25,23.891408456498905,23.907178724412457,23.35523288285789,23.552356719970703,42217200
2012-06-26,23.65486495247576,23.867759097992636,23.607555643672836,23.670635223388672,38421300
2012-06-27,23.804668731784588,24.049101804432727,23.678509629518768,23.788898468017578,33781700
2012-06-28,23.639087249171265,23.694281676076905,23.197530329990812,23.583892822265625,45328400
2012-06-29,24.00968255010008,24.198921242128524,23.76524792361983,24.120071411132812,55227200
2012-07-02,24.143734919629946,24.143734919629946,23.820450353587642,24.096424102783203,30589100
2012-07-03,23.836216749150683,24.254119873046875,23.78890744393426,24.254119873046875,20938100
2012-07-05,24.120073119577622,24.26988765868742,23.954488312364578,24.20680809020996,28801900
2012-07-06,24.135842243348726,24.20680694251322,23.615435452099405,23.80467414855957,38294800
2012-07-09,23.74947389781543,23.836207339149162,23.481385434198213,23.65485382080078,30680800
2012-07-10,23.717932817716807,23.82832165171365,23.268490846232446,23.449844360351562,37534100
2012-07-11,23.426193938472103,23.449849338179344,22.95309797581036,23.1029109954834,39184900
2012-07-12,22.984637201365597,23.008292601275123,22.503656101355112,22.57461929321289,63523600
2012-07-13,22.677122577353398,23.244838591074195,22.645582046845718,23.173873901367188,39085000
2012-07-16,23.24484928277833,23.28427496404717,22.897912311228296,23.21331024169922,27900600
2012-07-17,23.37100569981057,23.54447566907156,23.024068769160166,23.386775970458984,33771300
2012-07-18,23.33946227188936,24.00968360900879,23.2290719020526,24.00968360900879,41090400
2012-07-19,24.056992115689813,24.285654973801133,23.954486883070413,24.183151245117188,46663200
2012-07-20,24.44335646489532,24.482780631812858,23.694285261977527,23.749481201171875,64021700
2012-07-23,23.315813504435525,23.323698640519964,22.87425641125836,23.08715057373047,55151900
2012-07-24,23.05560482626888,23.15022493399264,22.78751627564309,22.98464012145996,47723300
2012-07-25,23.05560182288556,23.126566518450122,22.692894715720357,22.732318878173828,45579500
2012-07-26,23.047711888825635,23.26060593117402,22.93732305380132,22.992517471313477,45301400
2012-07-27,23.244842707397453,23.536586650516014,23.008294702441727,23.465621948242188,44242600
2012-07-30,23.457739083324626,23.512933522890975,23.229074686337544,23.371004104614258,28905000
2012-07-31,23.244840776068312,23.42619433172873,23.126566783417406,23.236955642700195,37620900
2012-08-01,23.331578994466806,23.378888297340808,23.031949900415015,23.18964958190918,31721800
2012-08-02,23.03194498539074,23.284264722723425,22.842706310342706,23.016176223754883,39520500
2012-08-03,23.284270424388342,23.60755342808359,23.244844750806195,23.457738876342773,35859400
2012-08-06,23.654849257051108,23.741584185586103,23.505034790654705,23.61542510986328,27471800
2012-08-07,23.710054468633597,23.930833703718275,23.552356304089255,23.8598690032959,28002900
2012-08-08,23.820439954883387,24.02544889324906,23.74159163576491,23.91506004333496,26257600
2012-08-09,23.962369733359324,24.167378675128067,23.891405041826477,24.049104690551758,24920800
2012-08-10,24.04910250218182,24.143722583594013,23.85197871118033,23.98602294921875,27810300
2012-08-13,23.930834700871664,24.01756816860765,23.78102015996687,23.962373733520508,23049100
2012-08-14,24.04968525164303,24.121120083221875,23.819507527365857,23.914752960205078,34551400
2012-08-15,23.89888109756297,24.033813396718383,23.8274462618984,23.97031593322754,24351000
2012-08-16,24.09730212158836,24.557658943428397,24.017929942533513,24.4306640625,35787200
2012-08-17,24.541778436641746,24.541778436641746,24.279851367051858,24.525903701782227,32589900
2012-08-20,24.46241751391392,24.48622962714213,24.27192514978446,24.3989200592041,23737700
2012-08-21,24.414796674375662,24.573539566379054,24.295739126898404,24.446544647216797,28822700
2012-08-22,24.27985867503938,24.414790934162426,24.18461175111197,24.24017333984375,33437400
2012-08-23,24.121115677558585,24.129053047828588,23.875063254782802,24.017932891845703,28355600
2012-08-24,24.01000144112175,24.311614016250054,23.954441349432244,24.256053924560547,22943300
2012-08-27,24.549730058122115,24.57354066033825,24.27986546441384,24.359237670898438,34691100
2012-08-28,24.367168951218073,24.44653962396132,24.22429931804256,24.311607360839844,23947900
2012-08-29,24.327486038208008,24.40685823769572,24.160805781792725,24.327486038208008,23346800
2012-08-30,24.232243081872948,24.295740545160733,23.986189086971194,24.065561294555664,23982100
2012-08-31,24.287801873662715,24.573539686221878,24.113182723538873,24.462419509887695,36590100
2012-09-04,24.168744683929177,24.335424950901643,23.930628070384234,24.12112045288086,48556700
2012-09-05,23.986188159375057,24.232242144761386,23.97825078753367,24.12112045288086,33650000
2012-09-06,24.20842209703823,24.891020712746464,24.17667262007581,24.88308334350586,48371700
2012-09-07,24.637039999071312,24.66085060163772,24.39098600395957,24.56560516357422,42649100
2012-09-10,24.470349021504575,24.52590909182525,24.216359263525288,24.383039474487305,40524000
2012-09-11,24.35922075938652,24.5338382813044,24.295723341062033,24.4385929107666,25191800
2012-09-12,24.557658943428397,24.74815126482099,24.390977216023376,24.4306640625,32775800
2012-09-13,24.517978015159493,24.748157238589915,24.129055909200037,24.55766487121582,45047300
2012-09-14,24.613216476964723,24.803708778717482,24.454472135221636,24.77195930480957,51422800
2012-09-17,24.756086081753853,24.811646147194462,24.637028582395658,24.77195930480957,36488500
2012-09-18,24.684654337390906,24.77196237365725,24.629094265067298,24.748151779174805,34542700
2012-09-19,24.676715601571466,24.756087777881078,24.63703027036583,24.64496612548828,48871900
2012-09-20,24.565596367254923,24.98626634355215,24.533846890003147,24.96245574951172,45543000
2012-09-21,24.94658057532545,25.089450192667176,24.676716078990715,24.756088256835938,102348900
2012-09-24,24.605281645301943,24.66084171647082,24.319542406263853,24.4306640625,46825900
2012-09-25,24.565604192605196,24.605289537913247,24.097309851255584,24.12112045288086,54266400
2012-09-26,24.03380460422315,24.28779436526725,23.843312283440074,23.946495056152344,54672000
2012-09-27,23.946501671999943,24.129056673948686,23.72425981273703,23.93856430053711,47129900
2012-09-28,23.954436675504944,24.017934127031918,23.605199935157266,23.621074676513672,54229300
2012-10-01,23.6607566615788,23.79568891618137,23.351206818507574,23.406766891479492,54042700
2012-10-02,23.557575103085703,23.72425533061862,23.414705471544043,23.54170036315918,43338900
2012-10-03,23.613141318817213,23.803633705771734,23.549643856499042,23.700450897216797,46655900
2012-10-04,23.787746809622313,23.835371017456055,23.47025966022142,23.835371017456055,43634900
2012-10-05,23.9941212035886,24.00999594440817,23.605199136900726,23.692508697509766,41133900
2012-10-08,23.52582596463622,23.748067785137113,23.454391147828737,23.636947631835938,29752000
2012-10-09,23.55757666661353,23.60519937565532,23.160717225501845,23.240089416503906,45121100
2012-10-10,23.136900628161808,23.26389550358341,22.97815779083397,23.001968383789062,47227100
2012-10-11,23.192467643123333,23.216279757108545,22.914667216123114,22.978164672851562,41488500
2012-10-12,22.99403538042962,23.271837290869044,22.859103110438962,23.176591873168945,46464700
2012-10-15,23.31152730252009,23.589327736710587,23.21628035801276,23.42264747619629,42440200
2012-10-16,23.375018927166302,23.605196588606884,23.271834636876925,23.406766891479492,47739400
2012-10-17,23.255958231291903,23.52582272115904,23.089278024320144,23.48613739013672,44206100
2012-10-18,23.533760880102342,23.597258320208482,23.2242110488222,23.414703369140625,59238500
2012-10-19,23.057527897449017,23.081340003729178,22.620983212934167,22.73210334777832,90470800
2012-10-22,22.80354705852837,22.88291926322901,22.089200244020375,22.224132537841797,83374000
2012-10-23,22.041572710873215,22.382872056785896,22.033635340747505,22.263813018798828,64414800
2012-10-24,22.351127256622085,22.382876743773277,22.120949530371412,22.144760131835938,53320400
2012-10-25,22.374927680225785,22.382865047866005,22.113000603690885,22.128873825073242,54084300
2012-10-26,22.113013369227037,22.493998152506297,22.097138624782332,22.39081382751465,57790000
2012-10-31,22.660670612056133,22.922597749462128,22.620985278530366,22.652734756469727,69464100
2012-11-01,22.89085295792465,23.46233001494975,22.874978216754847,23.43058204650879,72047900
2012-11-02,23.48613817849733,23.629007797210747,23.27977111967778,23.414703369140625,57131600
2012-11-05,23.509956979912772,23.605202410240697,23.27977774780578,23.517892837524414,38070800
2012-11-06,23.66870140910825,23.970315490543765,23.50202113823514,23.700450897216797,43401500
2012-11-07,23.43852257412607,23.67663766815125,23.057536304227398,23.081348419189453,57871800
2012-11-08,23.113096506182046,23.31152624381998,22.859105170330537,22.867042541503906,49841800
2012-11-09,22.922600835695057,23.168654781157798,22.867040755719163,22.882915496826172,43291200
2012-11-12,22.970215279082645,23.02577533540297,22.390799586561304,22.39873695373535,61112300
2012-11-13,21.62251311119801,21.846579623925496,21.406447665634815,21.678529739379883,131689200
2012-11-14,21.798567898312406,21.83858087006553,21.446461378578945,21.478471755981445,76086100
2012-11-15,21.510479366426296,21.58250118508925,21.31041909821559,21.334426879882812,50955600
2012-11-16,21.34243272452779,21.36644050985174,21.078353191320137,21.222396850585938,64083300
2012-11-19,21.446462345870582,21.446462345870582,21.182382825744508,21.390445709228516,57179300
2012-11-20,21.414450299743844,21.44645914747762,21.174377073216633,21.37443733215332,47070400
2012-11-21,21.3744367092258,21.742548368637316,21.34242786242488,21.566495895385742,66360300
2012-11-23,21.790557583404414,22.222688367198153,21.766551335196937,22.166671752929688,57845700
2012-11-26,22.038645122349678,22.070653979183067,21.742555183360643,21.918607711791992,85198700
2012-11-27,21.894596464021376,21.910600125623525,21.6385195623222,21.670528411865234,45018600
2012-11-28,21.614509537952564,21.918600445586875,21.42245188160375,21.894594192504883,53018400
2012-11-29,21.69453433526663,21.89459458837285,21.494474082160416,21.566495895385742,69551400
2012-11-30,21.646518191715593,21.710537409929337,21.19838366421939,21.30241584777832,83690200
2012-12-03,21.430458161599873,21.462467013328798,21.126365675311483,21.150373458862305,53173800
2012-12-04,21.206382782508374,21.310413422682768,21.078344367060673,21.102352142333984,49777500
2012-12-05,21.110350030965623,21.55048335337973,21.014321996999765,21.34242057800293,68283800
2012-12-06,21.454464940582145,21.59050599800096,21.29441762536751,21.390445709228516,39182300
2012-12-07,21.462455041217844,21.462455041217844,21.10234764686238,21.174367904663086,46162100
2012-12-10,21.25440587143497,21.582504641741707,21.22239701709085,21.55849838256836,47031100
2012-12-11,21.646523396644774,21.998629944654027,21.646523396644774,21.86258888244629,52282800
2012-12-12,22.030633608581297,22.102655415225932,21.670524575358126,21.79856300354004,43966300
2012-12-13,21.86258610358825,22.02263493043269,21.566497758166385,21.694536209106445,45080100
2012-12-14,21.69453913877545,21.71054280255007,21.366440373142165,21.454465866088867,42077500
2012-12-17,21.438462444730888,21.782564878029756,21.350435424449877,21.68653678894043,42046100
2012-12-18,21.806571210648045,22.110662174290002,21.718544196231672,22.054645538330078,50486900
2012-12-19,22.15867427529187,22.190683122401733,21.806567799051635,21.854581832885742,53519900
2012-12-20,21.894594130838513,22.150671005249023,21.72654272804501,22.150671005249023,52607300
2012-12-21,21.96662139892578,21.998630253008603,21.606512250875607,21.96662139892578,98776500
2012-12-24,21.766556724754487,21.80656816589958,21.60650790749683,21.654521942138672,20842400
2012-12-26,21.63051352683738,21.766554550012653,21.366434073184028,21.49447250366211,31631100
2012-12-27,21.51847869317194,21.678527493975835,21.262401832956492,21.574495315551758,39394000
2012-12-28,21.37443736961806,21.52648359405127,21.24639892578125,21.24639892578125,28239900
2012-12-31,21.27840926261335,21.42245289326195,21.102356784230977,21.37443733215332,42749500
2013-01-02,21.806573118884373,22.19068853594153,21.726548692079387,22.102663040161133,52899300
2013-01-03,22.110657132707708,22.126662318286492,21.734544429637292,21.80656623840332,48294400
2013-01-04,21.822573428152968,21.87859005648474,21.390442535870186,21.39844512939453,52521100
2013-01-07,21.422457728075926,21.51048322396418,21.318425515200275,21.35843849182129,37110400
2013-01-08,21.40644774374659,21.438458117875115,21.17437711033071,21.24639892578125,44703100
2013-01-09,21.3824415739185,21.40644935632343,21.254403120436375,21.366437911987305,49047900
2013-01-10,21.32641406299343,21.590493429389294,21.038328452776653,21.174367904663086,71431300
2013-01-11,21.198384543490995,21.55049102144062,21.030334661086467,21.47046661376953,55512100
2013-01-14,21.526484802233234,21.670528441218813,21.414451539172777,21.518482208251953,48324400
2013-01-15,21.47046808264825,21.838579772583778,21.47046808264825,21.774559020996094,48244500
2013-01-16,21.72654093677174,21.79056015009622,21.614507695038515,21.63851547241211,41077400
2013-01-17,21.75855220800547,21.98261870075444,21.654520028081873,21.80656623840332,51685900
2013-01-18,21.686530399239444,21.83857660956089,21.638516368841593,21.80656623840332,52167700
2013-01-22,21.84658502811954,21.966622434018532,21.6065132689996,21.72654914855957,58650600
2013-01-23,21.76655164347407,22.118656517102163,21.76655164347407,22.094650268554688,50387700
2013-01-24,22.166678711169645,22.46276705848618,21.982622101219135,22.110660552978516,101739300
2013-01-25,22.070646845535425,22.59080319325113,21.91860062728854,22.310718536376953,81847700
2013-01-28,22.414748825225423,22.59080128185762,22.214688591004922,22.33472442626953,56056500
2013-01-29,22.262702937952888,22.510777204556252,22.086650478805094,22.414749145507812,49242600
2013-01-30,22.414753005505816,22.55879664522241,22.214692733974708,22.286714553833008,43580500
2013-01-31,22.238703527155035,22.382745660036154,21.92660842339857,21.96662139892578,50530000
2013-02-01,22.142673726066597,22.44676470582206,22.046644111947593,22.350736618041992,55565900
2013-02-04,22.30271630016283,22.42275213929004,21.942607256442706,21.9586124420166,50540000
2013-02-05,22.102649967742433,22.13465880372969,21.894587191641964,22.006620407104492,35410400
2013-02-06,21.910600387401043,22.03864036611912,21.80656971721987,21.878591537475586,41889600
2013-02-07,21.886596395608702,21.918605248845328,21.686536102278346,21.83057975769043,38028300
2013-02-08,21.886585527337708,22.17467116876763,21.854575163657636,22.046632766723633,33318500
2013-02-11,22.126670148026662,22.34273565078165,22.006634266386904,22.294721603393555,32247700
2013-02-12,22.310718536376953,22.406748128516718,22.206687877369248,22.310718536376953,35990900
2013-02-13,22.35073311109657,22.494776746504417,22.310720142184003,22.430757522583008,41715600
2013-02-14,22.342727357279465,22.454760601711882,22.302715920364594,22.438756942749023,32663200
2013-02-15,22.43875692343916,22.5347849824876,22.31071696747711,22.414749145507812,49650900
2013-02-19,22.495439128898088,22.664881907618536,22.430889865332166,22.632606506347656,38781400
2013-02-20,22.697147693012276,22.75362962513692,22.455088425522106,22.487363815307617,44110200
2013-02-21,22.382477975348273,22.382477975348273,21.970975849012454,22.180761337280273,49078500
2013-02-22,22.33406942678739,22.398618698120117,22.172695478967565,22.398618698120117,31425900
2013-02-25,22.568051459789558,22.632600706814937,22.083932876586914,22.083932876586914,48011800
2013-02-26,22.092000185861576,22.269511769412958,22.059726331836604,22.083932876586914,49923300
2013-02-27,22.124283529098346,22.59226612294313,22.05166540772795,22.438961029052734,36394700
2013-02-28,22.49543647825009,22.56805458357711,22.38247566506391,22.43088722229004,35840200
2013-03-01,22.366337575538818,22.576123038487477,22.20496520794606,22.551918029785156,34849700
2013-03-04,22.471231839121018,22.71329116821289,22.35020217457508,22.71329116821289,38157500
2013-03-05,22.826258460190513,23.027975124395905,22.721364932977142,22.874670028686523,41432200
2013-03-06,22.761705788986834,22.777843490157917,22.414754447663874,22.66488265991211,51448500
2013-03-07,22.6810237891029,22.81819119183687,22.600336810028306,22.705228805541992,29196700
2013-03-08,22.793984668595453,22.858533944151013,22.559992582846462,22.592267990112305,37667800
2013-03-11,22.54384420845697,22.568049211820814,22.325989944330644,22.487363815307617,36627500
2013-03-12,22.463163375077105,22.551919182122447,22.301789460262977,22.519643783569336,39255200
2013-03-13,22.487367256507333,22.608396908773358,22.390542611309197,22.5277099609375,29093400
2013-03-14,22.592267958223236,22.721366509152134,22.535787534563855,22.705228805541992,55914800
2013-03-15,22.616467664920563,22.721359628670868,22.57612341811225,22.624536514282227,92710300
2013-03-18,22.49543533086378,22.81818313317786,22.438954927151492,22.67294692993164,44809400
2013-03-19,22.68908957908786,22.76977500829809,22.61647146161792,22.73750114440918,51901600
2013-03-20,22.866601569955186,22.98763126276074,22.73750302576579,22.8504638671875,35447800
2013-03-21,22.68101692199707,22.88273353912198,22.63260382582462,22.68101692199707,34233200
2013-03-22,22.74556618022505,22.866595842717143,22.672948074934666,22.793977737426758,28720900
2013-03-25,22.834318147342483,22.874662390096923,22.5599834525143,22.721357345581055,44154000
2013-03-26,22.78590659501266,22.866593541546035,22.68101464180212,22.721357345581055,27824300
2013-03-27,22.705220034202103,22.955349726602403,22.65680848104985,22.89080047607422,36047400
2013-03-28,22.85045964544301,23.12479438590468,22.802048085060292,23.08445167541504,55453800
2013-04-01,23.10865668611852,23.12479438590468,22.882735045015327,23.08445167541504,29201100
2013-04-02,23.068315487195832,23.278100981234957,23.011835073219117,23.237756729125977,28456500
2013-04-03,23.197410587187573,23.35878449381913,23.027969370302504,23.044105529785156,35062800
2013-04-04,22.906940815276638,23.084452440858872,22.8101176913007,23.076383590698242,45263200
2013-04-05,22.769767427314854,23.221613683128872,22.681013176938322,23.15706443786621,50927300
2013-04-08,23.181276334026865,23.181276334026865,22.9714908398169,23.068315505981445,34759500
2013-04-09,23.181283244685417,24.060768196877778,23.140940519492723,23.891326904296875,77733800
2013-04-10,23.859044923595675,24.46419486872161,23.81870220951097,24.431921005249023,71116700
2013-04-11,23.479812228987463,23.560499175687006,23.18127098789181,23.3507137298584,130923200
2013-04-12,23.27809447238171,23.415261813246783,23.124789435185352,23.22968292236328,62886300
2013-04-15,23.116726674034098,23.382992577710795,23.003765847921507,23.149002075195312,56332900
2013-04-16,23.318435682090257,23.512083408747905,23.157063346029883,23.374916076660156,52797300
2013-04-17,23.278098682526362,23.431403747449924,23.076382058828518,23.261960983276367,52840700
2013-04-18,23.35878141506271,23.382986420584214,22.99569094248592,23.22968292236328,56906600
2013-04-19,23.89938469388832,24.39964102620034,23.89131584478966,24.020414352416992,99790700
2013-04-22,24.44806197167629,25.158105575311367,24.423856954059403,24.875701904296875,137904000
2013-04-23,24.770801932009878,24.932174307102763,24.512603361705004,24.690114974975586,59126900
2013-04-24,24.70624858790882,25.755174238941358,24.6901108913759,25.626075744628906,90946600
2013-04-25,25.58574363752425,26.497503917362355,25.44857776886886,25.771324157714844,110700200
2013-04-26,25.739036157781804,25.80358540397345,25.37594722506958,25.65028190612793,47799300
2013-04-29,25.65835525576794,26.368398670009327,25.63415024460739,26.311918258666992,59116400
2013-04-30,26.271571769973495,26.71534768583447,26.045647079137023,26.707277297973633,75165200
2013-05-01,26.570106460834676,26.691137632257522,26.303839114884628,26.400665283203125,54330900
2013-05-02,26.32804578460322,26.763751206877927,26.134396536297498,26.75568389892578,46059500
2013-05-03,26.812176085046037,27.046168131963185,26.691147944812563,27.021963119506836,46784600
2013-05-06,26.96548111739103,27.360847117753778,26.828315268622507,27.231748580932617,40978300
2013-05-07,27.151060903304526,27.264021728933223,26.820245737698347,26.876726150512695,43078300
2013-05-08,26.683085648276716,26.820254609019763,26.34420305929861,26.61853790283203,51595700
2013-05-09,26.50556603976781,26.626597258487088,26.295782082333044,26.352262496948242,46417800
2013-05-10,26.360332862899977,26.400678659115837,26.077930757101605,26.3764705657959,36394900
2013-05-13,26.311922003369673,26.683079924428526,26.263508896206865,26.65080451965332,36027600
2013-05-14,26.699550528873203,27.243940353393555,26.650797952238115,27.243940353393555,56870100
2013-05-15,27.178942213790073,27.544578819264938,27.16269135359845,27.503950119018555,46303900
2013-05-16,27.33331566455509,27.747704773714066,27.26018835702904,27.690828323364258,59382900
2013-05-17,27.731455458913135,28.332721710205078,27.70707762202588,28.332721710205078,60666700
2013-05-20,28.218973427241824,28.519606602150635,28.178347825151675,28.503358840942383,54020800
2013-05-21,28.519604099361516,28.65773485378782,28.210847070944105,28.31647300720215,48702400
2013-05-22,28.267733721477395,28.308359334651026,27.918347869020057,28.121479034423828,66047500
2013-05-23,27.812715349455768,28.072722960997712,27.5445838560998,27.74771499633789,51102700
2013-05-24,27.560825634754007,27.853334909102617,27.544577874654237,27.845211029052734,33174400
2013-05-28,27.967082974652556,28.584603135477188,27.958959096012183,28.454599380493164,48212100
2013-05-29,28.22709791445808,28.45460374569817,28.08896716010911,28.340850830078125,38412200
2013-05-30,28.31648524692233,28.641496374676247,28.283986613775596,28.462739944458008,51131000
2013-05-31,28.292090391863667,28.665850753498862,28.267715659441173,28.357093811035156,56165700
2013-06-03,28.373356334362153,28.950251131409814,28.300232099034183,28.917749404907227,51252600
2013-06-04,28.942115368861405,29.03962051878572,28.251470937669474,28.430227279663086,65529500
2013-06-05,28.11333554773307,28.34896830515842,27.975207924125385,28.25959014892578,46025100
2013-06-06,28.308343604744305,28.52772551342218,28.02396137101403,28.405845642089844,37618500
2013-06-07,28.64148922227655,29.07212622440566,28.487110679889806,28.98274803161621,40757300
2013-06-10,28.85273672998346,28.966492736383806,28.552103604761015,28.82023811340332,35994500
2013-06-11,28.478975148115786,28.584604171473014,28.178342034981963,28.308345794677734,39435900
2013-06-12,28.552109329208697,28.657738377991024,28.316476489438458,28.438356399536133,37372700
2013-06-13,28.430227890003582,28.45460262824079,28.10521691568045,28.210845947265625,45654900
2013-06-14,28.072716793985734,28.1864697116042,27.828960099155513,27.95083999633789,53192600
2013-06-17,28.186472698450544,28.568360190524043,28.13772321403937,28.438356399536133,49670100
2013-06-18,28.41397237420532,28.576474735197934,28.357095927951132,28.422096252441406,28616500
2013-06-19,28.405855900472748,28.511484953804988,28.105222702026367,28.105222702026367,30816200
2013-06-20,27.83708204343446,27.893961597822912,27.11393588925971,27.211441040039062,54493700
2013-06-21,27.34957796156343,27.406454435703633,26.8539374587399,27.03269386291504,85338500
2013-06-24,26.764544482695218,27.788326651164624,26.463911413969164,27.3983154296875,56109000
2013-06-25,27.690838391842302,27.93459513904851,27.187070934809565,27.35770034790039,44073400
2013-06-26,27.723333219888957,28.015842516271533,27.536452969318933,27.910213470458984,48665900
2013-06-27,28.048341698107926,28.259596671068326,28.03209083872105,28.129592895507812,28993100
2013-06-28,27.93457909423177,28.267713847295475,27.902077386729594,28.06458282470703,65545500
2013-07-01,28.235217007532142,28.430224186630902,27.89395831852676,27.918333053588867,31055400
2013-07-02,27.95896920468243,27.983343948950335,27.325201057435798,27.57708168029785,37630000
2013-07-03,27.34957457370579,27.926466225401406,27.30082198782384,27.633956909179688,15994400
2013-07-05,27.69895903776165,27.82083894689407,27.284572925874144,27.79646110534668,26085900
2013-07-08,27.910206802852322,28.105213987032737,27.609573697627635,27.893959045410156,32396900
2013-07-09,28.09709682056379,28.113344581887464,27.73958408074741,27.910213470458984,25318500
2013-07-10,27.902086077353903,28.28397351061682,27.885835218541185,28.194595336914062,29658800
2013-07-11,28.43835223455868,29.063996355663097,28.357101039416563,28.998992919921875,53638300
2013-07-12,28.9096238006449,29.031500618465472,28.665863965933653,28.98274803161621,35501200
2013-07-15,28.97462146688983,29.429636270071978,28.909621123312245,29.389007568359375,34142600
2013-07-16,29.259012006891606,29.60027398009664,29.218386393293194,29.47027015686035,36378500
2013-07-17,29.527132779272037,29.567758373805614,28.836488373598726,29.03961944580078,37285100
2013-07-18,29.023376893576696,29.161504574425095,28.617114632914245,28.795867919921875,49547100
2013-07-19,26.325785647578456,26.545164456720013,25.204501369748613,25.513259887695312,248428500
2013-07-22,25.75703049002503,26.0089111328125,25.67577771991339,26.0089111328125,79040700
2013-07-23,25.927657666261073,26.03328672318548,25.765152140116243,25.854530334472656,65810400
2013-07-24,26.033282324175623,26.155159123538617,25.911402425278048,25.968278884887695,52803100
2013-07-25,25.692024014866416,25.716398756727767,25.391389283847992,25.505142211914062,63213000
2013-07-26,25.399511156755185,25.692020416259766,25.358884009731106,25.692020416259766,38633600
2013-07-29,25.57014187336904,25.675770911434682,25.513265414303206,25.62701988220215,28870700
2013-07-30,25.822024072141023,26.09828092183779,25.63514229619739,25.8789005279541,45799500
2013-07-31,25.976408450951297,26.041410350822012,25.765151888929598,25.87078094482422,43898400
2013-08-01,26.04953636296673,26.073911105906994,25.67577429028534,25.732650756835938,42557900
2013-08-02,25.748894013209416,25.91952336246254,25.65139042094547,25.91139793395996,29199900
2013-08-05,25.919534477497432,26.000787247599717,25.70827789513856,25.757030487060547,30984000
2013-08-06,25.6351448124068,25.732648424633357,25.497015599116793,25.659521102905273,36331500
2013-08-07,25.627020776521473,26.082032464926915,25.39138795243456,26.04953384399414,38078600
2013-08-08,26.195796901585663,26.870190770483624,26.041415229539787,26.723936080932617,59034400
2013-08-09,26.626418377128083,26.732047390883242,26.38266173729865,26.569541931152344,26800700
2013-08-12,26.374537289526792,26.788926406567253,26.374537289526792,26.707672119140625,25493700
2013-08-13,26.601309038445592,26.63403979115864,26.35583463585051,26.37220001220703,39464100
2013-08-14,26.29855285764333,27.29681879411949,25.938524003830608,26.47038459777832,48519600
2013-08-15,26.183994879498048,26.33128010040526,25.23482518997126,26.012163162231445,33338000
2013-08-16,26.01216265568224,26.175811684079648,25.905789304570625,26.020343780517578,32866300
2013-08-19,25.987617196044557,26.159448927136058,25.67668135784874,25.684864044189453,27902500
2013-08-20,25.725780697286016,26.10217495196412,25.668503446416565,25.873065948486328,22979600
2013-08-21,25.864877700805664,26.192175760930574,25.807600462249418,25.864877700805664,37409100
2013-08-22,26.339458403532177,26.584935826328685,26.265815800968245,26.503108978271484,31169900
2013-08-23,28.77783884793242,28.802388460100033,27.82048825051287,28.434175491333008,225493800
2013-08-26,28.1478036367408,28.368728408674173,27.84504886366293,27.943241119384766,72786800
2013-08-27,27.42773349576173,27.902316753621957,27.124981945676314,27.21498680114746,58522300
2013-08-28,27.32136542385038,27.49319716480364,27.002248441686945,27.018613815307617,44257400
2013-08-29,26.94498289368999,27.493209101820256,26.838609479658288,27.45229721069336,45284700
2013-08-30,27.30499826256841,27.39500625090134,27.075889289630524,27.329547882080078,42790200
2013-09-03,25.979435993165374,26.24127572826831,25.603041764126885,26.08580780029297,154507000
2013-09-04,25.68486624354861,25.750326179191735,25.45575724914166,25.529399871826172,142320600
2013-09-05,25.447575634087436,25.725780762462186,25.324838444672228,25.55394744873047,71644900
2013-09-06,25.61941095337506,25.684870900887788,25.472125681299364,25.48849105834961,75434900
2013-09-09,25.545767478531648,26.01217134501955,25.52940366270697,25.905797958374023,49628500
2013-09-10,26.102166786916484,26.511293223764753,26.012160375428657,26.503108978271484,56881200
2013-09-11,26.650400888873307,26.94497137324555,26.617670141415083,26.789505004882812,39087500
2013-09-12,26.77314009106367,26.82223309171845,26.6667667206851,26.74859046936035,32860200
2013-09-13,26.81405082327422,27.059525180220078,26.60130409157889,27.02679443359375,40899000
2013-09-16,27.313182788644596,27.411371903567705,26.78131910017435,26.83859634399414,52839700
2013-09-17,27.345906004657408,27.386820990541093,26.920418868118762,26.944965362548828,84716500
2013-09-18,26.99406115527582,27.329543434499836,26.8631413175634,27.264081954956055,64099900
2013-09-19,27.395010525218094,27.55866115486837,27.2640906457731,27.525930404663086,42026600
2013-09-20,27.337727860596313,27.395005101427476,26.74858695904663,26.830413818359375,102904900
2013-09-23,26.62585438896758,26.97770212070377,26.593123641509358,26.789505004882812,39826100
2013-09-24,26.895877177610792,26.895877177610792,26.30673928806412,26.552213668823242,40685000
2013-09-25,26.584942755433563,26.83859824708597,26.5113001336754,26.60130500793457,28907500
2013-09-26,26.707681108745327,27.002251625902645,26.666769230557083,26.814054489135742,28504000
2013-09-27,26.904071276303757,27.615948177561947,26.895887025168776,27.223188400268555,55348000
2013-09-30,27.00224102010144,27.255899559439815,26.75676672601188,27.23134994506836,39839500
2013-10-01,27.288631224018758,27.50137793279465,27.247719355831226,27.476831436157227,36718700
2013-10-02,27.29681369755354,27.845039562685184,27.239536461536062,27.75503158569336,46946800
2013-10-03,27.722313251945472,27.820502386382636,27.345915847413128,27.705947875976562,38703800
2013-10-04,27.56683962474648,27.812317106250013,27.509562378095875,27.722309112548828,33008100
2013-10-07,27.493195061159646,27.58320304849844,27.165896977917043,27.24772071838379,35069300
2013-10-08,27.255904938889596,27.272270311242238,26.83859574733627,27.010427474975586,41017600
2013-10-09,27.059526443481445,27.288635437809987,26.969518446744964,27.059526443481445,35878600
2013-10-10,27.25589750810523,27.730480691443613,27.214982527690484,27.624107360839844,42875100
2013-10-11,27.558659143917332,27.93505337968424,27.558659143917332,27.92687225341797,30033300
2013-10-14,27.73867619881263,28.229624949381904,27.64048395159795,28.18871307373047,27757900
2013-10-15,28.368731052873486,28.630573971161326,28.205083520836403,28.22144889831543,47097800
2013-10-16,28.31144078412859,28.556918212147895,28.278713165584488,28.34417152404785,35111600
2013-10-17,28.18871823867364,28.63057406797166,28.123256728536184,28.573293685913086,31359200
2013-10-18,28.491459771148584,28.630563869954422,28.090519089187193,28.606014251708984,41811700
2013-10-21,28.622383303066716,28.80239929359022,28.565106055423037,28.63056755065918,27433500
2013-10-22,28.65511863899935,28.720577023340926,28.24599359239121,28.295089721679688,40438500
2013-10-23,28.10687478881108,28.221432364047704,27.55046476601797,27.624107360839844,58600500
2013-10-24,27.673204795012015,27.902313713751052,27.468642368602183,27.591381072998047,53209700
2013-10-25,29.358813205931288,29.694295607723333,29.023330804139242,29.236074447631836,113494000
2013-10-28,29.13788287912207,29.236072004731398,28.85967775541562,29.105152130126953,38383600
2013-10-29,29.154253238437228,29.227895875579705,28.85149844053117,29.064245223999023,31702200
2013-10-30,29.07241458515312,29.28516128251361,28.990590853168495,29.080598831176758,36997700
2013-10-31,29.17880189860429,29.203348405672408,28.91696208528844,28.974239349365234,41682300
2013-11-01,29.18698418969877,29.20334956885495,28.957875124266078,29.072429656982422,40264600
2013-11-04,29.121515533037737,29.440632510695192,29.08878478625856,29.407901763916016,28060700
2013-11-05,29.28517105495994,30.037959628824563,29.268805678826837,29.980682373046875,51681900
2013-11-06,30.471629853467352,31.273514438903877,30.32434461110392,31.24078369140625,88948800
2013-11-07,31.060770023167912,31.10168189990994,30.62709851122539,30.684375762939453,60437400
2013-11-08,30.823476572278054,30.913484573364258,30.55345569039554,30.913484573364258,36737800
2013-11-11,30.83983842256786,30.913481040369657,30.56163332435837,30.758014678955078,26872500
2013-11-12,30.586178145087924,30.766190977064326,30.438892932595706,30.569812774658203,31651600
2013-11-13,30.258887125353624,31.224422454833984,30.193428743061144,31.224422454833984,44957600
2013-11-14,30.987111242193844,31.199857884544503,30.864375675952605,31.10984992980957,46183700
2013-11-15,31.05259155122352,31.109868807834527,30.864394405019304,30.962583541870117,50601300
2013-11-18,30.561639448607924,30.749839715107115,30.33253042348037,30.43890380859375,53277500
2013-11-19,30.381188116564406,30.694482130484435,30.23278585444695,30.29050064086914,44275000
2013-11-20,30.438888726275298,30.842873214527103,30.389423420195747,30.570804595947266,32229900
2013-11-21,30.727447089962926,30.941804067968448,30.71920077635859,30.834627151489258,23064700
2013-11-22,30.94180969545045,31.06547926163047,30.776921133940707,30.974788665771484,27982000
2013-11-25,31.271595967163627,31.28808545383148,30.974791497238268,31.032503128051758,30646800
2013-11-26,30.97479055028744,31.04074849494241,30.79340934753418,30.79340934753418,34465300
2013-11-27,30.974796223635995,31.13144165331089,30.908841411948636,30.999528884887695,26002100
2013-11-29,31.18091055161247,31.568405690167385,31.18091055161247,31.436492919921875,22090400
2013-12-02,31.403510984096894,31.97238416251811,31.37877832483239,31.700315475463867,42950400
2013-12-03,31.44473319837184,31.733294518949624,31.395267879737194,31.58489227294922,52109800
2013-12-04,31.502449213531424,32.13728043301065,31.428248080214406,32.10430145263672,51983600
2013-12-05,32.03009734086242,32.054833146367045,30.65325806129304,31.32931137084961,116305000
2013-12-06,31.675573478413956,31.782753556019603,31.321060566421636,31.626108169555664,36457300
2013-12-09,31.79099690914701,32.04657603456487,31.63434839222916,31.914663314819336,30286000
2013-12-10,31.832229764808083,32.07132263269569,31.345800857230852,31.420001983642578,37828600
2013-12-11,31.378787707566946,31.57665533094487,30.82640070678447,31.007781982421875,39853400
2013-12-12,31.032512951747577,31.032512951747577,30.653264073475395,30.686243057250977,36012800
2013-12-13,30.851121589695417,30.87585739195656,30.19155785527757,30.249269485473633,40066100
2013-12-16,30.28225652948161,30.504859938873846,30.125611083634695,30.414169311523438,31734200
2013-12-17,30.45538347585549,30.595542539092364,29.952468288488312,30.109113693237305,45687700
2013-12-18,29.97721095643724,30.175078571138688,29.292911188392903,30.158592224121094,63192100
2013-12-19,30.100867887818985,30.133846861498373,29.74635492843367,29.886510848999023,34160100
2013-12-20,29.84528808355846,30.447140187970955,29.837041767786143,30.3399600982666,62649100
2013-12-23,30.348197805909173,30.414152588140094,30.13383768730275,30.19154930114746,25128700
2013-12-24,30.274000179280215,30.64500255506659,30.208042244444233,30.570804595947266,14243000
2013-12-26,30.6697414894011,30.908834310059703,30.64500568878444,30.86760902404785,17612800
2013-12-27,30.983050456208687,31.016026297952696,30.645020559151373,30.74395751953125,14563000
2013-12-30,30.686245865167628,30.818158667291513,30.422420260919864,30.74395751953125,16290500
2013-12-31,30.83463517097373,30.983037403976812,30.686232937970644,30.842878341674805,17503500
2014-01-02,30.79340609611371,30.834631379694116,30.58729225840198,30.636760711669922,30632200
2014-01-03,30.669747392433845,30.68623688100278,30.17507217051089,30.430654525756836,31134800
2014-01-06,30.381172741689586,30.41415170437029,29.771077657331524,29.787567138671875,43603700
2014-01-07,29.95245876348264,30.084371468966683,29.85352187558437,30.018413543701172,35802800
2014-01-08,29.680389798927255,29.79581303382663,29.334120094229128,29.482519149780273,59971700
2014-01-09,29.581471000356313,29.60620366460936,29.18573264706328,29.292909622192383,36516300
2014-01-10,29.597946132257768,29.80405995450177,29.474276580892433,29.713369369506836,40548800
2014-01-13,29.672146702304953,29.696879354115847,28.715778710034,28.839445114135742,45901900
2014-01-14,28.63333633936588,29.581461329728445,28.550892055442105,29.499013900756836,41623300
2014-01-15,29.597952969926965,30.331717843421167,29.5567276799165,30.306982040405273,44812600
2014-01-16,30.249277547708953,30.504859938873846,29.935986656015118,30.414169311523438,38018700
2014-01-17,30.364701869251327,30.364701869251327,29.804071798354826,29.993696212768555,46267500
2014-01-21,30.35644625593889,30.35644625593889,29.729861563015344,29.82054901123047,31567300
2014-01-22,29.894755065862505,29.944223528112406,29.474284144406834,29.6226863861084,21904300
2014-01-23,29.7546139575383,29.78759294879438,29.284674339813108,29.729881286621094,43954000
2014-01-24,30.875864301413785,30.958308607272564,30.11736347830859,30.34821319580078,76395500
2014-01-27,30.39768210416305,30.4141715962881,29.663917002368148,29.70513916015625,44420800
2014-01-28,29.77934169781233,30.001945134359293,29.474293941825394,29.903011322021484,36205500
2014-01-29,29.663914421861055,30.405925777694353,29.59795960414741,30.224544525146484,52745900
2014-01-30,30.33172888353621,30.405930029495426,29.8700325147845,30.389440536499023,35036300
2014-01-31,30.463634179554273,31.23862128921808,30.142097007938954,31.197399139404297,93162300
2014-02-03,31.114959197849366,31.32107312083577,30.034921109183003,30.076143264770508,64063100
2014-02-04,30.480114845486817,30.661492881174105,29.886505995843816,29.968950271606445,54697900
2014-02-05,29.91948700017594,30.067889222685398,29.51550247333403,29.531991958618164,55814400
2014-02-06,29.515515667802717,29.8865213899289,29.424825030721966,29.82880973815918,35351800
2014-02-07,29.944213484123075,30.166816772009074,29.688631232465724,30.1420841217041,33260500
2014-02-10,30.199804180616884,30.3399600982666,29.919489200269478,30.3399600982666,26767000
2014-02-11,30.405924070238452,30.719214940620642,30.38943458047382,30.6450138092041,32141400
2014-02-12,30.793406612921817,30.999520454092774,30.75218447369715,30.892343521118164,27051800
2014-02-13,30.77693537346457,31.21389592471923,30.77693537346457,31.007781982421875,37635500
2014-02-14,30.826397299964555,31.14793451120545,30.77693197211138,31.016021728515625,31407500
2014-02-18,31.256902478216926,31.38149625172954,31.074161141373516,31.08246612548828,32834000
2014-02-19,30.91633640671672,31.356573376584876,30.908028255229745,31.15721893310547,29750400
2014-02-20,31.207056167448368,31.45624682800698,31.06584928829658,31.356571197509766,27526100
2014-02-21,31.514396408806572,31.854957773766646,31.447947033723274,31.547622680664062,38021300
2014-02-24,31.30674552917481,31.547631313108173,31.18215172856388,31.306745529174805,32085100
2014-02-25,31.240282825564908,31.439634089059115,31.02431526004311,31.182138442993164,30736500
2014-02-26,31.21535974004216,31.348261617422956,30.891408443335195,31.12398910522461,41041800
2014-02-27,31.107387075450166,31.47286657651463,30.92464574060202,31.447948455810547,33903400
2014-02-28,31.547625276992868,31.94633106620068,31.414723347256928,31.82173728942871,41215000
2014-03-03,31.497785219499757,31.67222157321624,31.140613865168767,31.38149642944336,29717500
2014-03-04,31.730352047691664,31.962929525769443,31.622368289171053,31.90478515625,26802400
2014-03-05,31.771903666533603,31.788516806856585,31.506099758630985,31.655614852905273,20520100
2014-03-06,31.68052699113554,31.763592677050188,31.47286752929681,31.68883514404297,23582200
2014-03-07,31.796822263299227,31.86327482557465,31.30674570673197,31.481182098388672,26591600
2014-03-10,31.55593443718274,31.572544406376945,31.33166182947635,31.414724349975586,19006600
2014-03-11,31.456247960071444,31.7552780309559,31.33165420962377,31.58084487915039,25216400
2014-03-12,31.398112352083032,31.921415122396862,31.38980736718441,31.78851318359375,30494100
2014-03-13,31.913114687079926,31.93803598506736,31.2652179747994,31.472877502441406,32169700
2014-03-14,31.273511243695204,31.680521949696107,31.157219301920666,31.31504249572754,27195600
2014-03-17,31.48117063309697,31.904794473107028,31.389799977561303,31.605764389038086,20479600
2014-03-18,31.780199248272364,33.142447833959785,31.746976146090006,32.851722717285156,64063900
2014-03-19,32.78527645559816,32.85172583490048,32.32011812595437,32.61914825439453,35597200
2014-03-20,32.60254689438444,33.76544155424882,32.594241907208605,33.499637603759766,59269800
2014-03-21,33.8235758697499,34.00631405074495,33.233820560125636,33.35841751098633,80721800
2014-03-24,33.50792527240076,33.75711595111118,33.1092195527378,33.64082717895508,46098400
2014-03-25,33.77373076726223,34.047842745535,33.19228370889733,33.50792694091797,43193100
2014-03-26,33.62421773722696,33.81526405084036,32.89325558658696,33.05107879638672,41977500
2014-03-27,33.00953272724405,33.2005789551262,32.6772764891523,32.69388961791992,35369200
2014-03-28,33.05107706643984,33.75711789147459,32.95970640631336,33.474700927734375,43472700
2014-03-31,33.58268939904401,34.47147166807984,33.557771276860656,34.047847747802734,46886300
2014-04-01,34.180737054619115,34.546216442377464,34.11428452850077,34.405006408691406,32605000
2014-04-02,34.42162794819158,34.60436927102334,34.19735537070668,34.34687042236328,28666700
2014-04-03,34.29703769308659,34.29703769308659,33.815266217652656,34.064456939697266,30139600
2014-04-04,34.26382380499366,34.38011263941114,32.92649587192656,33.1175422668457,51409600
2014-04-07,33.1922776518592,33.449776447917266,33.00953953498891,33.05937576293945,37559600
2014-04-08,33.0178443913891,33.16735941193492,32.56099434800173,33.07598876953125,35918600
2014-04-09,33.16736821048693,33.68236276863285,33.12583695345822,33.61591339111328,27398700
2014-04-10,33.59097639095914,33.798635747608905,32.469617132502535,32.69388961791992,45960800
2014-04-11,32.39487604714464,33.051080707032824,32.39487604714464,32.56930923461914,34330200
2014-04-14,32.486243427446276,32.73543412269309,32.31181025763666,32.54438781738281,32006600
2014-04-15,32.677298960244464,33.19229363166411,32.43641318041031,33.017860412597656,33968700
2014-04-16,33.275360350151416,33.5743873768525,33.15076337921818,33.557777404785156,30615800
2014-04-17,33.23381423950195,33.391637436393935,32.818495373797134,33.23381423950195,36688400
2014-04-21,33.33350149003283,33.3501146291039,33.051084463089246,33.17567825317383,22221200
2014-04-22,33.192272324908934,33.34178732202721,33.084291735924985,33.217193603515625,27056700
2014-04-23,33.21720379950439,33.21720379950439,32.78527180509609,32.96800994873047,24602800
2014-04-24,33.0095505689564,33.20059690009938,32.64406787578545,33.10922622680664,42381600
2014-04-25,33.46639240763217,33.790340591204476,33.01784730639456,33.15074920654297,56876800
2014-04-28,33.34180068167004,34.29703541616181,33.300269425525116,33.94816589355469,50610200
2014-04-29,34.13921201406003,34.21396954215167,33.549459941687985,33.64913558959961,29636200
2014-04-30,33.557777404785156,33.640839939652246,33.36672787105218,33.557777404785156,35458700
2014-05-01,33.424856420442666,33.52453203926852,33.18397077036861,33.225502014160156,28787400
2014-05-02,33.48300761627389,33.50792573389871,32.943091831105654,32.96800994873047,43416600
2014-05-05,32.82679837387718,32.926473998786946,32.64405708768345,32.75204086303711,22460900
2014-05-06,32.63576758051742,32.68560383228727,32.35335053550244,32.44472122192383,27112400
2014-05-07,32.577607468406754,32.81848996263858,31.987852368185628,32.74373245239258,41744500
2014-05-08,32.677284866762655,33.142443085619576,32.36994982734474,32.926475524902344,32120400
2014-05-09,32.84341812133789,33.10091380160456,32.70220805302863,32.84341812133789,29647600
2014-05-12,33.00955332332597,33.242130933927186,32.934795781542384,33.200599670410156,22782600
2014-05-13,33.392988462532166,33.87815868650586,33.33443387563681,33.81123733520508,27004800
2014-05-14,33.71086287783679,33.8363388323306,33.501738414337815,33.660675048828125,18818700
2014-05-15,33.535198146077526,33.79451362223872,33.0500278728055,33.12531280517578,37793200
2014-05-16,33.18386815720142,33.32607445092578,32.84927093200102,33.317710876464844,29867100
2014-05-19,33.13368425478444,33.309348058154654,33.00820828609918,33.25079345703125,24537400
2014-05-20,33.192230224609375,33.409718230657006,33.00819970265596,33.192230224609375,21320900
2014-05-21,33.29261991238594,33.75269317626953,33.24243207439038,33.75269317626953,22398700
2014-05-22,33.7024851517376,33.752672959672516,33.334424208296234,33.543548583984375,20201800
2014-05-23,33.769415743073324,33.769415743073324,33.45991244642,33.5602912902832,18020000
2014-05-27,33.677393843891906,33.677393843891906,33.30097245575698,33.618839263916016,26160600
2014-05-28,33.577014935391546,33.61883917941415,33.30933594446449,33.46826934814453,25711500
2014-05-29,33.585382692690814,33.75267967373214,33.384621848061705,33.74431610107422,19888200
2014-05-30,33.83633748976735,34.27131673950437,33.669037287409125,34.246219635009766,34567600
2014-06-02,34.25458230554243,34.371691475898736,34.028727538004304,34.12074279785156,18504300
2014-06-03,33.96181168282022,34.0287330429846,33.669038709566244,33.70249938964844,18068900
2014-06-04,33.63557339151933,33.76941290240706,33.34280045863544,33.72758865356445,23209000
2014-06-05,33.953433601483674,34.50552182301249,33.794500225477634,34.47206115722656,31865200
2014-06-06,34.69792938232422,34.84849924603472,34.497171691367534,34.69792938232422,24060500
2014-06-09,34.62262993253798,34.697914832824836,34.31312676068521,34.52225112915039,15019200
2014-06-10,34.32151018078769,34.43025580875689,34.17930705966267,34.388431549072266,15117700
2014-06-11,34.237833881638544,34.35494299013049,34.10399444465006,34.17927932739258,18040000
2014-06-12,34.13745855537696,34.196013115546975,33.70247954341098,33.945064544677734,29818900
2014-06-13,34.380054453530036,34.77320939661777,34.17929679096412,34.488800048828125,26310000
2014-06-16,34.3298686284001,34.80667209343463,34.3298686284001,34.714656829833984,24205300
2014-06-17,34.5389817941242,35.05760933943606,33.74430854810762,34.86521530151367,22518600
2014-06-18,34.80666536802899,34.915410948634616,34.44697114762851,34.840126037597656,27097000
2014-06-19,34.77321729817397,34.94051751565172,34.572459589989656,34.723026275634766,19828200
2014-06-20,34.67282126359128,34.990691200194846,34.614266695135974,34.86521530151367,47764900
2014-06-23,34.90704724138124,35.1329019942626,34.87358656888355,35.12453842163086,18743900
2014-06-24,34.99069605875638,35.08270811411611,34.764841324360454,34.92377471923828,26509100
2014-06-25,34.88196212055433,35.174735101206025,34.681201225974476,35.15800476074219,20049100
2014-06-26,35.07435687624722,35.08272045113553,34.656107930135036,34.8986930847168,23604400
2014-06-27,34.80666777072199,35.37548642871439,34.72301609102587,35.34202575683594,74640000
2014-06-30,35.27511365159907,35.30857433224084,34.881961822509766,34.881961822509766,30793100
2014-07-01,35.015798718442625,35.25838384835679,34.87359243191207,35.02416229248047,26917000
2014-07-02,34.907049100895854,35.04925537109375,34.739748920480615,35.04925537109375,20208100
2014-07-03,35.057614306664256,35.124535646372046,34.76484142290544,34.965599060058594,15969300
2014-07-07,34.923777577630084,35.23328082077031,34.8903169051324,35.12453842163086,21952400
2014-07-08,35.02416035336213,35.13290595574878,34.80667233957455,34.948875427246094,31218200
2014-07-09,35.11617657619935,35.12454334098826,34.73975193534371,34.85686111450195,18445900
2014-07-10,34.60590576328547,35.132900159148555,34.33822677925649,34.87358474731445,21854700
2014-07-11,34.88195730145998,35.20819091796875,34.69792677276858,35.20819091796875,24083000
2014-07-14,35.316932789632176,35.50932687158269,35.16636295315171,35.2500114440918,21881100
2014-07-15,35.40895191122429,35.52606108772391,35.15800002902712,35.50933074951172,28748700
2014-07-16,35.559528460509526,37.06522740841005,35.53443454170672,36.872833251953125,63318000
2014-07-17,38.01883597845156,38.23632406151236,37.01503770750823,37.2492561340332,82180300
2014-07-18,37.349633481181215,37.508566937552885,37.01503303609878,37.38309097290039,43407500
2014-07-21,37.274338035014075,37.776235370194314,36.989928694149164,37.5085563659668,37604400
2014-07-22,37.64238997283507,37.767865882471824,37.29942610294419,37.500186920166016,43095800
2014-07-23,38.018815759361466,38.018815759361466,37.324521234276844,37.53364562988281,52362900
2014-07-24,37.583841874380646,37.64239645803653,37.073577767391804,37.140499114990234,30725300
2014-07-25,37.05684761777474,37.35798730151865,37.05684761777474,37.22414779663086,26737700
2014-07-28,37.107021868003166,37.23249455223186,36.74732776277625,36.78078842163086,29684200
2014-07-29,36.73061278270781,36.88118261949114,36.504758027532816,36.71388244628906,27763100
2014-07-30,36.86444899279345,36.889542899689154,36.21198188562422,36.454566955566406,31921400
2014-07-31,36.28728298618592,36.54659531575583,36.036334232317465,36.10325241088867,31537500
2014-08-01,36.14506786489183,36.178528541518254,35.634803714788994,35.852294921875,31170300
2014-08-04,35.94430679940992,36.36255564486366,35.81046729650414,36.27890396118164,34277400
2014-08-05,36.22871764131615,36.35419038555381,35.82719911598161,36.03632354736328,26266400
2014-08-06,35.75191116333008,36.111602219118616,35.308565236501074,35.75191116333008,24634000
2014-08-07,35.83556296491651,36.34582709197139,35.67662954459844,36.16179656982422,30314900
2014-08-08,36.161801219978585,36.23708615317576,35.89412216660776,36.1367073059082,28942700
2014-08-11,36.18689513404897,36.34583176579079,35.98613743951386,36.1367073059082,20351600
2014-08-12,36.00286605224087,36.46293920371661,35.96940537442805,36.40438461303711,21431100
2014-08-13,36.53823277664487,36.956481775286875,36.40439322471889,36.872833251953125,22889500
2014-08-14,36.87282012588774,37.157226280373635,36.81426235121569,37.03175354003906,19313200
2014-08-15,37.29105688694017,37.55873580872928,37.14048709456073,37.46672058105469,41611300
2014-08-18,37.59220687342404,37.734413146972656,37.37471886744955,37.734413146972656,26891100
2014-08-19,37.85225667985937,38.16369306324395,37.73441605970932,38.155277252197266,28139500
2014-08-20,38.163701433657174,38.21420594376263,37.79334465896752,37.83543014526367,24770500
2014-08-21,37.74282773516885,38.0879337467581,37.73441192504431,38.06268310546875,22285500
2014-08-22,38.17211083782007,38.27311984107254,37.936429585396795,38.00376892089844,18294500
2014-08-25,38.214190675098976,38.247857124134235,37.91117015737312,38.020591735839844,16910000
2014-08-26,38.13844075145486,38.21419589122668,37.82700117077295,37.885921478271484,14873100
2014-08-27,37.79333170219508,37.877502645930875,37.67548788568301,37.7680778503418,21287900
2014-08-28,37.667072091571775,37.86066783097835,37.54923148592566,37.77649688720703,17657600
2014-08-29,37.95326280548251,38.24786435848502,37.75966704052142,38.23944854736328,21607600
2014-09-02,38.23944038046638,38.264691019354856,37.7512399558529,37.95325469970703,22976800
2014-09-03,37.48190818949749,37.9701088626904,37.48190818949749,37.843849182128906,33684500
2014-09-04,37.65865506229925,38.10476682949185,37.641820231906905,38.09634780883789,26475500
2014-09-05,37.97009731283251,38.660309411872554,37.97009731283251,38.64347457885742,36939400
2014-09-08,38.73607706737232,39.392619712456174,38.71082641515129,39.11485290527344,45736700
2014-09-09,39.11483168258399,39.53569278281092,39.07274300382899,39.35892868041992,40302400
2014-09-10,39.409438514344664,39.51044429304446,38.95490769382189,39.426273345947266,27302400
2014-09-11,39.34210103678738,39.56094741821289,39.114835634394154,39.56094741821289,29216400
2014-09-12,39.485198283603744,39.577788262823034,39.224263179523575,39.30843734741211,38244700
2014-09-15,39.17375013693362,39.316841363040105,38.80339033117052,38.921234130859375,37667600
2014-09-16,39.047492365308294,39.43468380689738,38.96332142962906,39.35892868041992,27910600
2014-09-17,38.938075586188084,39.30001646367456,38.912824942475645,39.156925201416016,38311900
2014-09-18,39.21585174897202,39.417866563555265,39.10642692395124,39.29160690307617,35556600
2014-09-19,39.401031210076646,40.040738894499434,39.22426704554659,39.998653411865234,202522400
2014-09-22,39.81348090772495,39.88082026131173,39.54412991521205,39.61146926879883,38686100
2014-09-23,39.43467924498877,39.544104017445534,39.114827157676714,39.190582275390625,33430300
2014-09-24,39.24949747085228,39.65352364257582,39.00539732202517,39.628273010253906,26582700
2014-09-25,39.45993832940537,39.63669922389602,38.74447252026659,38.752891540527344,33077400
2014-09-26,38.66031229434331,39.24109962754591,38.51721780850376,39.06433868408203,27078800
2014-09-29,38.70238529061651,39.19058569423161,38.51720538429144,39.089576721191406,26091000
2014-09-30,39.030666940379945,39.12325691848577,38.727646361457666,39.02225112915039,33033100
2014-10-01,38.946495744926175,39.16534215562643,38.59297066805206,38.63505935668945,38088400
2014-10-02,38.5761316099165,38.80339378798842,38.416202330120434,38.517208099365234,25119400
2014-10-03,38.70238913310384,38.97173999945574,38.390952795931135,38.794979095458984,32453200
2014-10-06,38.82022973576835,38.97173999945574,38.65188464156951,38.794979095458984,20604000
2014-10-07,38.60138977575471,38.66031008687838,38.231029864787494,38.3236198425293,25723700
2014-10-08,38.28153215427063,39.46836054124315,38.16369153882762,39.375770568847656,33031000
2014-10-09,39.140077185846565,39.39259317066904,38.50036981023531,38.59295654296875,34422800
2014-10-10,38.382542979292026,38.8202390448016,36.99370284366999,37.061038970947266,51978100
2014-10-13,36.88427167256646,37.50714759992409,36.606504977643986,36.741180419921875,37100200
2014-10-14,36.92636572344979,37.355646002927976,36.66543379956754,36.80852508544922,38115700
2014-10-15,36.194054403477395,36.52232554594852,35.43650314322451,36.379234313964844,60218700
2014-10-16,35.79844038401652,36.2613901141953,35.53750858436853,35.97520446777344,49040400
2014-10-17,36.362405302076645,36.985278028230454,36.01729927517633,36.72434616088867,40683300
2014-10-20,36.2445767085679,37.153635456839275,36.03414605626508,37.10313415527344,34527900
2014-10-21,37.33880091558168,37.86066783097835,37.19570645807162,37.77649688720703,36433800
2014-10-22,37.87751125993224,37.936431576129934,37.22938457084121,37.35564422607422,33570900
2014-10-23,37.557646510563394,38.25627753073575,37.48189137838706,37.89433670043945,45451900
2014-10-24,39.41785382041971,39.47677412001759,38.029010847805644,38.82864761352539,61076700
2014-10-27,38.475129459622174,38.80340067612706,38.475129459622174,38.64347457885742,30371300
2014-10-28,38.60138594708472,39.140087715879325,38.52563081016574,39.13167190551758,29049800
2014-10-29,39.089582411185475,39.308432007047,39.00541146564843,39.241092681884766,30276100
2014-10-30,38.98857597962506,38.98857597962506,38.52562936511403,38.76131057739258,30073900
2014-10-31,39.51045228441101,39.535706142380654,39.12326071198544,39.51887130737305,35849700
2014-11-03,39.46835830678829,39.948139763024535,39.33368286663278,39.931304931640625,23130400
2014-11-04,39.81347170266472,40.17541261721847,39.771386221861896,40.04073715209961,21530800
2014-11-05,40.23433131394822,40.318505483084,39.779800433363654,40.28483581542969,22449600
2014-11-06,40.284831617048624,41.126553955186985,40.22591131025221,40.991878509521484,33037800
2014-11-07,41.17705198284958,41.17705198284958,40.64676926363411,40.975040435791016,28000600
2014-11-10,40.949805696276044,41.370666995473464,40.86563150988642,41.151817321777344,36370100
2014-11-11,41.11812534641315,41.20229948715012,40.94978348676951,41.13496017456055,23445200
2014-11-12,40.87403501305007,41.17705233623847,40.840365351279466,41.05921173095703,22722100
2014-11-13,41.08445457310142,41.791501226234274,41.000280441231546,41.75783157348633,26210400
2014-11-14,41.86727280411345,42.12820468823665,41.572668043085336,41.73259735107422,29081700
2014-11-17,41.589494883842754,41.84201090840089,41.3622294984658,41.6315803527832,30318600
2014-11-18,41.614658786894125,41.78406573429689,41.250434980887256,41.28431701660156,23995500
2014-11-19,41.216537931020135,41.29277086802318,40.59820554473651,40.84384536743164,26177500
2014-11-20,40.65750089708048,41.250423431396484,40.54738592742389,41.250423431396484,21510600
2014-11-21,41.52146955344959,41.54687945531789,40.293273674856245,40.64055633544922,42884800
2014-11-24,40.64903646282241,40.65750535472396,40.14081570718743,40.31022262573242,35434200
2014-11-25,40.369507153634586,40.63208799074694,40.19163137583313,40.20857238769531,28008000
2014-11-26,40.22551685002729,40.6490324894073,40.047637825800074,40.445743560791016,27163600
2014-11-28,40.61516593847386,40.8269238388505,40.32717506471486,40.49658203125,21534400
2014-12-01,40.55586157992851,41.318187849408105,40.411864571509206,41.18266296386719,31191600
2014-12-02,41.36900334080308,41.546879114758305,40.826903897605696,41.0471305847168,25773500
2014-12-03,41.03019404962029,41.08101708965268,40.4965666695358,40.72526550292969,23534800
2014-12-04,40.98784995422267,41.555362686625145,40.82691514741789,41.369014739990234,30320400
2014-12-05,41.35206605642063,41.47912203850754,40.97937346342307,41.01325225830078,27313400
2014-12-08,40.87771666320616,40.95394958622911,40.19162358716661,40.40338134765625,26663100
2014-12-09,39.90364795992537,40.589741294838674,39.852824915011404,40.31022262573242,24330500
2014-12-10,40.30175832229236,40.369519158724174,39.55636973453086,39.72577667236328,30431800
2014-12-11,39.87821520830444,40.437255457431775,39.539401565308204,39.954444885253906,29060400
2014-12-12,39.62412281214129,40.42880318590394,39.530948853019474,39.76811981201172,34248400
2014-12-15,39.97987356049234,40.377976030029316,39.42930198424842,39.53094482421875,29247800
2014-12-16,38.87874252345732,39.25143517595861,38.226527958203775,38.25193786621094,47801400
2014-12-17,38.15876373717191,38.9210932859115,38.03171096649421,38.74321746826172,34970900
2014-12-18,39.45472246756699,40.25093078613281,39.25143351858836,40.25093078613281,40105600
2014-12-19,40.344096933928014,40.7421994004696,39.954460126499455,40.3695068359375,64551200
2014-12-22,40.47114945026952,40.75914018572473,40.411857525131765,40.64055633544922,26566000
2014-12-23,40.97090171876899,41.33512542419447,40.767616022958606,41.038665771484375,23648100
2014-12-24,41.19959668140566,41.19959668140566,40.725261281608255,40.77608108520508,11437800
2014-12-26,41.004788013641885,41.004788013641885,40.5050393819307,40.55586242675781,13197800
2014-12-29,40.4033967879468,40.47115761699166,40.030700919111204,40.1916389465332,14439500
2014-12-30,40.18318633515121,40.33565231349529,39.674968561450854,39.82743453979492,16384700
2014-12-31,39.58175687120993,40.18314808489864,39.34458923339844,39.34458923339844,21552500
2015-01-02,39.52247209978069,40.16621433203323,39.420829269670776,39.607173919677734,27913900
2015-01-05,39.27684068003301,39.58177246660181,39.17519782823274,39.24296188354492,39673900
2015-01-06,39.28530158726092,39.598702175689326,38.5737953654457,38.666969299316406,36447900
2015-01-07,38.946510088402114,39.35308484264854,38.531466440411954,39.158267974853516,29114100
2015-01-08,39.598716152778024,40.445747514334776,39.57330624590515,40.31022262573242,29645200
2015-01-09,40.327155999250174,40.50503177599165,39.72576462198083,39.97140121459961,23944200
2015-01-12,40.16621055276359,40.267856604476854,39.26835971413208,39.47164535522461,23651900
2015-01-13,39.78506119197924,40.581269450698834,39.01426283828397,39.26837158203125,35270600
2015-01-14,38.929561614990234,39.16673259959399,38.64157081531791,38.929561614990234,29719600
2015-01-15,39.149788141487925,39.28531302170036,38.46369161788045,38.52298355102539,32750800
2015-01-16,38.378978387151854,39.20059631591751,38.26039132489493,39.166717529296875,35695300
2015-01-20,39.217548334677296,39.514011226797486,38.599215876714105,39.29378128051758,36161900
2015-01-21,38.912612856523694,39.08201974576873,38.52297927307745,38.89567184448242,39081100
2015-01-22,39.2853159183408,39.92905833902319,39.03120715310217,39.920589447021484,35898000
2015-01-23,40.11539846235434,40.1408083645792,39.641059823428634,39.96293258666992,26211600
2015-01-26,39.8104626900928,39.9205776405582,39.1667204597964,39.818931579589844,42525500
2015-01-27,36.37998579878064,36.591743570332135,35.66847955712092,36.13434600830078,169164000
2015-01-28,36.202118450035904,36.24446936794402,34.8638074721977,34.889217376708984,84507100
2015-01-29,34.668975239036186,35.67694085389702,34.55039142918979,35.58376693725586,63585300
2015-01-30,35.194150134202445,35.21956327058834,34.17771192030282,34.22006607055664,78004900
2015-02-02,34.38099611457342,35.04167940847748,34.07606436933538,34.96544647216797,50352500
2015-02-03,35.26190528695216,35.51601396847917,34.770625702321695,35.23649215698242,52082400
2015-02-04,35.52449065373426,35.75318948664794,35.0332141924577,35.439788818359375,41614800
2015-02-05,35.76166131420524,36.11741289724981,35.45672953949968,35.956478118896484,36548200
2015-02-06,36.151287130115094,36.24446106687407,35.702361687004256,35.92258834838867,34616600
2015-02-09,35.77859855690853,36.202114147997484,35.75318542424927,35.88024139404297,31381100
2015-02-10,36.20210220780955,36.22751210092058,35.72776373901606,36.08351516723633,29670700
2015-02-11,36.125892788906164,36.125892788906164,35.753196881370165,35.897193908691406,38262500
2015-02-12,36.134357194303604,36.49858093261719,36.007301199573504,36.49858093261719,33268800
2015-02-13,36.74421629573954,37.15925979614258,36.54939949722027,37.15925979614258,40264900
2015-02-17,37.50901936605866,37.53461010434308,36.84363088319625,37.176326751708984,33695700
2015-02-18,37.21897869057536,37.27869258207726,37.01424302388096,37.133670806884766,27111700
2015-02-19,36.83509172537316,37.13366110487466,36.72419313263167,37.108070373535156,27603400
2015-02-20,37.11659615570763,37.432230332935156,36.928925386022,37.41516876220703,29721100
2015-02-23,37.27868227422237,37.69667939915613,37.236029971252286,37.662559509277344,32518800
2015-02-24,37.66256625599211,37.79052318782402,37.46635976969031,37.61138153076172,25271700
2015-02-25,37.49196174248297,37.61138953928738,37.36400152924201,37.526084899902344,29759800
2015-02-26,37.52606722713194,37.730799566903414,37.44075937375894,37.58578109741211,28957300
2015-02-27,37.64549785270892,37.70521172756534,37.24455904653395,37.406639099121094,33807700
2015-03-02,37.25309082643805,37.69668196669678,37.150724641505214,37.43223571777344,31924000
2015-03-03,37.15926132469288,37.38958770787749,36.75832244424232,36.92040252685547,31748600
2015-03-04,36.69006768098411,36.86068013889771,36.579172349377934,36.732723236083984,25748700
2015-03-05,36.74124841279663,36.886270125263245,36.52798367705754,36.77537155151367,23193500
2015-03-06,36.68154311526401,36.77538014157369,35.95644414604583,36.13558578491211,36248800
2015-03-09,35.99056611629168,36.7924438389302,35.99056611629168,36.553585052490234,32108000
2015-03-10,36.12705506346116,36.43415688971029,35.85407638549805,35.85407638549805,39159700
2015-03-11,36.09293919357172,36.144120667544776,35.69200029191404,35.81142807006836,32215300
2015-03-12,35.2569345417107,35.529913196294444,34.85599571909484,34.99248504638672,59992500
2015-03-13,34.71950678859539,35.376362700620106,34.64273133773114,35.29958724975586,58007700
2015-03-16,35.37635338405227,35.5213718340698,35.214270111489824,35.453128814697266,35273500
2015-03-17,35.29106347534275,35.683473239243796,35.10339263608199,35.572574615478516,31673400
2015-03-18,35.34224323500701,36.536527427440674,35.256938615902875,36.2550163269043,44194800
2015-03-19,36.050280339797176,36.33179143763615,36.01616044498003,36.07587432861328,33879100
2015-03-20,36.30619918435085,36.664482471163915,36.24648530321534,36.57917785644531,71904500
2015-03-23,36.57918773805324,36.79245258662419,36.493879846126866,36.56212615966797,26246100
2015-03-24,36.49387535430015,36.82656795645541,36.468284616953724,36.59624481201172,25513300
2015-03-25,36.6132898851123,36.62182229724883,35.35076298433206,35.36782455444336,43469900
2015-03-26,35.16311157943145,35.495804244351376,34.90719114103439,35.154579162597656,37495600
2015-03-27,35.07778983076849,35.342239327412805,34.830405161053385,34.949832916259766,34401400
2015-03-30,35.06073101778088,35.43607913987449,34.89865094498025,34.94130325317383,35049700
2015-03-31,34.787752849710806,35.001017647963884,34.58302046571888,34.685386657714844,34887200
2015-04-01,34.63419901340359,34.770688342606825,34.3868143414593,34.736568450927734,36865300
2015-04-02,34.68540117237879,34.75364749837658,34.22474823438549,34.36977005004883,37487500
2015-04-06,34.412413405019464,35.64081766524579,34.27592404277209,35.44461441040039,39223700
2015-04-07,35.49578993063249,35.751707011667136,35.23987284959784,35.42754364013672,28809400
2015-04-08,35.367829046656325,35.5640322466142,35.00954579129732,35.33370590209961,24753400
2015-04-09,35.18869209865646,35.50432309237585,35.18869209865646,35.38489532470703,25723900
2015-04-10,35.51285847684752,35.78583718411041,35.325184395293206,35.58963394165039,28022000
2015-04-13,35.31665399968202,35.87967297049838,35.30812158491174,35.62375259399414,30276700
2015-04-14,35.657867947368516,35.85407114006492,35.30811386401198,35.529911041259766,24244400
2015-04-15,35.62375191088052,36.22089402100182,35.5555088648407,36.0502815246582,27343600
2015-04-16,35.785835605819386,36.11852818723786,35.67493699395899,35.9649772644043,22509700
2015-04-17,35.546978179319154,35.60669532198249,35.111919383935266,35.50432586669922,42387600
2015-04-20,35.5981568200118,36.826560785899815,35.55550451468501,36.604766845703125,46057700
2015-04-21,36.68154103394043,36.809501199677186,36.28060221851662,36.37443923950195,26013800
2015-04-22,36.40002609034152,36.79243570482339,36.29765992116278,36.67300796508789,25064300
2015-04-23,36.58771459538422,37.20191836191009,36.51093912456849,36.97159194946289,46309500
2015-04-24,38.950677702584976,41.06626384351836,38.942148543563775,40.8359375,130933700
2015-04-27,40.28998824403737,41.0577428756005,40.28145908331458,40.972434997558594,59248200
2015-04-28,40.75917102968302,41.9790460506178,40.69092797999587,41.93639373779297,60730800
2015-04-29,41.56103025066841,42.06433512700705,41.37335625313696,41.851070404052734,47804600
2015-04-30,41.54398257368464,42.26055241258206,41.45867470348107,41.4927978515625,64725500
2015-05-01,41.4416179478554,41.69753505980091,41.28806702985557,41.50986099243164,38937300
2015-05-04,41.262476173172175,41.68900581018208,41.100396082607055,41.151580810546875,34039500
2015-05-05,40.7932839280509,41.08332413818498,40.3582252399308,40.60560989379883,50369200
2015-05-06,40.580031028757716,40.75064354122198,39.25778975194494,39.479583740234375,52433000
2015-05-07,39.471051997961474,40.1705603245772,39.37721495953401,39.837867736816406,32971700
2015-05-08,40.56296903227032,40.9297847913149,40.53737829462259,40.73358154296875,35364900
2015-05-11,40.5629709549182,40.87007283789913,40.409420013427734,40.409420013427734,24609400
2015-05-12,39.9658272191877,40.67386800578163,39.59901145695569,40.392356872558594,29928300
2015-05-13,41.10891753364455,41.21981612963399,40.580021794110905,40.63120651245117,34184600
2015-05-14,40.9724374114417,41.64635504394387,40.9724374114417,41.56105041503906,32980900
2015-05-15,41.688990694526126,41.72311383411359,40.98948260379159,41.2027473449707,28642700
2015-05-18,40.92978112133633,41.13451676664938,40.61415012005129,40.95537185668945,24136500
2015-05-19,40.835164428586054,41.04981520260558,40.50889433498933,40.85233688354492,28574800
2015-05-20,40.68920019909112,41.1528466570479,40.586168744648795,40.85233688354492,25047900
2015-05-21,40.59475427872079,40.86950701383175,40.36293104435011,40.71495819091797,22410700
2015-05-22,40.61193683368266,40.654866345098895,40.19980762852562,40.268497467041016,25720600
2015-05-26,40.208381690723236,40.25131118739992,39.65887299720546,40.002315521240234,29581900
2015-05-27,40.19980024237086,41.0154739106577,40.028078952945556,40.87809753417969,27335600
2015-05-28,40.78364834264069,41.230122359639545,40.6892014750606,40.740718841552734,19283700
2015-05-29,40.72355739798349,40.843761343658116,40.00233044862387,40.234153747558594,36519600
2015-06-01,40.40587311528958,41.01548068184302,40.02808556112327,40.55183410644531,28837300
2015-06-02,40.29424002502579,40.65485172158458,40.02807190948674,40.28565216064453,21498300
2015-06-03,40.67204101266587,40.98972662007791,40.19980981082803,40.22556686401367,28002200
2015-06-04,40.1740435315837,40.491725790727344,39.66746752496,39.80484390258789,27745500
2015-06-05,39.76190812926878,39.942213982354936,39.358363650666796,39.615943908691406,25438100
2015-06-08,39.753323341035525,39.86494266243129,39.21240246460631,39.263919830322266,22121600
2015-06-09,39.289687451718194,39.44423631515734,39.03210710442355,39.19524383544922,24406100
2015-06-10,39.31543878631888,40.20838684298218,39.229576506652556,40.019493103027344,28417400
2015-06-11,40.06242509323861,40.285660483612695,39.607366446334936,39.873531341552734,27347800
2015-06-12,39.684636739126454,39.899287516338845,39.409884006319466,39.46998596191406,23931000
2015-06-15,39.023521208002215,39.19524252556374,38.65432152160403,39.049278259277344,33254500
2015-06-16,38.937648672479376,39.701808170918376,38.89471917320571,39.34978103637695,27070300
2015-06-17,39.26391977465336,39.55584496267465,38.94623754146608,39.46998596191406,28704100
2015-06-18,39.6846396071761,40.18262774313728,39.641706828382084,40.11394119262695,32658300
2015-06-19,40.174046146881395,40.20839106235199,39.487164214026485,39.581607818603516,63837000
2015-06-22,39.779088146469554,40.113942873099326,39.63312389813966,39.6932258605957,20318100
2015-06-23,39.607366039786044,39.736154552995245,39.169476579065545,39.41847229003906,25896500
2015-06-24,39.21240637027775,39.710397795867216,39.10937490389455,39.186649322509766,34890900
2015-06-25,39.52151074687691,39.547271074324655,39.06645202414599,39.19524383544922,20616000
2015-06-26,39.195236254944106,39.736153897053825,38.66289992813762,38.86037826538086,49835300
2015-06-29,38.671495498329996,38.83462895499323,38.087644960898,38.096229553222656,34081700
2015-06-30,38.388149079767174,38.396736946119084,37.727024209058186,37.90733337402344,35945400
2015-07-01,38.17350539952744,38.83463039362007,37.864407659399774,38.164920806884766,28343900
2015-07-02,38.190665304260975,38.422488533140694,37.830053576210894,38.121978759765625,21752000
2015-07-06,37.74419605127567,38.19067011026895,37.735611460375026,38.11339569091797,23034000
2015-07-07,38.070477737146106,38.19926956691288,37.19470181054399,38.0361328125,36435800
2015-07-08,38.156333383276646,38.551293430990334,37.80430612521218,37.984615325927734,39785900
2015-07-09,38.42249207006533,38.826036610297436,38.20784127637781,38.225013732910156,32424700
2015-07-10,38.64572735928832,38.75734668881836,38.267943142439734,38.30228805541992,25465800
2015-07-13,38.619976710402874,39.16948230787816,38.59421965905614,39.10079574584961,28178300
2015-07-14,39.02351838968395,39.46140460629513,38.90331445866565,39.16947937011719,22880300
2015-07-15,39.2209977370387,39.401303638130145,39.006346918983674,39.2896842956543,26629600
2015-07-16,39.50432281336433,40.08817311870717,39.469981182405164,40.062416076660156,26271700
2015-07-17,39.9679780250181,40.16545636659769,39.71898231268726,40.028079986572266,29467100
2015-07-20,40.05383222731994,40.46596128423452,39.873523103729944,40.28565216064453,30631900
2015-07-21,40.16544794371677,40.63768222162874,39.90786769459879,40.594749450683594,42781900
2015-07-22,39.01493344917427,40.2942538294872,38.8088704877769,39.10079574584961,59152400
2015-07-23,38.86897536213765,39.69323381994031,38.723011084538776,39.59020233154297,33934000
2015-07-24,39.41847589074144,39.770503099500694,39.324029007240654,39.44423294067383,32333200
2015-07-27,39.44424018398374,39.5043421617371,38.8518049995668,38.93766403198242,39701400
2015-07-28,39.13515106932768,39.186665185717146,38.456853484157214,38.92908477783203,34328900
2015-07-29,38.980579532183654,40.16544937542344,38.86037235468726,39.74473571777344,40945900
2015-07-30,39.71898353043708,40.69779395285285,39.43564617089645,40.251319885253906,39777900
2015-07-31,40.603343410823214,40.672029959088405,39.92504614190755,40.09676742553711,31201500
2015-08-03,40.33716882459777,40.35434127775323,39.88211027956503,40.19120788574219,24125900
2015-08-04,40.13970716622242,40.96396560751812,40.079605192918265,40.8180046081543,33403900
2015-08-05,41.19577615678963,41.564975750128085,40.81799197362719,40.85233688354492,26959700
2015-08-06,40.96395759903021,41.01547496978146,39.77908754955268,40.028079986572266,27368000
2015-08-07,39.830601874900104,40.165456598437935,39.718982541950396,40.1311149597168,19163000
2015-08-10,40.31142514501483,40.775071707970866,40.21697825900768,40.6376953125,23079900
2015-08-11,40.199793990908894,40.30282543841721,39.40988076782736,39.8477668762207,29237400
2015-08-12,39.65888058004931,40.26849134053517,39.24675143759419,40.1311149597168,30181400
2015-08-13,40.40586486927529,40.4402065055724,39.91646134244779,40.12252426147461,22627200
2015-08-14,39.95081403826492,40.44021770057326,39.94222944564195,40.3543586730957,21473400
2015-08-17,40.19121463415878,40.7407201261575,39.985148437003716,40.62910079956055,21099700
2015-08-18,40.48217890100022,40.992095460583336,40.3611823100669,40.85381317138672,23574100
2015-08-19,40.43032116209318,40.68960333500218,40.01547430111248,40.28339767456055,31485500
2015-08-20,39.81669368950089,40.16240105517822,39.462345123291016,39.462345123291016,36238200
2015-08-21,39.1512147472831,39.306782754373664,37.22390365600586,37.22390365600586,70053100
2015-08-24,34.95952582933644,36.895477910896275,34.32861266812838,36.0225715637207,88753700
2015-08-25,36.79177391352812,37.37083338452901,34.90767527753021,34.9768180847168,70616600
2015-08-26,36.3077679535402,37.02510942192823,35.48671891446731,36.91275405883789,63408000
2015-08-27,37.362179084219946,37.984450998021025,37.10290021910604,37.94123840332031,50943200
2015-08-28,37.50911121174238,38.15731011542288,37.50046671342364,37.96717071533203,28246700
2015-08-31,37.64739870524845,37.967175952035284,37.249834150504455,37.61282730102539,34441700
2015-09-01,36.44605759710268,36.80905065262544,36.005283847799724,36.1435661315918,49688900
2015-09-02,36.61029039170755,37.49184167641828,36.19544331012219,37.47455596923828,37671500
2015-09-03,37.51774366674128,38.01037445493998,37.4053882931616,37.59552764892578,28285200
2015-09-04,36.99918958386952,37.19797015837131,36.4719873529732,36.82633590698242,37138800
2015-09-08,37.422689054233096,38.027675459562815,37.33626383786199,37.9326057434082,32469800
2015-09-09,38.20916550297259,38.37337800874054,37.08562134935983,37.22390365600586,33469500
2015-09-10,37.267109020333066,37.84616833356937,36.94733186649459,37.41403579711914,31366600
2015-09-11,37.284400582125606,37.67332058548848,37.11154688097431,37.578250885009766,27132500
2015-09-14,37.53503036210352,37.543671561727784,37.042399560784666,37.197967529296875,23656000
2015-09-15,37.32760580526713,38.278299325236624,37.23253942048871,38.0103759765625,28882200
2015-09-16,38.00173577269203,38.356084315690545,37.88938039167019,38.28694152832031,23372200
2015-09-17,38.27830766740329,38.89193518687103,38.096812761123005,38.243736267089844,32768200
2015-09-18,37.59553658481591,38.01902798779107,37.448613081828896,37.578250885009766,63143700
2015-09-21,37.699246492712675,38.43387387900795,37.68196079336231,38.122737884521484,26177200
2015-09-22,37.491820165231715,38.07087618742244,37.43132187326879,37.94123840332031,28085900
2015-09-23,37.96716318019889,38.17458494194113,37.604170151785766,37.915306091308594,17145200
2015-09-24,37.55230245692851,38.14000272579813,37.39673454476254,37.94986343383789,27905600
2015-09-25,38.442511133759766,38.65857740809311,37.820239208668625,37.975807189941406,29384600
2015-09-28,37.880739727743695,38.10544719605758,37.34489300877049,37.41403579711914,27613800
2015-09-29,37.48317998476141,37.65603368037997,37.20661539053574,37.543678283691406,32763600
2015-09-30,37.923961933928034,38.28695177403028,37.73382251468756,38.25238037109375,34958900
2015-10-01,38.67585955107487,38.67585955107487,37.81159453317375,38.55486297607422,28657900
2015-10-02,38.26101197516493,39.38455581665039,37.95851724678582,39.38455581665039,41839000
2015-10-05,39.54013535098609,40.525397212554196,39.49692274768948,40.300689697265625,34369300
2015-10-06,40.04141005442508,40.776034187876,39.94634035075043,40.40439987182617,27017200
2015-10-07,40.706891676286,40.922957987300066,39.71298862376745,40.44761276245117,27711500
2015-10-08,40.240177429917836,41.06987099418604,40.18832034581014,41.00937271118164,33772700
2015-10-09,41.009384510880416,41.087168510968304,40.55132171173615,40.71553421020508,28600600
2015-10-12,40.6031862515018,40.680970265844,40.188339273980326,40.6204719543457,19769100
2015-10-13,40.24019242777648,40.73282337122525,40.24019242777648,40.52539825439453,19987800
2015-10-14,40.31796806061855,40.706884716420575,40.214253875288954,40.343894958496094,24697800
2015-10-15,40.62909698486328,40.6463826808266,40.21425017247195,40.62909698486328,27189400
2015-10-16,40.637745467053776,41.087163715450714,40.534034578011315,41.06123352050781,26450300
2015-10-19,40.98345732261042,41.38102185053893,40.63775319442911,41.15631103515625,29387600
2015-10-20,41.00072545024835,41.32050583531579,40.637735776702314,41.28593444824219,30802200
2015-10-21,41.415584555811115,41.47608614968783,40.71553189179244,40.79331588745117,25144300
2015-10-22,41.07852187081961,42.3057801085597,40.69824638850109,41.51065444946289,56637100
2015-10-23,45.20106422344653,46.7308138512479,45.15785162768236,45.693695068359375,135227100
2015-10-26,45.39983490456866,46.9468698928123,45.37390801214403,46.88637161254883,64633300
2015-10-27,46.6616601718558,46.9900784373492,46.307311719259125,46.40237808227539,50999900
2015-10-28,46.27275114914232,46.65302658081055,45.68505065671267,46.65302658081055,47000800
2015-10-29,46.27275548592387,46.523393162902295,45.99619091026139,46.1171875,30202100
2015-10-30,46.0826194129545,46.661678801454876,45.47763312390829,45.49491882324219,46619800
2015-11-02,45.676411152744954,46.11718821870169,45.477630566946566,46.01347732543945,30285000
2015-11-03,45.745549051792125,47.007375225025385,45.71962215547799,46.79995346069336,36596900
2015-11-04,46.825882355670984,47.43086857179604,46.72217146907829,47.016021728515625,37087800
2015-11-05,47.093807024265026,47.27530190506507,46.67031567215518,46.99873733520508,31468500
2015-11-06,46.74808923590035,47.51728448030435,46.635733874172324,47.46542739868164,32851200
2015-11-09,47.14565658316531,47.422221128168104,46.29003605234712,46.80859375,32513100
2015-11-10,46.730815836964915,46.78267293223129,46.03940438462922,46.246826171875,55283700
2015-11-11,46.411037150639864,46.84316970642438,46.203612073223,46.36782455444336,36516300
2015-11-12,46.220904835184996,46.65303745701385,45.9702671232658,46.08262252807617,35361100
2015-11-13,45.86653947952335,46.056678818753596,45.399835626999504,45.66775894165039,36848200
2015-11-16,45.875200529583864,46.575253264081354,45.676416623068754,46.47154235839844,32165200
2015-11-17,46.26272246068209,46.5759556541355,45.98429369297522,46.088706970214844,31551300
2015-11-18,46.11479830558014,46.9674866306705,46.09739609660295,46.854373931884766,29710000
2015-11-19,46.97620067390053,47.5591598785133,46.79347909533385,46.93269348144531,28149200
2015-11-20,47.20241033050174,47.2459141923256,46.34972202605302,47.150203704833984,37147600
2015-11-23,47.20241033050174,47.385128541641066,46.76736507399942,47.150203704833984,28235900
2015-11-24,46.915272598115145,47.36772000270682,46.619445049595555,47.2024040222168,24600000
2015-11-25,47.06318254457336,47.18499465055536,46.715145111083984,46.715145111083984,21005100
2015-11-27,46.81087182456008,47.05449944024553,46.802172379311216,46.92398452758789,9009100
2015-11-30,47.45475189794101,47.82018843205032,46.98490208054367,47.289432525634766,56241400
2015-12-01,47.34161990875014,48.055093791979814,47.245909430904184,48.04639434814453,39952800
2015-12-02,48.133414971286726,48.69027246176499,47.9071928604546,48.03770446777344,47274900
2015-12-03,48.2813264588961,48.524950752686145,46.923983995354284,47.15890884399414,38627800
2015-12-04,47.08931103393874,48.925203069851335,47.07190882043094,48.64677429199219,43963700
2015-12-07,48.54235502249494,48.69897159490242,48.10730972561464,48.559757232666016,30709800
2015-12-08,48.263925861784024,48.81208054112346,47.84628277884972,48.542354583740234,32878000
2015-12-09,48.17691260169629,48.611957874687555,47.428634201090176,47.83757781982422,36373200
2015-12-10,48.19432619006119,48.429251091240374,47.86369077516462,48.08991622924805,31775800
2015-12-11,47.6026625373307,47.941997387374016,46.993598368957535,47.037105560302734,39549500
2015-12-14,47.27202393413744,48.03770127305797,46.70646371597065,47.9767951965332,46768900
2015-12-15,48.429251727020514,48.638074970521046,47.9333002577312,48.02901077270508,39843000
2015-12-16,48.32481946662891,48.94258282660431,47.64614672775736,48.838172912597656,37503300
2015-12-17,49.038302274432525,49.41244146383905,48.316125549116514,48.46404266357422,41280900
2015-12-18,48.524959248826804,48.72507971364048,47.0109999544489,47.0980110168457,84684200
2015-12-21,47.75056562698212,48.15950588833779,47.18500549733497,47.707061767578125,37246300
2015-12-22,47.84628553993211,48.272628092910324,47.41993966782153,48.159515380859375,28322200
2015-12-23,48.464040998202144,48.620657552066405,48.23781561189519,48.568450927734375,27279800
2015-12-24,48.60326184447922,48.69026957753778,48.229122617889395,48.43794250488281,9558500
2015-12-28,48.159500489936484,48.681556701660156,47.837567983475594,48.681556701660156,22458300
2015-12-29,48.97739502643529,49.464643582040125,48.77727460979304,49.203617095947266,27731400
2015-12-30,49.13401492428874,49.40374087330916,48.97739835815272,48.99480056762695,21704500
2015-12-31,48.75987303586091,48.89038462103935,48.220414529234645,48.272621154785156,27334100
2016-01-04,47.26331476073622,47.68095779418945,46.45413034619191,47.68095779418945,53778000
2016-01-05,47.79408476069511,48.19432570573397,47.45474990211291,47.898494720458984,34079700
2016-01-06,47.26332146844097,47.33293031012809,46.67165959062945,47.02839660644531,39518900
2016-01-07,45.85377801857769,46.5411504301648,45.30561997852814,45.39262771606445,56564900
2016-01-08,45.56664619606853,46.35842855106603,45.375228510982076,45.53184509277344,48754000
2016-01-11,45.688447872414855,45.98427875690671,44.77485356767378,45.50572967529297,36943800
2016-01-12,45.90598340799701,46.201814375774845,45.29692257945374,45.92338562011719,36095500
2016-01-13,46.810872095186646,47.0457969478493,44.63564566586448,44.93147659301758,66883600
2016-01-14,45.24471293451707,46.480240040699194,44.87057369664336,46.210514068603516,52381900
2016-01-15,44.644345907499556,45.21860551962463,43.800357038493026,44.36591720581055,71820700
2016-01-19,44.79225715472535,44.96627591316328,43.556730276166356,43.99177551269531,43564500
2016-01-20,43.48712382924489,44.70525188596042,42.72144324161992,44.191898345947266,63273000
2016-01-21,44.37463161306455,44.879285879495036,43.76556737807823,43.922183990478516,40191200
2016-01-22,44.731355361412724,45.53184039906426,44.60084045033009,45.49703598022461,37555800
2016-01-25,45.19250041709644,45.810267208880234,44.94017668881893,45.061988830566406,34707700
2016-01-26,45.06199565812053,45.6275525903714,44.85317244124799,45.39262771606445,28900800
2016-01-27,45.25340906653738,45.41872839901345,44.39202126130816,44.5660400390625,36775200
2016-01-28,45.12289058109837,45.42742090630945,44.59213488361766,45.29690933227539,62513800
2016-01-29,47.62005165511438,47.933284759521484,46.984886001902986,47.933284759521484,83611700
2016-02-01,47.750562970726804,47.93328116153844,47.4199276832118,47.60264587402344,44208500
2016-02-02,47.13280775645234,47.211116045788934,45.81027292186243,46.114803314208984,56313800
2016-02-03,46.3323175068496,46.45412964153423,44.60083601190336,45.38391876220703,57559800
2016-02-04,45.33171292100451,45.94947968762426,44.69654726552835,45.24470520019531,46987100
2016-02-05,45.19250566582565,45.24471229798018,43.1216923773472,43.64374542236328,62009000
2016-02-08,43.11298875870744,43.13039096908102,41.9296650063618,42.99117660522461,59290500
2016-02-09,42.651844903552565,43.71335657963688,42.34731117855941,42.87806701660156,46740500
2016-02-10,43.40880999013666,43.84385519479889,43.086877468043426,43.252193450927734,38237000
2016-02-11,42.35600095799521,43.60023049612688,42.208083863975375,43.23479080200195,48878600
2016-02-12,43.722052545830756,44.096191768469936,43.28700724686726,43.9395751953125,34243300
2016-02-16,44.60558796094063,44.772090911865234,43.93080756567327,44.772090911865234,37291200
2016-02-17,45.122638553314005,46.244349961046396,45.08758423608145,45.93762969970703,40789000
2016-02-18,45.85875500113924,46.40208345753914,45.65719438149488,45.73606491088867,27176000
2016-02-19,45.54327145051562,45.814933998685966,45.157680722073,45.41181945800781,33559100
2016-02-22,45.81492810005649,46.44589223411706,45.81492810005649,46.13917541503906,25008300
2016-02-23,45.86751128600602,45.893800344927584,44.67569158477526,44.85095977783203,28895300
2016-02-24,44.42155713748464,45.13139188319183,43.992153533373774,45.008705139160156,33014500
2016-02-25,45.332944433927274,45.657188415527344,44.351447240915796,45.657188415527344,26939500
2016-02-26,46.095361693727895,46.16547031436674,44.78085514341668,44.95612335205078,35975900
2016-02-29,44.999938724535234,45.262842704037375,44.39526692619884,44.58806228637695,31654000
2016-03-01,44.666934634381704,46.08660080399665,44.62311507403454,46.07783889770508,33024500
2016-03-02,45.92885361352809,46.41083862631288,45.70976921290203,46.402076721191406,29289900
2016-03-03,46.41960585252604,46.41960585252604,45.37676192161007,45.87627410888672,24427800
2016-03-04,45.92009927145664,45.96391549020586,45.3154240866425,45.59585189819336,33034200
2016-03-07,45.183966497270724,45.39428564287099,44.32515607631746,44.719505310058594,38407800
2016-03-08,44.51795877788997,45.68348963573722,44.34269055242139,45.262847900390625,33835100
2016-03-09,45.47316167155433,46.31444504188094,45.44687261090754,46.30568313598633,28251600
2016-03-10,46.38455472947861,46.39331663557507,44.83343659928821,45.61337661743164,38387800
2016-03-11,46.4458931157329,46.50723648071289,45.90256473606897,46.50723648071289,32275700
2016-03-14,46.191772128704976,46.962950453831716,46.121666831673785,46.594886779785156,24083600
2016-03-15,46.226820126311395,46.96294403076172,46.21805821899234,46.96294403076172,21104800
2016-03-16,46.84026887024415,47.8480556096835,46.79645263687102,47.628971099853516,31691700
2016-03-17,47.50627064864373,48.19857830294266,47.32224051561643,47.9006233215332,28223900
2016-03-18,48.128465014780865,48.17228457427456,46.8402508653715,46.87530517578125,67625500
2016-03-21,46.66498407898647,47.26089400226786,46.38455627308502,47.19955062866211,23925700
2016-03-22,46.980464713758906,47.54132030786237,46.849012721344586,47.38357925415039,23124100
2016-03-23,47.418646248814206,47.532571116516856,47.09440214854476,47.29595947265625,20129000
2016-03-24,47.18203867813534,47.61144577472244,47.08564096198533,47.506282806396484,19950000
2016-03-28,47.50626929948295,47.5763779251004,46.73509447547057,46.919124603271484,17025100
2016-03-29,47.024273713438966,48.075879462474795,46.84024362667239,47.944427490234375,23924300
2016-03-30,48.13723009106637,48.75942905527221,48.11094102983495,48.24238967895508,23008300
2016-03-31,48.154757737023644,48.71561333543064,48.07588720956247,48.40013122558594,26360500
2016-04-01,48.2423860001628,48.73313627782564,47.82174433772156,48.698081970214844,24399200
2016-04-04,48.57540512084961,48.776962416181185,48.19857959476257,48.57540512084961,18928800
2016-04-05,48.36507865032464,48.46147633656525,47.72535250150255,47.81298828125,19272300
2016-04-06,47.637714872315726,48.37383862714261,47.506262888504104,48.30373001098633,21188700
2016-04-07,48.08464005584226,48.119694359878686,47.52378456310922,47.725341796875,19225100
2016-04-08,47.90938443097753,48.44395100722199,47.60266754770447,47.69029998779297,22167200
2016-04-11,47.75164747164237,48.330030277187696,47.585141152660775,47.59390640258789,21414200
2016-04-12,47.64648031541437,48.00577864248474,47.111913777903155,47.8918571472168,24944300
2016-04-13,48.30373371265636,48.58416151284594,48.10217644020529,48.50529098510742,20818000
2016-04-14,48.39137802247231,48.70686018905567,48.25992600540802,48.51406478881836,20877100
2016-04-15,48.461472103380935,49.004800518501845,48.29496915084984,48.768192291259766,28793800
2016-04-18,48.62798951872623,49.59195983143452,48.38261264371981,49.47803497314453,23786000
2016-04-19,49.62700188852007,49.749688624233144,48.794480455229184,49.41667938232422,29596800
2016-04-20,49.32904367013441,49.51307376145001,48.627974267768344,48.715606689453125,36195700
2016-04-21,48.89965301323989,49.276478568906164,48.56664368296101,48.88212585449219,38909100
2016-04-22,45.490702517621344,45.946398649439644,44.491677796812134,45.37677764892578,126834100
2016-04-25,45.37676535687538,45.68348555982042,45.2453167067244,45.665958404541016,33226900
2016-04-26,45.79740444144714,45.87627496422252,44.77209098833012,45.07880783081055,33532600
2016-04-27,45.11386340875659,45.13139056352905,44.2988690981335,44.64064025878906,43369300
2016-04-28,44.36022046165383,44.491672474652226,43.43130449207219,43.7292594909668,43134800
2016-04-29,43.24726872938865,44.03597407994617,43.24726872938865,43.702964782714844,48411700
2016-05-02,43.81688533778424,44.474138617851004,43.62408997254981,44.3514518737793,33114500
2016-05-03,44.11483473003494,44.17617809433695,43.46634343789034,43.62408447265625,26460200
2016-05-04,43.67667571868405,43.8694711028122,43.343666421452724,43.702964782714844,24257600
2016-05-05,43.70297316901908,44.0797987595998,43.580286389381456,43.76431655883789,25390700
2016-05-06,43.746777276777344,44.15865707397461,43.51893094100715,44.15865707397461,24787300
2016-05-09,44.2462946433804,44.33392708154167,43.81688767327845,43.878231048583984,17951600
2016-05-10,44.10607499739307,44.78085203795087,43.983384919783404,44.71074676513672,22891000
2016-05-11,44.80715009801804,45.37676762979717,44.69322525447693,44.73704147338867,24039100
2016-05-12,44.8685008141526,45.40306746404226,44.623123930766205,45.14016342163086,24102800
2016-05-13,45.07882266297496,45.48194065810975,44.72828949094274,44.763343811035156,22592300
2016-05-16,44.51795924639618,45.53451095325613,44.47414302530875,45.420589447021484,20032000
2016-05-17,45.641197742742214,45.65002093221286,44.44104199405173,44.57341003417969,27803500
2016-05-18,44.546938084966584,45.129366226911294,44.38809374022305,44.83815383911133,24907500
2016-05-19,44.53812170429638,44.67048976758926,43.96451666432468,44.4057502746582,23842400
2016-05-20,44.54694539123905,45.19997262299455,44.47634976329932,44.67049026489258,23905800
2016-05-23,44.652839722327435,44.72343871535714,44.10571099172829,44.14983367919922,26118700
2016-05-24,44.74108263350724,45.632372923121046,44.476343176833964,45.5264778137207,34757900
2016-05-25,45.81767709983447,46.32068629987425,45.70295883344338,45.994171142578125,24040200
2016-05-26,45.826517296281445,45.87063997851697,45.32351131283773,45.79121780395508,24335200
2016-05-27,45.81770036442823,46.17068862915039,45.6853322899166,46.17068862915039,17721400
2016-05-31,46.1177436858023,46.77077102661133,45.958902654825614,46.77077102661133,37653100
2016-06-01,46.27658952991348,46.72664979184674,46.27658952991348,46.63840103149414,25324800
2016-06-02,46.45307282154649,46.54132156126274,45.74709973554256,46.3118782043457,22840800
2016-06-03,46.223639715869176,46.25893585066773,45.53531290893874,45.70298385620117,23368300
2016-06-06,45.87947255253497,46.19715792610676,45.79122381014393,46.00301742553711,18243300
2016-06-07,46.100084022163884,46.53249102761326,45.97653579711914,45.97653579711914,20866800
2016-06-08,45.90594567991637,46.276580300439335,45.77357424896084,45.9235954284668,21149400
2016-06-09,45.88828641829553,45.88828641829553,45.43822970576927,45.552947998046875,20305700
2016-06-10,45.04994409587183,45.93241118243678,45.04112090619788,45.429405212402344,25833200
2016-06-13,43.75272678721802,44.75873888868677,43.293843424621784,44.24690628051758,83217800
2016-06-14,44.035107691076604,44.211598410203415,43.74389194509693,43.97333526611328,42577100
2016-06-15,43.92919937402353,44.229238242173196,43.84977722167969,43.84977722167969,33757600
2016-06-16,43.69978364376068,44.53812830083051,43.690957085093345,44.467529296875,31188600
2016-06-17,44.48517263125429,44.502822379697335,43.96451683439286,44.23808288574219,45710500
2016-06-20,44.688133234064836,44.85580413688273,44.14982776651335,44.18512725830078,35607900
2016-06-21,44.2998555746708,45.385289862516615,44.26455607758346,45.17349624633789,34097800
2016-06-22,45.07642764786572,45.411762770928874,44.96170596558342,44.997005462646484,28816800
2016-06-23,45.25292071265685,45.94124747517492,45.138202390858424,45.808876037597656,29028800
2016-06-24,43.95568552093166,44.95287087610795,43.699769265315226,43.97333526611328,133503000
2016-06-27,43.32912816365447,43.373254206536735,42.39371530221259,42.737876892089844,50216300
2016-06-28,43.17028619705294,43.655645764558194,42.94966943594859,43.62916946411133,38140700
2016-06-29,44.04393640188796,44.75873602280043,43.94686447439237,44.599891662597656,31304000
2016-06-30,44.75873808959109,45.27056732227707,44.56459422563507,45.155845642089844,28527800
2016-07-01,45.120560745674105,45.64121666526492,45.067611487863715,45.14703369140625,21400400
2016-07-05,44.8558100215691,45.25291757406786,44.7763878378003,45.155845642089844,24806400
2016-07-06,44.811681319308164,45.48235824623709,44.46751966543322,45.341163635253906,28167500
2016-07-07,45.3764597632409,45.54413067814566,45.06759760369802,45.341163635253906,19585200
2016-07-08,45.65002439886507,46.20597963538677,45.49118004557315,46.15303039550781,28391000
2016-07-11,46.3295133892682,46.62072908927451,46.30304045884732,46.408935546875,22269200
2016-07-12,46.7177958531005,47.1237331801259,46.585427839666494,46.95606231689453,27317600
2016-07-13,47.26493979996136,47.529679260680865,46.92960135433271,47.2208137512207,25356800
2016-07-14,47.51202771007303,47.64439911857811,47.282587750521614,47.42378234863281,24545500
2016-07-15,47.60909406963019,47.653216745199465,46.956067025634084,47.38847732543945,32024400
2016-07-18,47.38849136522378,47.953269859063845,47.256119932953915,47.6179313659668,31433900
2016-07-19,47.39731027528523,47.564981189861676,46.70898696888313,46.850181579589844,53336500
2016-07-20,49.550542575050954,50.15944382884188,49.00341039951571,49.338748931884766,89893300
2016-07-21,49.40051306523575,49.62112986350834,49.20636920552542,49.241668701171875,32776700
2016-07-22,49.488758456102886,49.974114706195905,49.224015623011276,49.921165466308594,32157200
2016-07-25,49.83292268550359,50.071189227843504,49.64760201945357,50.06236267089844,25610600
2016-07-26,49.87704642758634,50.55654657390784,49.868219870454325,50.088836669921875,28079000
2016-07-27,49.9564648192596,50.12413236224775,49.51523125380611,49.5858268737793,32327500
2016-07-28,49.41816018525544,49.744672086759984,49.171070461559566,49.603477478027344,37550400
2016-07-29,49.64760390251157,50.088837508836704,49.46228659577788,50.01824188232422,30558700
2016-08-01,49.947639056296175,50.080010474573136,49.54170497755283,49.92999267578125,26003400
2016-08-02,50.16825584252778,50.2123818928501,49.691726142689724,49.92999267578125,35122000
2016-08-03,50.018238381406796,50.397699525594476,49.85057083462307,50.27415466308594,22075600
2016-08-04,50.12413865683844,50.759516148112574,50.009416972837194,50.64479446411133,26587700
2016-08-05,50.874237755494235,51.36841725565619,50.697743634145525,51.14780044555664,29335200
2016-08-08,51.23604202270508,51.26251495898357,50.98894894084115,51.23604202270508,19473500
2016-08-09,51.333116132255924,51.6243319282095,51.20074807019588,51.35959243774414,16920700
2016-08-10,51.324300963435896,51.465495604842836,51.02426192965293,51.20075607299805,15756900
2016-08-11,51.20957127818807,51.580209258039254,51.20957127818807,51.447837829589844,18162300
2016-08-12,51.20956820564663,51.35076281655996,50.84775680478468,51.13014602661133,21655200
2016-08-15,51.19191048029335,51.62432080239388,51.1477878024491,51.28898239135742,19283900
2016-08-16,51.15578940232534,51.16466758363606,50.85388042787171,51.00483322143555,20523500
2016-08-17,51.093644664585796,51.21795955777562,50.81837355300348,51.11140441894531,18856400
2016-08-18,50.987073444281265,51.23570655608602,50.853880400735875,51.146907806396484,14214300
2016-08-19,50.995960290680586,51.262349792666974,50.79172822624681,51.1646728515625,17271000
2016-08-22,51.14691086350492,51.280107302337555,50.84500187116694,51.209068298339844,15221900
2016-08-23,51.413315775343236,51.66194557287902,51.36891469378875,51.40443420410156,18732400
2016-08-24,51.32450238992658,51.53761600381323,51.25346677684835,51.457698822021484,18151500
2016-08-25,51.3955529470329,51.75961943765279,51.30675417656052,51.65306091308594,18552600
2016-08-26,51.75073174814263,52.12367976537725,51.22683091994313,51.52873992919922,20971200
2016-08-29,51.66194707322582,52.03489178036042,51.59090805053711,51.59090805053711,16417200
2016-08-30,51.48435140864191,51.67082375679375,51.15580440656578,51.40443420410156,16930200
2016-08-31,51.19132186957097,51.32451494692677,50.88053124775382,51.022605895996094,20860300
2016-09-01,50.623015958289045,51.34227071453518,50.623015958289045,51.138038635253906,26075400
2016-09-02,51.209068298339844,51.67081166234652,50.98707649183622,51.209068298339844,18900500
2016-09-06,51.30675269016236,51.32451244374232,50.80061156877672,51.155799865722656,16278400
2016-09-07,51.031471335491304,51.360018220571895,50.978192088994824,51.2001838684082,17493400
2016-09-08,51.1735581938189,51.315632831174334,50.773972217717194,50.99596405029297,20146100
2016-09-09,50.427662262336995,51.07587796534976,49.91263961791992,49.91263961791992,35113900
2016-09-12,49.726155015792045,50.80059433799657,49.37984840676128,50.65851974487305,29303000
2016-09-13,50.17014704096093,50.30334347653107,49.770561121576556,50.19678497314453,30130200
2016-09-14,50.072471753499926,50.285585379956665,49.75280300747791,49.957035064697266,24062500
2016-09-15,49.85936120082176,50.92491916442601,49.70840501067126,50.78284454345703,26847000
2016-09-16,51.173552919353824,51.173552919353824,50.39214080077592,50.836124420166016,44607000
2016-09-19,50.85389959729172,51.28012359471659,50.48095148246544,50.5519905090332,20937100
2016-09-20,50.92491133711987,50.92491133711987,50.39213243720741,50.445411682128906,17384000
2016-09-21,51.066990598240295,51.36889957237262,50.685167830418706,51.28898239135742,33707300
2016-09-22,51.431065274056536,51.50210428519421,51.1735573269987,51.34226989746094,19822200
2016-09-23,51.38666845618877,51.42218796235927,50.951566361243124,50.99596405029297,19955300
2016-09-26,50.68516011283971,50.738435967187165,50.46316835352417,50.525325775146484,21688700
2016-09-27,50.55197189082369,51.555375753914284,50.3299800955495,51.457698822021484,28065100
2016-09-28,51.395546870228976,51.55538125085434,51.209071167948494,51.52873992919922,20536400
2016-09-29,51.333400172429634,51.653065613237814,50.800617663095245,50.96933364868164,25463500
2016-09-30,51.120269875152594,51.29786398720573,50.91603783185558,51.146907806396484,29910800
2016-10-03,50.978197623946905,51.10251249194375,50.66741045395479,50.98707580566406,19189500
2016-10-04,50.85388555357192,51.146912988923916,50.58749605216293,50.827247619628906,20085900
2016-10-05,50.87165067682321,51.466587179878125,50.84500935274086,51.182437896728516,16726400
2016-10-06,51.27123260498047,51.37778773089256,50.862765078885786,51.27123260498047,16212600
2016-10-07,51.368906354011735,51.48434305012367,50.98708014845613,51.32450866699219,20089000
2016-10-10,51.42219146457523,51.8484154056704,51.386671955985605,51.537628173828125,18196500
2016-10-11,51.40442228044361,51.51985896852033,50.51645505255597,50.78284454345703,26497400
2016-10-12,50.71181106567383,50.85388569263555,50.08135512023907,50.71181106567383,22177500
2016-10-13,50.34774034192732,50.88051930090656,50.01031186133326,50.5430908203125,25313700
2016-10-14,50.72068631890995,51.2712284305047,50.72068631890995,50.98707580566406,27402500
2016-10-17,50.93380126037794,51.022596629154584,50.49869582378951,50.809486389160156,23830000
2016-10-18,51.08474719466204,51.4576951454859,50.978192088994824,51.2001838684082,19149500
2016-10-19,51.03147145515746,51.36001834100847,50.96931402776201,51.084747314453125,22878400
2016-10-20,51.058116229861064,51.075875981115814,50.31222361379265,50.836124420166016,49455600
2016-10-21,53.52667409662852,53.6776303169087,52.825182420952906,52.97613525390625,80032200
2016-10-24,53.224761391326226,54.16600799560547,53.21588320830803,54.16600799560547,54067000
2016-10-25,54.03281291835388,54.49455635559903,53.98841522747634,54.15713119506836,35137200
2016-10-26,53.99729777882991,54.34360451622226,53.695388733121526,53.83746337890625,29911600
2016-10-27,53.81969025347312,54.01504411313974,53.35794692255942,53.366825103759766,28479900
2016-10-28,53.286916351368816,53.73978157270612,52.905093527499666,53.162601470947266,33574700
2016-10-31,53.42011055184768,53.650980550431896,53.20699691772461,53.20699691772461,26434700
2016-11-01,53.25138952213253,53.29578720087731,52.61205210876531,53.100433349609375,24533000
2016-11-02,53.11820306373839,53.2158800076969,52.656459666051326,52.77189636230469,22147000
2016-11-03,52.86068732428508,52.95836426009071,52.48774271920118,52.5765380859375,21600400
2016-11-04,52.07927723688181,52.638694129731356,51.96384055331281,52.13255310058594,28697000
2016-11-07,53.08269092943526,53.739788306274285,53.08269092943526,53.6509895324707,31664800
2016-11-08,53.76641296402316,53.97064501233416,53.4112281185229,53.695377349853516,22935400
2016-11-09,53.27804420712494,53.80194511065474,52.56767096182864,53.42899703979492,49632500
2016-11-10,53.70426472264571,53.713146293015726,51.173559139447946,52.12368392944336,57822400
2016-11-11,51.70633432034114,52.49662465775876,51.51098043474978,52.40782928466797,38767800
2016-11-14,52.407822003612544,52.46110125246071,50.86275766027468,51.60865020751953,41328400
2016-11-15,52.145034275015455,53.182034616238035,52.13609270600828,52.62777328491211,35904100
2016-11-16,52.69035102139716,53.334007586354915,52.57413790510933,53.325069427490234,27332500
2016-11-17,54.00447509297045,54.48721745460657,53.611131359531186,54.210086822509766,32132700
2016-11-18,54.33524175925704,54.65707000193208,53.90613857242664,53.950836181640625,27686300
2016-11-21,54.08494809228784,54.505113243114955,54.01342916865345,54.406776428222656,19652600
2016-11-22,54.51403980899405,54.764349168056725,54.36206724390864,54.63919448852539,23206700
2016-11-23,54.54086079538207,54.621317866827795,53.86144817778106,53.99554443359375,21848900
2016-11-25,53.90615122168927,54.11176300048828,53.754178632659055,54.11176300048828,8409600
2016-11-28,53.941909710524286,54.549806876121956,53.82569317322216,54.18328094482422,20732600
2016-11-29,54.21905233309785,54.89846515637194,54.10283577022619,54.612396240234375,22366700
2016-11-30,54.40676966091684,54.6928384994522,53.8346319838461,53.87038803100586,34655400
2016-12-01,53.73630336493328,53.772062827748556,52.69036124395176,52.922794342041016,34542100
2016-12-02,52.8155147468402,53.16416095328647,52.565201939224856,52.96748733520508,25515700
2016-12-05,53.36977771419493,54.165407010414185,53.24462300380675,53.83464050292969,23552700
2016-12-06,54.022357293733556,54.04917517831683,53.45915784602083,53.59325408935547,19907000
2016-12-07,53.64689199138066,54.8716277259159,53.45915997141574,54.86268615722656,30809000
2016-12-08,54.80012165588415,55.05043448469028,54.38889806527345,54.540870666503906,21220800
2016-12-09,54.69283682427633,55.41695046788312,54.648139209038504,55.399070739746094,27349400
2016-12-12,55.26498265216332,55.694085960246284,55.17558740847476,55.5778694152832,20198100
2016-12-13,55.87286821686645,56.69531520011829,55.64043858557635,56.301971435546875,35718900
2016-12-14,56.31984794037387,56.72213325056121,55.89968290415498,56.03377914428711,30352700
2016-12-15,56.05168340969321,56.45396889600076,55.69409555292861,55.94440841674805,27669900
2016-12-16,56.275163463381254,56.275163463381254,55.53317000585286,55.69408416748047,42453100
2016-12-19,55.92650572673364,57.00820360463672,55.80134764109229,56.874107360839844,34338200
2016-12-20,56.93668224431159,57.03501903082929,56.34666493541439,56.802589416503906,26028400
2016-12-21,56.70425262998621,56.94562381229083,56.4271219961826,56.802589416503906,17096300
2016-12-22,57.070785822991766,57.30321546721314,56.68638019545648,56.8115348815918,22176600
2016-12-23,56.72214442904814,56.80260150694165,56.141065154238426,56.5344123840332,12403800
2016-12-27,56.50756733128677,57.276378327936925,56.50756733128677,56.57014465332031,11763200
2016-12-28,56.67743896556394,56.67743896556394,56.16787867950302,56.3109130859375,14653300
2016-12-29,56.194709287742974,56.49865789650768,56.078492740512644,56.23046875,10250600
2016-12-30,56.28408082171999,56.31090211221845,55.452692430647936,55.551029205322266,25579900
2017-01-03,56.13214050695472,56.176838136497665,55.5421229304405,55.94440841674805,20694100
2017-01-04,55.85499832910808,56.09636957154949,55.53317000585286,55.69408416748047,21340000
2017-01-05,55.5957473564625,56.01591249073568,55.45271292503906,55.69408416748047,24876000
2017-01-06,55.694080211757914,56.45395334551979,55.46165055603203,56.176822662353516,19922900
2017-01-09,56.10531805104904,56.39139037672332,55.90864780304922,55.998043060302734,20382700
2017-01-10,56.07848129676698,56.38242984350593,55.676195953993464,55.98014450073242,18593000
2017-01-11,55.97121324148241,56.52547122084228,55.810299084537654,56.48971176147461,21517300
2017-01-12,56.37350737859319,56.677456009947875,55.38120439357613,55.971221923828125,20968200
2017-01-13,55.98015877570063,56.20365031087533,55.73878750848672,56.05167770385742,19422300
2017-01-17,56.03378497478841,56.05166470268041,55.45270575403137,55.899688720703125,20664000
2017-01-18,56.02485162237659,56.051672923252916,55.53317096896935,55.87287902832031,19670100
2017-01-19,55.640448387077825,56.301981353582576,55.6046889266695,55.69408416748047,18451700
2017-01-20,56.02484828845009,56.15894455422222,55.75665916711553,56.08742904663086,30213500
2017-01-23,56.05166231717769,56.427126356302075,55.935445795930455,56.28409194946289,23097600
2017-01-24,56.49866011503701,56.98140264383266,56.26622701144941,56.78472900390625,24672900
2017-01-25,57.16912850135662,57.303221360201775,56.72214548478652,56.927757263183594,23672700
2017-01-26,57.32111073209927,57.696574869936924,56.81154690041794,57.4552001953125,43554600
2017-01-27,58.45643043908035,58.92129653274711,58.00944748308774,58.805076599121094,44818000
2017-01-30,58.72463228105343,58.814027522386624,57.92900303847446,58.22400665283203,31651400
2017-01-31,57.98263484156081,58.24188579793617,57.446256609937656,57.79490280151367,25270500
2017-02-01,57.53565994345625,57.76809304402901,56.740030643470504,56.8383674621582,39671500
2017-02-02,56.54334737490606,56.68638179312195,56.09636439170523,56.47182846069336,45827000
2017-02-03,56.76684310440157,56.94563699307157,56.38243743733452,56.927757263183594,30301800
2017-02-06,56.76685120354779,56.90094749173476,56.44502284006726,56.892005920410156,19796400
2017-02-07,56.9813962916474,57.017152341112414,56.525471706318235,56.70426559448242,20277200
2017-02-08,56.829421596985924,57.04397494974745,56.51653484317729,56.623809814453125,18096400
2017-02-09,56.784709472746044,57.60715980302007,56.60591562614656,57.26744842529297,22644400
2017-02-10,57.43730907142162,57.48201009458626,57.19593786921155,57.21381759643555,18170700
2017-02-13,57.42837242571665,57.982633786546515,57.33003562265944,57.857479095458984,22920100
2017-02-14,57.92942798743573,58.20823531899627,57.578661301522075,58.073326110839844,23108400
2017-02-15,58.01036923172599,58.07332594711918,57.70458143174971,58.037349700927734,17005200
2017-02-16,58.22622439810727,58.67591721799762,57.95641282323379,58.028358459472656,20546300
2017-02-17,57.98339217588366,58.18125811070089,57.83049826689498,58.11830139160156,21248800
2017-02-21,58.109305851080954,58.41509367030547,57.96540085725687,58.00137710571289,20655900
2017-02-22,57.857472352011996,57.91143328763644,57.60564550340858,57.88445281982422,19292700
2017-02-23,57.9384201500551,58.21723435901018,57.73156529948636,58.11830139160156,20273100
2017-02-24,58.03735311746372,58.2801910781095,57.686593273657806,58.11830139160156,21796800
2017-02-27,58.046358816963576,58.046358816963576,57.60566170793907,57.76755142211914,15871500
2017-02-28,57.63262707497141,57.74054894828717,57.34482054563395,57.542686462402344,23239800
2017-03-01,57.67760554901557,58.45107784123723,57.578672567794044,58.40611267089844,26937500
2017-03-02,58.181257941500526,58.23521888292366,57.45275435433341,57.56967544555664,24539600
2017-03-03,57.55169132251269,57.81251056291931,57.218916149810404,57.78553009033203,18135900
2017-03-06,57.533712386597934,58.06434673028401,57.389810791674584,57.803524017333984,18750300
2017-03-07,57.73156289500195,58.262197096485984,57.73156289500195,57.920433044433594,18521000
2017-03-08,57.794532540947976,58.53202861114132,57.7855367617909,58.451080322265625,21510900
2017-03-09,58.630944453050105,58.63993336780985,57.99238155499149,58.217227935791016,19846800
2017-03-10,58.559011151132594,58.6939203961685,58.235231707754124,58.39712142944336,19538200
2017-03-13,58.469056231832035,58.630945904486026,58.07332439606291,58.19923782348633,20100000
2017-03-14,58.037349977907986,58.05534153197325,57.69558593010921,57.92942810058594,14280200
2017-03-15,58.05532845976029,58.38809665559762,57.78551010367493,58.23520278930664,24833800
2017-03-16,58.23522065934777,58.24421643711528,57.83049986279306,58.136287689208984,20674300
2017-03-17,58.37913497696965,58.67592707300186,58.172273225898444,58.34315872192383,49219700
2017-03-20,58.379136732264215,58.62196788391345,58.20825123110079,58.39712142944336,14598100
2017-03-21,58.63096628461799,58.90977370485947,57.67761260903987,57.74956512451172,26640500
2017-03-22,57.668604187442476,58.585974433261,57.668604187442476,58.48704147338867,20680000
2017-03-23,58.406115452811754,58.67592707300186,58.25321465342476,58.34315872192383,19269200
2017-03-24,58.78383401070318,58.86477540817459,58.2442041089277,58.44207000732422,22617100
2017-03-27,58.12728692126034,58.65792797570124,57.875460059532735,58.54999923706055,18614700
2017-03-28,58.4240987240007,58.88278738743238,58.14529133140931,58.72089767456055,20080400
2017-03-29,58.567998364557276,58.9097624551291,58.415097582935985,58.882781982421875,13618400
2017-03-30,58.837806341364384,59.341466960796424,58.783845399262596,59.098628997802734,15122800
2017-03-31,59.044680825419185,59.53034999467545,58.86479954323021,59.233551025390625,21040300
2017-04-03,59.1885931204487,59.30551769722915,58.63097816695773,58.95475769042969,20400900
2017-04-04,58.81082822983433,59.18856856323764,58.711895257499926,59.11662292480469,12997400
2017-04-05,59.629264848632374,59.67423000917682,58.85579272488894,58.963714599609375,21448600
2017-04-06,58.99969839653598,59.41341498003981,58.89177650800252,59.11662292480469,18103500
2017-04-07,59.224549201366756,59.32348218103124,58.85580461860981,59.0716552734375,14108500
2017-04-10,59.00868191640642,59.197552043873365,58.78383554631243,58.936729431152344,17952700
2017-04-11,58.99969892807998,59.008694706128175,58.32515967159636,58.89177703857422,18791500
2017-04-12,58.83781741781848,58.91876570797782,58.55901001544886,58.66693878173828,17108500
2017-04-13,58.72088714296148,59.23353666481706,58.41509246826172,58.41509246826172,17896500
2017-04-17,58.49604514567135,58.900765954854265,58.469064673294916,58.89177703857422,16689300
2017-04-18,58.756879651066534,59.09864380629425,58.603985702288576,58.81084060668945,15155600
2017-04-19,59.044677661512054,59.13461486690261,58.36114254935978,58.49605178833008,26992800
2017-04-20,58.873790897145504,59.134613590386074,58.585987729047076,58.909767150878906,22299500
2017-04-21,59.06265700120326,59.989023170070276,58.86479105022811,59.71921157836914,32522600
2017-04-24,60.69054280252233,60.852432483646886,60.34877188583298,60.73550796508789,29770000
2017-04-25,61.06826943122714,61.19418283704643,60.79845106917668,61.08625411987305,30242700
2017-04-26,61.23016405405479,61.43701886824671,60.816447563904404,61.00531768798828,26190800
2017-04-27,61.29313249747978,61.49998735127686,60.78048295916514,61.40105438232422,34971000
2017-04-28,61.976672879010316,62.183527750752205,60.879421209452126,61.57194519042969,39548800
2017-05-01,61.76980654215924,62.552274525687615,61.60791685114536,62.426361083984375,31954400
2017-05-02,62.69618296241861,62.69618296241861,62.17453755435775,62.32743835449219,23906100
2017-05-03,62.39938544978564,62.39938544978564,61.79679859983287,62.129573822021484,28928000
2017-05-04,62.08459615356129,62.12956818499295,61.73383626605395,61.8867301940918,21749400
2017-05-05,61.9676837933885,62.084601478662975,61.59893231697261,62.057621002197266,19128800
2017-05-08,62.030638770379944,62.102591280098515,61.53597384327604,62.003658294677734,18566100
2017-05-09,61.931688667386176,62.309428946349854,61.7697989961493,62.09357833862305,22858400
2017-05-10,62.04861121687295,62.5612607393113,61.98565449874079,62.3364143371582,17977800
2017-05-11,61.48200799133459,61.81478317593176,61.266157341152656,61.57194519042969,28789400
2017-05-12,61.70684262046824,61.70684262046824,61.19419313570892,61.49998092651367,18714100
2017-05-15,61.28413736125559,61.58993204897378,60.771487817575256,61.544960021972656,31530300
2017-05-16,61.71683627624076,62.81133007246906,61.65351868145401,62.78419494628906,34956000
2017-05-17,62.31383626095977,62.50378906515078,60.99320707389302,61.03843688964844,30548800
2017-05-18,60.966054506541994,61.62636546065379,60.73087195386567,61.2464599609375,25201300
2017-05-19,61.05652472131127,61.59924800528051,60.99320711986655,61.228389739990234,26961100
2017-05-22,61.409272819105986,61.96104324534953,61.05650246804515,61.91581344604492,16237600
2017-05-23,62.16002277929849,62.18715788947487,61.852475428075074,62.12384033203125,15425800
2017-05-24,62.29573610280252,62.30477654327732,61.915823668773704,62.20527648925781,14593900
2017-05-25,62.38617208359063,63.20930051751172,62.33190185089849,62.974124908447266,21854100
2017-05-26,63.13693526832309,63.51684065580354,62.88365810890584,63.28165817260742,19827900
2017-05-30,63.12791048791361,63.68872833251953,63.10981580522664,63.68872833251953,17072800
2017-05-31,63.79727313881631,63.98722591327937,63.14600254002875,63.17313766479492,30436400
2017-06-01,63.534952743536984,63.86963537072985,62.82036458348707,63.40831756591797,21603600
2017-06-02,63.715849980671344,65.00029613583166,63.534937697558505,64.90984344482422,34770300
2017-06-05,65.09979782746258,65.93197364772291,64.95506799727914,65.38020324707031,33316800
2017-06-06,65.39830448364968,65.68775727194081,65.37116246194525,65.59729766845703,31511100
2017-06-07,65.70584865886677,65.82343648831225,65.08171324628101,65.4797134399414,22301800
2017-06-08,65.5882660684261,65.59730650911379,64.67467777868498,65.08171844482422,24588300
2017-06-09,65.16312258934158,65.19930505087778,62.04245256755823,63.6073112487793,49187400
2017-06-12,62.639456584939495,63.26359200691739,61.62636830451296,63.11886215209961,47761700
2017-06-13,63.33595372898552,64.05958924310116,63.28168348081175,63.905818939208984,25258600
2017-06-14,64.1410121043013,64.31287021892032,62.80228825253242,63.56209945678711,25510700
2017-06-15,62.65752906618577,63.5077995028683,62.23240074894213,63.227394104003906,26068700
2017-06-16,63.07363665606452,63.344994771046494,62.612318889166424,63.3178596496582,48345100
2017-06-19,63.770152791349574,64.16815311641402,63.63447023497747,64.1048355102539,23798300
2017-06-20,64.05955167848232,64.10478145950414,63.20024104783333,63.23642349243164,21512200
2017-06-21,63.50782919965487,63.87869435966075,63.26360614145897,63.56209945678711,19891100
2017-06-22,63.806302214833345,63.85152510946429,63.05553177276091,63.55303192138672,22965700
2017-06-23,63.39926527269812,64.44853597799015,63.24549498347055,64.412353515625,27617300
2017-06-26,64.58421711133279,64.8646225623179,63.715858736357255,63.797264099121094,19607000
2017-06-27,63.41737122359711,63.480688818712785,62.57614780214583,62.6032829284668,25215100
2017-06-28,62.603276343715024,63.173134639817135,62.22337081298028,63.136959075927734,25806200
2017-06-29,62.75704818140219,62.85654823728431,61.59018953604797,61.95200729370117,28918700
2017-06-30,62.21432739123059,62.75705059805979,62.17814492396197,62.35000991821289,24161100
2017-07-03,62.711818763320835,62.95604175624597,61.52686555751646,61.66254806518555,16165500
2017-07-05,61.743990377111636,62.81134937517254,61.70780789738556,62.485713958740234,21176300
2017-07-06,61.75300705786048,62.21432487046891,61.61733143747539,62.02437210083008,21117600
2017-07-07,62.14194998564286,63.17312594200524,62.14194998564286,62.829402923583984,16878300
2017-07-10,62.82940525874664,63.543993342977465,62.59422271050765,63.29977035522461,15014500
2017-07-11,63.31786615889787,63.9329542776283,63.091730922616094,63.30881881713867,17460000
2017-07-12,63.941990071448764,64.47566582016393,63.81535491408929,64.35807800292969,17750900
2017-07-13,64.67466132003095,65.16311413575455,64.50279637530468,64.91888427734375,20269800
2017-07-14,65.34403607419561,66.27571214536154,65.09076571323008,65.83248901367188,25868100
2017-07-17,65.85057492343586,66.4385209397264,65.77821000105895,66.34806823730469,21803900
2017-07-18,66.11288915943567,66.38425418203965,65.72394320872206,66.30284881591797,26435300
2017-07-19,66.48375954371552,66.97221248278092,66.43852973596697,66.80939483642578,22416200
2017-07-20,67.09885018646904,67.20739758848772,66.28476192407888,67.1350326538086,42361000
2017-07-21,66.43852338096336,67.19834129164215,66.18525304443679,66.7460708618164,46717100
2017-07-24,66.51090115363756,66.70990128537679,66.14908335966628,66.57421875,21394800
2017-07-25,66.75511689181778,67.2164277523897,66.48375187881162,67.1078872680664,22018700
2017-07-26,67.24358833632913,67.27977081183762,66.76418261276937,66.98127746582031,16252200
2017-07-27,66.71895467386372,67.3159482220784,65.41641325797559,66.17623138427734,36844200
2017-07-28,65.73298249822352,66.31188809528754,65.6153946710727,66.06766510009766,18306700
2017-07-31,66.30286198897514,66.42949718439043,65.49782100336337,65.7601318359375,23600100
2017-08-01,66.12190062631792,66.41135327287455,65.57013044052322,65.65154266357422,22132300
2017-08-02,65.62446222798985,65.63350267056398,64.6204210141653,65.36214447021484,26499200
2017-08-03,65.29878621083809,65.52492135421836,64.99123882727054,65.26260375976562,18214400
2017-08-04,65.48877975649236,66.06768553259231,65.34404986191677,65.74205017089844,22579000
2017-08-07,65.85057196700241,65.94102466536316,65.3621191145362,65.48875427246094,18705700
2017-08-08,65.20835466130028,66.14907809024764,64.90081404663856,65.84153747558594,22044600
2017-08-09,65.35307815060195,65.58826071016449,65.17217273623028,65.55207824707031,22213400
2017-08-10,65.03650014109789,65.29881786270217,64.53899982407249,64.59327697753906,24734500
2017-08-11,64.77413746657108,65.76008317285249,64.47563748351331,65.57917785644531,21443700
2017-08-14,66.08574192876088,66.68274210866393,65.98624189877704,66.56514739990234,20096600
2017-08-15,66.91980994972138,66.91980994972138,66.41966603112715,66.5833511352539,19181400
2017-08-16,66.69245131998967,67.38356678228283,66.53786180304127,66.97435760498047,18150400
2017-08-17,66.91071451502191,67.17442976352787,65.8376693725586,65.8376693725586,22977500
2017-08-18,65.71944195491626,66.23777686010979,65.41026289540636,65.91950225830078,18761500
2017-08-21,65.90130828491428,65.91040382585713,65.2010973274781,65.61031341552734,17734800
2017-08-22,65.79220687986992,66.60153687574619,65.79220687986992,66.52879333496094,14343700
2017-08-23,66.34691422728457,66.51969487203705,65.95588909401705,66.12866973876953,13766500
2017-08-24,66.14685086561053,66.25597657381431,65.53758127167325,66.10138702392578,17098300
2017-08-25,66.2559797299882,66.70156425177915,65.91042537768237,66.2196044921875,12794300
2017-08-28,66.43784767136559,66.4651273647115,65.97407900875065,66.22869873046875,14569700
2017-08-29,65.70126587368313,66.52878687783917,65.51939663257053,66.42875671386719,11478400
2017-08-30,66.39236740636196,67.48359649748771,66.22868234890656,67.30172729492188,16897800
2017-08-31,67.31992672955931,68.16563189550901,67.11077779289377,67.99285125732422,27652800
2017-09-01,67.93831018321147,67.96558988335822,66.96529489672061,67.23810577392578,21736200
2017-09-05,66.69249520996613,67.19264625614056,66.36513181540738,66.93802642822266,21556000
2017-09-06,67.05622659621707,67.3290374614329,66.7015766341576,66.7470474243164,16535800
2017-09-07,67.00164032032299,67.83824979583488,66.92888986040046,67.60181427001953,17471200
2017-09-08,67.59271913917443,67.69274927744257,67.14712781857456,67.27444458007812,14703800
2017-09-11,67.57457118131904,68.14747269116802,67.57457118131904,67.9837875366211,17910400
2017-09-12,67.98376885091135,68.42025785115212,67.6291189365154,67.91101837158203,14394900
2017-09-13,68.13834752503378,68.4111583099796,67.79279321025336,68.3929672241211,13380800
2017-09-14,68.2020071318567,68.64759163584876,67.76551123355136,67.99285125732422,15733900
2017-09-15,68.04744336925904,68.5566829953834,67.35632749246915,68.48393249511719,38578400
2017-09-18,68.41115095063898,69.08407535981785,68.23837034290244,68.34749603271484,23307000
2017-09-19,68.39297120285377,68.84765124563664,68.21110196088738,68.60212707519531,16093300
2017-09-20,68.52029504096578,68.70217125790981,67.57455952646164,68.1474609375,21587900
2017-09-21,68.30202981464697,68.42024411642602,67.39266981917876,67.48360443115234,19186100
2017-09-22,67.2835450910078,67.75641618066591,67.15623524483821,67.66548156738281,14111400
2017-09-25,67.3744917577371,67.51999271531352,66.3105420224628,66.6197280883789,24149200
2017-09-26,66.9925621509003,67.1198720198459,66.37419695693559,66.6197280883789,18019600
2017-09-27,66.88343090340751,67.44722966425432,66.53786966251046,67.15623474121094,19565100
2017-09-28,66.87435554969838,67.26538074601072,66.66519963349342,67.17444610595703,10883800
2017-09-29,67.23807640888829,67.78369098714232,67.18351009455684,67.73822021484375,17079100
2017-10-02,67.9383086067377,68.21111947761244,67.56547448360213,67.84737396240234,15304800
2017-10-03,67.90194797289507,68.09291284845266,67.46545881101206,67.52911376953125,12190400
2017-10-04,67.37449096325325,67.9473923046203,67.02893659988536,67.92011260986328,13317700
2017-10-05,68.40206352507279,69.22048895111344,68.16562797135738,69.0840835571289,21195300
2017-10-06,68.81127577965106,69.13864596438974,68.69306146655474,69.11136627197266,13959800
2017-10-09,69.0840813670079,69.61151184016519,68.98405121044819,69.37507629394531,11386500
2017-10-10,69.41145152704577,69.6842553684998,69.23867090428514,69.37507629394531,13944500
2017-10-11,69.43873437900535,69.5296689969637,69.06589342614957,69.49329376220703,15388900
2017-10-12,69.55697370199984,70.28446478301338,69.44785489635619,70.12987518310547,16876500
2017-10-13,70.55723557227456,70.81186218746024,70.28443174851728,70.46630096435547,15335700
2017-10-16,70.40268334133857,70.75733335660746,70.33902838828696,70.6118392944336,12380100
2017-10-17,70.44812458078731,70.58452997662977,70.24806425860059,70.55724334716797,16824000
2017-10-18,70.6300064754884,70.79369159226285,70.35720257277622,70.57544708251953,13300700
2017-10-19,70.53908807793998,70.866458386843,70.33902767384708,70.84827423095703,15092800
2017-10-20,71.22107963664423,71.81216506334172,71.13014501819848,71.66666412353516,22866400
2017-10-23,71.83035424161993,72.1486288973998,71.6212052983362,71.68486022949219,20627200
2017-10-24,71.74851818336712,72.02132206929987,71.3483974918915,71.71214294433594,17517200
2017-10-25,71.45753449947897,71.93039880586342,70.93919940265415,71.50299835205078,20410800
2017-10-26,72.02132961584543,72.22138998254599,71.61212027513479,71.6212158203125,32120700
2017-10-27,76.72271685076221,78.38684061989646,76.03160120769265,76.21347045898438,71066700
2017-10-30,76.11343610011554,76.68633739209959,75.57691698182799,76.28621673583984,31756700
2017-10-31,76.71363223945173,76.71363223945173,75.57693191221692,75.64058685302734,27086600
2017-11-01,76.09526698392126,76.16801746995266,75.3677759993437,75.64058685302734,22307400
2017-11-02,75.79516070505738,76.80455094122433,75.58601177345048,76.43171691894531,23992900
2017-11-03,76.45899804878766,76.87730285773391,75.84063290993954,76.51355743408203,17633500
2017-11-06,76.56812852088706,77.02280863547158,76.45900973362225,76.81365966796875,19860900
2017-11-07,77.08646264081862,77.20468390941495,76.32260338774023,76.63178253173828,17939700
2017-11-08,76.51355536186584,76.94095570274149,76.2316559616571,76.8954849243164,18034200
2017-11-09,76.48628496079671,76.63177898127016,75.38595998034619,76.46809387207031,21178400
2017-11-10,76.19527779174595,76.47717718109703,75.68603839475911,76.26802825927734,19397800
2017-11-13,76.07706190907224,76.33168160228989,75.89518574401228,76.32258605957031,14196900
2017-11-14,75.93156610359527,76.4771807598801,75.45870191824625,76.43171691894531,18801300
2017-11-15,76.2854839984559,76.4865490440549,75.57262208966623,75.83766174316406,19383100
2017-11-16,75.94734311756632,76.23979952029298,75.80111840255833,76.03873443603516,20962800
2017-11-17,75.96563062182774,75.96563062182774,75.16137023125782,75.30760192871094,22079000
2017-11-20,75.30759122319911,75.48123262335143,75.17050076950298,75.42639923095703,16315000
2017-11-21,75.61831789496593,76.62363619866012,75.61831789496593,76.51396942138672,21237500
2017-11-22,76.61450286655875,76.67847747830427,75.8924996924537,75.95647430419922,20553100
2017-11-24,75.8650927422432,76.24894046201939,75.65488643510255,76.09357452392578,7425600
2017-11-27,76.13925813684499,76.75159454217378,76.13012388695623,76.65106201171875,18265200
2017-11-28,76.83386361495378,77.73864963993395,76.78816446337727,77.57414245605469,21926000
2017-11-29,77.41873872572455,77.61066251782869,76.02043183131715,76.16665649414062,27381100
2017-11-30,76.32205132452229,77.24511264192556,76.16667842385833,76.92523956298828,33054600
2017-12-01,76.40431202923496,77.51016309732745,76.05702220566651,77.00750732421875,29532100
2017-12-04,77.15374062728768,77.16288185260375,73.75392997174916,74.10122680664062,39094900
2017-12-05,74.33880193231596,75.56346745969964,74.00979470200801,74.5672836303711,26152300
2017-12-06,74.53075039234062,75.98389099012638,74.42107664105671,75.65487670898438,26162100
2017-12-07,75.43553067918259,75.67315363661797,74.94200929345183,75.38983154296875,23184500
2017-12-08,76.43171238201037,77.29994721429784,76.1575384660588,76.91609954833984,24489100
2017-12-11,77.03491117142582,78.02195404978163,76.87954524780777,77.89400482177734,22857900
2017-12-12,77.96709541000416,78.64340628259353,77.75689614443021,78.21385955810547,23924100
2017-12-13,78.36011604715728,78.5977390711268,77.83917782291988,78.0036849975586,22062700
2017-12-14,78.07678622561633,78.4789163489185,77.25425050645727,77.40048217773438,19306000
2017-12-15,77.92143191087042,79.59391332078297,77.57413512621213,79.37457275390625,53936700
2017-12-18,79.62134906567414,79.96863893028078,78.80795432465739,78.94503784179688,22283800
2017-12-19,78.91760659521067,78.91760659521067,77.93056361742967,78.44236755371094,23524800
2017-12-20,78.78051306399004,78.87191135196471,77.41876364023433,78.15904235839844,23674900
2017-12-21,78.6434249928172,78.68911716143045,78.04937101916508,78.14076232910156,17990700
2017-12-22,78.04936981256105,78.25956912489438,77.61068176985384,78.14990234375,14145800
2017-12-26,77.96710513209028,78.16817017481247,77.7112067041563,78.04936218261719,9891200
2017-12-27,78.27786923377329,78.57946689539621,77.88488024300413,78.33270263671875,14678000
2017-12-28,78.50632689412835,78.53374358716759,78.18645385415502,78.3418197631836,10594300
2017-12-29,78.2595877519195,78.64344249541804,78.14077971983158,78.17733764648438,18717400
2018-01-02,78.71653198436441,78.88103912742021,78.14076047002398,78.5520248413086,22483800
2018-01-03,78.65257805474754,79.06384950689309,78.57032794794543,78.91761779785156,26061400
2018-01-04,79.13693666596708,80.11484526314953,79.11866119370926,79.6121826171875,21912000
2018-01-05,80.1148552731523,80.80030061817499,79.90464896601935,80.59923553466797,23407100
2018-01-08,80.60837219134093,80.95566897238564,80.06001729349926,80.68148803710938,22113000
2018-01-09,81.01962920514615,81.09274503792919,80.29762604501008,80.62664031982422,19484300
2018-01-10,80.29762053595367,80.59921809595957,79.8863562070068,80.26106262207031,18652200
2018-01-11,80.54439517564384,80.54439517564384,79.73100059059925,80.49870300292969,17808900
2018-01-12,81.037918264908,82.0523779535648,80.8368531773961,81.88787078857422,24271500
2018-01-16,82.34485632868893,82.97546845817041,80.43475143317642,80.7454833984375,36599700
2018-01-17,81.41261025774632,82.50931975313912,81.11101270606517,82.3813705444336,25621200
2018-01-18,82.07065941746593,82.86577156146443,81.9427101765303,82.34483337402344,24159700
2018-01-19,82.38138245474288,82.8109292772314,81.9427013822469,82.25343322753906,36875000
2018-01-22,82.25343047923523,83.73399473803696,82.01580750549206,83.724853515625,23601600
2018-01-23,83.98987579345703,84.35544791443574,83.66086158184702,83.98987579345703,23412800
2018-01-24,84.58394835598773,85.38820162213717,83.6974380323596,83.91677856445312,33277500
2018-01-25,84.51083038609883,85.21455110461312,84.01730897182365,84.38288116455078,26383200
2018-01-26,85.10489488752957,85.96398162841797,84.61137341201811,85.96398162841797,29172200
2018-01-29,86.95103665481558,87.23435186664142,85.65326165345093,85.83604431152344,31569900
2018-01-30,85.26942583030123,85.59844023908111,84.1727088101308,84.75762176513672,38635100
2018-01-31,85.68067180346564,87.18865302174882,85.46133123600784,86.83222198486328,48756300
2018-02-01,86.63115456125138,87.8009801864911,85.52530355699474,86.14677429199219,47227900
2018-02-02,85.58012327478943,85.88172085666305,83.6243200628307,83.88021850585938,47867800
2018-02-05,82.76521827210672,85.21454265601774,80.42556762695312,80.42556762695312,51031500
2018-02-06,79.41113233081234,83.6060617243607,77.9122923093065,83.4689712524414,67998600
2018-02-07,82.70124876005025,83.87107415465968,81.5222821434709,81.8969955444336,41107600
2018-02-08,81.98840211591585,82.14376805479334,77.46446560485995,77.69294738769531,55628700
2018-02-09,78.87190007275802,81.27552548675487,76.61449934773083,80.59008026123047,63499100
2018-02-12,81.10190479543078,82.05239000242554,80.36162593062339,81.45833587646484,35720300
2018-02-13,81.2755173952334,82.25341887404986,80.24278253510101,82.09805297851562,26407700
2018-02-14,81.27166571315887,83.54884771376932,81.17984510120039,83.3835678100586,34960900
2018-02-15,83.75086710050786,85.13738162196726,83.20912052249615,85.08229064941406,27823900
2018-02-16,84.88945360677114,85.85358760667884,84.29261608874305,84.47625732421875,30596900
2018-02-20,83.99879136144276,85.4495740289915,83.56722672404953,85.13738250732422,30911700
2018-02-21,85.37612599896646,85.72504718863917,84.00797271728516,84.00797271728516,26922500
2018-02-22,84.52217032615066,85.14656032843654,83.88859616053976,84.22834014892578,24392800
2018-02-23,85.9454021765305,86.37696675554017,84.80681118468154,86.36778259277344,26329200
2018-02-26,86.67996535695998,87.64409210870019,86.54223096229357,87.61654663085938,30199800
2018-02-27,87.91039005005656,88.00221065858535,86.49633026123047,86.49633026123047,25869100
2018-02-28,87.08397360811063,87.88282745825639,85.97292834865445,86.10147857666016,31167300
2018-03-01,86.30349940884442,86.83606871218784,84.32932492608033,85.25672912597656,37135600
2018-03-02,84.0906067394235,85.53221215849776,83.42948708129394,85.44039154052734,32830400
2018-03-05,84.78846556356292,86.56063115705356,84.71501325815099,85.9821548461914,23901600
2018-03-06,86.6248825238887,86.76261694260889,85.33937996373636,85.68830108642578,22175800
2018-03-07,85.54139934185234,86.25760999495613,84.87109549662237,86.18415069580078,26716100
2018-03-08,86.56063142661581,87.32275601704482,86.10152124040059,86.70755004882812,25887800
2018-03-09,87.49721363335004,88.64498901367188,87.23092890445957,88.64498901367188,36937300
2018-03-12,88.6082618769068,89.26019747078574,88.18588136561053,88.8561782836914,26073700
2018-03-13,89.06736558738335,89.28773648916224,86.2851593089817,86.68917846679688,35387800
2018-03-14,87.34111622173435,87.60740094562114,85.85359683482145,86.17497253417969,32132000
2018-03-15,85.8811445933509,86.84527872238323,85.23839317763935,86.47798919677734,27611000
2018-03-16,86.93709150172901,87.57984285939811,86.2392421666423,86.86363220214844,49081300
2018-03-19,86.07396574417649,86.22088434930981,84.57726923307035,85.2934799194336,33344100
2018-03-20,85.4403950569533,86.10150773682784,85.3944812433464,85.51384735107422,23075200
2018-03-21,85.33020373540688,86.35861288461828,84.669084068447,84.91700744628906,24457100
2018-03-22,83.80593740254174,84.24668609065121,82.32760962842906,82.44697570800781,38604700
2018-03-23,82.18071635971292,83.06220700179819,79.95862492828141,80.05044555664062,44068900
2018-03-26,83.19995308458076,86.31271975796807,83.00712763641566,86.11071014404297,56396800
2018-03-27,87.1758336641093,87.35947491379275,81.27167711629245,82.15316772460938,56569000
2018-03-28,82.47455458869047,83.76924869240905,81.60224802630908,82.07971954345703,52501100
2018-03-29,82.80509733118622,84.74254249993496,81.17066650760802,83.80595397949219,45867500
2018-04-02,83.07140255330806,83.44786928282458,80.35347094961774,81.28086853027344,48515400
2018-04-03,82.25415381285138,82.68571835750113,80.702359685612,82.37351989746094,37213800
2018-04-04,80.66563708906557,85.17410129388138,80.55545515686715,84.77926635742188,35560000
2018-04-05,84.88026276105077,85.45873886443201,83.92531307855104,84.82516479492188,29771900
2018-04-06,84.0079733479135,84.89864816044994,82.1623555874764,82.85102081298828,38026000
2018-04-09,83.59477092034959,85.55057749624869,83.20912010349022,83.34684753417969,31533900
2018-04-10,84.83436057919798,85.65157596652875,84.14569545467448,85.28428649902344,26812000
2018-04-11,84.48544408934205,85.66076484569415,83.99878849542729,84.34770965576172,24872100
2018-04-12,84.87111570860205,86.4596401551865,84.87111570860205,85.92707061767578,26758900
2018-04-13,86.35861603434904,86.4779821431121,84.8802808933294,85.46794128417969,23346100
2018-04-16,86.37699039874647,86.91874406285557,85.78014575388461,86.46881103515625,20288100
2018-04-17,87.23092923357343,88.64498934812084,87.12074027467942,88.21342468261719,26771000
2018-04-18,88.35115204871119,88.8102621657754,87.70839368154263,88.55316162109375,21043300
2018-04-19,88.55317462034029,89.13165093079196,87.54312661015652,88.25016021728516,23552500
2018-04-20,88.06649492531525,88.25013614682432,86.3586049445194,87.23091125488281,31154400
2018-04-23,87.91038951563229,88.41541336766554,86.89116465459307,87.55228424072266,22331800
2018-04-24,88.36950390000305,88.58069761362229,84.85272610435422,85.5046615600586,34524800
2018-04-25,85.66995313632209,85.66995313632209,82.89692402559747,84.76091003417969,33729300
2018-04-26,85.89950945330023,87.36866049092222,85.48630612663281,86.55144500732422,42529000
2018-04-27,89.61828697903356,89.89375583156789,86.23005932345941,87.98385620117188,48272800
2018-04-30,88.45214385580131,88.51641898254026,85.53220365951428,85.87194061279297,41523600
2018-05-01,85.5872964021615,87.49719592989545,85.20164563371432,87.23091125488281,31408900
2018-05-02,87.22171650916809,87.38699639065753,85.56892469973641,85.86275482177734,27471000
2018-05-03,85.35774346684035,87.16663826548742,84.88944923339976,86.37696838378906,31142500
2018-05-04,85.68832427722681,87.57067882976406,85.32103472972375,87.37785339355469,22531300
2018-05-07,87.3870164814365,88.80107645806608,87.32274134638354,88.35115051269531,24242000
2018-05-08,88.01139242426565,88.29604541005533,87.28599772735515,87.97466278076172,23484600
2018-05-09,88.15830789127057,89.03979828790854,87.2768174946326,89.01225280761719,27327400
2018-05-10,89.48975075792475,89.9396767492296,89.11328407288417,89.9029541015625,22388100
2018-05-11,89.80194115261534,89.866216288394,89.10409181740098,89.71011352539062,16778300
2018-05-14,89.91214064149217,90.61917427848844,89.35202563235279,90.01314544677734,19454100
2018-05-15,89.28773149759061,89.84784638762528,88.46133190528829,89.36119079589844,24594000
2018-05-16,89.7853893592399,89.82227820222299,89.10296335362123,89.59172821044922,17384700
2018-05-17,89.23209000394792,89.95140500746761,88.37444356840622,88.69721221923828,17246700
2018-05-18,88.54042871652265,89.38885107340639,88.54042871652265,88.86319732666016,17865800
2018-05-21,89.45340288589671,90.38482688597753,89.26896569427754,90.00672149658203,19422500
2018-05-22,90.08050893903531,90.53238503249864,89.6378497810712,89.91451263427734,15441200
2018-05-23,89.1859737137664,91.04882191613312,88.82631622599008,90.98426818847656,21251200
2018-05-24,91.0488207910246,91.24248197160114,89.27819121635746,90.66149139404297,26649300
2018-05-25,90.65227369941097,91.27937005614272,90.24650339922322,90.70760345458984,18363900
2018-05-29,90.22804730826103,91.18713618110571,89.6655117644797,90.38482666015625,28671000
2018-05-30,90.66150898629752,91.52837951732262,90.29263449599993,91.25171661376953,22158500
2018-05-31,91.56525522101249,92.21079252213768,90.93815882742138,91.15026092529297,34140900
2018-06-01,91.55602326562096,93.01310108776467,91.45458069345727,92.94854736328125,28655600
2018-06-04,93.38197246550337,93.93529104942303,93.00386709439798,93.76007080078125,27281600
2018-06-05,94.06441138016856,94.36873910558559,93.63097620199797,94.23963165283203,23514400
2018-06-06,94.50706419322844,94.61772369626745,93.9721864757799,94.51628112792969,21122900
2018-06-07,94.66384573348027,94.7007345833623,92.57044747660437,93.03154754638672,28232200
2018-06-08,93.22520142697147,94.01829404772263,92.71799561144894,93.72319030761719,22165100
2018-06-11,93.15145037864107,93.68632118304893,92.8378986311182,93.18833923339844,23490900
2018-06-12,93.23444700062433,93.55721569180383,92.91167830944481,93.42810821533203,18325200
2018-06-13,93.8061923269109,94.07363119174059,92.73643686759219,93.00387573242188,29492900
2018-06-14,93.74165015380716,94.09208369098961,93.14221862676612,93.529541015625,25691800
2018-06-15,93.61254558189418,93.63098649038739,92.2845750238474,92.33990478515625,65738600
2018-06-18,92.22924614787229,93.24366498463827,91.68514435840487,93.01311492919922,23586000
2018-06-19,91.89725350517371,93.14222239737875,91.75892206474441,93.01311492919922,28653100
2018-06-20,93.4834342145444,94.54395878647206,93.2528841709377,93.94453430175781,26180800
2018-06-21,94.13817916397662,94.48861263657083,93.03153492513619,93.27130889892578,23198200
2018-06-22,92.59812927246094,92.93011488516953,91.8788071767422,92.59812927246094,38923100
2018-06-25,92.22001812320461,92.32146070600645,89.73008044820969,90.73527526855469,35433300
2018-06-26,91.13182326856993,92.29379748787353,91.06726953615468,91.37159729003906,26897200
2018-06-27,91.83268985028008,92.23845311965374,89.82229330260405,89.95140075683594,31298400
2018-06-28,89.80386127633282,91.39927086614159,89.69320174499498,90.95661163330078,26650700
2018-06-29,91.23325223636392,92.1370113911178,90.67993360741352,90.93814849853516,28053200
2018-07-02,90.46783472616775,92.27534620420603,90.37561611688773,92.22924041748047,19564500
2018-07-03,92.66267194030688,92.80099633081876,91.24248289914642,91.34392547607422,14670300
2018-07-05,91.75890612869954,92.14622846597067,91.32547097401739,91.9986801147461,18977400
2018-07-06,92.11858141812743,93.53877063214097,91.91569623957844,93.28977966308594,19234600
2018-07-09,93.74166443392104,94.29498322169897,93.37278289679239,93.92610168457031,18212000
2018-07-10,94.06440517731954,94.53472917323798,93.93529773307965,94.1750717163086,19293100
2018-07-11,93.28055448288981,94.37796797000495,93.23444165715138,94.04598236083984,19644600
2018-07-12,94.7744856183854,96.28690000699505,94.73760381197073,96.08401489257812,24335900
2018-07-13,96.25002449192085,97.38432664565411,95.99180256047299,97.22755432128906,24635200
2018-07-16,97.19988477364616,97.58720709846229,96.38834424260908,96.74800872802734,21786900
2018-07-17,96.47135513076026,98.21431279495945,96.2039162516201,97.70709991455078,25901700
2018-07-18,97.69788473890611,97.79932731681505,96.57279944633683,96.94168090820312,29493900
2018-07-19,96.76645197578351,97.11688546350729,95.80736307504533,96.2776870727539,40171600
2018-07-20,99.67139191767527,99.78205143054332,97.8269916543689,98.00220489501953,56004000
2018-07-23,98.02988131638405,99.72672625944745,97.87310193956468,99.56995391845703,29707000
2018-07-24,100.12328675301855,100.35383682908572,98.91520660589215,99.28408813476562,26316600
2018-07-25,99.56073373359185,102.5025546521883,99.22874109543798,102.20745086669922,30702100
2018-07-26,102.12445062718776,102.36422465497036,100.98092432179509,101.09159088134766,31372100
2018-07-27,101.60800570703225,101.60800570703225,97.88231651712185,99.30250549316406,37005300
2018-07-30,98.85063759458198,99.16418227239541,96.60969091997994,97.17223358154297,34668300
2018-07-31,98.20508660228886,98.41719572088773,97.18144392922186,97.82698822021484,27655200
2018-08-01,97.78087880017299,98.16820116673662,97.21833615718973,98.01142883300781,23628700
2018-08-02,97.19989252321554,99.68060602255403,96.68345567979159,99.20106506347656,26104300
2018-08-03,99.41317254456048,99.64372256712595,98.5094133603394,99.6344985961914,18659600
2018-08-06,99.70827421498812,99.98493001480666,99.1918373908361,99.71749114990234,20265900
2018-08-07,100.11405301217583,100.61204197219354,99.75439549146793,100.4091567993164,16080200
2018-08-08,100.8241389590315,101.21146131372895,100.2984851817054,100.97168731689453,15487500
2018-08-09,101.17454600430237,101.58954016365149,101.07310345662769,101.13765716552734,13677200
2018-08-10,100.90713590116202,101.15613387475953,99.94804692769652,100.51981353759766,18183700
2018-08-13,100.74115543472135,101.05470718487253,99.68984769072742,99.79129028320312,18472500
2018-08-14,100.11403953388572,101.21145989261467,99.63449858277856,101.03623962402344,16788300
2018-08-15,100.43452703874586,100.89740163094956,98.88852759588288,99.6661605834961,29982800
2018-08-16,100.25864190957832,100.77705920519425,99.33289270288934,99.64764404296875,21384300
2018-08-17,99.388398024851,99.88830325604602,98.76814798468253,99.5920639038086,18061500
2018-08-20,99.5272703203383,99.88831184119255,98.57375004408718,98.9347915649414,17914200
2018-08-21,98.98108490831858,99.37915727500489,97.99053372557424,98.11088562011719,22881900
2018-08-22,97.99050916609612,99.36987290187234,97.92570703254698,99.11066436767578,18000600
2018-08-23,99.19400159515854,100.14752188542106,98.93479301872648,99.57355499267578,18167700
2018-08-24,99.67538123328855,100.49929717987754,99.57354829041543,100.35118103027344,17234000
2018-08-27,101.15659067181767,101.4991203463239,100.45302651328696,101.46208953857422,19662300
2018-08-28,101.77684258650906,102.29525974226819,101.63797883038671,102.07308197021484,19151500
2018-08-29,102.2489745553378,103.71165967516268,102.08233945228301,103.70240020751953,20818000
2018-08-30,103.37837993411111,104.24858617679116,103.16546163828751,103.63758850097656,22798700
2018-08-31,103.39690871355248,104.40597173963764,103.2395260147658,103.98938751220703,23222700
2018-09-04,102.61926825199427,103.6468501370778,102.03604896434032,103.41541290283203,22634600
2018-09-05,102.76740076471602,103.14695419048971,100.07346772430594,100.43450927734375,32872400
2018-09-06,100.2123243209793,100.89737656967127,99.52727207228735,100.66593933105469,23477600
2018-09-07,100.19383479537936,100.64744990662261,99.26808563444708,100.1753158569336,22498600
2018-09-10,100.7585175451287,101.499119568639,100.31416198134599,101.2584228515625,20727900
2018-09-11,100.81405943644546,103.30431924417773,100.804799969574,102.98030853271484,24301800
2018-09-12,103.1562043305414,103.54501718897735,102.30451700361388,103.41541290283203,18891100
2018-09-13,103.7949864405763,105.28544298202384,103.7949864405763,104.52632904052734,26055600
2018-09-14,104.94291948638129,105.2854491991127,104.09123200180632,104.95217895507812,19122300
2018-09-17,105.24839012020702,105.25764252351372,103.5542680118466,103.8134765625,20736500
2018-09-18,103.85975548718885,105.25763102738135,103.4246524405836,104.80401611328125,22170900
2018-09-19,104.65594066629065,104.90588982059468,102.79518296058635,103.40617370605469,21728400
2018-09-20,103.94308169753675,105.35022393115551,103.61907100654011,105.13729858398438,23714500
2018-09-21,105.53538817732326,106.72960525950992,105.08177313557785,105.77608489990234,71229700
2018-09-24,104.63743436405858,106.36858796725518,103.88757974769345,106.1556625366211,27334500
2018-09-25,106.27599077011818,106.55371123954869,105.30395146985006,105.95197296142578,22668000
2018-09-26,105.97046827550831,106.51665668767194,105.29466853101636,105.51685333251953,19352000
2018-09-27,106.2575083931741,106.37786032794946,105.72057207947145,105.91498565673828,19091300
2018-09-28,105.71126409337838,106.0630461159021,105.2391301993546,105.87789916992188,21647800
2018-10-01,106.22968849421846,107.09063527172044,106.21117662350932,107.02583312988281,18883100
2018-10-02,106.73887751499231,107.23877582983948,105.94273269815369,106.60001373291016,20787200
2018-10-03,106.84995227415557,107.55352352067055,106.39633722313489,106.61851501464844,16648000
2018-10-04,106.1000849300768,106.23894868150022,103.3413500240584,104.41522216796875,34821700
2018-10-05,104.26711188595975,104.76701721536435,102.42487327302946,103.80423736572266,29068900
2018-10-08,103.3691471518721,103.71166979614644,101.22140247494828,102.6192855834961,29640600
2018-10-09,102.88774202520891,104.68369732317404,102.5729907592874,103.9245834350586,26198600
2018-10-10,102.98029489033975,103.22099155678451,97.93496673806165,98.27749633789062,61376300
2018-10-11,97.52764970287686,100.84183261290819,96.4630370061691,98.04607391357422,63904300
2018-10-12,100.91590894843738,102.98032543670145,99.16624375643045,101.434326171875,47742100
2018-10-15,100.82336264243521,101.35103947656366,99.00888774528129,99.61062622070312,32068100
2018-10-16,101.40652526381031,103.13767807720951,100.86032979444576,102.75811767578125,31610200
2018-10-17,103.38764744985792,103.50799227587065,101.41580464448737,102.48966979980469,26548200
2018-10-18,101.92496842142594,102.32304079321209,99.82352119737652,100.44377136230469,32506200
2018-10-19,100.84185284352398,102.62854894393008,100.17531234098207,100.59190368652344,32785500
2018-10-22,101.20288821203226,102.3323032093066,100.20307751973317,101.4898681640625,26545600
2018-10-23,99.76797218719871,100.87887528690548,97.30548338255582,100.07347106933594,43770400
2018-10-24,100.36045628781694,100.43451084281922,94.04684108789353,94.72264099121094,63897800
2018-10-25,98.63857545072635,101.15660722357816,98.2682743755434,100.25863647460938,61646800
2018-10-26,97.84241406041187,100.67520374000112,96.98146720798121,99.01811218261719,55523100
2018-10-29,100.08272310110335,100.62891161079169,94.08386658454805,96.13903045654297,55162000
2018-10-30,95.96313670071177,96.62966999210155,92.67672520053253,96.02793884277344,65350900
2018-10-31,97.61098547988988,100.1105051764782,97.5646952006214,98.87925720214844,51062400
2018-11-01,99.10145234892298,99.35140151935202,97.69430964286796,98.05535125732422,33384200
2018-11-02,98.57373567239847,99.35136127689297,97.18511246759867,98.27749633789062,37680200
2018-11-05,98.47191426194436,99.74018575048021,98.03681114346132,99.52726745605469,27922100
2018-11-06,99.40694418247958,100.75853713469513,98.38862149934795,99.7217025756836,24340200
2018-11-07,101.31397381998696,103.90606680782544,101.27694301207298,103.64685821533203,37901700
2018-11-08,103.4987286241075,103.87828199591975,102.67481267786016,103.45243835449219,25644100
2018-11-09,102.6192838613924,103.17473189549057,100.68447167898773,101.434326171875,32039200
2018-11-12,101.2954471195342,101.79535239369481,98.22196092732383,98.9347915649414,33621800
2018-11-13,99.56429539752435,100.66593176779611,98.7218605220601,98.99958801269531,35374600
2018-11-14,100.50578986370327,100.65455299662078,97.13080608657411,97.5956802368164,39495100
2018-11-15,97.6142536287169,100.2268506827164,96.61013104500954,99.74337768554688,38505200
2018-11-16,99.55745469223878,101.23099746067193,99.29712629004365,100.68244934082031,33502100
2018-11-19,100.66384697741442,100.93347484006408,96.27544088762545,97.27027130126953,44773900
2018-11-20,94.64837066374952,95.73617436758578,92.37048329203554,94.56468963623047,64052500
2018-11-21,96.32193061540592,97.09362347215321,95.05747225289043,95.8663558959961,28130600
2018-11-23,94.9923876600706,96.51717439370799,94.8343321422536,95.82916259765625,13823100
2018-11-26,97.4283331144552,99.13906672044014,97.23308680682108,98.99031066894531,32336200
2018-11-27,98.80434430574573,99.78988228323944,97.95827707912099,99.61322784423828,29124500
2018-11-28,100.31054655869544,103.50888307749067,100.28265524379705,103.31363677978516,46788500
2018-11-29,102.57914645208969,103.31364856634919,101.37047065021099,102.44898223876953,28123200
2018-11-30,102.9231304102952,103.17416641491972,101.6772711362564,103.09978485107422,33665600
2018-12-03,105.06155129439023,105.45204385341853,102.9510259071901,104.2154769897461,34732800
2018-12-04,104.07603857152688,104.72685961669649,100.60807390490695,100.89629364013672,45197000
2018-12-06,98.38596414186266,101.5657016034528,97.62357082487175,101.51921844482422,49107400
2018-12-07,100.76612441646886,101.76095487510167,96.97275650945875,97.45622253417969,45044900
2018-12-10,97.43763955875964,100.39423988805007,96.59156507170096,100.03163146972656,40801500
2018-12-11,102.08637414853797,103.15557910229101,99.89216742173524,100.96137237548828,42381900
2018-12-12,103.09978856664077,103.45309036751493,101.37975562786976,101.41694641113281,36183000
2018-12-13,101.88184291481448,103.08121933788073,100.99857757871453,101.76097106933594,31333400
2018-12-14,100.64526513423503,101.58431301217553,98.08845701304199,98.58122253417969,47043100
2018-12-17,98.00477394091753,98.36737521870621,94.56470089648415,95.66180419921875,56957300
2018-12-18,96.46138594110346,97.16799663391299,95.31779241318033,96.66593170166016,49319200
2018-12-19,96.36840309257333,99.37148582944195,94.22997937870001,96.40559387207031,68198200
2018-12-20,95.8105746669011,96.98205253397556,91.84054505934131,94.3787612915039,70334200
2018-12-21,94.49030848146617,95.76406608889972,90.61326012960724,91.32917022705078,111242100
2018-12-24,90.81782147999952,91.08744935974066,87.37775533265946,87.5172119140625,43935200
2018-12-26,88.45625671519967,93.61636285211273,87.35915338759548,93.49549102783203,51634800
2018-12-27,92.32401323107835,94.08123703061523,89.62774161962797,94.07193756103516,49498500
2018-12-28,94.91800991950707,95.21553621458088,92.52855683617967,93.33744049072266,38196300
2018-12-31,94.17419617467723,95.20621724574463,93.38391162213968,94.43452453613281,33173800
2019-01-02,92.55643935793105,94.60188263151633,91.9892923687848,94.01614379882812,35329300
2019-01-03,93.06779726525407,93.15147829530453,90.37152595462861,90.55747985839844,42579100
2019-01-04,92.71451343789747,95.308512377006,91.9800113359921,94.76925659179688,44060600
2019-01-07,94.49962122804631,96.01510847692208,93.88599100886,94.8901138305664,35656100
2019-01-08,95.80127789307129,96.66594420600957,94.56471079405098,95.57814025878906,31514400
2019-01-09,96.5636540122215,97.51199410808007,95.98720754239925,96.9448471069336,32280800
2019-01-10,95.96864330669094,96.4614088870223,95.18765086182333,96.32194519042969,30067600
2019-01-11,95.94074157452923,96.17317867915331,94.49962868849293,95.57814025878906,28314200
2019-01-14,94.74134232155188,95.64319920405269,94.14630404527797,94.88080596923828,28437100
2019-01-15,95.3084803807881,97.67004142244143,94.7227345339239,97.63285064697266,31587600
2019-01-16,97.86531004667955,98.79505836570408,97.58638271360549,97.97687530517578,29853900
2019-01-17,97.62357343374724,99.13906063913635,97.40043582348393,98.6648941040039,28393000
2019-01-18,99.91075901340024,100.31985056619368,98.46965329559843,100.14319610595703,37427600
2019-01-22,99.25065183386661,99.57606238840879,97.49342774592078,98.25582122802734,32371300
2019-01-23,98.66488426369519,99.52025092890877,97.93967468918868,99.21343231201172,25874300
2019-01-24,99.35293342463298,99.48309765783328,97.93971161643154,98.73929595947266,23164800
2019-01-25,99.70619537176789,100.30123365462165,98.73925638877654,99.64111328125,31225600
2019-01-28,98.7950478242376,98.99959356754458,97.30745209120867,97.69794464111328,29476700
2019-01-29,97.51201248399933,97.59569353101836,94.99239509768105,95.70830535888672,31490500
2019-01-30,97.27027940570382,98.90663146972656,97.00065152058912,98.90663146972656,49471900
2019-01-31,96.50789656120945,97.8281377209072,95.93144994102035,97.09363555908203,55636400
2019-02-01,96.48928049497349,96.78679967665957,95.15974010012883,95.55953216552734,35535700
2019-02-04,95.64321878073363,98.36738182859409,95.55023826763384,98.31159210205078,31315100
2019-02-05,98.60909545495056,99.73408996718642,98.51612205020851,99.68760681152344,27325400
2019-02-06,99.48307962460183,99.48307962460183,98.1163483303264,98.58122253417969,20609800
2019-02-07,97.80022879631407,98.17212245241596,96.96345388325122,97.87460327148438,29760700
2019-02-08,97.0564214558101,98.34877098520779,96.93555673419306,98.24649810791016,21461100
2019-02-11,98.73927619970999,99.0925851277653,97.59568965210272,97.85601806640625,18914100
2019-02-12,98.68348709294986,99.61323542214171,98.06985688425999,99.38079833984375,25056600
2019-02-13,99.94795568508121,100.2082841091281,99.21345357813888,99.30642700195312,18394900
2019-02-14,98.84153577748282,99.75269219824199,98.23720507999506,99.39009094238281,21784700
2019-02-15,100.32912044801249,100.69172163799307,99.81775615782703,100.61734008789062,26606900
2019-02-19,100.2175828592679,101.02646653681518,100.20828338892805,100.57088470458984,18038500
2019-02-20,100.71094386423597,100.78564310279329,99.2450051451782,100.04800415039062,21607700
2019-02-21,99.81456635053183,102.22356317255677,99.78655591925192,102.158203125,29063200
2019-02-22,102.75577972149443,103.8295508821607,102.54102121513476,103.61479949951172,27763200
2019-02-25,104.35244034620297,104.74460062745418,103.885580833177,104.1937026977539,23750600
2019-02-26,103.88558441090827,105.73434415688274,103.80154599133975,104.91267395019531,21536700
2019-02-27,104.28707887266992,104.91266890187599,103.530761627791,104.73526000976562,21487100
2019-02-28,104.61388477854021,105.39820537286741,104.32443414830676,104.60454559326172,29083900
2019-03-01,105.40755058494649,105.52893150566263,104.26841212201589,105.0714111328125,23501200
2019-03-04,105.52888838306943,105.7436468267299,103.45603877356002,104.81926727294922,26608000
2019-03-05,104.80998090807147,104.94070102705761,103.8575904520707,104.29643249511719,19538300
2019-03-06,104.45512743673018,105.19276616275644,104.04428887446005,104.34307861328125,17687000
2019-03-07,104.01630039361625,104.15635967154809,102.58771143087516,103.0732421875,25339000
2019-03-08,101.92477580129122,103.37203606711552,101.58863637047928,103.18529510498047,22818400
2019-03-11,103.63349257025385,105.4635813572427,103.62416050727646,105.3515396118164,26491600
2019-03-12,105.34217146694036,106.43462092680946,105.18344095541275,106.08914947509766,26132700
2019-03-13,106.56534903527819,107.3776871460494,106.2385488034889,106.91082763671875,35513800
2019-03-14,106.94818373794297,107.56443462330097,106.75210358697855,106.99486541748047,30763400
2019-03-15,107.69514455440294,109.47855123917266,106.9948553140671,108.22737121582031,54681100
2019-03-18,108.47013571090957,109.81469336525524,108.35809398885458,109.77734375,31207600
2019-03-19,110.26288998873729,110.58969738719723,109.23580035793783,109.85205841064453,37588700
2019-03-20,109.60927095209536,110.87912934011904,108.97434175808351,109.73065185546875,28113300
2019-03-21,109.37583763921738,112.81192367292404,109.32914884205992,112.25169372558594,29854400
2019-03-22,111.57943330384127,111.66346460410283,109.28248515510965,109.29182434082031,33624500
2019-03-25,108.83429248451851,110.18818940980864,108.61020190242989,109.86138916015625,27067100
2019-03-26,110.75772709364293,110.8417583666215,109.10504082130629,110.09478759765625,26097700
2019-03-27,110.06680135675205,110.37493035940187,107.86322378266242,109.0303726196289,22733400
2019-03-28,109.65595481957276,109.78667490154581,108.43277816152457,109.17975616455078,18334800
2019-03-29,110.24419889516015,110.47762863849061,109.20777026487609,110.12281799316406,25399800
2019-04-01,111.06586554480268,111.21526399523096,110.27220586710551,111.1312255859375,22789100
2019-04-02,111.16858236821993,111.5607497640314,110.66437325107148,111.28997039794922,18142300
2019-04-03,111.91555511501143,112.44777463726071,111.25261550825955,112.01826477050781,22860700
2019-04-04,112.13965769038353,112.26104572736851,110.53365976725907,111.4487075805664,20112800
2019-04-05,111.47671348696194,112.26104116991424,111.4580422409513,111.94357299804688,15826200
2019-04-08,111.86887004081284,112.0649501740928,110.77642053094851,111.98091888427734,15116200
2019-04-09,110.76706660237404,111.61675419053059,110.72038493326048,111.37398529052734,17612000
2019-04-10,111.82218677287042,112.37307755037614,111.61676745796643,112.22368621826172,16477200
2019-04-11,112.55048075535684,112.83993134427101,111.97157245381841,112.35440063476562,14209100
2019-04-12,112.64387606843596,112.96134427920695,112.39177503598953,112.9333267211914,19745100
2019-04-15,112.92396271741158,113.52154222590251,112.57848417005823,113.02667236328125,15792600
2019-04-16,113.57758933102583,113.586928516548,112.13966108019707,112.76525115966797,14071800
2019-04-17,113.20408942101066,113.77365858018123,112.55048897132835,113.69895935058594,19300900
2019-04-18,114.09112815296818,115.33296902269954,113.2601188036629,115.19291687011719,27991000
2019-04-22,114.4926287585475,115.78115844117958,114.44593995807884,115.55706787109375,15648700
2019-04-23,115.87455260479908,117.25646017084988,115.62245155238334,117.12574005126953,24025500
2019-04-24,117.45251231709337,117.50853317676774,116.26668521344186,116.72421264648438,31257000
2019-04-25,121.43950101283745,122.66267072550787,120.2910305361025,120.58981323242188,38033900
2019-04-26,121.10335282714593,121.86900925461165,120.46843073869071,121.28076171875,23654900
2019-04-29,121.29009021022529,121.55153038570931,120.77655616743802,121.16871643066406,16324200
2019-04-30,121.20604156933366,122.03705077545986,120.81388136224906,121.94368743896484,24166500
2019-05-01,121.87834086351423,121.9903825851974,119.23591436358876,119.40398406982422,26821700
2019-05-02,119.49734428951206,119.51601553250677,117.2003895971322,117.84465789794922,27350200
2019-05-03,118.91847069451237,120.85126191303459,118.81576101882312,120.35639190673828,24911100
2019-05-06,118.01274939444173,120.03891801011397,117.7513092019306,119.65608978271484,24239800
2019-05-07,118.07809941249357,118.75037820682213,115.98657092635722,117.20040130615234,36017700
2019-05-08,117.1257105133336,117.99406944510429,116.48144214094266,117.19107055664062,28419000
2019-05-09,116.05194062080588,117.4525191842377,115.37966177056487,117.1817398071289,27235800
2019-05-10,116.63084695089616,119.45067527483482,115.61308950828015,118.70369720458984,30915100
2019-05-13,115.88386856473176,117.22842623802289,114.8847894946365,115.17424011230469,33944900
2019-05-14,115.65976210557545,117.53653195573655,115.50102447938211,116.46276092529297,25266300
2019-05-15,116.4533980652619,118.74947455783695,115.92857506546898,118.10282135009766,24722700
2019-05-16,118.78699658893319,121.25177277073615,118.51521483142996,120.83003234863281,30112200
2019-05-17,120.24895312836178,122.26388848069051,119.8834553556375,120.02404022216797,25770500
2019-05-20,118.57140859779234,119.57418582179464,117.8591605611729,118.2902603149414,23706900
2019-05-21,119.42426071360885,119.51797682296929,118.62766305892389,118.92755889892578,15293300
2019-05-22,118.6651628379286,120.18338970217685,118.57143956908443,119.6491928100586,15396500
2019-05-23,118.27149456736069,118.35584404426419,116.90321978159838,118.25275421142578,23603800
2019-05-24,118.93692628093338,119.4148805580818,118.05597916997831,118.30901336669922,14123400
2019-05-28,119.00250740884401,119.95842294565738,118.1309342061263,118.23402404785156,23128400
2019-05-29,117.50302759255034,117.512401346859,116.24721621821418,117.0906753540039,22763100
2019-05-30,117.3905887493526,117.85917643395794,116.940741426096,117.83106231689453,16829600
2019-05-31,116.42530805563868,116.79080590522717,115.57247497321141,115.90985870361328,26646800
2019-06-03,116.06914788291841,116.55648299429211,111.53322331596902,112.31107330322266,37983600
2019-06-04,113.66061417816002,115.53496469468662,113.07019633948286,115.4225082397461,29382600
2019-06-05,117.10004014663961,117.9622467777079,116.40653249019898,117.92475891113281,24926100
2019-06-06,118.49645732464687,119.93033451190594,117.70922628747518,119.78975677490234,21459000
2019-06-07,121.07365688662266,123.94141048583104,120.20207658285207,123.14480590820312,33885600
2019-06-10,124.08203892075095,125.65650130394036,123.70717441531568,124.26948547363281,26477100
2019-06-11,125.46903609463232,125.80641978097015,123.03237454884128,123.80086517333984,23913700
2019-06-12,123.1448074929406,123.67900418602251,122.49816865943406,123.22916412353516,17092500
2019-06-13,123.68840668222651,124.64432960504739,123.29479472580894,124.0070571899414,17200800
2019-06-14,123.95078726754689,125.38466418489722,123.36974321742443,124.12885284423828,17821700
2019-06-17,124.29754346959365,125.32842754412385,124.20382023547373,124.50372314453125,14517800
2019-06-18,125.7595181883917,126.74355481916128,125.17847425219607,126.6685791015625,25934500
2019-06-19,126.51868327302087,127.39024956037937,125.40344222132903,127.16533660888672,23744400
2019-06-20,128.8147638765865,129.0115770148908,127.19345433785757,128.34617614746094,33042600
2019-06-21,127.99940089605285,129.0771467432538,127.8869444389981,128.36489868164062,36727900
2019-06-24,128.3929974361956,129.70503694540736,128.3929974361956,129.12399291992188,20628800
2019-06-25,128.62732685681965,128.94596306872478,124.39128993916533,125.04730987548828,33327400
2019-06-26,125.90951827333306,127.21219148211591,125.20663673693596,125.5158920288086,23657700
2019-06-27,125.7126792946035,126.24687601646973,125.12225434941632,125.7220458984375,16557500
2019-06-28,126.11569916667041,126.14381328437315,124.79427843399512,125.54402160644531,30043000
2019-07-01,128.04627284824997,128.11186768676959,126.49055833276078,127.15594482421875,22613500
2019-07-02,127.56830557843892,128.0087791421742,126.83730994078489,127.9994125366211,15237800
2019-07-03,128.20561841826904,129.086565725482,127.72764973447762,128.82415771484375,13629300
2019-07-05,127.39957206497895,128.70224474580462,127.1933924205183,128.44920349121094,18141100
2019-07-08,127.83066923510313,128.48670320065781,126.86538009169759,128.35549926757812,16779700
2019-07-09,127.45583309842074,128.36489422850312,127.26840090977846,127.8869400024414,19953100
2019-07-10,128.51483843180986,129.87373959781803,128.41174858886257,129.18960571289062,24204400
2019-07-11,129.51761541929264,130.4735381689589,129.2083458738077,129.70504760742188,22327900
2019-07-12,130.1268282006899,130.3892362053594,129.33958988651776,130.17367553710938,18936800
2019-07-15,130.67975833194603,130.7734673049487,129.7613303156029,130.17367553710938,16651500
2019-07-16,130.22983473087507,130.3141770426455,127.94312561073542,128.4679412841797,22726100
2019-07-17,129.0490621682505,129.26460852699716,127.66204644650199,127.70890808105469,20211000
2019-07-18,127.03411882615946,128.03688899305456,126.20939995980784,127.84945678710938,30381800
2019-07-19,131.41073283770953,131.83245889838872,127.8775776534815,128.03689575195312,48992400
2019-07-22,128.7772459020683,130.44541659123118,128.7022701710751,129.733154296875,25074900
2019-07-23,130.97961232068786,131.19517293175588,129.3583030861742,130.5391387939453,18034600
2019-07-24,130.173652212413,131.89806574861151,130.1268048843877,131.8793182373047,20738300
2019-07-25,131.60749649701572,131.77619545631205,130.56724583201162,131.38258361816406,18356900
2019-07-26,131.55131160627536,132.77900914156527,131.48571676172458,132.4603729248047,19037600
2019-07-29,132.6103038536368,132.61967045850167,130.61411590508914,132.16983032226562,16605900
2019-07-30,131.33574914602943,132.34790021052507,131.01711296836243,131.53256225585938,16846500
2019-07-31,131.51383828405858,131.66378979456195,126.59366695945083,127.70890808105469,38598800
2019-08-01,128.3930100907393,132.08548288794373,128.32740095873314,129.38641357421875,40557500
2019-08-02,129.41449594033475,129.63005649248046,126.76228890007957,128.29925537109375,30791600
2019-08-05,124.92547889648668,125.51588965176916,122.56379297487317,123.90396118164062,42749600
2019-08-06,125.3940487716643,127.15592848188993,124.84111881739561,126.22813415527344,32696700
2019-08-07,125.38469325765455,127.12784011236145,123.5478374409642,126.78108978271484,33414500
2019-08-08,128.0181509900207,130.25799937259114,127.39023095836242,130.16427612304688,27496500
2019-08-09,129.90187801239043,130.62350704802847,127.88695669618893,129.0584259033203,23466700
2019-08-12,128.45863849650743,129.19900076786826,126.74360580443677,127.25904083251953,20484300
2019-08-13,127.50270196465162,130.07993403034587,126.51866504317269,129.8925018310547,25154600
2019-08-14,128.2187825175175,128.74534606147674,125.68938359948847,125.98087310791016,32527300
2019-08-15,126.36638512179515,126.54504366628409,124.35415215609167,125.69876861572266,28074400
2019-08-16,126.82711729178372,128.31278655553047,126.67666650229056,128.0024871826172,24449100
2019-08-19,129.61982927691545,130.27803370860318,128.71713866504334,130.14639282226562,24355700
2019-08-20,129.958356429433,130.42850457398262,129.0462678811841,129.0650634765625,21170800
2019-08-21,130.2780459723668,131.16192672717207,129.7608801745784,130.5037078857422,14970300
2019-08-22,130.38145069166865,130.88920423378826,128.1529393487213,129.55398559570312,18697000
2019-08-23,128.99921419674513,130.0899610311682,124.8713152135032,125.42608642578125,38508600
2019-08-26,126.93055478578043,127.46651601360738,125.90562130137893,127.36308288574219,20312600
2019-08-27,128.24699764053847,128.55729710705387,126.62028923830437,127.63581085205078,23102100
2019-08-28,126.82714301223675,127.65459382670159,125.57654747303681,127.46653747558594,17393300
2019-08-29,129.05561959722627,130.17457407735668,128.73592241655405,129.87367248535156,20168700
2019-08-30,130.84217159134928,130.8703793211406,128.13412909694497,129.6291961669922,23940100
2019-09-03,128.45382988577265,129.00860105100233,127.59815713058806,127.91785430908203,18869300
2019-09-04,129.1026339711861,129.46934880972682,128.3315844221748,129.41293334960938,17995900
2019-09-05,130.80456558730077,131.99874541926397,130.47545627724116,131.68844604492188,26101800
2019-09-06,131.66963431961344,131.81067296613517,129.94889109316404,130.795166015625,20824500
2019-09-09,131.2559300150329,131.40638083548524,128.31281295925083,129.3095245361328,25773900
2019-09-10,128.63251976573824,128.71714297812355,126.47923348761643,127.95550537109375,28903400
2019-09-11,127.79559555389136,128.1341025891352,127.02454617170153,127.99304962158203,24726100
2019-09-12,129.61982397289833,130.15578529256243,128.6983234584626,129.3095245361328,27010000
2019-09-13,129.55397279756352,129.8172545115842,128.41622275078365,129.12144470214844,23363100
2019-09-16,127.72043417682957,128.53848727703578,127.56058554505258,128.19058227539062,16731400
2019-09-17,128.7829811338564,129.30954473993194,128.28461091976826,129.1873016357422,17814200
2019-09-18,129.15908513031417,130.39087084259643,128.37863757149674,130.2498321533203,23982100
2019-09-19,131.92352061353486,133.86992570956915,131.70725656903707,132.64755249023438,35772100
2019-09-20,132.59110989836807,133.19289865599868,129.99589857129413,131.11485290527344,39167300
2019-09-23,130.91744792933375,131.2935750525382,130.17462017615182,130.83282470703125,17139300
2019-09-24,131.9799342340566,132.29023360546103,128.70770849126524,129.1778564453125,29773200
2019-09-25,129.29072142779168,131.60385628417788,127.90848493088666,131.0396728515625,21382000
2019-09-26,131.1149023300139,131.8107123243232,130.17460614502846,131.20892333984375,17456600
2019-09-27,131.78248802658757,131.979956513644,128.4914517926957,129.50697326660156,22477700
2019-09-30,129.80786877374024,130.90801339831535,129.553984830291,130.72935485839844,17280900
2019-10-01,131.32176186546792,131.8765331425289,128.82057069894088,128.8863983154297,21466600
2019-10-02,128.11529589416733,128.22812679284135,125.60470796424944,126.6108169555664,30521700
2019-10-03,126.89295912029398,128.58549501379764,125.2662508424339,128.1435546875,24132900
2019-10-04,128.58547162055152,129.99591555057583,128.27517223421285,129.87367248535156,22897700
2019-10-07,128.95220532493747,129.93010694639597,128.83937438532524,128.9333953857422,15303700
2019-10-08,128.89578240275887,129.53517682063313,127.52294387647166,127.56996154785156,25550500
2019-10-09,129.25311191688624,130.41906993166458,128.79236164950365,129.98654174804688,19749900
2019-10-10,130.22158494014187,131.33112722018444,129.99590875793024,130.795166015625,17654600
2019-10-11,131.75426290595945,132.6099356573228,131.17128401274712,131.3405303955078,25446000
2019-10-14,131.3499636331216,131.91413268071037,131.1901150189158,131.21832275390625,13304300
2019-10-15,131.69786530890337,133.32457349312352,131.46279129133137,133.1177215576172,19695700
2019-10-16,132.3842955971231,132.5723663152234,131.19952755111063,132.02699279785156,20751600
2019-10-17,132.53474360668926,132.9766839587958,130.71997886752163,131.3499755859375,21460600
2019-10-18,131.41574130060494,131.64141746717655,128.40679748519608,129.2060546875,32273500
2019-10-21,130.18398633013535,130.23100400258022,128.82995771128697,130.16517639160156,20078200
2019-10-22,130.672940083348,131.65084163887934,128.12473153592026,128.22816467285156,27431000
2019-10-23,128.70772698140436,129.2436882651704,127.51354698919103,129.04623413085938,29844600
2019-10-24,131.0679019096272,132.03640595986786,130.39088741946904,131.58506774902344,37029300
2019-10-25,131.02086970885873,132.71340574673843,130.8892288141226,132.327880859375,25959700
2019-10-28,135.77875297709673,136.97293305797643,134.94189001044404,135.581298828125,35280100
2019-10-29,135.4778141521921,135.8727366477051,134.13318376120247,134.3024444580078,20589500
2019-10-30,134.95132259052556,136.34295703111934,134.26489599368983,135.9762420654297,18496600
2019-10-31,136.24892436824453,136.2771321086429,134.4529693891565,134.81027221679688,24605100
2019-11-01,135.6471121085509,135.79756293011184,134.4341364356935,135.1393585205078,33128400
2019-11-04,136.18308155649737,136.3429301666834,135.5530849112538,135.9197998046875,16912000
2019-11-05,136.31470507124052,136.36172273831394,135.31799365950533,135.8351593017578,18250200
2019-11-06,135.75053488730626,135.89158790216462,134.65039024075023,135.45904541015625,16575800
2019-11-07,135.25217213140596,136.23008799846062,135.18635887276898,135.6470947265625,17786700
2019-11-08,135.38380912623475,137.27381319989922,135.17694286595528,137.24560546875,16732700
2019-11-11,136.6625953754945,137.67811661507872,136.08901433316757,137.38662719726562,14362600
2019-11-12,137.5464649429526,138.75945452854808,137.33959872444444,138.289306640625,18641600
2019-11-13,137.9790381385209,138.6560523962027,137.54649567197717,138.51499938964844,16919200
2019-11-14,138.24232852893402,139.5493394573427,138.2235185906592,139.22023010253906,19729800
2019-11-15,140.03827371911223,141.03499951221406,139.41768927527346,141.0161895751953,23485700
2019-11-18,141.110220389206,141.56155842874233,140.0852868973194,141.3640899658203,21534000
2019-11-19,141.8718218421508,142.294952043665,141.23241329613745,141.41107177734375,23935700
2019-11-20,141.81681624605952,142.31686774439638,140.07135808662335,141.16580200195312,25696800
2019-11-21,140.95824054627357,141.33564743404634,140.10910024283606,141.03372192382812,18576100
2019-11-22,141.59040048900815,141.8074004595796,140.41103091498735,141.13751220703125,15901800
2019-11-25,141.52437960655672,142.79810478165749,141.4488982098407,142.68487548828125,22420900
2019-11-26,142.80755666644262,143.80766013370447,142.76982316054506,143.439697265625,24620100
2019-11-27,143.72273238854095,143.88312496418715,142.9585030118601,143.7133026123047,15184400
2019-11-29,143.50568823109214,143.69438447402376,142.73201491949175,142.8263702392578,11977300
2019-12-02,143.23205671678392,143.2509306587758,139.93926647088404,141.09976196289062,27418400
2019-12-03,139.1562122970055,140.98658220807218,138.36366481767868,140.8733673095703,24066000
2019-12-04,141.65646573719098,141.69419923652376,140.76957733852805,141.3828582763672,17574700
2019-12-05,141.57149645664435,141.82624426153976,141.03369713482053,141.45826721191406,17869100
2019-12-06,142.4584396893398,143.28870622500705,141.77912154413693,143.1754913330078,16403500
2019-12-09,142.53388772668518,143.60947213877773,142.38292497494575,142.8074951171875,16687400
2019-12-10,142.7414176881793,143.30752070647608,142.24136626054283,142.59046936035156,16476100
2019-12-11,142.97730264471568,143.2886578892875,141.83568114455122,143.12826538085938,18856600
2019-12-12,143.08108429181198,144.76994926910868,142.48669192698674,144.5812530517578,24612100
2019-12-13,144.35483838796566,146.13804463924706,144.1944458506823,145.7983856201172,23845400
2019-12-16,146.34558543005633,147.09094052959853,146.07197807358094,146.74185180664062,24144200
2019-12-17,146.6663923139394,146.91171039074393,145.7228966870931,145.9493408203125,25425600
2019-12-18,145.58137795355316,146.69469588173047,145.46814868875833,145.6474151611328,24129200
2019-12-19,145.29831367408323,146.9683048168397,145.06243978824867,146.9116973876953,24958900
2019-12-20,148.45903282837668,149.53461719601128,147.45891543689208,148.51564025878906,53477500
2019-12-23,149.18551404746862,149.18551404746862,148.38355145562693,148.51564025878906,17718200
2019-12-24,148.58170665968245,148.7987210477082,148.24204761386238,148.48736572265625,8989200
2019-12-26,148.65717177108485,149.76105994998684,148.5062090124484,149.70445251464844,14520600
2019-12-27,150.44036146361006,150.5347167765571,149.27986597667856,149.97805786132812,18412800
2019-12-30,150.00637308062258,150.03467679735755,147.87406377591745,148.6854705810547,16348400
2019-12-31,147.91186232808158,148.85535826669886,147.6099367173534,148.789306640625,18369400
2020-01-02,149.80823721712613,151.6480508437844,149.38366705660513,151.5442657470703,22622100
2020-01-03,149.3742199369989,150.9121078685936,149.12890188419777,149.65725708007812,21116200
2020-01-06,148.20426936424013,150.11013423451627,147.66647003884313,150.04408264160156,20813700
2020-01-07,150.31775905585243,150.6479739507231,148.4307674396651,148.6760711669922,21634100
2020-01-08,149.94976152661232,151.71410823807295,149.02513979117086,151.04421997070312,27746500
2020-01-09,152.69535469097917,153.05388769690074,151.93112540707537,152.9312286376953,21385000
2020-01-10,153.61994018744716,153.99733261890012,152.07259378733414,152.2235565185547,20725900
2020-01-13,152.61985290151284,154.08227405500872,152.1481050711336,154.05397033691406,21626500
2020-01-14,154.15774765402992,154.3558880672922,152.5821117076889,152.9689483642578,23477400
2020-01-15,153.43125473603405,154.6766758779403,153.38409147181704,153.95960998535156,21417900
2020-01-16,155.06348538883978,156.84669124133654,154.76155992975546,156.7806396484375,23865400
2020-01-17,157.9600379489106,158.00721561011963,156.08247644695953,157.6581268310547,34371700
2020-01-21,157.26183278821745,158.68652029544697,157.02595889858074,157.09201049804688,29517200
2020-01-22,157.94118972192078,158.02611528456538,156.31837580898244,156.33724975585938,24138800
2020-01-23,156.799600378243,157.37513350615984,155.931585797822,157.29965209960938,19680800
2020-01-24,158.04495883600987,158.0638327809762,155.15786431003815,155.7145233154297,24918100
2020-01-27,152.04430378397066,154.14830924899513,151.14798588100405,153.11045837402344,32078100
2020-01-28,154.52571391469783,156.39383124054007,153.85584007609117,156.1107940673828,24899900
2020-01-29,158.35628668301973,159.21487107258014,156.32777704725325,158.54498291015625,34754500
2020-01-30,164.2153941915774,164.2153941915774,161.13958965642146,163.01715087890625,51597500
2020-01-31,162.47941435568245,162.65866646045717,159.99801585122756,160.6112823486328,36142700
2020-02-03,160.79997468248092,164.6400093173289,160.77167096154713,164.52679443359375,30107000
2020-02-04,167.13086065623818,170.43309625696278,166.34775734333093,169.94247436523438,36433300
2020-02-05,173.63150495950617,173.7918974939306,168.32906396328247,169.73486328125,39186300
2020-02-06,170.74438778216063,173.43335581021924,169.88580339182903,173.25408935546875,27751400
2020-02-07,172.51816064750537,175.1410770270383,172.16905751732648,173.4993896484375,33529100
2020-02-10,173.20694984601053,178.16973226048214,172.89559452391404,178.0376434326172,35844300
2020-02-11,179.87742525250712,179.924602910482,173.1314376634959,174.01832580566406,53159900
2020-02-12,175.09390781966596,175.34865565201176,171.57467341056173,174.2730712890625,47062900
2020-02-13,172.73516777894292,175.70717301583375,172.53702737807038,173.32957458496094,35295800
2020-02-14,172.89557600506723,174.93353004235755,172.32947286250848,174.87692260742188,23149500
2020-02-18,175.12222224761544,177.09412463421762,175.01843715376268,176.6506805419922,27792200
2020-02-19,177.91846242043405,178.0319865458468,176.41421001500964,177.18052673339844,29997500
2020-02-20,176.86829430160537,177.15211900829618,171.33377748279395,174.4747314453125,36862400
2020-02-21,173.29208949506906,173.60429513688996,167.691342305252,168.95907592773438,48572600
2020-02-24,158.7226349755328,165.13700729463477,154.42745645308867,161.67437744140625,68311100
2020-02-25,164.805838994472,165.41132486252457,158.6090607667317,159.0064239501953,68073300
2020-02-26,160.55802442634837,163.9165713842641,159.13891519818378,160.9932098388672,56206100
2020-02-27,154.51257654493847,158.0224976383526,149.4605381321256,149.64974975585938,93174900
2020-02-28,144.19093515495462,154.8815589206955,143.80304190624392,153.27322387695312,97012700
2020-03-02,156.39524445408495,163.59485683887016,153.5570269216217,163.47186279296875,71030800
2020-03-03,164.42741969774957,165.56270392318126,153.50973388064168,155.63839721679688,71677000
2020-03-04,159.40382954505776,161.49464258865754,156.6885904813183,161.3527374267578,49814400
2020-03-05,157.09536018483988,161.6554226701789,156.75477346692026,157.30349731445312,47817300
2020-03-06,153.84087330986785,154.31390963214946,147.5873325518678,152.85696411132812,72821100
2020-03-09,142.85699458779993,149.24298606771814,141.9109217759602,142.4974822998047,70419300
2020-03-10,149.63086415534653,152.3460882294673,144.35177667029004,152.2420196533203,65354400
2020-03-11,148.6564082651572,149.19566219854573,142.99888311407793,145.34515380859375,56371600
2020-03-12,137.46436615258762,145.19377837676913,131.1067564557763,131.5608673095703,93226400
2020-03-13,139.54570541900762,153.1786147486316,133.1407900163618,150.26470947265625,92727400
2020-03-16,132.45015569215826,141.29593972168166,127.7197929888669,128.1171417236328,87905900
2020-03-17,132.4501739191631,139.54571895054684,127.71981056490728,138.66587829589844,81059800
2020-03-18,130.55799937704143,138.12657905107284,127.73870749052237,132.8285675048828,81593200
2020-03-19,135.0708001368095,142.05280667661373,131.5041021024752,135.0140380859375,85922700
2020-03-20,138.12657495470134,139.16726040338546,128.53340107980478,129.94305419921875,84866200
2020-03-23,129.62144183970466,132.98947346409804,125.37358379021876,128.64698791503906,78975200
2020-03-24,135.99792369782372,141.53245367137308,133.6516679084339,140.34039306640625,82516700
2020-03-25,140.8796838162509,146.00739592119635,136.65073785463616,138.9969940185547,75638200
2020-03-26,140.39717955525947,148.21174910976754,140.36879852981065,147.69140625,64568100
2020-03-27,143.56651157981065,146.53717885318503,141.15402365454713,141.62705993652344,57042300
2020-03-30,144.21928944249186,151.93924425192506,141.9203258368067,151.5891876220703,63420300
2020-03-31,150.80400539741188,155.8938819121666,148.1171619879572,149.2051544189453,77927200
2020-04-01,144.74912388108316,149.24296923033248,142.68669231319745,143.90711975097656,57969900
2020-04-02,143.67059624516327,147.0953746911042,142.2514872401482,146.88723754882812,49630700
2020-04-03,146.73590991390358,148.89295493206708,143.98283436000952,145.53439331054688,41243300
2020-04-06,151.674380216992,157.52110249756834,149.08213585583528,156.35743713378906,67111700
2020-04-07,160.44443456648847,160.83232776277265,154.45579380630528,154.67340087890625,62769000
2020-04-08,156.7358484464,157.68192106171185,154.68287260348404,156.2249755859375,48318200
2020-04-09,157.38863044554174,158.34415852684268,154.5220317657175,156.2344207763672,51385100
2020-04-13,155.48700909505143,156.64121861044362,153.54755773322557,156.58444213867188,41905300
2020-04-14,159.88628591492517,164.38013122910206,158.94021321720373,164.33282470703125,52874300
2020-04-15,161.9676554409461,164.20985772371654,160.11336089467187,162.61099243164062,40940800
2020-04-16,164.90049133393524,167.7197842257334,163.57598075714515,167.4927215576172,50479600
2020-04-17,169.82007244079958,170.2931088542837,166.38582345940864,168.96861267089844,52765600
2020-04-20,167.10481731275797,169.11048671754907,165.5532587393318,165.61947631835938,36669600
2020-04-21,164.1436140033889,164.30444463062025,157.152137304255,158.76992797851562,56203700
2020-04-22,162.1473821076544,164.6166321676054,161.60812823309527,164.1625213623047,34620200
2020-04-23,164.72071913449065,165.61948531645297,161.69328936770626,162.17578125,32790800
2020-04-24,162.78123709553486,165.1464184189872,161.50404784242332,165.136962890625,34277600
2020-04-27,167.0669739854221,167.36025421154562,163.95440116620728,164.66395568847656,33194400
2020-04-28,166.1209179879723,166.19660554360019,160.25526956810063,160.65261840820312,34392700
2020-04-29,163.87875072530952,168.09822782237123,162.6110164897566,167.86170959472656,51286600
2020-04-30,170.2930911771575,170.6715144942926,166.72639294766603,169.5457000732422,53875900
2020-05-01,166.31959502467402,169.0064382134677,164.62611669069204,165.1559295654297,39370500
2020-05-04,165.0802105916358,169.34699275403744,164.4274181980878,169.19561767578125,30372900
2020-05-05,170.87966586290904,173.7462653146217,170.19849228666789,171.01211547851562,36839200
2020-05-06,172.26092059498853,174.26659011866553,171.83519076310364,172.69610595703125,32139300
2020-05-07,174.23822860724684,174.5977408964451,172.73397629601027,173.698974609375,28316000
2020-05-08,175.00451254481112,175.02343803963055,173.47187949066208,174.72068786621094,30877800
2020-05-11,173.27315992501275,177.39803630069852,172.98934974451117,176.66957092285156,30892700
2020-05-12,176.72638460773848,176.95343281849526,172.46905742496284,172.667724609375,32038200
2020-05-13,172.70557072381354,174.12467974465682,167.0196646746437,170.0565643310547,44711500
2020-05-14,167.96568718564657,170.94582390083653,166.20599194796617,170.79444885253906,41873900
2020-05-15,169.4037356153074,176.97231543994963,167.45482862020927,173.2826385498047,46610400
2020-05-18,175.73297567340927,176.1587054325401,174.03951216542788,174.9382781982422,35264500
2020-05-19,175.0518213758498,176.53716236645175,173.59487584581345,173.72732543945312,26799100
2020-05-20,175.33064720227907,176.31731120144525,174.50527623223215,176.13705444335938,31261300
2020-05-21,175.89036299593658,177.09522556251395,173.88858961139377,174.0214080810547,29119500
2020-05-22,173.79374166252967,174.99860432695908,173.17707305777867,174.09732055664062,20826900
2020-05-26,176.78216050547536,176.93395718698432,171.81094223314764,172.2568359375,36073600
2020-05-27,170.95706239167976,172.65525666292464,167.54172460103504,172.48448181152344,39517100
2020-05-28,171.4694145313809,174.7044964020531,171.1278792209249,172.09555053710938,33810200
2020-05-29,173.35733024164716,174.81834800632248,171.1563362064676,173.8506622314453,42130400
2020-06-01,173.17709140100695,173.61350329791978,172.15249985824332,173.4522247314453,22622400
2020-06-02,174.79934096572595,175.51087152596634,172.04809525658024,175.4254913330078,30794600
2020-06-03,175.340121328542,176.40266906121542,174.1637188558485,175.8524169921875,27311000
2020-06-04,174.8468034419461,176.30780669177656,172.94938835191115,173.53758239746094,28761800
2020-06-05,173.25297060087948,178.10086682904225,172.67425840814317,177.59805297851562,39893600
2020-06-08,176.4027221118837,178.8788499291068,174.97966048074701,178.69859313964844,33211600
2020-06-09,178.35702076730806,180.91852827671923,177.65497196351984,180.064697265625,29783900
2020-06-10,181.32647928613525,188.3374275256502,181.21262453597723,186.74359130859375,43872300
2020-06-11,183.2238936451731,185.7189846562895,176.52602066269233,176.71575927734375,52854700
2020-06-12,180.76672098608847,181.8862033655673,175.68164819844708,178.1103515625,43373600
2020-06-15,175.11242934147475,181.03236926005948,174.57165912641244,179.24879455566406,32770200
2020-06-16,182.99619824445867,185.54822386322215,181.63955340017736,183.64132690429688,42556700
2020-06-17,185.02645020652403,186.25029117097526,183.75518544089064,184.2769775390625,25687800
2020-06-18,184.0492963329475,186.41158374986512,184.0492963329475,186.25030517578125,23061600
2020-06-19,188.4038458894573,189.06793833918633,184.400298508924,185.14028930664062,44441100
2020-06-22,185.747437120417,190.4625146059237,185.2161632306914,190.2822723388672,32818900
2020-06-23,191.72425768249602,193.48885386622993,191.0981073807558,191.55349731445312,30917400
2020-06-24,191.2594563290366,192.82481806531447,186.47796195893972,187.6923065185547,36740600
2020-06-25,187.65437585525592,190.32024203259226,185.4438852960937,190.0640869140625,27803900
2020-06-26,189.48535016501688,189.63714684348795,184.88412734837098,186.25975036621094,54675800
2020-06-29,185.73793988349985,188.34688532156488,183.62232636340255,188.26150512695312,26701600
2020-06-30,187.73028807125564,193.91585197642593,187.59746956963863,193.07150268554688,34310300
2020-07-01,192.72047308150405,195.76583103340928,191.42074822230836,194.20045471191406,32061200
2020-07-02,195.13015257335095,197.35013913569628,194.48503841884437,195.68040466308594,29315800
2020-07-06,198.11857614111364,200.30060614513152,197.41652742513998,199.8926544189453,31897600
2020-07-07,199.6554977974831,203.65904475231002,197.32168536857642,197.56834411621094,33600700
2020-07-08,199.29500916856912,202.32137420232715,197.985788069965,201.91343688964844,33600000
2020-07-09,205.23390809166048,205.28134636486303,200.62318877326808,203.32701110839844,33121700
2020-07-10,202.66290413404784,203.09931598071202,200.25319330353184,202.71034240722656,26177600
2020-07-13,203.47879513374653,204.73109607206322,195.90811279433242,196.44888305664062,38135600
2020-07-14,195.55710644975017,198.13759233564966,191.66739941517432,197.66323852539062,37591800
2020-07-15,198.81118036102964,200.49039701855816,194.5135357015606,197.369140625,32179400
2020-07-16,194.86456313191647,195.14917834786672,191.9330597027307,193.46047973632812,29940700
2020-07-17,193.98222687594824,194.52298263226248,191.06020599071783,192.47378540039062,31635300
2020-07-20,194.485030666848,201.41059806874654,192.5970975967738,200.7465057373047,36884800
2020-07-21,202.7008827079913,202.96651969548472,197.35965393406903,198.042724609375,37990400
2020-07-22,198.46961730612836,201.41061651256538,197.70116650393845,200.88882446289062,49605700
2020-07-23,196.5627288593702,200.1014041342364,191.7812344755157,192.15122985839844,67457000
2020-07-24,190.13992537997643,192.45477363052308,187.37918351676916,190.97479248046875,39827000
2020-07-27,191.13608416979247,193.50785270867794,190.55737206725937,193.39401245117188,30160900
2020-07-28,193.16637019506712,194.20045808606014,191.39229147601208,191.65792846679688,23251400
2020-07-29,192.11326510422728,194.15298040006812,191.6483932266433,193.59324645996094,19632600
2020-07-30,190.69019104543287,193.9727250816807,189.33354638603836,193.44143676757812,25079600
2020-07-31,193.9158251459421,194.57993203827127,188.80229182700702,194.49453735351562,51044000
2020-08-03,200.6706193833469,206.47670479362864,199.64601352103927,205.43312072753906,78983000
2020-08-04,203.1846749362755,203.75390520262886,199.52266356225743,202.3498077392578,49280100
2020-08-05,203.8772658730298,203.97214242740145,200.71808217349727,202.01780700683594,28806400
2020-08-06,201.4485573768755,205.27184763929066,200.6990847830471,205.2528839111328,32656800
2020-08-07,203.82980641865512,204.63619908524305,200.11086038451512,201.58135986328125,27820400
2020-08-10,200.81292214799484,201.01215709979328,195.76580559059593,197.56834411621094,36716500
2020-08-11,196.53424855661615,196.99910596543356,192.7204403652862,192.94813537597656,36446500
2020-08-12,194.76017573811987,199.49423184687646,194.2478800065006,198.46014404296875,28013100
2020-08-13,198.69731859856634,200.5093535572689,197.47347770925523,197.99526977539062,22588900
2020-08-14,198.05220958034238,198.8396386899495,196.86632498324673,198.18502807617188,17958900
2020-08-17,198.84911796083807,200.35755956457717,198.20398926781266,199.49423217773438,20184800
2020-08-18,199.73141570438264,201.46755240023344,198.4791291633885,200.64218139648438,21336200
2020-08-19,201.12714989922767,201.70726092580176,198.99690303697932,199.4248504638672,27627600
2020-08-20,199.2727129413533,204.46518399896465,198.67359226975614,204.06576538085938,26981500
2020-08-21,203.3810516231777,205.65394317773766,202.42054594494113,202.58221435546875,36249300
2020-08-24,204.26545250984773,204.95969353187164,202.021090073676,203.2193603515625,25460100
2020-08-25,202.65826085369224,205.99626818352706,202.65826085369224,205.86312866210938,23043700
2020-08-26,207.20408028520444,211.20778593927406,206.7095557551651,210.3138427734375,39600800
2020-08-27,211.96858760041155,219.82384972072043,208.64958927330213,215.477783203125,57602200
2020-08-28,216.99936246159774,219.3388308886957,215.4777698400072,217.693603515625,26292900
2020-08-31,215.87720527831104,217.49390391341316,213.3190105239383,214.47923278808594,28774200
2020-09-01,214.46024676857724,216.3051911721523,213.4331638683048,216.13401794433594,25725500
2020-09-02,216.79968568500595,221.45007970614427,216.2100697451334,220.2993621826172,34080800
2020-09-03,218.03596205488873,218.07399570279384,204.42714264306883,206.65248107910156,58400300
2020-09-04,204.56032505463872,207.6605831535333,195.13590147076314,203.75196838378906,59664100
2020-09-08,196.3816830611181,199.73871502955402,192.2923763469673,192.72984313964844,52924300
2020-09-09,197.42776995522604,204.3130063928278,196.57186053691743,200.93695068359375,45679000
2020-09-10,202.94357291773917,204.21792506843929,194.10878152227107,195.30703735351562,35461500
2020-09-11,197.04737049649287,198.40730923899483,191.379413634997,194.03269958496094,33620100
2020-09-14,194.23243866542157,198.9493952369475,194.03272208163065,195.34510803222656,30375800
2020-09-15,198.20756592231106,199.50092746630327,196.7905696426569,198.5499267578125,21823900
2020-09-16,200.2997829508266,200.3283118138085,194.61280225553932,195.00271606445312,26328100
2020-09-17,190.24777239006184,194.31805592503756,190.16218577398703,192.96763610839844,34011300
2020-09-18,192.86300660159972,193.67134874869507,186.63394712032712,190.5710906982422,55225300
2020-09-21,187.52789122522552,192.77742085630518,186.75758272996697,192.61573791503906,39839700
2020-09-22,195.0122292419331,197.90327991158088,192.17825081182622,197.256591796875,33517100
2020-09-23,197.71307502263417,197.90328680548734,190.22870282103128,190.76126098632812,30803800
2020-09-24,190.05753199798957,195.49725820179677,189.43937271825766,193.23387145996094,31202500
2020-09-25,193.57626076106624,198.79724708016178,192.61574044256676,197.6370391845703,29437300
2020-09-28,200.54708652258188,202.15428046222738,197.8652568576087,199.17764282226562,32004900
2020-09-29,199.09206478468437,199.77678666430256,196.67651412294143,197.10446166992188,24221900
2020-09-30,197.55145444582712,201.5932091209487,196.41976081501306,200.02406311035156,33829100
2020-10-01,203.02919717182243,203.50469764479027,200.96552686047664,202.04966735839844,27158400
2020-10-02,197.80820829449382,200.6517065127317,195.46873944611644,196.08689880371094,33154800
2020-10-05,197.06639754821663,200.10009258534964,196.838152119923,200.07156372070312,21331600
2020-10-06,198.5880185697547,199.8813658869558,194.78401489952358,195.8206024169922,28554300
2020-10-07,196.9142614192931,199.8148173226299,196.59092456741251,199.5485382080078,25681100
2020-10-08,200.19520275398455,200.84189093928686,198.112522883702,200.26177978515625,19925800
2020-10-09,200.8798883695281,205.28302657348576,200.8798883695281,205.2354736328125,26458000
2020-10-12,208.06946199860556,212.89104309760754,206.1864844473891,210.55157470703125,40461400
2020-10-13,211.80687818193792,214.17487516142936,209.62907844122574,211.9400177001953,28950800
2020-10-14,212.07322754062878,213.23344994635983,208.3928582353892,210.0380859375,23421700
2020-10-15,206.46232088906044,209.56257889479267,205.4257187807253,208.89688110351562,22733100
2020-10-16,209.36286230184777,211.39800384153673,208.57354424934155,208.89688110351562,26057900
2020-10-19,209.61960631820077,211.40749256575168,203.24790350407042,203.72340393066406,27625800
2020-10-20,205.22596854936802,206.71903220871076,202.64875008429092,204.13230895996094,22753500
2020-10-21,202.67733513578315,206.29114195674626,202.67733513578315,204.2750244140625,22724900
2020-10-22,203.4476132060578,205.47324974306363,201.32688528683093,204.36058044433594,22351500
2020-10-23,204.49373522215961,205.68248642189366,202.71536807091684,205.6349334716797,18879600
2020-10-26,203.37151652042783,205.73949910463583,197.90326219909565,199.78623962402344,37111600
2020-10-27,201.2223143442037,204.15139940189,200.02405821151947,202.8009796142578,36700300
2020-10-28,197.49437094383575,198.60704034441673,192.19730305331996,192.74887084960938,51195600
2020-10-29,194.0707438227818,197.1995301279508,193.40503164153142,194.6888885498047,31432600
2020-10-30,193.5286936375515,194.27997800437075,189.83880530203297,192.54916381835938,36953700
2020-11-02,194.2799538734767,195.22144992256125,190.31428213947027,192.41600036621094,30842200
2020-11-03,193.89955827547783,197.92228771553013,193.16728357467176,196.31509399414062,27512000
2020-11-04,203.5332416095093,207.62254888258494,202.01163417869662,205.787109375,42311800
2020-11-05,211.16023264419107,213.1383162499668,210.3138424268703,212.34898376464844,36080100
2020-11-06,211.3694667927054,213.36657460037193,207.3467368207677,212.7579345703125,25231900
2020-11-09,213.44262960592522,216.94230571136617,207.20406645370713,207.68907165527344,44395000
2020-11-10,203.9896985273652,205.8917003784362,199.4439152641953,200.6707000732422,44045100
2020-11-11,201.98307243463896,207.35622149875866,201.80237994913776,205.93923950195312,29440800
2020-11-12,206.56689674868196,208.37379252192883,203.95164446517558,204.8836212158203,21593900
2020-11-13,205.75857025869104,206.7666289641758,203.66637102885733,205.90121459960938,18621100
2020-11-16,204.34154443508726,207.0709266945876,204.0087028500602,206.58590698242188,24953300
2020-11-17,205.51130105759668,207.01386971538886,203.59027516934893,203.95166015625,24154100
2020-11-18,203.7132809002131,205.16259082846608,201.11978504928186,201.2628173828125,28372800
2020-11-19,201.5488728798159,203.12212674684727,200.1662996976876,202.54049682617188,24792700
2020-11-20,202.3307199828359,203.37002133531357,200.23304339047263,200.6049041748047,22843100
2020-11-23,201.13884979714734,202.4165237769286,198.4786172840736,200.33792114257812,25683500
2020-11-24,199.84211894469007,204.28538924574306,199.14607478437247,203.9135284423828,33979700
2020-11-25,205.10536827690913,205.27698960529233,202.57862394829687,203.92303466796875,21012900
2020-11-27,204.85748627754103,206.2114413491955,204.08514657585314,205.2198028564453,14512200
2020-11-30,204.14235782857054,204.77165061209422,201.03396893960857,204.11375427246094,33064800
2020-12-01,204.53327483092292,207.2125957883334,203.4272367302626,206.1542205810547,30904500
2020-12-02,204.88608561309852,205.44864163250293,202.90282321758022,205.35328674316406,23724500
2020-12-03,204.62861999918616,206.31630244938077,203.71326261374324,204.2758331298828,25120900
2020-12-04,204.25674018076484,205.3627926747899,203.2651018933249,204.39022827148438,24666000
2020-12-07,204.39982837699532,205.5154109229719,203.08402090049552,204.32354736328125,24620000
2020-12-08,204.01840165272458,206.85979980104426,202.98862997399976,205.96351623535156,23284100
2020-12-09,205.1530082722251,205.21974503804444,201.3867239126534,201.94927978515625,32440600
2020-12-10,201.92072995416368,203.16980044541748,200.57630457310324,200.72886657714844,26733300
2020-12-11,200.2807335257904,203.39865232991232,199.38444989929366,203.3414306640625,30979400
2020-12-14,203.18887039404368,206.15422700053367,202.97910127982664,204.23770141601562,28798400
2020-12-15,205.16259868933062,205.40097137190162,202.36887783317297,204.1709747314453,27000600
2020-12-16,204.76213946344006,209.87285048789144,204.73353590474335,209.08145141601562,35023300
2020-12-17,209.64397264344512,210.6165371249153,207.78466889145207,209.21490478515625,32515800
2020-12-18,208.42352294921875,209.47236851032108,205.97305948244417,208.42352294921875,63354900
2020-12-21,207.43190114873119,213.58191314877274,207.1744545903805,212.23748779296875,37181900
2020-12-22,212.3328406363443,215.13610554728626,211.53191196153603,213.5247039794922,22612200
2020-12-23,212.73328561098842,213.16235346564574,210.53072468118395,210.74049377441406,18699600
2020-12-24,211.12190083843498,213.2100477180936,210.91213172866298,212.39004516601562,10550600
2020-12-28,214.01096389681823,215.51748080223268,212.64747931196476,214.49725341796875,17933500
2020-12-29,215.78442694984855,216.61395900692378,213.18140202829142,213.72488403320312,17403200
2020-12-30,214.75466040702486,215.13606533500953,211.16954137863118,211.36976623535156,20272300
2020-12-31,211.3888183909046,212.6283588185024,209.46276371260984,212.07533264160156,20942100
2021-01-04,212.1802596114298,212.6284013521997,204.81931110024084,207.56536865234375,37130100
2021-01-05,207.15539151255396,208.35679914813903,205.6679482962238,207.765625,23823000
2021-01-06,202.30215221352643,206.4212396755141,202.08285339143748,202.37843322753906,35930700
2021-01-07,204.0851461523831,209.1386498496108,203.77050701978357,208.13748168945312,27694500
2021-01-08,208.50931041036256,210.32095121888779,206.93605679293017,209.4055938720703,22956200
2021-01-11,208.30911162404655,208.72864985432813,206.65003259041848,207.37469482421875,23031300
2021-01-12,206.430672218794,207.00277228015247,203.3985797212773,204.93368530273438,23249300
2021-01-13,204.06609203445853,206.6786473478846,203.98026681062188,206.27818298339844,20087100
2021-01-14,205.86813577005572,207.34604894355857,202.8455726540986,203.112548828125,29480800
2021-01-15,203.58934296382472,204.53328946684098,202.16863655086178,202.75979614257812,31746500
2021-01-19,203.80864277429654,206.88841374691182,202.740737816412,206.37353515625,30480900
2021-01-20,207.5749346341582,215.28867135702768,207.18399993248087,213.90611267089844,37777300
2021-01-21,214.2493283744459,215.7749191075521,212.075371036692,214.50677490234375,30709400
2021-01-22,216.51868763829725,219.3696303025167,215.29822060625023,215.4412384033203,30172700
2021-01-25,218.46380161875487,219.09310902177296,213.79170264290093,218.854736328125,33152100
2021-01-26,221.07633334716795,223.2884239961353,219.3791212258297,221.52447509765625,49169600
2021-01-27,226.93075510239115,229.2572744153323,219.43631865864182,222.0679473876953,69870600
2021-01-28,224.6519085705631,231.35494595830795,224.15608941190865,227.81748962402344,49111200
2021-01-29,225.01427347529136,226.94985841468173,220.59007724966867,221.1717071533203,42503100
2021-02-01,224.12750973113813,231.22148249088136,221.61982466737663,228.5040283203125,33314200
2021-02-02,230.0773008751623,231.040321211228,227.5886896521305,228.37054443359375,25916300
2021-02-03,228.42779108401726,233.6910496666939,228.132196723632,231.69825744628906,27158100
2021-02-04,231.374034827884,231.92706112737068,229.19053318429755,230.75425720214844,25296100
2021-02-05,230.96402835930283,231.96519641817662,229.2382126683199,230.9354248046875,18054800
2021-02-08,231.84126833297145,232.34661726281524,229.6101034862142,231.19290161132812,22211900
2021-02-09,230.6207778665767,233.37636525124478,230.1535767615209,232.4324188232422,23565000
2021-02-10,233.60518321229108,234.4823927666235,229.6863364956225,231.52658081054688,22186700
2021-02-11,233.39543288023918,233.74821975404504,230.88774789305762,233.11892700195312,15751100
2021-02-12,232.5849755201089,233.89126765033635,231.44078960935016,233.59568786621094,16561100
2021-02-16,233.6338212360362,234.68266680852793,231.6219553099753,232.3656768798828,26728500
2021-02-17,230.6263097281633,233.48380348312867,230.26314413417265,233.37867736816406,21653500
2021-02-18,231.0850549171446,233.12065774190984,230.1867070550558,232.9868621826172,16925600
2021-02-19,232.94867849401697,233.0538046347962,229.53686931087557,230.2918701171875,25262600
2021-02-22,226.89915507557774,227.386550086894,222.101603324749,224.11810302734375,36446900
2021-02-23,220.1233231539587,224.4239133780641,218.5942185745613,222.93304443359375,30228700
2021-02-24,219.81750035690945,224.77751683776836,218.85226200566777,224.1563262939453,26339700
2021-02-25,221.79576547197954,224.1945337785198,217.78188435010034,218.8426971435547,39542200
2021-02-26,221.27013424972316,224.93996757449008,219.36831252056643,222.0824737548828,37819200
2021-03-01,225.44649207075136,226.94692722517456,222.8183535831064,226.44041442871094,25324000
2021-03-02,226.5073102648569,226.784467587276,223.10506778464256,223.50645446777344,22812500
2021-03-03,221.87222352894128,223.22929686707522,217.18935003891934,217.47605895996094,34029500
2021-03-04,216.6924427883451,222.1876422055055,214.32232888806305,216.68287658691406,44727800
2021-03-05,219.34922125325087,222.93304647278703,216.4248222073289,221.33705139160156,41872800
2021-03-08,221.1171965727587,223.02856970876766,217.06509485729632,217.31356811523438,35267400
2021-03-09,222.5603436572341,224.9495606251016,221.40395622843207,223.4204559326172,33080500
2021-03-10,226.49772821826227,226.49772821826227,221.75751618181397,222.1206817626953,29746800
2021-03-11,224.5481556095097,228.5715884889649,223.92695049895786,226.6219940185547,29907600
2021-03-12,223.64021591176027,225.370020906353,222.89478153071818,225.30311584472656,22653700
2021-03-15,224.54816217518373,224.7679660415921,221.53774020361377,224.40480041503906,26034900
2021-03-16,225.80966043568304,229.42215512507744,225.4847304458189,227.17630004882812,28092200
2021-03-17,225.6853891995927,227.9790458343157,222.89478602257378,226.53594970703125,29562100
2021-03-18,222.25447733162704,223.812251183883,220.1233002587038,220.4960174560547,34833000
2021-03-19,220.78276444867765,222.16850736597712,219.18676927273987,220.1424560546875,46430700
2021-03-22,220.0659723327752,226.40216500266618,219.9417283999428,225.53250122070312,30127000
2021-03-23,226.96600892038168,230.36825077878098,226.56462231061073,227.05201721191406,31638400
2021-03-24,227.3100762349969,227.45342339988957,224.89219016966658,225.02598571777344,25620100
2021-03-25,224.87313597403465,226.44046194497665,221.30842783318113,222.04429626464844,34061900
2021-03-26,221.28927982619135,226.22062717768958,221.28927982619135,226.0008087158203,25479900
2021-03-29,226.10590310307379,226.3066037177728,221.60462710644518,224.81573486328125,25227500
2021-03-30,223.1815048432536,223.48733157452293,220.85919325598945,221.57595825195312,24792000
2021-03-31,222.58898590552727,228.504688728598,222.092024753779,225.32225036621094,43623500
2021-04-01,227.90263305297643,232.07897971518804,227.50124634567533,231.61070251464844,30338000
2021-04-05,232.00251737898964,238.8834738585947,231.94517850543008,238.0329132080078,36910600
2021-04-06,236.6376041839014,238.34827710378195,235.93995691762169,236.87652587890625,22931900
2021-04-07,236.82871391899718,239.8104516951834,236.23619284363235,238.8260955810547,22719800
2021-04-08,241.56893863766072,242.87822479030498,240.8330557729979,242.0276641845703,23625200
2021-04-09,241.66449426976965,244.6462467282904,241.25355598314442,244.512451171875,24326800
2021-04-12,243.42297254578972,246.25181167284637,243.3369496576039,244.56979370117188,27148700
2021-04-13,245.85995500358172,247.7044232241074,245.44898758168762,247.03543090820312,23837500
2021-04-14,246.0702236664277,247.3603773878888,243.85302350789357,244.2639617919922,23070900
2021-04-15,246.50023643300656,248.41160962288492,246.3091166131629,248.00067138671875,25627500
2021-04-16,247.9720336082455,249.43423311853752,246.18490411402684,249.1857452392578,24878600
2021-04-19,248.660156360658,249.89300052637145,246.39518326067673,247.27439880371094,23209300
2021-04-20,246.39512361896334,248.66966236946797,245.45854026133196,246.8156280517578,19722900
2021-04-21,247.46555615795987,249.12844195003234,245.85044304245912,249.03286743164062,24030400
2021-04-22,248.67923824586626,250.17967342609856,244.31175743059978,245.7739715576172,25606200
2021-04-23,246.4525057441661,249.9216533410852,245.8695216560367,249.5775909423828,21462600
2021-04-26,250.06496430244533,250.8103986988795,248.64100057258497,249.95982360839844,19763300
2021-04-27,249.9884285935726,251.52709881988207,248.59313465538673,250.3611602783203,31014200
2021-04-28,244.73223532354257,245.1718722009615,241.74094589292326,243.27960205078125,46903100
2021-04-29,244.1397373356911,244.75137625676413,237.96599467202304,241.32044982910156,40589000
2021-04-30,238.67321772170197,241.8652080140417,238.5394221580297,241.0050811767578,30945100
2021-05-03,242.1710310515259,243.07894518424,239.99206629825878,240.69927978515625,19626600
2021-05-04,239.84867666254803,240.07804670537047,234.8695428631059,236.80958557128906,32756100
2021-05-05,238.02332068891104,238.44382515868284,234.9269051980848,235.548095703125,21901300
2021-05-06,235.52896898947418,238.7878639244805,233.8469657565455,238.6636199951172,26491100
2021-05-07,240.97642990950547,243.0311653568648,240.03986089318462,241.272705078125,27032900
2021-05-10,239.75312515895706,240.57501632961734,236.1692999233959,236.2266387939453,29299900
2021-05-11,233.71319412843349,235.6723548531134,231.8209384749103,235.31874084472656,33641600
2021-05-12,231.4386591674871,233.55073330745444,227.52035223071903,228.4091339111328,36684400
2021-05-13,231.08505323354785,234.71666570840435,230.72188761127558,232.2605438232422,29624300
2021-05-14,234.69753359414418,238.13799684815163,234.61152529388377,237.1536407470703,23901100
2021-05-17,235.6245472128188,235.66276826258542,232.728817820849,234.31524658203125,24970200
2021-05-18,235.35696192329095,235.4907574747066,232.13628790705022,232.30831909179688,20168000
2021-05-19,229.23349986422667,232.98844077307308,228.5534036384875,232.88307189941406,25739800
2021-05-20,233.68769674460555,237.50968232520998,233.5919015513451,236.10157775878906,21800700
2021-05-21,237.1457246410276,237.8737185123158,234.43488400966635,234.84677124023438,21863100
2021-05-24,237.35636809014645,240.58447836473786,237.0881591425525,240.22047424316406,21411500
2021-05-25,241.16885401983907,242.1075855706364,240.25885810514714,241.12095642089844,17704300
2021-05-26,240.84316413471055,242.28959272486048,240.19180354769114,240.90065002441406,17771600
2021-05-27,240.5941369277575,240.89108160906216,238.75498294548308,238.8124542236328,24426200
2021-05-28,240.43131204077875,241.46583896208122,239.05194281237544,239.16688537597656,18270200
2021-06-01,240.65156753252833,240.70903880096463,236.56137302167372,236.9828338623047,23213300
2021-06-02,237.68212307529706,238.77412110013952,235.48853873601223,236.88706970214844,19406700
2021-06-03,234.89465583263,235.96749192379863,232.76813099742398,235.36402893066406,25307700
2021-06-04,237.3276864262583,241.05389152721682,237.08821305314711,240.2301025390625,25281100
2021-06-07,239.45422133616353,243.39116434225733,239.2913811894754,243.12295532226562,23079200
2021-06-08,244.41610603256754,245.23032134430707,241.87767951827612,241.93516540527344,22455000
2021-06-09,243.1229386598986,244.7705165933857,242.54821134914607,242.91220092773438,17937600
2021-06-10,243.58274055491657,246.6192613065488,242.98885124050196,246.4085235595703,24563600
2021-06-11,247.1269091424967,247.60585584294424,245.8050115720476,247.03114318847656,18999700
2021-06-14,247.04074761199934,249.00444698400887,245.98705883099325,248.9469757080078,19150500
2021-06-15,248.83200246183026,249.04274021679365,246.83000840597398,247.4813690185547,18038900
2021-06-16,248.47758277634668,249.60789015749845,243.70727695625772,246.5426483154297,27220000
2021-06-17,245.28774070894647,250.72856755643323,245.2302694504055,249.9143524169922,27565500
2021-06-18,248.6979075420769,251.25546695524517,247.8549565392409,248.50631713867188,37202200
2021-06-21,248.8799005360509,252.42408900844677,247.05990870075678,251.5715789794922,26696100
2021-06-22,251.6577760148479,254.59851601169785,251.35124308569456,254.33030700683594,24694100
2021-06-23,254.79004143323513,255.59466833497052,253.29573015392864,254.10035705566406,19518700
2021-06-24,254.9529042283444,256.5717463708945,254.29195546090864,255.46058654785156,21446900
2021-06-25,255.02004959422766,255.99709064188596,253.61194468968128,253.86097717285156,25611100
2021-06-28,254.98171212816092,257.5775957253318,254.71350307641555,257.4051818847656,19590000
2021-06-29,257.5488508865929,260.2117939597386,256.69634077251254,259.9723205566406,19937800
2021-06-30,259.2921672211762,259.93393943000825,258.2480669213287,259.4933166503906,21656500
2021-07-01,258.2576514590782,260.393764479173,258.24809240227785,260.16387939453125,16725300
2021-07-02,261.33252400218214,266.2944055502095,261.025991051914,265.9591369628906,26458000
2021-07-06,266.3231659674658,267.6067399294796,262.7502121878958,265.96875,31565600
2021-07-07,267.63550596204914,268.8711970757127,265.48024504018343,268.1431884765625,23260000
2021-07-08,265.240707232049,266.99366872665394,263.2961845748827,265.73883056640625,24618600
2021-07-09,264.1104136034873,266.3422927365469,263.72726202590263,266.2369384765625,23916700
2021-07-12,267.40552572361065,267.9898266674368,264.9341443751542,265.64300537109375,18931700
2021-07-13,265.83459322837217,270.94018194655666,265.7100916289199,269.14892578125,26120100
2021-07-14,270.46117448467504,271.7160123476479,268.7369490345578,270.61444091796875,23113700
2021-07-15,270.1259657212331,270.6145007583491,268.04732397373385,269.1968078613281,22604200
2021-07-16,270.1929845890148,272.1375069226489,267.6928677414366,268.9285583496094,26186800
2021-07-19,267.18523908688275,268.5646081282036,262.89389472063215,265.3460998535156,32935600
2021-07-20,266.3231773819045,269.1393871259739,264.62771610030967,267.5588684082031,26259700
2021-07-21,267.15656563255817,269.6662426235934,265.61437070012727,269.5513000488281,24364300
2021-07-22,271.8884415525597,274.35982273487036,271.4861427208434,274.09161376953125,23384100
2021-07-23,275.2698801509867,277.7795567148543,274.43651739318557,277.4730529785156,22768100
2021-07-26,276.83114535151964,277.49209402331843,274.5705313449942,276.8790283203125,23176100
2021-07-27,277.2430584755565,277.3867366280159,271.035928428635,274.4747619628906,33604100
2021-07-28,276.82168997630873,277.9328501720767,271.8789549948285,274.1683349609375,33566900
2021-07-29,274.18749223056574,276.4672839877571,274.034225725681,274.4365539550781,18168300
2021-07-30,273.1625443688404,274.58979654944085,271.9555890183441,272.9134826660156,20944800
2021-08-02,274.3023136016928,274.69505336581767,271.79263781236295,272.8271789550781,16267400
2021-08-03,273.40193331425957,275.1357179422913,272.0417118924598,275.03033447265625,17879000
2021-08-04,274.1682476532474,275.4805569222393,272.66434801294275,274.446044921875,16191300
2021-08-05,274.8005217895427,277.4347292005121,274.0533659477351,277.329345703125,13900200
2021-08-06,276.3618692799431,277.31017451192804,275.5093300140489,277.2718505859375,16589300
2021-08-09,277.54958291688706,279.27377915914406,275.69126758135627,276.1893615722656,16117600
2021-08-10,276.6395199701811,277.07058356504206,273.1911281416051,274.37890625,18616600
2021-08-11,275.11655559953596,276.5055127244419,273.8233936612764,274.8675231933594,13955900
2021-08-12,274.5610525260316,277.7604137036559,274.28325519156255,277.6071472167969,14561300
2021-08-13,277.29103790576875,280.5670175063844,277.1185948484272,280.5191345214844,18249000
2021-08-16,280.84480121005765,282.40617231232227,277.8082659137247,282.1954345703125,22507600
2021-08-17,280.0785212338577,281.07470952149254,278.8236537350814,280.73944091796875,20075300
2021-08-18,280.27869394112855,282.9467339501036,278.5799583297278,279.0214538574219,21813000
2021-08-19,277.0636839198015,285.490088665484,277.01570926895175,284.8182678222656,29850500
2021-08-20,287.6494504032282,293.5229764433976,286.0562996654451,292.1025695800781,40817600
2021-08-23,291.0372472733272,293.1006547103833,289.6936351716544,292.380859375,22830200
2021-08-24,292.7360179434968,293.34065084403505,289.83765196769906,290.43267822265625,18175800
2021-08-25,292.0449832645035,292.32331236094075,288.3212662286274,289.84722900390625,20006100
2021-08-26,288.8682755956676,290.25028508302194,286.9104532290402,287.0447998046875,17666100
2021-08-27,286.94883316309097,288.7531250293206,284.87581884584097,287.6494445800781,22605700
2021-08-30,288.9930892639242,291.9682498481404,288.9355079671407,291.3636169433594,16348100
2021-08-31,292.16012706402677,292.2368923425425,289.35771113719727,289.722412109375,26285300
2021-09-01,290.67262417838776,292.89919870843596,289.3481957201944,289.67449951171875,18983800
2021-09-02,290.0296430024722,291.14290105479273,288.0909748362211,289.02191162109375,16285600
2021-09-03,288.8682550507009,290.413430936319,288.16767300122905,289.0122375488281,14747900
2021-09-07,288.8875324668998,288.96429776620096,286.1907010174333,288.0909423828125,17180400
2021-09-08,287.70710570280636,288.503666632325,285.490137544591,288.1197814941406,15046800
2021-09-09,288.70522581128586,289.97207310645393,285.03905983067443,285.27899169921875,19927000
2021-09-10,286.4018157451152,287.84140660459923,283.48423673576656,283.8009338378906,19633400
2021-09-13,285.5668944983296,286.51704460158174,282.2366390348642,285.0294494628906,23652900
2021-09-14,287.495835484481,289.25215240424126,286.09464217897033,287.7165832519531,21853400
2021-09-15,291.0468952158528,293.02393100782655,289.66488563272827,292.5440673828125,28356300
2021-09-16,291.5267848065768,293.01435046119434,288.6476028000496,292.927978515625,19550800
2021-09-17,291.92030251442793,292.23699967637344,287.467153222757,287.79345703125,41372500
2021-09-20,284.39593784399835,286.689699826259,277.86019819512114,282.44769287109375,38278700
2021-09-21,283.78172248901336,285.5572235689827,282.22696919676986,282.92755126953125,22364100
2021-09-22,284.7799171748866,288.12935637243464,282.64932121103874,286.5553894042969,26626300
2021-09-23,286.8145429004646,288.78197237941265,285.5476956875188,287.4959411621094,18604600
2021-09-24,286.2194218640375,287.72617114272504,284.9717590683759,287.2943115234375,14999000
2021-09-27,284.21369275698544,284.53038991922193,281.14255329173125,282.3230285644531,23571700
2021-09-28,278.1289850116234,279.069528394677,271.3629186493173,272.1018981933594,43186200
2021-09-29,273.6182975889951,275.2210260039281,271.6124707643782,272.5625915527344,26353700
2021-09-30,274.20365982638276,276.23827687630234,270.278378953934,270.5663146972656,32343600
2021-10-01,270.7583061453329,278.301779205865,269.9617452410387,277.45721435546875,30086300
2021-10-04,275.8256432027342,276.1615536435043,268.9635982922401,271.7084045410156,31350700
2021-10-05,272.6104627485689,278.70473550593067,272.6104627485689,277.13079833984375,24993000
2021-10-06,274.27090536434855,281.80477159124865,274.0117895006264,281.3056945800781,28002600
2021-10-07,283.2922830435044,284.6935059183277,282.08304662293614,282.9755859375,20430500
2021-10-08,284.2904075857707,284.6935059183277,281.92948674808355,282.9755859375,17685700
2021-10-11,281.1232834858587,285.9698937714107,280.96011698698385,282.3805236816406,19298600
2021-10-12,283.4458821015579,283.5418606976777,280.57630659547624,281.0849609375,17974100
2021-10-13,283.03312739677557,285.3076759763524,281.6703020046008,284.3767395019531,23416300
2021-10-14,287.1599913093113,291.05648172385895,285.83556297646015,290.55743408203125,27262900
2021-10-15,290.1639632249141,292.1890031616516,288.4172524202229,291.9586486816406,25384800
2021-10-18,291.34439492137415,295.79751392665924,290.4998302940227,294.9145812988281,22729300
2021-10-19,295.93190452763184,296.8436278454899,294.8474080448137,295.8167419433594,17682100
2021-10-20,296.75725195686545,297.2275382211196,293.7820916523756,295.0297546386719,16537100
2021-10-21,294.79942529790196,298.49435169218145,294.0220192983192,298.2448425292969,16918100
2021-10-22,297.8993420062516,298.56155617287357,295.40404521926826,296.70928955078125,17449300
2021-10-25,296.9011793012965,296.93957658837917,294.1179764030474,295.7207336425781,17554500
2021-10-26,298.4751735047065,299.81878579139044,296.1718339720267,297.6210021972656,28107300
2021-10-27,303.2738027325777,312.9670535510442,303.2738027325777,310.1550598144531,52588700
2021-10-28,311.2683538472866,311.78661480927093,308.41796248920383,311.2875671386719,26297900
2021-10-29,311.0763923948779,318.6294410245631,310.85564458763923,318.2647399902344,34766000
2021-11-01,318.01525586042806,318.14002510806927,313.2262255270214,316.10540771484375,27073200
2021-11-02,317.0074904775489,320.02104795725353,316.7099773873297,319.71392822265625,26487100
2021-11-03,320.4529410895813,321.41266839400566,317.33382735020217,320.5489196777344,21500100
2021-11-04,319.48366550974254,322.98666463204586,316.2397822393411,322.89068603515625,23992200
2021-11-05,324.8772834386426,325.1460058993081,320.95200246852335,322.52593994140625,22570100
2021-11-08,323.71603120896236,324.0519416472353,320.97122498059144,323.41851806640625,20897000
2021-11-09,323.5335762229284,325.07875202475316,321.0574932867859,322.4203186035156,21307400
2021-11-10,321.0959739152807,321.1535552109362,316.63324777065986,317.477783203125,25500900
2021-11-11,317.9096735712425,320.3281758647958,317.19948472941286,319.0421447753906,16849800
2021-11-12,320.47213819174647,323.64883306583664,320.34736896230555,323.15936279296875,23831000
2021-11-15,323.9463532471072,324.27265700662844,320.57770113283607,322.5355529785156,16723000
2021-11-16,322.161233873272,326.95029273164477,321.9980966435647,325.8370056152344,20886800
2021-11-17,325.8851065761686,329.0099268651389,324.9813100529108,326.05816650390625,19053400
2021-11-18,325.1543261152059,329.2598774584323,324.1351564442823,328.12530517578125,22463500
2021-11-19,329.442540350279,331.8077802509148,329.01948549427823,329.8944091796875,21963400
2021-11-22,331.3463577773727,336.2018658663324,326.4716305863018,326.7408447265625,31031100
2021-11-23,324.06781451737515,326.37539705653046,320.7122484325142,324.6735534667969,30427600
2021-11-24,323.32755315823283,325.1351461786082,321.0488427828943,324.894775390625,21661300
2021-11-26,321.4717967554367,324.9138924477881,315.48174803696605,316.9816589355469,24217200
2021-11-29,322.03918406869917,325.9716468199308,321.84687569261206,323.6640930175781,28563500
2021-11-30,322.4045150069706,324.7697551795586,316.31831064916247,317.856689453125,42885600
2021-12-01,322.22187131790565,326.21202075185647,316.7029671084376,317.3663635253906,33337600
2021-12-02,317.577871266218,320.64500484816296,315.17416340213174,316.799072265625,30766000
2021-12-03,319.20282671484654,319.8855009742166,305.7805282587088,310.5687255859375,41779300
2021-12-06,311.472416708919,314.8376070697841,306.9342159628672,313.6261291503906,30032600
2021-12-07,318.86626463105284,322.8660084465521,317.38557246325246,322.0199279785156,31021900
2021-12-08,322.39495499206663,322.5776391619141,318.0586560269623,322.06805419921875,24761000
2021-12-09,321.52962129274965,323.52949356795324,319.3278164061056,320.27008056640625,22214200
2021-12-10,322.0776255201496,329.7887095654795,321.894941380308,329.346435546875,38095700
2021-12-13,327.55799800380936,330.5482251781573,326.0196194452533,326.3273010253906,28899400
2021-12-14,320.38543259627,321.75075164875943,311.6263053995195,315.6933898925781,44438700
2021-12-15,315.9528588761099,322.2794323329864,312.0011785266042,321.7602233886719,35381100
2021-12-16,322.7794315194058,323.7890062177765,310.57821058980744,312.38580322265625,35034800
2021-12-17,308.5207023277349,312.405102273891,305.03051397428044,311.3282165527344,47750300
2021-12-20,307.722635580741,310.3667139438823,305.3381764176737,307.5880432128906,28326500
2021-12-21,310.8379051743816,315.10689283678283,307.4823089268054,314.683837890625,24740600
2021-12-22,315.6549198284857,320.7603932246783,313.2031494286014,320.3662109375,24831500
2021-12-23,319.93351795028815,323.43333069819255,319.91429885047023,321.7987976074219,19617800
2021-12-27,322.539101111183,329.28873101360773,322.51025779288784,329.2598876953125,19947000
2021-12-28,329.9328602754398,330.5674425278227,327.21187650467994,328.1060485839844,15661500
2021-12-29,328.1541263644873,331.0385752783578,326.59652864573826,328.77911376953125,15042000
2021-12-30,328.7406647610165,329.91367522578065,325.76968573335654,326.25042724609375,15994500
2021-12-31,325.47164761227714,326.288884758608,322.9140990920403,323.3659973144531,18000800
2022-01-03,322.4333715730328,324.9812959837682,317.0779035290574,321.8564758300781,28865100
2022-01-04,321.9333951684874,322.2891685868689,313.5588850186426,316.33758544921875,32674300
2022-01-05,313.308871857317,313.5108044365724,303.8094433864934,304.19403076171875,40054300
2022-01-06,301.08842050942394,306.42466920650463,299.49235507622586,301.7903137207031,39646100
2022-01-07,302.0499324142328,304.3094237353557,298.14631308588326,301.9441833496094,32720000
2022-01-10,297.56942521329626,302.5979928961551,292.9543176051216,302.1653137207031,44289500
2022-01-11,301.30958257691026,304.4151542522141,297.95401590280085,302.84796142578125,29386800
2022-01-12,307.3572996957186,310.95323691547827,304.8670327735876,306.0111999511719,34372200
2022-01-13,308.1264486110597,308.52066014986855,292.2908229193429,293.05999755859375,45366000
2022-01-14,292.53126883368355,298.8482206128136,292.0505272250826,298.2521057128906,39846400
2022-01-18,292.358208481325,297.86748852909545,290.1179361568295,290.9928894042969,42333200
2022-01-19,294.49255543514164,301.81904918896817,291.04083593384047,291.64654541015625,45933900
2022-01-20,297.16558676731063,299.6462002381442,289.541032877528,289.9833068847656,35380700
2022-01-21,291.03131903917586,292.39660859622313,284.22400232617673,284.6278381347656,57984400
2022-01-24,280.9453743252705,285.6662305381032,265.4173987440913,284.9547424316406,85731500
2022-01-25,280.29152732225515,283.627874669316,274.18613344698997,277.37823486328125,72848600
2022-01-26,296.12711173242496,296.6174774054617,281.7433356306015,285.2815856933594,90428900
2022-01-27,291.00252753568583,295.4637946124978,286.45470114422875,288.2911376953125,53481300
2022-01-28,288.6661016492175,296.59833777305556,283.10873012038377,296.3868103027344,49743700
2022-01-31,297.05017439324195,300.3480539279597,294.56953190677376,299.0019836425781,46444500
2022-02-01,298.4540564383542,298.66558395346516,293.37742541783444,296.86761474609375,40950400
2022-02-02,297.7040073654435,302.9825400250582,296.98289506365415,301.386474609375,36636000
2022-02-03,297.5694010605456,299.24240163998115,288.4064681116785,289.64678955078125,43730000
2022-02-04,288.6468494123292,296.9059861831538,288.41610284488047,294.1561584472656,35096500
2022-02-07,294.37728012769503,295.9829403994106,288.3487625883948,289.35833740234375,28533300
2022-02-08,289.6467780186861,293.7907677485287,288.3968617508122,292.82928466796875,32421200
2022-02-09,297.9346999380261,299.91535235408395,295.55024113771606,299.22308349609375,31284700
2022-02-10,292.3292805293152,297.2136009412112,289.1179310391646,290.73321533203125,45386200
2022-02-11,291.51201390296524,292.56965100167986,282.88751078774607,283.6759338378906,39175600
2022-02-14,282.45487744042305,285.3297318388345,280.128104788829,283.63751220703125,36359500
2022-02-15,288.4545460706531,289.2140965718555,285.57969173022536,288.8968200683594,27058300
2022-02-16,287.4709041609937,289.8795822189875,282.9522217719727,288.55963134765625,29982100
2022-02-17,285.5342722610437,285.9582018841707,279.4066103677046,280.1099548339844,32461600
2022-02-18,282.34526097655436,283.1256704001954,275.8514736331867,277.41229248046875,34264000
2022-02-22,274.5892573925205,280.89036647915503,274.10752185323537,277.20989990234375,41736100
2022-02-23,279.58007749575995,281.04457259903455,269.86830032930663,270.0320739746094,37811200
2022-02-24,262.5555199373533,284.37813456051526,261.60166355056816,283.8289489746094,56989700
2022-02-25,284.35883888428555,286.7578722133429,280.9963051733294,286.4495544433594,32546700
2022-02-28,283.5591579767434,288.2127395416602,282.29701327303695,287.8755187988281,34627500
2022-03-01,285.5727965486782,289.01239505161357,281.4780448269364,284.17578125,31217800
2022-03-02,284.57081381078126,290.45763760043087,282.97147763773455,289.2243957519531,31873000
2022-03-03,291.8258393249391,292.0570630305392,283.3087270663971,285.1104431152344,27314500
2022-03-04,283.53992798121607,284.8598787290603,276.68001821827283,279.271728515625,32356500
2022-03-07,277.99032843801785,279.10795849514665,268.3556169829133,268.72174072265625,43157200
2022-03-08,267.6522494658014,273.5872347405663,260.13718693761393,265.77349853515625,48159500
2022-03-09,273.0862341495731,279.02121928908525,270.5233976527745,277.9613952636719,35204500
2022-03-10,272.681647483681,276.130891339143,270.3307750668401,275.15777587890625,30628000
2022-03-11,277.44122121794356,278.9346195571201,269.22281120078367,269.8394470214844,27209300
2022-03-14,270.0994808190958,274.97464216380376,265.7446020938021,266.3419494628906,30660700
2022-03-15,270.10914399569396,277.3062746946172,268.5483254301358,276.6607360839844,34245100
2022-03-16,278.54907556535204,283.8096481851476,272.854988057363,283.63623046875,37826300
2022-03-17,282.5764210911027,284.81165149082653,278.79960179018684,284.4359130859375,30816600
2022-03-18,284.58055583753804,290.0049047741427,282.0370065137004,289.4557189941406,43390600
2022-03-21,287.9719290179041,289.17626805109586,284.1276588300462,288.2320556640625,28351200
2022-03-22,288.84869714839016,293.85875989793885,287.8563228402571,292.9530944824219,27599700
2022-03-23,289.53280850338996,292.15345196607205,286.8447149840103,288.550048828125,25715400
2022-03-24,288.21270852641925,293.08786908697914,287.4226553060156,292.99151611328125,24484500
2022-03-25,294.08028132501425,294.3404079254056,288.3572608939785,292.5868835449219,22566500
2022-03-28,293.2132183201872,299.446879031132,293.2132183201872,299.3505554199219,29578200
2022-03-29,302.44319069026733,304.28342386238455,297.7607062548544,303.8883972167969,30393400
2022-03-30,302.2987264531988,304.40873068688376,300.1983369373926,302.3950500488281,28163600
2022-03-31,302.4335907750661,303.6283150055242,296.643149106342,297.04779052734375,33422100
2022-04-01,298.0690878498517,298.8013353889546,294.3790059993479,298.1172790527344,27110500
2022-04-04,298.76276415932574,303.5993787276326,298.39664041936675,303.4645080566406,24289600
2022-04-05,301.82651436032455,303.36807366097713,298.55071922318655,299.5238342285156,23156700
2022-04-06,294.04178495987475,295.7856655216376,285.8715384021488,288.55963134765625,40110400
2022-04-07,285.8233266543766,292.5579799187454,285.5246529796034,290.36126708984375,31411200
2022-04-08,289.46531686660774,290.1204702874654,285.4572727698381,286.1220703125,24361900
2022-04-11,281.1312167731274,281.9212406623146,274.58924032351246,274.8397521972656,34569300
2022-04-12,278.6743681898196,280.11957482236716,270.24399616662504,271.75665283203125,30966700
2022-04-13,272.4022274692682,278.0385105603026,271.02444128433206,277.11358642578125,21907200
2022-04-14,277.56643644763085,277.7784013045191,269.1168039398963,269.608154296875,28221600
2022-04-18,268.72177459231517,272.1420858288505,268.1725889134815,270.27294921875,20778000
2022-04-19,269.1745633932946,275.7165404624221,268.2399952405621,274.8782958984375,22297700
2022-04-20,278.82849614918496,279.1175550852986,274.94570927007976,275.8995361328125,22906700
2022-04-21,278.03846671115735,282.5860513093376,269.82970383090816,270.55230712890625,29454600
2022-04-22,271.3906312866908,272.8551267101512,263.39383000376006,264.02008056640625,29405800
2022-04-25,263.30702351755633,270.8413451266627,260.8790575428307,270.4656066894531,35678900
2022-04-26,267.3632511079873,268.19182220528097,260.13721729425794,260.34918212890625,46518400
2022-04-27,271.7951847238902,280.3411680957989,268.96257753012264,272.874267578125,63477700
2022-04-28,274.77235637930573,280.35086291082894,271.1785981856094,279.0501708984375,33646600
2022-04-29,278.0673672865681,279.2909943451643,266.3997469147851,267.3824768066406,37073900
2022-05-02,267.56556930704056,274.5314764230111,266.1300066784379,274.0786437988281,35151100
2022-05-03,273.5872373213016,273.7510403407447,269.91641488989063,271.48687744140625,25978600
2022-05-04,272.26732383050563,280.25450833918546,266.62139669213593,279.38739013671875,33599300
2022-05-05,275.1095188435156,275.8899280048962,264.3186318325519,267.21868896484375,43260400
2022-05-06,264.77152276793004,269.04933732325316,261.36082642726797,264.6944580078125,37780300
2022-05-09,260.1950242973113,262.41099624830406,253.70123795853172,254.91519165039062,47726000
2022-05-10,261.76542979874864,263.7501776417465,255.3872566913671,259.6554260253906,39336400
2022-05-11,255.975114989045,261.44762635008806,249.82816178018388,251.03250122070312,48975900
2022-05-12,248.27688839647124,250.3868926130945,240.88706627938942,246.02236938476562,51033800
2022-05-13,247.94932803549173,253.43148171105642,246.0223855668309,251.58160400390625,34925100
2022-05-16,250.46393914300643,256.10989508341936,246.43663699814542,251.94769287109375,32550900
2022-05-17,256.3893090476885,258.5282163055622,252.87264501904795,257.0733947753906,28828800
2022-05-18,253.98310507106706,254.56254010236933,244.10384241044304,245.36892700195312,31356000
2022-05-19,245.19507408358177,248.8358391110842,243.2443400632524,244.4611358642578,32692300
2022-05-20,248.42057161150723,249.6760190694131,237.99085911430905,243.90103149414062,39199300
2022-05-23,246.73052960830947,252.5344714288608,244.7411443388087,251.71360778808594,33175400
2022-05-24,249.04829526787134,252.3703282848016,244.8087915946299,250.71896362304688,29043900
2022-05-25,249.28973864171456,255.508917485171,248.31435684807386,253.51954650878906,28547900
2022-05-26,253.2781100641193,257.9521680064266,252.46691284814418,256.7836608886719,25002100
2022-05-27,259.2752549960121,263.96861721941957,258.3867839504424,263.8720397949219,26910800
2022-05-31,263.1863562668899,265.3495488346776,259.70977573202504,262.5489807128906,37827700
2022-06-01,265.7647953206282,268.1694163803511,260.7817020928469,263.0801086425781,25292200
2022-06-02,255.38337667898296,265.23365327445924,252.63108267756797,265.1660461425781,44008200
2022-06-03,261.04245577782234,264.0748154478667,259.2076029156242,260.76239013671875,28059000
2022-06-06,262.73252632143885,264.77983823030496,258.05846737616287,259.5360107421875,22400300
2022-06-07,257.49830250093424,263.76578441208926,256.8222901054273,263.1573791503906,22860700
2022-06-08,262.39442533216015,263.64020598603173,260.3664178533954,261.1390075683594,17372300
2022-06-09,258.5992407787773,263.36021011485053,255.55724349069746,255.71176147460938,26439700
2022-06-10,251.64602827171365,251.64602827171365,243.87203349036625,244.31626892089844,31422800
2022-06-13,236.70644141538565,240.48239119497188,233.24917940412797,233.9541473388672,46135800
2022-06-14,235.49932172717016,237.31487111467933,233.22988499278367,236.10772705078125,28651500
2022-06-15,239.79673406143797,246.54708847653447,237.97153296010552,243.12844848632812,33111700
2022-06-16,237.5466102902709,238.93724247462407,234.68810167633953,236.5712432861328,33169200
2022-06-17,236.31050590715876,241.91165700040483,235.6634784930398,239.15936279296875,43084800
2022-06-21,241.67987371090587,246.0159401392919,240.95558733169304,245.0405731201172,29928300
2022-06-22,243.254000161548,248.35298995386094,241.7861089374633,244.4514923095703,25939900
2022-06-23,246.80786429478658,250.47757061654244,244.93437427025984,249.98504638671875,25861400
2022-06-24,252.83395563405963,258.79243283430566,252.74704478148087,258.52203369140625,33923200
2022-06-27,259.01448667805846,259.1013975165965,254.25351742662792,255.80833435058594,24615100
2022-06-28,254.92949381458487,257.7590321077553,247.53211228973697,247.68663024902344,27295500
2022-06-29,248.75856369685934,252.9884007989355,246.99130319168566,251.3370361328125,20069800
2022-06-30,248.23704039781902,250.6320243178183,244.2293288574395,248.0245819091797,31730900
2022-07-01,247.59973919232516,250.86383187727745,245.88075254538774,250.6803436279297,22837700
2022-07-05,247.3775897790424,253.96377399992517,246.00627607080364,253.83822631835938,22941000
2022-07-06,254.70732668941758,258.80194878529204,253.40360556850436,257.0829772949219,23824400
2022-07-07,256.0303925395583,259.8353125390256,255.93381513155052,259.19793701171875,20859900
2022-07-08,255.7117696472832,258.90828502143717,254.26319665701553,258.4833679199219,19658800
2022-07-11,256.5422452532518,257.3920793720454,253.1912122224075,255.44134521484375,19455200
2022-07-12,256.76436593684815,256.82230649201273,243.39885616958918,244.9729766845703,35868500
2022-07-13,241.6122686543637,244.8570720526818,239.60357943296265,244.05552673339844,29497400
2022-07-14,241.9792718550764,246.39258278636146,237.50800563214514,245.36892700195312,25102800
2022-07-15,246.952711238918,251.44328137226535,246.0352846750309,247.91842651367188,29774100
2022-07-18,250.84453005870418,251.89715611893087,244.6156697955208,245.53309631347656,20975000
2022-07-19,248.74889324561178,250.8155377951831,244.9826100870289,250.63204956054688,25012600
2022-07-20,250.98941181771295,255.78901825254198,250.0333630587044,253.2781524658203,22788300
2022-07-21,250.88311489570913,255.8082674233356,248.21773199272175,255.7599639892578,22404700
2022-07-22,256.1462886118709,256.23319944277154,250.1878423691355,251.43359375,21881300
2022-07-25,252.05168504603222,252.53454268022003,248.00533571383517,249.95606994628906,21056000
2022-07-26,250.95072573000826,250.9700588947091,241.01353801634696,243.26364135742188,39348000
2022-07-27,252.2061678876976,260.79136010238045,249.97536828625238,259.5262756347656,45994000
2022-07-28,260.50159330991454,268.31422328541737,258.68604458923585,266.9332580566406,33459300
2022-07-29,268.1791152582621,272.33167871252647,267.1457929503217,271.1148681640625,32152800
2022-08-01,268.2950273632756,271.63639399506593,266.38290049065427,268.478515625,21539600
2022-08-02,266.53736387741355,268.362579537139,263.04147997964446,265.3978271484375,22754200
2022-08-03,267.2712979571327,273.7802077511645,267.1264171273275,272.7855224609375,23518900
2022-08-04,272.1385611722735,274.0699917823572,270.5644699809408,273.9251403808594,18098700
2022-08-05,269.57938130013923,273.92509952465934,269.1254939956156,273.2104797363281,16774600
2022-08-08,274.31132650610414,276.1172382628998,269.7435135418717,270.709228515625,18739200
2022-08-09,270.05262233660574,273.3746556298809,268.09219211802474,272.62139892578125,23405200
2022-08-10,278.29019759892526,279.87395540358807,277.1023571419585,279.2462463378906,24687800
2022-08-11,280.87827114074025,281.2259144656879,276.687070719345,277.1795654296875,20065900
2022-08-12,278.58955073001846,281.9019470214844,277.10234096743113,281.9019470214844,22619700
2022-08-15,281.02306896793766,284.09403563819063,280.16356845958603,283.40838623046875,18085700
2022-08-16,281.97912247538005,283.95885597173196,280.4629722748616,282.6744384765625,18102900
2022-08-17,280.4002359720042,283.8938831580585,280.1389500408416,281.9293212890625,18253400
2022-08-18,280.8357814390951,282.5003387388935,279.76154672598557,280.8164367675781,17186200
2022-08-19,279.5872566328216,279.9259802339088,276.3549256082349,276.9259033203125,20570000
2022-08-22,272.98719375507784,273.3549492553272,268.2838690742468,268.7967834472656,25061100
2022-08-23,267.52899169921875,269.8709667468448,266.5225077065828,267.52899169921875,17527400
2022-08-24,266.5322078904403,268.2935475805408,266.2418606203545,266.89996337890625,18137000
2022-08-25,268.3903061400595,270.02583166772644,265.6708883290783,269.861328125,16583400
2022-08-26,270.08381644498274,271.3032096749944,259.34164963640063,259.4480895996094,27549300
2022-08-29,257.28030737067536,258.78033116845745,255.34477754961907,256.6802978515625,20338500
2022-08-30,258.0739528081768,258.44167876709264,252.25767464216207,254.4932098388672,22767100
2022-08-31,256.83512454875284,258.499651717729,252.90597213510085,253.04147338867188,24791800
2022-09-01,250.5253174553684,252.4802216307378,247.1768588698768,252.00599670410156,23263400
2022-09-02,253.26410148725907,256.2060856971304,246.26715020417384,247.80589294433594,22855400
2022-09-06,247.9414053865417,249.51883753175827,243.8187170261839,245.08648681640625,21328200
2022-09-07,246.48976943648967,250.4866292810051,245.05748121497774,249.77049255371094,24126700
2022-09-08,249.20913155691446,252.034988329874,246.57679526330125,250.18655395507812,20319900
2022-09-09,252.10279358860814,256.6803328721326,251.8995711991458,255.9351348876953,22084700
2022-09-12,257.2125840758803,258.82876464312335,256.6125744929972,258.0545349121094,18747700
2022-09-13,250.49627701855277,252.00598798329736,243.47998110571493,243.86709594726562,33353300
2022-09-14,245.35746095813147,246.03489350941175,241.8057651557058,244.08969116210938,23913000
2022-09-15,241.71865662350373,243.29610345654862,236.15400813965698,237.4701690673828,31530900
2022-09-16,236.38629220933913,237.3927761581187,234.2572119949683,236.850830078125,39791800
2022-09-19,234.65401793519453,237.2379491228401,233.08624311204258,236.637939453125,26826900
2022-09-20,234.2669028613096,235.66047218929285,231.91522600942378,234.6346435546875,26660300
2022-09-21,236.39593765111695,239.67666009077757,231.19903006597912,231.24742126464844,28625600
2022-09-22,230.20227093577722,235.99918898239684,229.91195323025747,233.21202087402344,31061200
2022-09-23,231.8184154017902,233.35717293349165,227.6183189581972,230.25064086914062,34176000
2022-09-26,229.40867630752822,233.6668360314633,229.26350270996545,229.7957763671875,27694200
2022-09-27,232.24423519066093,234.00557453802256,226.9408872481293,228.78932189941406,27018700
2022-09-28,229.1764596269769,234.51852731554808,227.16350637089323,233.2991485595703,29029700
2022-09-29,231.18940064159077,232.215229269323,226.85381719409244,229.84420776367188,27484200
2022-09-30,230.60869305076636,232.7861640901867,225.22792253383935,225.39244079589844,35694800
2022-10-03,227.8215623611014,233.82170241211634,227.0957386105692,232.97975158691406,28880400
2022-10-04,237.18952317598578,242.2896489224366,237.08306843402076,240.85736083984375,34888400
2022-10-05,238.06055067024138,242.50258909201375,236.23147515733956,241.1670684814453,20347100
2022-10-06,239.93798363059574,242.2703009633561,238.1476271342794,238.83473205566406,20239900
2022-10-07,233.13462052161643,233.5410948826366,225.65379998930908,226.68931579589844,37769600
2022-10-10,225.53767911003112,226.99899922194305,219.42139605833714,221.86016845703125,29743600
2022-10-11,220.28268877269275,221.67627288848584,216.88583856563983,218.14393615722656,30474000
2022-10-12,218.13423774935973,220.5149462849339,216.74066847271945,218.47296142578125,21903900
2022-10-13,212.7631757709487,228.48935957942223,212.0663836762347,226.68931579589844,42551800
2022-10-14,227.94734744050535,229.59255965182822,220.9794428267959,221.19235229492188,30198600
2022-10-17,228.21832972494965,231.25711097245295,227.56024190285072,229.87319946289062,28142300
2022-10-18,235.39916206358598,236.06690750411659,227.7828415320167,230.81195068359375,26329600
2022-10-19,229.39901697875123,231.88618020226818,226.7376631373762,228.85707092285156,19985700
2022-10-20,228.16999426870214,233.5314067191375,227.29899677080496,228.53773498535156,21811000
2022-10-21,227.17316603704901,235.16689978355862,226.9408971162325,234.3152618408203,26299700
2022-10-24,235.90243199234686,239.85091564909408,233.521737948981,239.27993774414062,24911200
2022-10-25,239.28957660185964,242.9477272430807,237.90567969361152,242.57998657226562,34775500
2022-10-26,223.71826021026072,230.61843021635175,222.64404034026404,223.86343383789062,82543200
2022-10-27,223.59244061528798,226.15702697219044,218.50200154160817,219.44073486328125,40424600
2022-10-28,218.94715681380413,228.97320270821285,218.76327910286216,228.2667236328125,40647700
2022-10-31,226.22477072356645,227.34738181471067,223.69890315195386,224.64732360839844,28357300
2022-11-01,227.0376467456196,228.14089811809833,220.00199193356548,220.81491088867188,30592300
2022-11-02,222.06337802281334,223.8440621960301,212.94701812750728,213.00509643554688,38407000
2022-11-03,212.99537134996444,213.3050632032554,207.0823272743383,207.3436279296875,36633900
2022-11-04,210.53726518655444,214.44702903809562,206.5500636010322,214.25347900390625,36789100
2022-11-07,214.83416409790135,221.04721381188003,214.14704442988435,220.5246124267578,33498000
2022-11-08,221.32789807002794,224.18280245384918,218.56008901005944,221.49241638183594,28192500
2022-11-09,220.04072724111327,221.26012061364744,217.098728086194,217.27291870117188,27852900
2022-11-10,227.84092326094827,235.48627617138314,227.42479136911933,235.14755249023438,46268000
2022-11-11,235.15723711883936,239.99606241623323,234.1313937515766,239.14442443847656,34620200
2022-11-14,234.18944503837977,236.0475519661583,231.49905966480162,233.7636260986328,31123300
2022-11-15,237.74116029609917,239.03796188941354,232.29263846364998,234.17010498046875,31390100
2022-11-16,235.62584176038104,236.60604855552322,233.3257795259496,234.5971221923828,24093300
2022-11-17,230.76366974368625,236.07226408161256,230.61810181463593,234.548583984375,23123500
2022-11-18,236.3245476728186,236.5477715384914,231.9767468113755,234.1021270751953,27613500
2022-11-21,234.3059689787537,237.45036963154155,234.07306028423957,234.90768432617188,26394700
2022-11-22,236.40221710449453,238.0714650543678,233.6072093349116,237.7997283935547,19665700
2022-11-23,237.87737314142396,240.9538320187203,237.06216314669393,240.2744903564453,19508500
2022-11-25,240.0124222348377,241.3614057927524,239.44953498504466,240.18711853027344,9200800
2022-11-28,238.81872361988414,239.37189647637996,233.69452596138473,234.62619018554688,24778200
2022-11-29,234.27685297681788,235.6258367832805,231.18099474535325,233.23843383789062,17956300
2022-11-30,233.47136810668408,247.79583086530997,232.7823119741459,247.61143493652344,47594200
2022-12-01,246.37890225412923,248.56251016658027,243.51595261951238,247.17471313476562,26041500
2022-12-02,242.44840731366295,248.50427013338341,242.3222385687394,247.49496459960938,21528500
2022-12-05,244.57377324279298,246.33037684588194,240.7403313992676,242.8171844482422,23435300
2022-12-06,243.41888770234414,244.42819318650004,236.58661356400265,237.88706970214844,22463700
2022-12-07,237.60564320065706,238.89639979977625,235.0629579890975,237.15921020507812,20481500
2022-12-08,237.61534962771674,241.40027877672188,235.88787438426903,240.0998077392578,22611800
2022-12-09,237.47946700334126,240.9829448599812,236.95540766792848,238.17822265625,20609700
2022-12-12,240.14831706074776,245.08811932166867,239.8765804009923,245.0590057373047,30665100
2022-12-13,253.96811982675712,256.13232821113195,245.60248135221084,249.33888244628906,42196900
2022-12-14,249.54270989920707,254.84158999041878,246.8059142850901,249.6300506591797,35410900
2022-12-15,246.2333179219407,246.6991500991899,240.04157204816326,241.66229248046875,35560400
2022-12-16,241.21584235349084,242.46777079172978,236.3245533102195,237.46974182128906,86102000
2022-12-19,237.6347483108368,237.9744265437408,231.6662265103739,233.35487365722656,29696400
2022-12-20,232.33586378495446,235.74230142731602,231.38478542376703,234.66505432128906,25150800
2022-12-21,234.55829818550004,238.37232600874938,233.02491849714485,237.21743774414062,23690600
2022-12-22,234.14101004366566,234.84948021515527,226.9690712195299,231.16160583496094,28651700
2022-12-23,229.14296825844733,231.821522034393,227.03700146219919,231.68565368652344,21207000
2022-12-27,231.65654287895535,231.87975199416192,228.87123430992634,229.9678955078125,16688600
2022-12-28,229.89993593986588,232.64643111207874,227.26019552023155,227.6095733642578,17457100
2022-12-29,228.69655133952642,234.78154345128436,228.69655133952642,233.8983917236328,19770700
2022-12-30,231.18100636407286,232.87936810259998,229.67674014824095,232.74349975585938,21938500
2023-01-03,235.90728230837536,238.49849510687616,230.39487805775428,232.51055908203125,25740000
2023-01-04,225.42597193507248,225.99855889308043,219.29246770974694,222.33981323242188,50623400
2023-01-05,220.49584400645332,220.83552222933494,215.21636361108918,215.75013732910156,39585600
2023-01-06,216.41977321502756,219.09832651208657,212.87748240196308,218.29281616210938,43613600
2023-01-09,219.76798480761224,224.41665135349578,219.7291716302323,220.418212890625,27369800
2023-01-10,221.0393201111181,224.48457072526574,220.62201553173728,222.09716796875,27033900
2023-01-11,224.4651718383663,228.98766979827053,224.2904903213458,228.81298828125,28669300
2023-01-12,228.3180220940589,232.821105949786,226.6681880812586,231.4721221923828,27269500
2023-01-13,230.0066742453539,232.30673624907553,227.98804849183014,232.17086791992188,21333300
2023-01-17,230.948051370512,233.80130107166906,230.0940134168222,233.25782775878906,29831300
2023-01-18,234.4418366169308,235.22793302598163,228.57035512507287,228.85179138183594,30028700
2023-01-19,226.88165912004297,228.57032083288584,223.87312745899237,225.08624267578125,28623000
2023-01-20,227.92985845985373,233.63635883113758,227.59018017735744,233.13169860839844,35389800
2023-01-23,233.98571827354252,237.93561455180438,232.57849247852556,235.4220428466797,31934000
2023-01-24,235.34439747923588,236.75160844059997,233.3451855854794,234.89796447753906,40234400
2023-01-25,227.5610395748184,236.1207891156233,224.08667522306712,233.51016235351562,66526600
2023-01-26,236.46042083784369,240.98291808656688,234.85911461614793,240.68206787109375,33454500
2023-01-27,241.64289751902396,242.458107545592,239.5466304719591,240.83738708496094,26498900
2023-01-30,237.2950768809861,238.35292478678218,235.05324194345323,235.54820251464844,25867400
2023-01-31,236.26636386768823,240.63357952072695,235.78111768401726,240.49771118164062,26541100
2023-02-01,240.68209268360533,247.65022035562143,238.22674832599188,245.29193115234375,31259900
2023-02-02,251.182852423541,256.8796381260482,249.65917223320272,256.79229736328125,39940400
2023-02-03,251.88161873138833,256.4041171018203,249.51361478434532,250.7267303466797,29077300
2023-02-06,249.84352591670253,250.6781350311893,247.26201299101024,249.1932830810547,22518000
2023-02-07,252.84235731907512,260.83920438047807,252.40562393796253,259.6649169921875,50841400
2023-02-08,265.13852274513965,268.59347315321855,258.35476105655573,258.85943603515625,54686000
2023-02-09,265.72080730740066,265.8955184484022,255.0453909060254,255.84120178222656,42375100
2023-02-10,253.8128070553183,256.29726455325056,252.96848363602243,255.33648681640625,25818500
2023-02-13,259.742590569191,266.49720913120274,259.26702917112374,263.3139953613281,44630900
2023-02-14,264.62413161713886,266.85625191813295,261.33414871350027,264.1388854980469,37047900
2023-02-15,261.0547562578646,263.39950469785816,258.9726863891012,262.0276794433594,28922400
2023-02-16,256.8711344345461,259.5174863332623,254.8085423074043,255.05177307128906,29603600
2023-02-17,252.36654467181947,253.04757304733442,249.06832101285343,251.07254028320312,30000100
2023-02-21,247.58949511011687,248.57215705654002,244.7777476181148,245.82850646972656,28397400
2023-02-22,247.21000275326983,247.45323350449598,243.56154148487744,244.69985961914062,22491100
2023-02-23,248.64023054148305,249.88557094928385,243.69777930306105,247.8716278076172,29219100
2023-02-24,243.19187704458037,244.2037105882477,241.38223939221282,242.47190856933594,24990900
2023-02-27,245.62417017099744,245.97442307770388,242.63728915469153,243.38644409179688,21190000
2023-02-28,242.32595921726772,244.68043129479227,241.99515408663171,242.66647338867188,22491000
2023-03-01,243.97023795416268,244.13563313137556,239.13480803308582,239.60182189941406,27565300
2023-03-02,239.87418786109544,244.5928558822364,238.95963779243274,244.3107147216797,24808200
2023-03-03,245.3614953141732,248.69861464364337,244.58315381318207,248.37754821777344,30760100
2023-03-06,249.48669107630843,253.07678008876618,249.0488786018787,249.91477966308594,24109800
2023-03-07,249.3602116204825,250.7125891600785,246.52901630785823,247.2684326171875,21473200
2023-03-08,247.16138722750551,247.64784879607657,244.0188496513126,246.83059692382812,17340200
2023-03-09,248.8931916251687,252.53191447494493,244.76799238551584,245.4879608154297,26653400
2023-03-10,244.28153159617614,245.94522176909533,240.89576339451983,241.85894775390625,28333900
2023-03-13,240.7011840514009,250.92661597294014,239.0764041542882,247.04464721679688,33339700
2023-03-14,249.79803486123274,254.00107026600773,248.93213379575317,253.72865295410156,33620300
2023-03-15,252.94062390775835,259.26462569990724,252.19145392381762,258.2527770996094,46028000
2023-03-16,258.0289586598438,269.07164313641664,256.1512239726221,268.7214050292969,54768800
2023-03-17,270.7256489942692,275.65834759698896,268.8381754027799,271.86395263671875,69527400
2023-03-20,269.4802407516752,269.96670228330714,262.543294560003,264.8588562011719,43466600
2023-03-21,267.4370730210024,267.5538190277959,262.22219041795455,266.3668518066406,34558700
2023-03-22,265.99713606358097,273.4302818621783,264.8101688435891,264.9172058105469,34873300
2023-03-23,270.41420190108295,273.44971669614165,267.74840257051886,270.14178466796875,36610900
2023-03-24,269.7332324450906,273.03145651581804,267.8263111878216,272.97308349609375,28172000
2023-03-27,272.90495366822654,273.83895161321755,268.05978551317787,268.8965148925781,26840200
2023-03-28,268.32248351379377,268.6630125541161,264.68373074732534,267.77764892578125,21878600
2023-03-29,271.4066849044529,273.5276803376628,270.8715889473267,272.91473388671875,25087000
2023-03-30,276.53397442659906,276.757727762298,273.8584356014265,276.35882568359375,25053400
2023-03-31,276.0474774481902,281.43744995850153,275.33723290766795,280.49371337890625,32766000
2023-04-03,278.7619923385716,280.4646082302999,276.261601851509,279.4527893066406,24883300
2023-04-04,279.4527777506129,282.5855920494944,277.93501973662194,279.40411376953125,25824300
2023-04-05,278.11008412867955,279.3748723279069,275.25942646851195,276.6409606933594,22064800
2023-04-06,275.5415669627722,284.17139086476425,274.39352473015583,283.70440673828125,29770300
2023-04-10,281.3791420104247,281.75859635291374,277.0009871179317,281.5542907714844,23103000
2023-04-11,278.0128240085293,278.2366070491665,274.01412362630157,275.171875,27276600
2023-04-12,277.0788133677007,279.23870411334195,274.32542401576865,275.8139953613281,27403400
2023-04-13,275.9112355229667,282.0503774003979,275.50262448189994,281.99200439453125,24222700
2023-04-14,279.22891147364464,280.6688482565068,276.00853859815146,278.3922119140625,20987900
2023-04-17,282.07960200286976,283.7043967289592,278.4116924129814,280.9801940917969,23836200
2023-04-18,283.6751635426458,283.86002128619106,279.2386370800672,280.5617980957031,20161800
2023-04-19,278.24623650358313,281.22337847869596,276.8355159823551,280.6396484375,17150300
2023-04-20,277.52633742538336,281.20398586251105,277.3609274204324,278.363037109375,23244400
2023-04-21,277.2927991907115,278.5186620047946,275.3955874268566,278.0224914550781,21676400
2023-04-24,274.4519370721957,277.2345132199959,271.173190218911,274.1405944824219,26611000
2023-04-25,271.9417767926592,273.9751827450711,267.9138604386518,267.9625244140625,45772200
2023-04-26,288.6662575975103,291.45854177585926,284.80375221197545,287.37225341796875,64599200
2023-04-27,287.95608640380885,296.9361784067996,287.2555804982626,296.576171875,46462600
2023-04-28,295.7783684985938,300.56513364270495,295.0973104351293,298.94036865234375,36469600
2023-05-01,298.6582327311371,300.24410228095644,296.8875053999733,297.2864074707031,21294100
2023-05-02,299.426786321991,300.80832032877777,295.6810269045357,297.1404113769531,26404400
2023-05-03,298.31766627691815,300.25377368049993,295.85617210321027,296.15777587890625,22360800
2023-05-04,297.9479243875394,299.426786321991,295.1848266827128,297.1404113769531,22519900
2023-05-05,297.4420521379096,303.5228215296377,296.03130176252597,302.2385559082031,28197100
2023-05-08,301.7326922255804,301.8008039789724,297.80207398264633,300.2927551269531,21318600
2023-05-09,299.66033160181695,301.6451031506541,298.0160890953245,298.6874084472656,21340800
2023-05-10,300.2635487654328,304.52495706862396,299.33928955394174,303.8536376953125,30078000
2023-05-11,301.7034867589505,302.695857722587,297.9674652772338,301.71319580078125,31680200
2023-05-12,302.14130111816417,302.23859938067807,298.2982721245842,300.6040954589844,19774700
2023-05-15,300.7305114762556,301.5088380158988,299.2613882145806,301.08074951171875,16336500
2023-05-16,301.4407853698495,305.21573217875385,301.4407853698495,303.299072265625,26730300
2023-05-17,304.49838322404014,306.5849748220485,302.98703781876026,306.16571044921875,24315000
2023-05-18,306.6824666262682,311.07995152372933,305.8926785291236,310.5729064941406,27276000
2023-05-19,308.83731401909836,310.7971739556616,308.47655029580653,310.39739990234375,27546700
2023-05-22,310.65094892902596,314.5413890695808,310.0756729757329,313.16656494140625,24115700
2023-05-23,312.04526511786804,314.66815212283035,307.3845270869392,307.394287109375,30797200
2023-05-24,306.8774884337067,308.6033161721185,304.8103574976606,306.0194396972656,23384900
2023-05-25,315.175173290878,318.7438600972789,312.0160206042334,317.788330078125,43301700
2023-05-26,315.9356633458704,325.0816363269195,315.7991718307155,324.5843811035156,36630600
2023-05-30,326.866039835357,327.3632951279749,322.2735326633113,322.9463195800781,29503100
2023-05-31,323.9993748636306,327.5583014347169,319.16310540886235,320.1966857910156,45950600
2023-06-01,317.79799826429337,325.2083832572948,316.6181962485788,324.2820739746094,26773900
2023-06-02,325.9104672337744,329.0793797798021,324.25287030723234,327.0317687988281,25873800
2023-06-05,326.8562514071327,330.1129147289543,326.31022580563945,327.55828857421875,21307100
2023-06-06,326.96353250247705,327.0025428376745,323.88240041372416,325.3547058105469,20396200
2023-06-07,323.37529757305805,326.14443575419256,314.4535968237107,315.3116455078125,40717100
2023-06-08,315.85776302496004,318.49041045789704,315.28248697978324,317.14483642578125,23277700
2023-06-09,316.8814888323344,321.75673881470783,316.3159729270914,318.6365966796875,22529000
2023-06-12,320.3819407440362,323.8141360540533,317.0472861489783,323.57037353515625,24260300
2023-06-13,326.1249647437929,328.572349691123,322.14677395783576,325.949462890625,22951300
2023-06-14,325.9982505458626,330.58099797009817,324.50642506625707,328.92340087890625,26003800
2023-06-15,329.0598905688736,341.1114945004108,328.78687775426107,339.4149169921875,38899100
2023-06-16,342.5545684921727,342.70082003895476,333.41835487715986,333.7888488769531,46552000
2023-06-20,330.8442954840791,333.5451739442508,327.4803602441526,329.61572265625,26375400
2023-06-21,327.9775589781728,329.30364243212927,323.78485594149885,325.2376708984375,25117800
2023-06-22,325.78375659192324,331.6340575859297,325.02321865294914,331.2342834472656,23556800
2023-06-23,326.01771828331994,329.5279043913859,325.13044892910204,326.6612548828125,23146900
2023-06-26,325.39371033432894,327.72406452687306,320.29418775939905,320.4014587402344,21520600
2023-06-27,323.58006632131827,327.76303899280276,321.0839407974331,326.22247314453125,24354100
2023-06-28,326.31026905867196,329.5474425224492,325.48147052492266,327.4705810546875,20259500
2023-06-29,326.35900777987905,327.7240719566855,324.3211566594738,326.6905212402344,16997000
2023-06-30,329.32315064368396,334.17891054970244,328.78688502474677,332.0435485839844,26832800
2023-07-03,330.7272007694062,332.3945278816647,328.17257461621756,329.55712890625,12508700
2023-07-05,326.72948429799266,333.1258095919121,326.37848059881856,329.713134765625,18172400
2023-07-06,328.88439044633213,334.432427956872,327.1293121494876,332.7553405761719,28161200
2023-07-07,330.8539462339244,333.2623207283037,328.5918232764179,328.80633544921875,21214800
2023-07-10,326.25171917261997,326.86600540201454,319.4166095021663,323.5508117675781,32791400
2023-07-11,322.80007207810127,324.55515029230673,318.84137119543414,324.1748962402344,26698200
2023-07-12,328.20182929500714,333.1258197926784,327.29503995487715,328.786865234375,29995300
2023-07-13,331.0879653631058,335.16366709536976,330.5614300476907,334.1106262207031,20567200
2023-07-14,338.91768611399266,342.661875208143,335.71952273631194,336.6263122558594,28352700
2023-07-17,337.05526407197954,338.33257714303016,333.6621092446477,337.1040344238281,20363900
2023-07-18,337.20153461943244,357.62884439822335,333.63287773911316,350.5207214355469,64738600
2023-07-19,352.72433009882633,353.4166072525743,343.64661716979606,346.2207336425781,39732900
2023-07-20,344.74832951046557,349.0385422384877,336.7529100693952,338.2154846191406,33778400
2023-07-21,340.438643967474,341.5599453265858,331.3511723630361,335.19287109375,69405400
2023-07-24,337.2210384138867,338.2643490243122,333.76935318489967,336.4994812011719,26678100
2023-07-25,338.4495845575855,343.11035203179654,336.46050402116185,342.2230529785156,41637700
2023-07-26,332.92106736693563,336.07048951280683,324.7988843745913,329.3426208496094,58383700
2023-07-27,331.98500245672983,332.8137710712754,320.8401594248719,322.468505859375,39635300
2023-07-28,325.3449560601863,331.52676966933615,324.8574310459994,329.92767333984375,28484900
2023-07-31,328.51383777853505,329.2743755389443,325.04263262807757,327.5387878417969,25446000
2023-08-01,326.82697129555277,330.09339434116555,325.37415649793405,327.9482727050781,18311900
2023-08-02,325.3059494426346,325.3059494426346,318.2173166114524,319.3288879394531,27761300
2023-08-03,317.86632056535905,321.6495195711113,317.81757996467144,318.5098571777344,18253700
2023-08-04,323.5995783751702,326.7782506968959,319.0753323772253,319.60186767578125,23741500
2023-08-07,320.17717126140934,322.8487988022052,319.3483727907042,321.8737487792969,17741500
2023-08-08,318.802368731708,320.5477167225477,314.9411787114309,317.9150695800781,22327600
2023-08-09,318.32463292180273,318.9486495627494,313.03984786233747,314.1904296875,22373300
2023-08-10,317.8857952635295,320.0699275319088,313.16655676040074,314.8728942871094,20113700
2023-08-11,312.2695059957332,314.36585743355505,311.2456856962181,313.00079345703125,24355500
2023-08-14,313.3712631934291,315.9746294435467,312.0939206054899,315.95513916015625,18836100
2023-08-15,314.9411305404492,316.97898134379494,312.8935197157339,313.8295593261719,16966300
2023-08-16,313.4582836388938,316.9954627703804,312.4811692512175,313.06744384765625,20698900
2023-08-17,313.20426358487214,314.50381263909213,308.9733414603899,309.6280212402344,21257200
2023-08-18,307.29267431715726,311.0936633520083,304.4199558180871,309.2371520996094,24755000
2023-08-21,310.65399674996837,315.383227213463,309.7843803763491,314.51361083984375,24040000
2023-08-22,318.050696980202,318.6174101401044,314.1031469540319,315.08026123046875,16084600
2023-08-23,316.409231948521,321.66611285256477,316.0574552143243,319.5164489746094,21166400
2023-08-24,325.23254709942444,325.35957674760573,312.6375276630827,312.6473083496094,23281400
2023-08-25,314.11298756039173,317.9139473148537,311.5040788241883,315.58843994140625,21684100
2023-08-28,318.207066953983,318.68584344960186,314.3572339791844,316.29193115234375,14808500
2023-08-29,314.51357886440167,321.45109687018396,314.51357886440167,320.8941345214844,19284600
2023-08-30,321.1481929412585,322.26208781651366,318.97899784822044,321.26544189453125,15222100
2023-08-31,321.6661110110973,323.33696848625215,319.3014807588833,320.2590637207031,26411000
2023-09-01,323.7277749745022,324.3922056211829,319.3014478601216,321.138427734375,14942000
2023-09-05,321.47061510740485,327.1867399112931,321.13839981294905,325.9164733886719,18553900
2023-09-06,325.7503980121673,326.80566842614127,322.62362005663084,325.2618408203125,17535800
2023-09-07,323.7081941893977,325.45720725929107,321.49990640162497,322.3597717285156,18381000
2023-09-08,322.5356945258159,328.4667861972207,321.92010767166425,326.6200256347656,19530100
2023-09-11,329.5220626550476,330.67508035139593,327.7534879124914,330.2060546875,16583300
2023-09-12,328.13454656577954,329.08234867340195,323.89387388585794,324.1772155761719,17565500
2023-09-13,323.7277859536388,329.141008354495,323.59100543664357,328.36907958984375,16544400
2023-09-14,331.38838359380287,333.059241074138,328.86744125187914,330.9486999511719,20267000
2023-09-15,329.20939816193993,329.6783939916595,322.1057573596053,322.6627197265625,37679800
2023-09-18,320.29803185345907,322.8385348088435,318.89098498029716,321.5292053222656,16834200
2023-09-19,318.7053767522615,321.85168591600774,317.0833634746371,321.12860107421875,16505900
2023-09-20,321.9690173569062,322.0471733986375,313.17498661327795,313.42901611328125,21436500
2023-09-21,311.95362752791766,317.904252069436,307.79110964581065,312.2174377441406,35560400
2023-09-22,313.9663340767573,314.0933636906572,308.9146406682123,309.7549743652344,21447900
2023-09-25,309.34461765593346,310.3999178157117,307.7910094721355,310.27288818359375,17836000
2023-09-26,307.9180220612958,308.65085775757245,302.92495267803366,304.9964599609375,26297600
2023-09-27,305.1528159801847,307.1070447852302,302.6025617027996,305.6316223144531,19410100
2023-09-28,303.87278132742597,308.26004502387354,302.36804670236813,306.462158203125,19683600
2023-09-29,310.4781242122937,312.1587623008752,307.7715278533527,308.5238952636719,24147300
2023-10-02,309.0417036720847,314.52333029570326,307.96687199890835,314.43536376953125,20570000
2023-10-03,313.48759919542874,314.03481069195016,304.0877634575696,306.2178955078125,21033500
2023-10-04,306.84323355961436,312.71570064039577,306.8139213204077,311.660400390625,20720100
2023-10-05,311.78742886180316,312.65707498694155,307.6933171593875,312.0512390136719,16965600
2023-10-06,309.3055602997531,321.65630098463043,309.06128169271835,319.7704772949219,25673600
2023-10-09,317.3179339483483,322.7409074969346,315.7838570263933,322.27191162109375,19891200
2023-10-10,323.38576454759857,323.52257487302114,320.1710797301385,320.8746032714844,20557100
2023-10-11,323.6300480505899,325.20321772099476,321.60744393030456,324.8123779296875,20063200
2023-10-12,323.00471335948436,325.99468102864705,321.1970457612764,323.5812072753906,19313100
2023-10-13,324.7733436051939,326.1901418317179,318.89109484470674,320.2297668457031,21072400
2023-10-16,323.4737360067268,328.44727494049874,323.03405238313746,325.0273742675781,22158000
2023-10-17,322.0471280716989,325.8285559881701,319.91702585909127,324.4606018066406,18338500
2023-10-18,324.88074324116036,327.909803713785,320.78663169696983,322.5552062988281,23153600
2023-10-19,324.5485406563444,329.1703024841639,323.33692834747904,323.737548828125,25052100
2023-10-20,324.12835446088064,324.32378924714186,318.0018585787794,319.1939392089844,25027700
2023-10-23,318.0213985858915,325.1152580837002,316.96612824184217,321.7832946777344,24374700
2023-10-24,323.71803518553446,324.2456853865201,320.10272927891094,322.9656677246094,31153600
2023-10-25,337.1240202368528,338.2770379621599,329.89337919706037,332.87359619140625,55053800
2023-10-26,332.7465382675552,333.8115893601042,319.45777677753637,320.38604736328125,37828500
2023-10-27,322.8679522434815,329.0140110865285,320.88441090808146,322.26214599609375,29856500
2023-10-30,325.7796535964752,331.6814317971034,324.2357964399651,329.59039306640625,22828100
2023-10-31,331.0952774404079,331.2418386618225,327.03047725787985,330.3721923828125,20265300
2023-11-01,332.0136865785613,339.46907368839175,331.8768762591472,338.14996337890625,28158800
2023-11-02,339.29324086548826,340.84684939451466,336.87976677643417,340.3485412597656,24348100
2023-11-03,341.6284859220493,346.2795596471139,339.3811050850171,344.7259216308594,23637700
2023-11-06,345.36110615399525,349.3575005821622,345.2633887474612,348.37060546875,23828300
2023-11-07,351.17493911544506,354.16490704694723,349.44545721598166,352.2790832519531,25833900
2023-11-08,353.4027369651116,355.54261993465985,352.2985928972702,354.8879699707031,26767800
2023-11-09,354.00859546088725,356.4416310081341,352.1129908166349,352.4354553222656,24847300
2023-11-10,353.2171409877726,361.63011305149536,352.80676956173966,361.2099609375,28042100
2023-11-13,359.79306407971893,360.03734267871334,357.52615152445077,358.2882995605469,19986500
2023-11-14,362.51919694143055,363.43768679672274,358.94295491704753,361.7961120605469,27683900
2023-11-15,363.51938712911283,365.3307238214912,359.4365366374243,361.94305419921875,26860100
2023-11-16,363.20606948048294,368.48342035388106,362.4423744800686,368.30718994140625,27182300
2023-11-17,365.80068027610133,366.544804095545,359.3288587696676,362.1192932128906,40157000
2023-11-20,363.46060991672704,370.95070053235196,363.24520725093254,369.55059814453125,52465100
2023-11-21,367.8176325584251,368.3561243217149,363.3627202596963,365.27197265625,28423100
2023-11-22,370.0989155578587,371.8515087359404,367.13225084262217,369.9520568847656,23345300
2023-11-24,369.44291677497637,370.0695536363756,367.29872033158176,369.54083251953125,10176600
2023-11-27,368.9044009726802,372.683733332582,368.336537498751,370.6961364746094,22179200
2023-11-28,370.44160282909473,374.994400937648,370.25557188472965,374.70068359375,20453100
2023-11-29,375.7385254123956,376.26721663239306,369.55062106548934,370.93115234375,28963400
2023-11-30,370.578664516551,372.1452267516367,367.6218003340975,370.9898986816406,30554400
2023-12-01,368.8848238631299,370.25555453657734,363.54872995472044,366.6818542480469,33040500
2023-12-04,361.3849610271203,361.79616532164505,355.31454343634607,361.42413330078125,32063300
2023-12-05,358.7903292029664,365.28172122334854,357.9776614584204,364.7334289550781,23065000
2023-12-06,365.73209860202707,366.35870548187097,360.33726166675575,361.0911560058594,21182100
2023-12-07,360.53308164351836,363.68577677525514,358.66300184093467,363.19622802734375,23118900
2023-12-08,361.4828850941495,366.6329187107603,360.53315912391304,366.4077453613281,20154400
2023-12-11,360.7778775179064,363.8326571061726,358.44762055822775,363.5389099121094,27708800
2023-12-12,363.0983520859286,366.59373770012405,362.7164896784692,366.5545654296875,24838300
2023-12-13,368.16027437565873,369.7464376106383,363.0200118977458,366.5447692871094,30955500
2023-12-14,365.50693426286074,365.9475401487158,356.5188251808004,358.28118896484375,43277500
2023-12-15,359.1819619943408,364.6159417445296,358.6238691889497,362.9808654785156,78502300
2023-12-18,361.7276536100702,365.20343845853677,360.9737292655857,364.8607482910156,21802900
2023-12-19,363.7249554315047,365.4579772949219,362.1094503782396,365.4579772949219,20603700
2023-12-20,367.161590586535,368.1700598934919,362.785023231556,362.8731384277344,26316700
2023-12-21,364.77262075610525,366.58395739776404,362.30530541678434,365.7321472167969,17708000
2023-12-22,365.8691539017797,367.3378001809741,364.9194281127133,366.7503356933594,17107500
2023-12-26,367.1615944273694,369.0610461329153,365.69294804965995,366.8287048339844,12673100
2023-12-27,365.8789757378514,367.2203346368523,365.0173650898164,366.25103759765625,14905400
2023-12-28,367.5238756999293,368.5910885400905,366.33917592392487,367.4357604980469,14327000
2023-12-29,368.14066782074684,369.2764245304369,365.6733528250178,368.1798400878906,18730800
2024-01-02,366.0454121665628,368.0427796247224,359.1036138103624,363.117919921875,25258600
2024-01-03,361.29684544783345,365.4580105992302,360.8072966064926,362.8536071777344,23083500
2024-01-04,362.92209250603474,365.3012923191343,359.49525117073273,360.2491455078125,20901500
2024-01-05,361.25764113124956,364.2830491168241,358.8392688743441,360.0631408691406,21004600
2024-01-08,361.58071261682426,367.35741205524755,361.2967958412056,366.8580627441406,23134000
2024-01-09,364.23413165308716,368.13092123395006,363.4312643972459,367.93511962890625,20830000
2024-01-10,368.50297659226095,376.1399561660862,368.45403366179033,374.7691955566406,25514200
2024-01-11,377.9316910243427,382.5138608324762,372.4291670394017,376.59033203125,27850800
2024-01-12,377.43234537080764,380.55566927985785,376.6099069263744,380.3500671386719,21661200
2024-01-16,385.43155133047776,385.79381264906647,379.5177936668549,382.1123962402344,27202300
2024-01-17,379.8703470627965,381.95580012337945,376.7665941196336,381.3291931152344,22234100
2024-01-18,383.5320922463087,385.7546329209657,381.96553019541545,385.63714599609375,23392100
2024-01-19,387.48767542805655,390.33685302734375,385.2749052923237,390.33685302734375,29331100
2024-01-22,391.6585969965062,392.24606151114637,385.3630068278654,388.22198486328125,27016900
2024-01-23,387.4778603727062,391.0319893054533,385.69589563777015,390.56201171875,20525900
2024-01-24,393.1468390669837,397.1513444657461,392.07962632176026,394.1455078125,24867000
2024-01-25,395.8687348533506,398.5025096949156,394.11614184479663,396.4072265625,21021200
2024-01-26,395.917682766026,397.68007633393063,394.01823107466254,395.48687744140625,17803300
2024-01-29,397.57238286313674,401.41045873539736,395.8785331996652,401.1558837890625,24510200
2024-01-30,403.64277019124665,404.41623575131524,397.9542157503529,400.0494689941406,33477600
2024-01-31,398.45353212037105,406.6388032074163,388.90733097100707,389.26959228515625,47871100
2024-02-01,393.430744217634,399.4717890769623,393.401372487154,395.3399963378906,30657700
2024-02-02,395.36939499914837,404.0246140998081,395.12462060191353,402.62451171875,28256700
2024-02-05,401.3320936868834,402.5657662041655,395.5456233801517,397.1709289550781,25352300
2024-02-06,397.39614463854895,399.4424550677267,394.4882235276778,397.0142822265625,18382600
2024-02-07,398.92347427594905,405.6400685561608,398.88430201096446,405.3952941894531,22340500
2024-02-08,405.39538860876115,406.87383568951475,403.9071708692484,405.4541320800781,21225300
2024-02-09,406.5702855474464,412.0238664464446,406.41362634312986,411.7594909667969,22032800
2024-02-12,411.769283442755,411.94551383927785,406.0807287884979,406.580078125,21202900
2024-02-13,396.4757753769111,401.49855072964925,394.9581860838381,397.8269348144531,27824900
2024-02-14,400.2791853329973,402.0153819358465,396.84600689910087,401.67205810546875,20401200
2024-02-15,400.3478557485238,401.31894521125486,396.5713534874336,398.7980041503906,21825500
2024-02-16,400.17136177032233,400.49507828913886,395.7376668083811,396.3458251953125,22296500
2024-02-20,395.5413662628297,396.7675013679842,390.41123614122415,395.0999755859375,24307900
2024-02-21,392.5301035768011,394.609624467944,389.63641199991355,394.501708984375,18518900
2024-02-22,402.3587758261095,404.9483581581281,400.7697091781749,403.7908935546875,27009900
2024-02-23,407.73411674298126,407.92046175721333,401.162019956702,402.505859375,16295900
2024-02-26,403.6045434024342,404.2911912249742,399.5828131595868,399.7593994140625,16193500
2024-02-27,400.20071277924296,400.52442923735737,396.13976854109416,399.7004699707031,14835800
2024-02-28,400.38709194736896,401.48570431449235,397.5817089338175,399.9358825683594,13183100
2024-02-29,400.8382880200403,406.29213449344473,398.17021687273217,405.7428283691406,31947300
2024-03-01,403.41813008815376,407.93031407980567,403.0355914321904,407.5673828125,17823400
2024-03-04,405.54668869062186,409.38204334564557,404.4480762959748,406.9984436035156,17596000
2024-03-05,406.0567462440755,406.3412180011649,392.991071894389,394.9626770019531,26919200
2024-03-06,395.27656457076307,397.4247558475786,390.7840183450358,394.4133605957031,22344100
2024-03-07,398.3664647487739,401.9565926355365,394.5605358436286,401.3288269042969,18718500
2024-03-08,400.171309298901,402.58436507476455,396.61060766849016,398.46453857421875,18002200
2024-03-11,396.05146623078247,397.93479302965693,393.5991959671877,396.79693603515625,16120800
2024-03-12,399.8378019777306,407.63603426425436,399.02366133031137,407.3515625,22457000
2024-03-13,410.1177430442753,410.19620253246603,403.5947092048327,407.1750183105469,17115900
2024-03-14,412.2168124659908,419.6521126654565,410.0097692297409,417.10174560546875,34157300
2024-03-15,411.28505067232237,414.53185475986993,404.9091467039747,408.4698486328125,45079900
2024-03-18,406.34123515822085,412.69753127897746,405.8802070917239,409.3526306152344,20106000
2024-03-19,409.8528643144651,413.61957818454806,407.61639479250874,413.3645324707031,19837900
2024-03-20,413.94331910643774,417.82770774754715,412.62890552421754,417.1116638183594,17860100
2024-03-21,421.62378632435974,422.5949058623587,419.0047780206844,421.1725769042969,21296200
2024-03-22,421.4962894258474,421.65320840400005,417.93558766825475,420.5545959472656,17648500
2024-03-25,417.1214317546939,419.25001591585095,413.56072987159786,414.786865234375,18060500
2024-03-26,417.48436404283126,417.8571139836089,413.305715072137,413.5999755859375,16725600
2024-03-27,416.33666794000516,416.34648660093063,411.0103437373624,413.3841247558594,16705000
2024-03-28,412.92315255513495,413.81578270674646,411.1182848623514,412.687744140625,21871200
2024-04-01,415.8560141116514,419.72079454258875,414.15903226844193,416.46417236328125,16316000
2024-04-02,412.0893571765106,414.31603809824145,409.86270618972446,413.39398193359375,17912000
2024-04-03,411.7165660182198,415.17917040060684,411.0887704678448,412.4228210449219,16502300
2024-04-04,416.8761903565226,420.4859554910503,409.59786785676073,409.9019470214844,19370900
2024-04-05,411.9913032872843,418.3672072160066,410.3335658710208,417.3960876464844,16554800
2024-04-08,417.0527386666228,419.12244053087517,415.21841524840187,416.4837951660156,14272400
2024-04-09,418.29848942937065,419.5736580977935,413.57050478624086,418.14154052734375,12496900
2024-04-10,414.12962029851764,415.9344877287147,411.68716854848634,415.17919921875,16216600
2024-04-11,417.69033834286756,421.1725504908495,414.2963744060529,419.7600402832031,17966400
2024-04-12,415.9541310748391,417.06256218596104,411.75584496590756,413.8451843261719,19253800
2024-04-15,418.4553885722258,418.67118954498375,405.53681612132254,405.7428283691406,20273500
2024-04-16,406.65515878258486,410.4120243786573,405.83119940750504,406.6649475097656,16765600
2024-04-17,409.2839508985917,410.8828360715611,402.4960529094379,403.97723388671875,15855500
2024-04-18,402.7903806947221,404.0263347339794,396.23792042411,396.5517883300781,21029900
2024-04-19,396.3163237053195,397.73865251494925,390.17582902876677,391.50006103515625,30565800
2024-04-22,392.441727661041,395.1588624515417,388.1944084543801,393.304931640625,20286900
2024-04-23,396.5223162949651,400.4067342721825,395.3648518176367,399.78875732421875,15734500
2024-04-24,401.7407287200192,404.59517495198185,399.01380533371923,401.2502746582031,15065300
2024-04-25,386.5072408836068,392.2553782643455,380.62179192671005,391.4216003417969,40586500
2024-04-26,404.30097191316094,405.1151126000372,398.0133463554319,398.5626525878906,29694700
2024-04-29,397.51309850869376,398.5626776003093,391.5687964569437,394.57037353515625,19582100
2024-04-30,393.8248513162942,394.4820730278576,381.74008419354954,381.8970031738281,28781400
2024-05-01,385.11433904555116,394.05042796595137,382.85826224732904,387.3998718261719,23562500
2024-05-02,390.0679505478797,392.29460134045365,387.11540734616494,390.2445068359375,17709400
2024-05-03,394.5997356096934,399.37675358596374,394.18774100881984,398.8961181640625,17446700
2024-05-06,400.95603550783153,406.0273140130064,398.6116505989638,405.644775390625,16996600
2024-05-07,406.74337133005633,406.7531899905989,401.2797058272895,401.5249328613281,20018200
2024-05-08,400.3773092630151,404.3597941214035,398.9451617518151,402.7020568847656,11792300
2024-05-09,402.73156096887953,404.84050799997857,401.2896244521373,404.4481506347656,14689700
2024-05-10,405.0562460600837,407.44966453116945,403.93799631140473,406.8218688964844,13402300
2024-05-13,410.029454744504,410.3629599472109,402.9767222457907,405.82135009765625,15440200
2024-05-14,404.15378509704203,409.51935413927424,403.69275704643184,408.60711669921875,15109300
2024-05-15,410.66092785109674,416.46855556809163,410.0418362179186,415.7511901855469,22239500
2024-05-16,414.49335406459187,418.05067177577746,413.0684896947791,413.6973876953125,17530100
2024-05-17,415.2205635959117,415.5939858480529,410.7886784280323,412.930908203125,15352200
2024-05-20,412.9309055053418,419.37726753163014,412.7147152549324,417.9720458984375,16272100
2024-05-21,419.43623228216074,425.46988664412265,417.49054998726376,421.60797119140625,21453300
2024-05-22,422.6398032435963,424.919622461389,419.7310859592396,423.0623474121094,18073700
2024-05-23,425.4698570651074,426.0889486573305,418.05065430726955,419.603271484375,17211700
2024-05-24,419.7900340603218,423.59299146281916,417.0581916118114,422.7085876464844,11855300
2024-05-28,422.1877033571548,423.3570918822038,419.2101919839553,422.8657531738281,15718000
2024-05-29,418.3159892619867,423.4750461602697,418.3159892619867,421.7357177734375,15517100
2024-05-30,416.9500674611062,416.9500674611062,407.0643338259667,407.4869079589844,28394500
2024-05-31,409.5308671519035,409.5308671519035,397.50290358954135,407.9389343261719,47995300
2024-06-03,408.3319723384426,409.21637607324783,401.83648858598,406.3567810058594,17484700
2024-06-04,405.28571008638386,409.2262568074665,402.58334672161834,408.8626708984375,14348900
2024-06-05,410.5724274049153,416.73380368644956,409.0885749875474,416.6650390625,16988000
2024-06-06,416.6651146111646,417.9425834215114,413.2945078470223,417.166259765625,14861300
2024-06-07,418.8172023955245,418.89580340788024,415.67262210037114,416.5079040527344,13621700
2024-06-10,417.34315052242914,420.66457531575907,416.5471841383872,420.4582214355469,13982900
2024-06-11,418.1096457911631,425.3224952545953,417.88361916349896,425.1849060058594,14551100
2024-06-12,427.7791794767063,435.71920053687387,425.7450298401941,433.41973876953125,22366200
2024-06-13,433.2134201697404,435.7094296372952,431.7590465451533,433.9307556152344,15960600
2024-06-14,430.68786981308114,435.4636977946633,429.15489539650804,434.903564453125,13582000
2024-06-17,434.9232138540311,443.1285766509554,433.08561180023855,440.60308837890625,20790000
2024-06-18,441.9198947788086,442.34246889984814,437.18341197055486,438.6082763671875,17112500
2024-06-20,438.5689831798124,438.7950098147065,433.62611625090886,437.9794006347656,19877400
2024-06-21,439.63025801243765,442.774807970896,438.77533339876635,441.9886779785156,34187100
2024-06-24,442.0082999216464,444.90721036131976,438.6770389987755,439.91522216796875,15913700
2024-06-25,440.4852168409384,443.60031790530934,439.01120049902784,443.1384582519531,16413400
2024-06-26,441.22215886891127,445.7424809709231,440.42619256271684,444.3274230957031,16507000
2024-06-27,444.3470555991846,448.2679587829335,443.9441542700809,445.0054626464844,14806300
2024-06-28,445.2217457631377,447.4917286115272,438.6771093729576,439.207763671875,28362300
2024-07-01,440.88808384173325,449.447196335744,437.94005138791704,448.81829833984375,17662800
2024-07-02,445.349461110364,451.6287548273333,445.26099374388446,451.3241271972656,13979800
2024-07-03,450.25300481306164,453.03396893483153,449.94837718806366,452.7882995605469,9932800
2024-07-05,451.6483651745115,460.2369864186551,451.0194672052492,459.4606628417969,16000300
2024-07-08,458.46811024845846,459.5982132034473,456.414318165017,458.1634826660156,12962300
2024-07-09,458.91038601076474,459.23465638604694,450.06628863582495,451.5796203613281,17207200
2024-07-10,453.230594452113,458.3798158270824,450.9114595653864,458.1734619140625,18196100
2024-07-11,454.9600551032178,456.72886266734906,443.7280281074878,446.823486328125,23111200
2024-07-12,446.45981604032585,448.4546499899947,442.84357035631416,445.6933288574219,16324300
2024-07-15,445.4476817175394,449.33910606074033,443.61007966105154,446.09625244140625,14429400
2024-07-16,446.35175028412175,446.430351284593,438.92271119875926,441.733154296875,17175700
2024-07-17,434.92318387202874,437.14404437719276,431.5722503624344,435.8370666503906,21778000
2024-07-18,436.6428994208888,436.94752703468305,426.8750830594602,432.7416687011719,20794800
2024-07-19,425.5976305961669,433.49836608097274,424.51667935003445,429.53814697265625,20940400
2024-07-22,434.1370778123692,436.89839903999433,431.3069619660928,435.26715087890625,15808800
2024-07-23,436.2104874526135,440.622729326486,435.4243575361341,437.14404296875,13107100
2024-07-24,432.82034171919196,433.83249840274334,420.18309274942834,421.47039794921875,26805800
2024-07-25,421.37209200547386,422.3547694868196,410.2776848331151,411.1522521972656,29943800
2024-07-26,410.95572197330205,421.49002544679837,410.04180915234855,417.9032287597656,23583800
2024-07-29,424.10394408211863,424.66407745687695,417.34314804369717,419.3379821777344,15125800
2024-07-30,420.3108034246303,421.6177512482942,410.13024936818454,415.5939636230469,32687600
2024-07-31,413.21586942488864,414.47369536650564,405.0694649339739,411.1031188964844,42891400
2024-08-01,413.50088916463085,420.05533154219523,405.9342601346404,409.8846130371094,30296400
2024-08-02,405.3445889736249,407.8111188309651,397.33577420400843,401.41387939453125,29437900
2024-08-05,382.42860065253456,394.09297731515574,378.9007621776494,388.30499267578125,40709200
2024-08-06,393.07100276300895,398.6427974223072,391.59698650264767,392.687744140625,24946500
2024-08-07,401.5613573427881,402.97638538590667,390.58483621712907,391.5281982421875,20650900
2024-08-08,395.46871662305415,398.8294567188382,393.0120229903142,395.7143859863281,20203000
2024-08-09,397.0312061411671,400.9815590644515,395.2918776876415,398.9867248535156,19276700
2024-08-12,400.0086698442997,401.67923346079886,397.2375123110676,399.76300048828125,16762900
2024-08-13,402.49483997156227,407.7620065253935,402.47519721922214,406.8382873535156,19414300
2024-08-14,407.61463319199424,410.48406481515934,405.3053649551057,409.6389465332031,18267000
2024-08-15,413.27153919674845,414.56116454959863,411.16483466760724,414.482421875,20752100
2024-08-16,414.05913029915934,414.787612725286,410.8104315549657,411.9622497558594,22775600
2024-08-19,412.44459964164133,415.19121979816396,409.98347800679744,414.9746398925781,15234000
2024-08-20,415.14205004692775,419.2373304106215,415.08298552534507,418.1938171386719,16387600
2024-08-21,417.48497282390196,419.7689009161739,415.1616884163413,417.5440673828125,16067300
2024-08-22,417.7606371537281,420.1528703345148,408.16226230018384,409.087646484375,19361900
2024-08-23,410.4954277824997,412.73996960606866,405.6814592418378,410.3083801269531,18493800
2024-08-26,409.89487877847426,410.7907306533513,404.94310328054127,407.0596618652344,13152800
2024-08-27,406.43946532338146,407.91613833509496,403.8700687036349,407.40423583984375,13492900
2024-08-28,408.4280692350888,408.5461982686738,400.97578558888256,404.2146301269531,14882700
2024-08-29,408.48716903331825,415.4865852646763,404.2146650393698,406.6954650878906,17045200
2024-08-30,409.1368946584357,410.9974871196902,405.72085639315753,410.6529541015625,24308300
2024-09-03,411.4109125689516,413.35027748692255,400.7001071362785,403.0726318359375,20313600
2024-09-04,399.5975240045065,404.8446216814279,398.08146478954603,402.541015625,15135800
2024-09-05,401.28095677141835,406.67574622741506,399.8141378862011,402.03900146484375,14195500
2024-09-06,402.6985610672717,404.26383081056673,394.5670056307313,395.4530334472656,19609500
2024-09-09,400.9068736495872,402.2949499033103,395.89603343829765,399.4105224609375,15295100
2024-09-10,401.85200481793703,409.855548179251,401.3597804269513,407.7586975097656,19594300
2024-09-11,409.03840014283475,417.3963592828998,403.21045111442425,416.4611511230469,19266900
2024-09-12,416.72697057085117,420.7238298297295,413.2223356546228,420.3595886230469,17395700
2024-09-13,419.2077526362247,425.1144444971336,418.84351144501346,423.89373779296875,15874600
2024-09-16,423.90362815097126,426.7880557127787,421.5606353721957,424.6321105957031,13834700
2024-09-17,433.38382833136643,434.9786302945307,425.5475956574911,428.3828125,18874200
2024-09-18,428.2351941115192,429.2491750935579,423.71657808226,424.1103515625,18898000
2024-09-19,434.36830593406904,434.63409626466625,430.1056262859268,431.8677978515625,21706600
2024-09-20,430.42066355244185,432.4092391189892,427.4673174405253,428.5009765625,55167100
2024-09-23,427.52638627626743,429.67247726227924,423.6968964015023,426.76837158203125,15128900
2024-09-24,426.26624401276456,426.6108070315339,419.4735546779715,422.4958190917969,17015800
2024-09-25,423.14556440453987,426.384408985251,421.9051794925785,425.3901062011719,13396400
2024-09-26,428.323692137183,428.530417909123,422.45638751829534,424.60247802734375,14492000
2024-09-27,424.8093096047705,425.1341945131492,420.82230422369577,421.3637390136719,14896100
2024-09-30,421.55078212730024,423.7264354508624,418.75495134014767,423.6082763671875,16807300
2024-10-01,421.78706729834266,421.81659955830685,412.2969671899716,414.1477355957031,19092900
2024-10-02,416.0082934736332,416.2445815766932,410.22958475813624,410.64306640625,16582300
2024-10-03,411.1353013004486,413.02542591560956,407.84724636027164,410.062255859375,13686400
2024-10-04,411.7357819472086,413.2223089798081,408.5166457695598,409.5896911621094,19169700
2024-10-07,409.5306419831522,410.6233655735784,402.6395013728588,403.1711120605469,20919800
2024-10-08,404.5099947662806,409.19598053892946,401.82246884384335,408.2607421875,19229300
2024-10-09,409.39277177231503,413.8424985783194,407.8570343920262,410.9678955078125,14974300
2024-10-10,408.77263914925425,410.859665558973,406.7249690560659,409.3731384277344,13848400
2024-10-11,409.66850956364067,410.64310419410805,406.82343830885475,409.845703125,14144900
2024-10-14,411.27310627026066,417.4456186019399,411.02699410502277,412.621826171875,16653100
2024-10-15,415.61453317923247,415.9098858066577,408.80216519233556,412.22802734375,18900200
2024-10-16,408.7135954364056,409.88506179410496,404.0965284555642,409.6488037109375,15508900
2024-10-17,415.79177751966756,415.92961477123424,409.12707001088165,410.239501953125,14820000
2024-10-18,410.6529471112624,413.12389293089865,409.78662744422246,411.6570739746094,17145300
2024-10-21,409.6487883889798,412.44461909285747,407.31564977599334,412.2674255371094,14206100
2024-10-22,411.9819175179694,423.8838984262341,411.53893363879695,420.8616638183594,25482200
2024-10-23,424.1595460644349,424.37612597688815,415.95910173602493,417.9969177246094,19654400
2024-10-24,418.7155536346828,419.35546932603506,415.83112614516494,418.1249084472656,13581600
2024-10-25,420.1233311665373,425.7937351729216,419.9362835126177,421.49169921875,16899100
2024-10-28,424.9470943239702,425.2227387354677,419.6704341057476,419.9559326171875,14882400
2024-10-29,421.3439905701075,426.4336029274501,419.17819168549653,425.2325744628906,17644100
2024-10-30,430.6372355196224,431.68074872313076,425.3802831426112,425.8035888671875,29749100
2024-10-31,408.90056227484143,409.6881391925744,399.981460227055,400.03070068359375,53971000
2024-11-01,402.6494147801429,409.0384779018434,401.162887472927,403.9882507324219,24230400
2024-11-04,403.42706781751014,404.0374512515174,399.26286901744754,402.10791015625,19672300
2024-11-05,402.0193362267301,408.44778544240023,401.7338376736444,405.061279296875,17626000
2024-11-06,406.00632872643234,413.91145024796907,404.1358522419557,413.6456298828125,26681800
2024-11-07,414.7285393416903,420.2119257079772,413.35031719618456,418.8139953613281,19901800
2024-11-08,418.70569909892066,419.8673412736044,415.22074253188157,415.96893310546875,16891400
2024-11-11,415.9493350405672,418.20373141533054,409.5307390800791,411.5094909667969,24503300
2024-11-12,411.7456609678349,417.8394007087299,410.71200186963034,416.4513244628906,19401200
2024-11-13,415.0829203341967,422.65330239599416,411.7062388180916,418.5875549316406,21502200
2024-11-14,418.390720208814,421.51143597611144,413.4684764416515,420.2513427734375,30246900
2024-11-15,413.29122260558944,416.22486023548765,407.207337406915,408.5461730957031,28247600
2024-11-18,408.41819885611204,411.89330132284374,405.69128696291637,409.29437255859375,24727000
2024-11-19,406.68560375296545,411.4405079817959,405.1498661250552,411.2928466796875,18133500
2024-11-20,410.38713903081657,410.8006207181085,404.19494808048387,409.0285949707031,19191700
2024-11-21,413.80284233986384,414.0790385036892,404.71793020151534,407.26287841796875,20780200
2024-11-22,405.7832472742104,411.73135363774225,405.4774597411712,411.3367919921875,24814600
2024-11-25,412.698073057269,415.36138685697927,409.21601445717323,413.1025085449219,27691100
2024-11-26,413.89166578168545,423.2133401022422,413.1617251409629,422.1775817871094,23458900
2024-11-27,419.33668746447955,421.4279216336492,416.28865548862075,417.2454833984375,18332400
2024-11-29,414.384847961252,419.10980447039015,412.1259395107062,417.7090759277344,16271900
2024-12-02,415.84477479075025,427.11953971126485,415.58829615007085,425.1269836425781,20207200
2024-12-03,424.0024483022702,426.59673575541547,421.9309618493427,425.343994140625,18302000
2024-12-04,427.1490673141917,433.69890467425466,426.75450568960144,431.4794616699219,26009400
2024-12-05,431.97270407918,438.6211597736825,430.2464705000807,436.6088562011719,21697800
2024-12-06,436.29321828806303,440.04162946603964,435.7704172944161,437.5459899902344,18821000
2024-12-09,436.5892007915705,442.2413642775732,434.51771418120455,439.9627380371094,19144400
2024-12-10,438.35489731377754,443.51385110608015,435.602778974257,437.30926513671875,18469500
2024-12-11,438.019420871054,444.2338797106506,438.019420871054,442.892333984375,19200200
2024-12-12,443.0106891858234,449.96496224230685,443.0106891858234,443.45458984375,20834800
2024-12-13,442.34980235220513,445.2991859531554,439.5286279530639,441.1956787109375,20177800
2024-12-16,441.1957234184863,446.03904550783295,439.2327587604127,445.4570617675781,23598800
2024-12-17,444.8849272856994,449.1068002031095,443.4644812477741,448.2880554199219,22733500
2024-12-18,445.19070178831043,446.50262602359174,431.08488976149135,431.44989013671875,24444500
2024-12-19,435.6224173363725,437.1612287919841,430.39440791706704,431.0947570800781,22963700
2024-12-20,427.2280306144627,437.71367214918683,422.80889160222836,430.670654296875,64263700
2024-12-23,430.80871372187636,431.70635881030796,426.9518110200716,429.3389587402344,19152500
2024-12-24,428.7470606574343,433.629847299066,428.29331629516184,433.3634948730469,7164500
2024-12-26,433.1169536147247,434.9517090842379,430.70024449975995,432.1601257324219,8194200
2024-12-27,428.69777768381334,429.30935275325726,420.5598195240772,424.68304443359375,18117700
2024-12-30,420.27376177490316,421.7435167493127,416.17025429217676,419.0604553222656,13158700
2024-12-31,420.31326102478425,420.93470998738326,414.9471377359365,415.7757263183594,13246500
2025-01-02,419.7509810335182,420.2836558558519,409.21603069875914,412.8953552246094,16896500
2025-01-03,415.36136467137544,418.2713132207811,413.8423008464514,417.6005554199219,16662900
2025-01-06,422.1873855590837,428.42156165470556,419.70162020085996,422.0394287109375,20573600
2025-01-07,423.1738138555601,424.80139942668757,415.0851648128758,416.63385009765625,18139100
2025-01-08,417.7090917280971,421.1714329663283,415.81518360520914,418.7941589355469,15054600
2025-01-10,418.8631994200863,418.9420997125399,409.383695034764,413.2603454589844,20201100
2025-01-13,409.6007318390263,412.81646832203865,406.69081302742603,411.5242614746094,17604800
2025-01-14,412.1358238822972,414.03960580749714,405.1421150215387,410.02490234375,16935900
2025-01-15,413.43787278736687,422.3353628905166,412.58953664498,420.5203552246094,19637800
2025-01-16,422.8779150872359,423.6571645662551,418.6264508238549,418.8138427734375,15300000
2025-01-17,428.1947089431654,428.57942688248704,422.3551241092644,423.20343017578125,26197500
2025-01-21,424.35752761269225,425.0480029513297,419.819993531564,422.68060302734375,26085700
2025-01-22,431.6175824572203,441.1957044539868,430.0787709144918,440.1402587890625,27803800
2025-01-23,435.9973147591307,440.6828062638951,435.50410512705025,440.6433410644531,18389300
2025-01-24,439.1143639891968,440.5841189283991,435.40541825453283,438.029296875,15549500
2025-01-27,418.2515848986201,429.2896173703644,417.7485015093757,428.6582946777344,35647800
2025-01-28,428.6978201786795,442.29067649663904,425.5215489294809,441.126708984375,23491700
2025-01-29,440.6235877197962,440.81100977301065,434.41900262341227,436.3227844238281,23581400
2025-01-30,413.0827588425547,417.1172097708342,407.54896156269734,409.3540954589844,54586300
2025-01-31,413.2899333042713,414.976701732093,409.27519987674,409.42315673828125,34161900
2025-02-03,406.0101743775102,409.7684293585694,403.11009933813943,405.33941650390625,25679100
2025-02-04,407.0853452090854,408.29865167160733,404.1753965052981,406.7696838378906,20532100
2025-02-05,406.74997908357795,408.2098602907994,404.8264495269334,407.6772155761719,16316700
2025-02-06,408.3775613386283,412.5205341470821,408.3775613386283,410.1728515625,16309800
2025-02-07,410.8238533335017,412.96436600470287,402.5576561425311,404.18524169921875,22886800
2025-02-10,408.0914590052598,409.8176925215145,405.33937124502273,406.6217041015625,20817900
2025-02-11,404.07678288840276,406.88805357704496,403.741373863551,405.8523254394531,18140600
2025-02-12,401.6797906754277,405.17172339110687,398.8783635040398,403.4849548339844,19121700
2025-02-13,401.47266675710785,405.418344071674,400.8413439372754,404.964599609375,23891700
2025-02-14,402.25191655873215,403.35670130819824,400.3678521686821,402.8832092285156,22758500
2025-02-18,402.4590402622825,405.0237362453633,400.9794114377888,404.0767822265625,21423100
2025-02-19,402.34070226719325,409.84733856693146,402.1138149948078,409.1371154785156,24114200
2025-02-20,410.47141636340496,414.4447616167347,407.75332449561745,411.3016662597656,23508700
2025-02-21,412.49761092708707,413.19936436928833,403.15727713591093,403.4735412597656,27524800
2025-02-24,403.77011965609864,404.62012670611466,394.6867476536957,399.31243896484375,26443700
2025-02-25,396.44608593506547,397.25657880262406,392.09714469383994,393.283203125,29387400
2025-02-26,393.39199655021156,398.9171335219328,389.67561326221704,395.092041015625,19619000
2025-02-27,396.6141373782218,401.03227411101483,387.61974690299365,387.9755554199219,21127400
2025-02-28,388.10398215130573,393.01631660620876,382.0846478468725,392.38372802734375,32845700
2025-03-03,394.1925506012372,394.1925506012372,381.6794393165997,383.9823913574219,23007700
2025-03-04,378.9514422192701,388.0249203607145,376.5792952112664,384.1009826660156,29342900
2025-03-05,384.82253320835395,397.00948665687173,384.29868393839774,396.36700439453125,23433100
2025-03-06,389.70514985658184,397.48382905920323,388.12370869732325,392.2848815917969,23304600
2025-03-07,387.76795648683793,390.2191619837315,381.0666253730808,388.7464599609375,22034100
2025-03-10,381.3631423753148,381.91664235119805,372.8431639999478,375.7490539550781,32840100
2025-03-11,374.6024872406928,381.5212666884101,372.5367409966354,376.0356750488281,30380200
2025-03-12,378.5066728711865,380.7503233781215,374.55308456142495,378.82293701171875,24253600
2025-03-13,378.7142611357114,380.8492026304598,373.0705217726956,374.37518310546875,20473000
2025-03-14,375.3734195488383,385.7021804869834,375.10656321193693,384.0515441894531,19952800
2025-03-17,382.2131776873556,388.15342385678485,381.0962841175908,384.1899719238281,22474300
2025-03-18,382.57886557924786,382.87537263830677,376.67813379609476,379.0700378417969,19486900
2025-03-19,381.0567221702146,385.158563988563,379.54447585576617,383.3201599121094,19185500
2025-03-20,381.2642891356356,387.24410971121733,378.8328407062668,382.3515319824219,18470500
2025-03-21,378.77352451177876,387.194656647968,378.3583844724842,386.7202453613281,39675900
2025-03-24,390.81222312553433,390.81222312553433,385.28708673252123,388.5191345214844,21004500
2025-03-25,389.3493790004213,391.7610400507305,388.08423198363494,390.5749816894531,15775000
2025-03-26,390.4168571879551,390.72325787798576,384.0614710304359,385.4452209472656,16108400
2025-03-27,385.60336562359333,387.6888690270636,382.9050306805178,386.0481262207031,13766800
2025-03-28,383.5771709738401,384.61500612887534,372.5565482590105,374.40484619140625,21632000
2025-03-31,368.2174858935481,372.694923815259,362.9789628551185,371.034423828125,35184700
2025-04-01,370.302940607575,378.4078083047587,368.8994337189865,377.7554626464844,19689500
2025-04-02,373.584455994143,380.61194495123306,372.2501138660857,377.7060852050781,16092600
2025-04-03,370.4413221297822,373.10011248760316,365.06444000689004,368.7807922363281,30198000
2025-04-04,359.90499587925865,370.2436198076782,355.30895597122804,355.6647644042969,49209900
2025-04-07,346.8087713756296,366.6953157485582,340.7894367933375,353.707763671875,50425000
2025-04-08,363.98715955184485,369.31460473132455,346.1861164728992,350.44610595703125,35868900
2025-04-09,349.4379409733939,388.667426732123,349.0030438091915,385.9591979980469,50199700
2025-04-10,377.6269854135807,379.44563241847453,363.5324334212975,376.92523193359375,38024400
2025-04-11,376.2234920445777,385.52428234575257,374.4937970946495,383.94287109375,23839200
2025-04-14,388.6575040815548,390.0709046779098,379.75203666792555,383.3102722167969,19251200
2025-04-15,384.00213704858294,387.342923812398,379.7026039659422,381.25439453125,17199900
2025-04-16,376.25312290658945,377.1821883945702,363.7301188576812,367.2982177734375,21967800
2025-04-17,369.41339637295704,369.9767899290697,362.6330071079686,363.5126647949219,21120200
2025-04-21,358.6102676210093,360.2510105389955,351.5432339047138,354.95318603515625,20807300
2025-04-22,359.1637239988867,363.5027713530303,355.6845470865514,362.5638122558594,19485000
2025-04-23,371.6966268435602,375.9764033603888,368.69189108581185,370.0460205078125,20545500
2025-04-24,371.340741482022,383.942802435075,370.836649391586,382.8061218261719,22232300
2025-04-25,382.5096738423667,387.60980644654984,380.1375268589871,387.30340576171875,18973200
2025-04-28,387.41210451108003,388.18305301396595,382.1538550582223,386.62139892578125,16579400
2025-04-29,386.75975859738145,390.51568553400665,385.85045019118235,389.4679870605469,14974000
2025-04-30,385.7713871677669,392.0576085897077,379.97939447353656,390.6738586425781,36461100
2025-05-01,426.1078502028247,431.91962985286955,419.9699127886788,420.464111328125,58938100
2025-05-02,426.7305579775838,434.3412277785372,425.0008630376841,430.2294921875,30757400
2025-05-05,427.8474632490504,434.40054108405303,427.09627177369964,431.10919189453125,20136100
2025-05-06,427.18524232094876,432.65107712392626,426.1671945058241,428.2823486328125,15104200
2025-05-07,428.8061738000786,433.0365119798482,426.10783898687293,428.3218688964844,23295300
2025-05-08,432.8487017029497,438.52212113478646,430.6050513161737,433.0859375,23491300
2025-05-09,434.8946881691784,435.6260923106028,430.82249727884243,433.6394348144531,15324200
2025-05-12,440.7658165502587,444.1560114514232,434.67728663767485,444.04730224609375,22821900
2025-05-13,442.5844447017788,445.4409267506546,440.192510488539,443.9286804199219,23618800
2025-05-14,442.940276452347,448.6334230518337,442.940276452347,447.6845703125,19902800
2025-05-15,446.3576953837484,451.7246558325709,446.0210270484144,448.6946105957031,21992300
2025-05-16,447.6251542704443,449.91254071320964,444.3376746324017,449.82342529296875,23849800
2025-05-19,446.46660651740484,455.0913410046994,446.3873726676465,454.3783874511719,21336500
2025-05-20,451.13050930908776,453.8535912700005,449.87295142774695,453.6852722167969,15441800
2025-05-21,450.12052955644793,453.2991005803846,447.38753565613104,448.1401062011719,19216900
2025-05-22,450.4967994491365,455.74490907390424,449.4570590917957,450.40765380859375,18025600
2025-05-23,445.5754438212613,449.2491205375805,444.51591011589574,445.7734680175781,16883500
2025-05-27,452.0118507212909,456.43809825868186,451.6553587930952,456.1806335449219,20974300
2025-05-28,456.70544210957024,457.9927052337918,452.45742544945836,452.8832092285156,17086300
2025-05-29,457.0321797296883,457.2005290082406,450.8532686393741,454.1902770996094,13974800
2025-05-30,455.22010105843367,457.16090743162863,451.081023612945,455.85382080078125,34770500
2025-06-02,452.6653804963421,457.5867035205711,452.41782757710985,457.4480895996094,16626500
2025-06-03,456.95294554827,459.59682380087423,456.3489007620485,458.4382629394531,15743800
2025-06-04,459.4582001214203,461.1316602074749,458.48778183720145,459.3294677734375,14162700
2025-06-05,460.4088263203011,465.0529216385449,459.4879366863286,463.1022033691406,20131700
2025-06-06,465.4885869985769,468.7067748339504,464.19141216551986,465.7757568359375,15285600
2025-06-09,465.1023948212888,468.79586470326865,464.032949384032,468.1225280761719,16469900
2025-06-10,466.57783210788693,468.172058367284,462.38922592870773,466.31048583984375,15375900
2025-06-11,465.41924870930376,470.81591405576256,465.0627870357861,467.9938049316406,16399200
2025-06-12,470.37032681118086,475.7174938929388,468.88500933710617,474.1826477050781,18950600
2025-06-13,471.74673205457395,474.48960742449077,468.13246560456287,470.3109130859375,16814500
2025-06-16,470.5584575569121,475.98482813726486,470.3505215770748,474.45001220703125,15626100
2025-06-17,470.74663593423935,474.0539393845567,469.4395492382731,473.3608093261719,15414100
2025-06-18,473.3211811212961,476.291816149254,469.8158233270243,475.53924560546875,17526500
2025-06-20,477.5097592999014,478.7277002496467,472.2022093150259,472.7270202636719,37576200
2025-06-23,473.52910172023695,482.97572926336846,467.8849134818946,481.24285888671875,24864000
2025-06-24,484.1640031375646,487.0356109071577,482.0350238939456,485.3126220703125,22305600
2025-06-25,487.2237477118272,489.71907018583636,484.59969288856837,487.45147705078125,17495100
2025-06-26,488.15453290095326,493.1650012559548,487.9861836300842,492.5807800292969,21578900
2025-06-27,492.6797975508017,494.4126679494895,488.2040517426954,491.0855712890625,34539200
2025-06-30,492.17479474651304,495.8583832017286,490.4815111095117,492.5411682128906,28369000
2025-07-01,491.61036068604886,493.1748817381986,486.1741086010328,487.2336120605469,19945400
2025-07-02,485.1938116448169,488.66946431331223,483.9164603345879,486.2830505371094,16319600
2025-07-03,488.9764203666982,495.2345653483035,488.6100468852986,493.9571838378906,13984800
2025-07-07,492.51147619590915,493.86806132382594,490.38252718836065,492.84814453125,13981600
2025-07-08,492.37283752871576,493.3234624825612,489.27347018920887,491.7589111328125,11846600
2025-07-09,495.40288075164045,501.8194631786975,494.8483646402868,498.58148193359375,18659500
2025-07-10,498.12592881176073,499.50233742843255,492.877819466512,496.5713195800781,16492100
2025-07-11,493.5907782355643,500.0865639242522,492.9273231662245,498.393310546875,16459500
2025-07-14,496.6109349689791,499.0369655948213,496.1257409313552,498.09625244140625,12058800
2025-07-15,498.0962552049,503.3245715280963,497.8685258646023,500.8688659667969,14927200
2025-07-16,500.23514183467364,501.760076321519,496.97736708309617,500.67083740234375,15154400
2025-07-17,500.7302212088446,508.34495123446135,500.67081092720053,506.6913146972656,17503100
2025-07-18,509.4440643876484,509.6025320949179,502.4630844244223,505.05743408203125,21209700
2025-07-21,501.75013722027745,507.0775109565722,500.6014880788464,505.0673522949219,14066800
2025-07-22,505.96840625923335,506.19616579872985,500.3241882324219,500.3241882324219,13868600
2025-07-23,501.78975657062705,501.82937349813983,495.7989881406536,500.9183654785156,16396600
2025-07-24,503.79000158856684,508.6420329312165,502.33438916388565,505.8793640136719,16107000
2025-07-25,507.4537578741833,513.216797186473,505.3644257046499,508.6816711425781,19125700
2025-07-28,509.0480107678364,509.9589885432546,505.12675096242896,507.48345947265625,14308000
2025-07-29,510.48381297361453,512.5533213636355,506.55264151082275,507.5527648925781,16469200
2025-07-30,510.12731827097724,510.89971236727115,504.4534248625209,508.2162170410156,26380400
2025-07-31,549.795171976257,550.0130499577134,526.6935786680993,528.2778930664062,51617300
2025-08-01,529.7632164041114,530.5553736121248,515.7616096000787,518.9797973632812,28977600
2025-08-04,523.0991177691142,532.981410508703,522.960473635689,530.39697265625,25349000
2025-08-05,531.9219176627233,532.0407382325785,522.0792108748774,522.584228515625,19171600
2025-08-06,525.70337986457,526.4955370830186,518.9006307843745,519.8016967773438,21355700
2025-08-07,521.6434435727333,522.9208551796034,512.483986539974,515.7418212890625,16079100
2025-08-08,517.4846309027208,519.5244646686413,514.3258530361145,516.9301147460938,15531000
2025-08-11,517.1875004407061,522.4257584225397,514.6327376205326,516.6627197265625,20194400
2025-08-12,518.623257971221,525.782467566966,517.5835480141434,524.0595092773438,18667000
2025-08-13,526.9014833945702,527.4857348349631,514.2861971986356,515.484375,19619200
2025-08-14,517.4449565045493,520.8017882377586,515.0486614235291,517.36572265625,20269100
2025-08-15,517.6529556536844,520.9503168823401,513.9990723038397,515.078369140625,25213300
2025-08-18,516.4844919382945,517.7024328589179,508.9885829187347,512.0383911132812,23760600
2025-08-19,509.9589996924715,510.11740696385556,503.5721224631474,504.7801818847656,21481000
2025-08-20,504.87920872605446,505.9981527246316,499.5023667236012,500.76983642578125,27723000
2025-08-21,499.57962247206007,503.48747238505433,498.6175369804135,500.1251220703125,18443300
2025-08-22,500.1350363394598,506.56216679087737,498.310055406757,503.0907287597656,24324200
2025-08-25,502.4956437530773,504.04291093011733,500.00611695670057,500.1449890136719,21638600
2025-08-26,500.2441598895975,500.85912581033193,494.4419229807315,497.943115234375,30835700
2025-08-27,497.90339657266526,503.1502356611414,495.82052770460996,502.6047058105469,17277900
2025-08-28,502.95187030654046,506.91922816363694,501.3748491905692,505.4810791015625,18015600
2025-08-29,504.5090702372647,505.44140176386463,500.3730863144936,502.5551452636719,20961600
2025-09-02,496.3859077753076,501.87077891116434,492.75577163159113,500.9979553222656,18128000
2025-09-03,499.67883751509856,503.6461955733364,498.2208322179546,501.2261047363281,16345100
2025-09-04,500.1846427841772,504.00323087503085,499.0440334241921,503.82470703125,15509500
2025-09-05,504.9156980825419,507.7920263313322,488.3519677503994,490.96051025390625,31994800
2025-09-08,494.0451377441344,497.1099483047291,490.990285532587,494.1344299316406,16771000
2025-09-09,497.33802599365555,498.15134157087306,493.6384843818268,494.3426818847656,14410500
2025-09-10,498.8754294126598,499.1233892811019,492.66650462093776,496.2867126464844,21611800
2025-09-11,498.15141065447875,499.0639163525314,493.81707669294536,496.9215393066406,18881600
2025-09-12,502.5154742767582,508.367321245748,499.73833579713096,505.73895263671875,23624900
2025-09-15,504.6379958107742,511.26344571936806,502.8625947427051,511.15435791015625,17143800
2025-09-16,512.6619733694059,513.0090929577493,504.449544036503,504.8859558105469,19711900
2025-09-17,506.4530503919847,507.1175961354426,501.80132099339164,505.8579406738281,15816600
2025-09-18,507.31598208941665,508.88310546808697,503.51725007824297,504.3008117675781,18913700
2025-09-19,506.39357782967863,515.0622454615835,506.1456179521661,513.7034301757812,52474100
2025-09-22,511.38257317258103,513.5149918534414,508.3574141571104,510.2518615722656,20009300
2025-09-23,509.6071466116137,510.3907385966617,503.17011764420596,505.074462890625,19799600
2025-09-24,506.215041937542,508.29788064425674,502.7832857896144,505.9869079589844,13533700
2025-09-25,504.15198973027213,505.84805701475193,500.9186136455738,502.8923645019531,15786500
2025-09-26,505.8976246789574,509.74596656687834,502.4856945681329,507.28619384765625,16213100
2025-09-29,507.32580454682284,512.6321206141573,504.72719041048674,510.4004821777344,17617800
2025-09-30,509.05168089535164,513.9315141469417,505.5009089039439,513.7232666015625,19728200
2025-10-01,510.5989672146665,516.262392605391,507.5143608700387,515.4689331054688,22632300
2025-10-02,513.4158303625842,517.343476169315,506.5126054199375,511.53131103515625,21222900
2025-10-03,512.8800919259904,516.2424417743944,510.7972535535121,513.1280517578125,15112300
2025-10-06,514.377848960065,526.6965386672223,513.9712214168786,524.256591796875,21388600
2025-10-07,523.9788048028778,525.4764919541412,517.1847292577561,519.7039794921875,14615200
2025-10-08,519.0097599169904,522.6497936321297,518.8213080060119,520.56689453125,13363400
2025-10-09,518.0775159721064,520.051267062254,513.1778259959292,518.1370239257812,18343600
2025-10-10,515.3994727403434,519.3073226434543,505.47115003636685,506.790283203125,24133800
2025-10-13,512.1957680051081,512.1957680051081,507.50438692257717,509.85504150390625,14284200
2025-10-14,506.0662879637401,511.07509568876407,501.87079590760095,509.3790283203125,14684300
2025-10-15,510.75765569343554,512.9694382549203,505.838110317394,509.2401123046875,14694700
2025-10-16,508.3970827878481,512.6321960787722,503.9833851231019,507.4349670410156,15559600
2025-10-17,504.8859867353243,511.2734052578957,503.1700935064365,509.3889465332031,19867800
2025-10-20,510.41049011219013,514.4671401409408,509.2401268135401,512.5726928710938,14665600
2025-10-21,513.2769402267872,514.4572316509175,508.8533142722573,513.4356079101562,15586200
2025-10-22,516.8972434708678,520.9439055438886,513.4853127480494,516.2921752929688,18962700
2025-10-23,518.1964698863214,519.6743010066873,514.3778516149157,516.3119506835938,14023500
2025-10-24,518.5237205252405,521.0628270774097,516.4607380708425,519.3370361328125,15532400
2025-10-27,527.4404441110845,530.2175826339089,524.6930292943027,527.1825561523438,18734700
2025-10-28,545.511702993095,549.2013167264516,536.3570441492753,537.6464233398438,29986700
2025-10-29,540.4930267482002,541.8121902511471,532.3500025514267,537.1306762695312,36023000
2025-10-30,526.1509968235328,530.6043464776645,517.8592331602406,521.4695434570312,41023100
2025-10-31,524.5640198650095,525.0004316167937,510.896444053691,513.5843505859375,34006400
2025-11-03,515.5680732671589,520.6760707602963,510.3907002836433,512.810791015625,22374700
2025-11-04,507.5837777929312,511.3428275978434,503.6957537451755,510.1328125,20958700
2025-11-05,509.11117977922714,510.6287232020861,502.4460174356622,503.02130126953125,23024300
2025-11-06,501.5335702984596,501.5732523540539,491.7639450704796,493.0434265136719,27406500
2025-11-07,492.89463000746537,495.30479262227396,489.2248119110569,492.76568603515625,24019800
2025-11-10,495.95940345274505,502.7138276367279,494.72950196106785,501.8707580566406,26101500
2025-11-11,500.68052783078934,505.4413752147788,498.25053940940643,504.52886962890625,17980000
2025-11-12,505.2033686484966,507.4945458106546,495.0469415436793,506.9688720703125,26574900
2025-11-13,506.1455630365654,509.309533151825,497.1991825232493,499.182861328125,25273100
2025-11-14,494.16416907736203,507.42505738590404,493.38060745410195,506.0166320800781,28505700
2025-11-17,504.300789978241,507.94082387806293,500.7896697837805,503.3486022949219,19092800
2025-11-18,491.3275301094218,498.87544447228873,482.8076324047851,489.76043701171875,33815100
2025-11-19,486.1005289347495,491.14898819063853,478.88983663624714,483.14483642578125,23245300
2025-11-20,489.60385435710714,490.45844852333465,472.50235794747454,475.41387939453125,26802500
2025-11-21,475.4834301610789,475.9007957312625,465.3179114267742,469.1436462402344,31769200
2025-11-24,472.0055061050608,473.89352206444323,465.0694984877541,471.0118103027344,34421000
2025-11-25,471.08136597664605,476.12932719889915,461.9592459889855,473.9829406738281,28019800
2025-11-26,483.244222260298,485.23161394332453,478.1664510662567,482.4393310546875,25709100
2025-11-28,484.5260924315005,489.5243812398697,483.5820692635899,488.9082946777344,14386700
2025-12-01,485.3608038657598,486.77183499200703,481.59468809959253,483.6715087890625,23964000
2025-12-02,483.6516286444489,490.38888506208144,483.2541563831954,486.91094970703125,19562700
2025-12-03,473.31720798581483,481.18726202656165,472.20427350128017,474.71832275390625,34615100
2025-12-04,476.7355376297969,478.28570075231454,473.48613274494215,477.8087158203125,22318200
2025-12-05,479.4780948278929,480.35255199911325,475.86105782216015,480.11407470703125,22608700
2025-12-08,481.8331697469475,489.19642891935564,481.3263751862239,487.92449951171875,21965900
2025-12-09,486.01663804004494,489.0175885389743,485.4204144751398,488.918212890625,14696100
2025-12-10,480.97857754952304,481.19719183884354,472.084987996716,475.5430603027344,35756200
2025-12-11,473.6252433732215,482.96597801292137,472.86007818396723,480.422119140625,24669200
2025-12-12,476.79512068758515,479.40854546431024,473.3370484252935,475.51324462890625,21248100
2025-12-15,477.0733420562278,477.6894285774835,469.5411111878212,471.8266296386719,23727700
2025-12-16,468.9350114671635,474.87732355778707,467.911505956298,473.38677978515625,20705600
2025-12-17,473.903466892556,476.9739832708393,472.0055042784347,473.1184387207031,24527200
2025-12-18,475.1754171439269,486.51349034093164,474.87732052138307,480.9289245605469,28573500
2025-12-19,484.2875529363844,484.77448448182145,479.4482594182398,482.8566589355469,70836100
2025-12-22,483.0554234208069,485.64898536737695,479.6470539215635,481.8630065917969,16963000
2025-12-23,481.922585996358,484.75459468390824,481.6840783901604,483.7807922363281,14683600
2025-12-24,482.6181454723109,486.0762176057581,481.77349801821515,484.9433898925781,5855900
2025-12-26,483.6416497095635,485.04276435526947,482.8963778974979,484.6353454589844,8842200
2025-12-29,481.80333660098637,485.27135560420123,481.1276307272214,484.02923583984375,10893400
2025-12-30,482.8666136001516,486.5929730105466,482.43933166580535,484.4068603515625,13944500
2025-12-31,484.7645645601486,485.06269150087525,480.25317705215497,480.5711669921875,15601600
2026-01-02,481.3363251826272,481.6046121327098,467.1960229709088,469.95849609375,25571600
2026-01-05,471.071443053882,473.0687813775576,466.5401924921144,469.86907958984375,25250300
2026-01-06,470.8130789419108,475.7219388392127,466.7886229022075,475.493408203125,23037700
2026-01-07,476.73551614076564,486.6128550141313,474.936929133209,480.422119140625,25564200
2026-01-08,478.20615894860083,479.61722033317443,472.8600706717694,475.09588623046875,18162600
2026-01-09,471.0714211959582,476.7951186190047,469.2231615927928,476.2585144042969,18491000
2026-01-12,473.6649886945649,477.95773148860775,472.68120923483104,474.1717529296875,23519900
2026-01-13,471.68751939768345,472.7805908527595,463.01257439213845,467.70281982421875,28545800
2026-01-14,463.51933114332076,465.2483824443871,454.2879190598576,456.4839782714844,28184300
2026-01-15,461.1940901109254,461.32327541703046,453.02590941718984,453.7811279296875,23225800
2026-01-16,454.94370584966504,460.26993076816973,453.60224086509476,456.9609069824219,34246700
2026-01-20,448.3754483517362,453.92025792216236,446.4476759522066,451.6546325683594,26130000
2026-01-21,449.74673993987386,449.836168925793,435.9144806057656,441.31024169921875,37980500
2026-01-22,444.79810039972057,449.9851935867555,441.89652570286836,448.2959289550781,25349400
2026-01-23,449.02131930234236,468.1301005814363,447.6897705604439,463.0125732421875,38000200
2026-01-26,462.3766075757791,471.2602507862521,459.0874767807031,467.3152770996094,29291200
2026-01-27,470.7136916421546,479.8258647405344,470.1770874429818,477.55029296875,29213900
2026-01-28,480.16374552458444,480.69040309270366,474.9865988275796,478.5937194824219,36875400
2026-01-29,437.21619626544543,439.71038237575016,418.365786117595,430.7671203613281,128855300
2026-01-30,436.4014165119217,436.8286984461687,423.7616041817895,427.577392578125,58566800
2026-02-02,427.5276741085398,428.02452201181774,419.58805431821895,420.70098876953125,42219900
2026-02-03,419.34957819955315,419.3893041977899,405.9843574339844,408.6176452636719,61424100
2026-02-04,408.40896545860215,417.15347618992746,406.66005118226167,411.578857421875,45012400
2026-02-05,404.87141244319446,405.72597626088844,389.84673704915224,391.188232421875,66289200
2026-02-06,396.6535630940219,399.25704122003975,390.4429643868461,398.61114501953125,53515300
2026-02-09,402.2977759502542,412.2744908996196,398.3428555009064,410.99261474609375,45480500
2026-02-10,416.97464756162884,421.0090502850332,410.0982892644293,410.6646728515625,44857900
2026-02-11,413.5563153661985,413.8345489802859,398.4819668946231,401.8207702636719,42491000
2026-02-12,402.4467839094351,403.6392309547976,395.5008602319473,399.30670166015625,40802400
2026-02-13,401.90028127287496,402.98340606348665,395.54060384789733,398.7900085449219,34091600
2026-02-17,396.70323107498865,397.99502346077054,392.0427954340728,394.35809326171875,32078800
2026-02-18,395.62013745533494,400.02220283554806,393.82155037537984,397.08087158203125,23223400
2026-02-19,399.07278661262325,402.7976819572589,395.0690225854118,396.8517761230469,28234000
2026-02-20,394.51123443489973,398.5050592846536,393.56508699389525,395.6267395019531,34015200
2026-02-23,393.4057107487328,393.7642431363039,381.55374731391754,382.918212890625,43238300
2026-02-24,382.58959213032324,387.7884945775691,380.16937672197673,387.4299621582031,33884700
2026-02-25,388.95376053046306,399.84960746436826,388.5852587696308,398.9831237792969,43625500
2026-02-26,403.0765245044552,405.8453028142193,397.1306190557743,400.0986022949219,34405900
2026-02-27,389.30236795593413,395.2183958601928,388.30640407164015,391.15484619140625,51367200
2026-03-02,391.2743390590049,399.57073485574693,389.0533591512552,396.9413757324219,35474900
2026-03-03,391.5532542396072,405.05852201627056,391.0851500003899,402.2996826171875,38199200
2026-03-04,399.6504140582061,409.3710312257941,398.69429724653685,403.5645751953125,35808000
2026-03-05,402.78771732924594,409.9486695143622,402.7677785996419,409.0224304199219,39001300
2026-03-06,407.54843921074234,411.38287590243635,406.8612216895844,407.30938720703125,31123900
2026-03-09,403.2857003455267,408.55432729115563,401.8714182880504,407.757568359375,30131900
2026-03-10,408.37506928692744,408.5443965203919,401.30371964643086,404.122314453125,31706400
2026-03-11,403.9330670994013,407.35918518479474,399.96912002302975,403.245849609375,25512100
2026-03-12,402.99687655683135,404.4808530373378,400.08864860368743,400.238037109375,27263900
2026-03-13,399.3815063856616,403.16615688192843,392.65875035547907,393.9534912109375,26848000
2026-03-16,396.4633374914087,399.01300251860397,393.1965772756644,398.33575439453125,27733700
2026-03-17,398.6544268926901,402.7677623283013,396.1446090107731,397.79791259765625,26228300
2026-03-18,395.5271533612366,396.39363710184665,389.42188971563326,390.2087097167969,25908500
2026-03-19,388.52551763585893,390.90585551603124,385.4977789148814,387.4498596191406,25138800
2026-03-20,385.22889118681917,385.43803509853177,378.58579850034175,380.3287353515625,50853200
2026-03-23,382.3505545919761,385.64719283721575,380.1395134056624,381.4541931152344,29680100
2026-03-24,380.8167328036651,380.9263046350485,370.34917314154325,371.2355651855469,42733600
2026-03-25,375.39872248264555,375.5381416220395,368.13813722010167,369.5424499511719,31181200
2026-03-26,369.3233510512375,373.2076042912997,363.71606927386256,364.492919921875,36836600
2026-03-27,360.43931657918756,360.9871149414508,355.07108715320055,355.33001708984375,37883400
2026-03-30,360.4393055378546,363.8853318939423,354.8419936524484,357.51116943359375,44797000
2026-03-31,363.07862179545566,371.3949263066763,361.6046146993887,368.67596435546875,45244400
2026-04-01,371.98254731341393,372.48052926345224,366.7139201659809,367.8791809082031,29417200
2026-04-02,365.7278929006101,372.1319638369453,362.680245817395,371.9526672363281,24099100
2026-04-06,371.98252335059567,372.22157533941066,368.0086373714944,371.375,16146600
2026-04-07,368.8452727581139,370.9467724245638,365.080530373921,370.78741455078125,21443300
2026-04-08,383.426192668859,383.4461010048471,369.9109552686541,372.81915283203125,33064800
2026-04-09,370.9965632857518,371.99252721403565,365.5685477188417,371.56427001953125,30435300
2026-04-10,371.47463812837884,374.12390583360843,368.5365323725683,369.3731384277344,28111100
2026-04-13,372.10205289266787,382.98796126737693,369.5225100750242,382.8186340332031,35745800
2026-04-14,386.3543213772784,393.09698589720546,384.95994763093,391.5233459472656,37504500
2026-04-15,396.3936283702306,412.69755239260473,395.1287651714373,409.5602722167969,45063400
2026-04-16,418.16537187855886,419.12151906860663,410.4765600541581,418.56378173828125,41642400
2026-04-17,423.10539315661504,429.83808848207923,418.99205736838906,421.0835876464844,48568200
2026-04-20,419.4501847919345,421.6213787702164,414.6197538627068,416.38262939453125,27582200
2026-04-21,418.54386715015573,425.4558591722327,415.51615872358184,422.44805908203125,32048500
2026-04-22,424.4698510786937,431.9495495900464,421.9600330275293,431.1726989746094,29378200
2026-04-23,418.19526527607866,421.9500379562064,409.7494810939023,414.07196044921875,38308000
2026-04-24,415.28707116170386,423.23487407473965,414.12178001797366,422.90618896484375,27457400
2026-04-27,420.6752229306716,425.38611256831246,415.3866572294081,423.1053771972656,30867300
2026-04-28,422.8563830057505,428.1847957314844,420.197146128082,427.5174865722656,30438100
2026-04-29,422.866306449911,425.0972860808559,418.59364353468584,422.7467956542969,38288300
2026-04-30,409.15192465494977,412.74737011555624,396.4035989759817,406.1341552734375,70909400
2026-05-01,411.1338775963461,415.4264794885345,408.7834174283456,412.76727294921875,31372400
2026-05-04,409.87897009526375,419.0816663151199,409.14193618030583,411.9505615234375,28066500
2026-05-05,413.6437352165572,415.09783400354706,407.1500311208482,409.7196350097656,25700900
2026-05-06,406.3532485673598,416.73120520087787,403.4748984673602,412.2891845703125,30285900
2026-05-07,418.41437649189606,426.25263786097554,417.06984955189336,419.07171630859375,34942400
2026-05-08,415.70537649227293,416.9403619714099,412.32904436576047,413.44451904296875,33383800
2026-05-11,406.22377045102496,411.02432350049145,403.86334099070683,410.99444580078125,35657900
2026-05-12,412.8071154720842,413.8229876767416,404.9987623844293,406.1241760253906,38594200
2026-05-13,401.57265715241186,404.6700902960666,399.41140211310335,403.57452392578125,29667100
2026-05-14,402.847493220503,410.1777730080913,399.2620170659624,407.7774963378906,27077500
2026-05-15,412.5979239362014,426.4418454559798,411.2434277199191,420.2170715332031,50771200
2026-05-18,414.93848271907115,423.40417602339767,413.9325494355234,421.83056640625,32564100
2026-05-19,428.16486989475214,430.9535870211983,414.808990493047,415.7352600097656,33018700
2026-05-20,412.49835957243755,420.3963455784958,409.63991780241736,419.36053466796875,27864000
2026-05-21,423.9518891931334,425.5388979071037,414.92886694253497,418.3025207519531,31393500
2026-05-22,418.7517174636334,423.60257118762803,415.54772693408205,417.7835388183594,22390300
2026-05-26,415.6475333356961,418.9812539216563,412.24393696715845,415.248291015625,30398000
2026-05-27,410.23773822181624,415.15846763645,408.8104019854481,411.8946228027344,28901500
2026-05-28,412.2040283766931,428.68298564682067,411.89461329838434,426.18768310546875,47250500
2026-05-29,431.7372486144539,449.48383969057267,431.54760317786213,449.3940124511719,79654400
2026-06-01,463.96658383705716,465.4438139523178,457.40892124774234,459.6546936035156,53628900
2026-06-02,446.0403151791343,452.64787129328397,439.6024225764256,440.48077392578125,37036800
2026-06-03,437.62618910935214,439.56254639446627,423.45285793258154,426.53704833984375,39037000
2026-06-04,434.9911260035114,435.33048350032107,425.60879436274143,427.2456970214844,26899500
2026-06-05,427.5351398188391,428.66302140752947,413.6213308264138,415.8870849609375,34782200
2026-06-08,413.3618539280056,416.37616844333525,407.79232157753756,410.9663391113281,32086700
2026-06-09,408.26144336727174,411.20591258759293,397.7312786929967,402.6520080566406,35317300
2026-06-10,397.80110870103243,404.2789346443135,396.41373636313654,396.61334228515625,32576000
2026-06-11,394.46741202742857,396.1043451719433,383.278483574852,389.6065673828125,47224100
2026-06-12,390.6945042817559,391.003919361718,381.55171206615995,390.00579833984375,34865800
2026-06-15,396.05442037645633,400.99513175706005,392.11186050588947,399.0088806152344,32266400
2026-06-16,395.0463355104342,396.094350419825,389.9559121071713,393.0899963378906,31506800
2026-06-17,389.51671695343225,389.6364865987809,376.6110198431126,378.1980285644531,41987800
2026-06-18,377.11008548581106,380.6534028700893,372.5786075934489,378.6871032714844,59714200
2026-06-22,375.0339909424311,380.9129385065033,366.3802985575179,366.6497802734375,45171100
2026-06-23,371.6802994138851,376.51120135394876,369.9735210485466,373.23736572265625,40647600
2026-06-24,370.87185096853153,378.16811350773463,364.09460041679364,364.7733154296875,44509900
2026-06-25,362.0883479855026,363.5456265920902,348.54386902384044,352.1670227050781,66179000
2026-06-26,356.4789138154501,375.90234020580533,354.762144454129,372.2691955566406,186201600
2026-06-29,376.790685328561,379.7850483907747,359.2237492715265,367.8774719238281,51229900
2026-06-30,370.3328407149792,373.44697342275583,366.7595808670141,372.319091796875,44945700
2026-07-01,380.1144231011508,388.09939143880604,374.18561213385976,383.5579528808594,48065800
2026-07-02,383.7575696594082,391.4630649298244,382.97903650468743,389.7562561035156,42128900
2026-07-06,386.31276024010407,388.418780928489,380.5036887115837,386.0133056640625,34224500
2026-07-07,391.75251064257776,394.8267404517197,387.4905448392632,388.109375,29297500
2026-07-08,383.3084264217563,384.58602015004215,380.6134873969759,382.6197204589844,25908300
2026-07-09,373.74643420118315,383.92725049460796,372.64849496928053,383.6377868652344,31083200
2026-07-10,387.07131223677504,391.1736053926777,380.783162110783,384.37640380859375,24644600
2026-07-13,387.02143811329415,392.91034623109437,383.4281962321871,390.2553405761719,28914900
2026-07-14,382.1007052927433,387.46061042423804,377.93852713765,384.20672607421875,27863900
2026-07-15,387.07132248997675,398.2103568181361,385.6739591427675,394.8866271972656,36253700
2026-07-16,397.56157784187184,405.2271399033625,391.31333055964967,400.3463439941406,37047400
2026-07-17,394.1180409920291,397.64143734197864,388.6583483977542,393.08001708984375,33049800
2026-07-20,390.67455694621333,402.4224305318551,388.91785418191677,401.53411865234375,27915800
2026-07-21,398.0606303262699,400.7156358198418,395.57531880381754,397.00262451171875,24126600
2026-07-22,398.8291961465565,400.246541441447,386.2329133568751,389.6065673828125,28142500
2026-07-23,389.23725659651495,391.04385321150613,376.68090752842744,380.8630065917969,30351800
2026-07-24,386.32274187573427,388.29903252889795,379.9347732203772,380.9828186035156,27659400
2026-07-27,389.3470355932277,393.45931979821836,387.2609663085435,388.368896484375,27856200
2026-07-28,392.4212554523594,399.56780545733704,390.5647345556998,392.61090087890625,32367500
2026-07-29,392.6607942930367,400.4960502148319,388.00954678983055,389.8061828613281,47209000
2026-07-30,437.07720086969465,457.8281459885008,431.6274684759506,450.2524108886719,110160700
2026-07-31,449.1544591210436,465.962813447145,448.4857046349594,463.8468017578125,60846000
2026-08-03,475.2353605631651,490.7261876465455,474.10747895013026,486.73370361328125,66762100
2026-08-04,479.99640781848416,498.50158065157444,478.2696778930625,491.884033203125,50455500
2026-08-05,495.42733843271316,497.3038108374591,484.7674131728324,486.5440673828125,33388900
2026-08-06,487.6319998350186,500.61756372489685,487.60205742358346,498.9207458496094,36441500
2026-08-07,498.2719734340298,504.23075699317457,497.79289485093346,499.0505065917969,28846200
2026-08-10,502.4940586092805,512.7647021753171,501.32624359045303,505.109130859375,31206100
2026-08-11,503.3823542433026,504.38047525067043,498.61133704649393,502.86334228515625,23049800
2026-08-12,499.0505227551261,500.557695253814,490.59643643442394,491.5047302246094,29001500
2026-08-13,492.34314786956145,500.3979918654044,492.0836571155829,495.9463806152344,23039000
2026-08-14,495.42733437790497,499.07050046550256,492.991947114923,494.4691467285156,16217600
2026-08-17,489.21906226283284,491.73431632358415,477.51109147171053,479.44744873046875,29635800
2026-08-18,480.6352093836093,483.36006030134655,476.2534434403709,480.72503662109375,24087600
2026-08-19,479.16797047398614,488.3806080919379,478.4592826108848,483.3999938964844,19961900
2026-08-20,483.29998779296875,484.1600036621094,479.5,481.1499938964844,20020800
2026-08-21,479.8800048828125,486.3599853515625,478.5299987792969,483.239990234375,22510800
2026-08-24,483.2099914550781,490.6099853515625,481.8599853515625,487.30999755859375,17230800
2026-08-25,485.44000244140625,492.44000244140625,484.29998779296875,491.7099914550781,19519000
2026-08-26,487.8500061035156,497.3999938964844,487.30999755859375,496.3699951171875,20758900
2026-08-27,494.8800048828125,506.4800109863281,490.0799865722656,505.05999755859375,28688800
2026-08-28,505.3299865722656,517.780029296875,504.8699951171875,513.530029296875,29207300
2026-08-31,510.3800048828125,512.1900024414062,506.3900146484375,507.2900085449219,27208900
2026-09-01,497.5199890136719,505.9700012207031,496.7799987792969,501.0199890136719,21046900
2026-09-02,499.8500061035156,500.2699890136719,493.80999755859375,496.82000732421875,15336100
2026-09-03,501.6600036621094,515.6500244140625,500.79998779296875,510.1199951171875,24125900
2026-09-04,510.0,511.0,499.3599853515625,499.70001220703125,18101800
2026-09-08,493.010009765625,495.19000244140625,490.1499938964844,493.95001220703125,18882300
2026-09-09,493.07000732421875,494.3900146484375,489.79998779296875,491.6499938964844,12889600
2026-09-10,488.32000732421875,494.5199890136719,486.0,492.44000244140625,16038800
2026-09-11,495.6499938964844,498.9700012207031,492.5799865722656,495.6300048828125,14510500
2026-09-14,497.05999755859375,509.95001220703125,495.3399963378906,505.4100036621094,23091900
2026-09-15,500.05999755859375,505.8999938964844,495.5400085449219,497.1199951171875,17794600
2026-09-16,493.0299987792969,495.9700012207031,487.2300109863281,490.29998779296875,16670300
2026-09-17,497.79998779296875,501.4700012207031,493.1700134277344,497.75,17841600
2026-09-18,497.9700012207031,498.6499938964844,491.1000061035156,493.7799987792969,39622300
2026-09-21,494.95001220703125,501.8699951171875,491.3299865722656,501.6099853515625,27959900
2026-09-22,507.32000732421875,508.5,493.6499938964844,498.0,21652800
2026-09-23,500.760009765625,509.44000244140625,495.8800048828125,500.5899963378906,19445600
2026-09-24,495.07000732421875,498.8999938964844,491.2200012207031,497.92999267578125,16657600
2026-09-25,499.0400085449219,519.4000244140625,497.25,516.1699829101562,38193100
2026-09-28,505.4700012207031,513.3300170898438,502.2200012207031,509.2200012207031,19626900
2026-09-29,508.30999755859375,513.6400146484375,502.3999938964844,508.9599914550781,21341800
2026-09-30,511.6099853515625,519.8300170898438,510.30999755859375,512.9000244140625,27223300
2026-10-01,519.8800048828125,522.8499755859375,512.1699829101562,512.7999877929688,19731900
2026-10-02,519.3900146484375,522.5,513.6599731445312,517.530029296875,17822300
2026-10-05,521.6199951171875,532.3499755859375,521.469970703125,525.1799926757812,26604800
2026-10-06,531.6799926757812,535.6900024414062,528.780029296875,529.2999877929688,21107500
2026-10-07,530.72998046875,531.72998046875,524.6900024414062,529.760009765625,16790200
2026-10-08,529.8099975585938,533.510009765625,518.7899780273438,522.6099853515625,20228700
2026-10-09,528.239990234375,537.219970703125,526.239990234375,535.0700073242188,18483600
