timestamp,open,high,low,close,volume
2000-01-03,0.09004065359369919,0.0907550293260137,0.0840850781771553,0.08920644968748093,300912000
2000-01-04,0.08765787167368944,0.08789660116713809,0.08241758550995994,0.08682458102703094,300480000
2000-01-05,0.08432381771651247,0.0857525692356453,0.08277523801890473,0.08396617323160172,188352000
2000-01-06,0.0839661900081356,0.0839661900081356,0.07527201774224679,0.07848717272281647,120480000
2000-01-07,0.07813042091643252,0.08063119252480833,0.07693948577766226,0.0797979086637497,71184000
2000-01-10,0.08003573606373114,0.08575257581435532,0.07860698443498829,0.08241759985685349,239856000
2000-01-11,0.08194106181867569,0.08289417415330241,0.07908263802528381,0.07908263802528381,148128000
2000-01-12,0.07908260867396673,0.07920243683856464,0.0759863696625766,0.07705838978290558,123552000
2000-01-13,0.07693951977377116,0.08098887277285412,0.0759864073205384,0.0802735835313797,132192000
2000-01-14,0.08146539891646513,0.08706240987473314,0.0812266625922496,0.08372743427753448,604560000
2000-01-18,0.08479943643468625,0.08765785880012562,0.08098882223578872,0.08730112761259079,261648000
2000-01-19,0.08765788848350935,0.08765788848350935,0.08575257733136944,0.0864669531583786,164688000
2000-01-20,0.08718223528078782,0.09194596257346616,0.08551474740479643,0.0862291231751442,179568000
2000-01-21,0.08599037582391722,0.08634802024006454,0.08313195330997669,0.08527600020170212,544272000
2000-01-24,0.08801549172439788,0.08801549172439788,0.08098881167845975,0.08146537095308304,256944000
2000-01-25,0.08182213558680831,0.08265633962332805,0.07813043498969528,0.08075011521577835,237120000
2000-01-26,0.0807500912363021,0.08289413815667043,0.07598636486778843,0.0774151161313057,232464000
2000-01-27,0.07801061326890957,0.07801061326890957,0.07050737644458438,0.07336580008268356,458208000
2000-01-28,0.07241356045797097,0.07289011292501825,0.06836421045046194,0.07122262567281723,194448000
2000-01-31,0.07157938978596111,0.07312796964084485,0.06669675391607155,0.07062719762325287,182400000
2000-02-01,0.07074611329964715,0.07289015423398572,0.06812551281318173,0.07229377329349518,92976000
2000-02-02,0.07265139806028129,0.07574855725511459,0.07229375359850966,0.07431888580322266,149040000
2000-02-03,0.07670073708925339,0.07824931644095388,0.07503324961089557,0.07550980895757675,108240000
2000-02-04,0.07789171738851301,0.07789171738851301,0.07574858934068564,0.07729624956846237,123696000
2000-02-07,0.07765388519878513,0.07765388519878513,0.0724136040654258,0.07253251224756241,217488000
2000-02-08,0.07431888276942553,0.07860697010985687,0.07241357881321182,0.07598637044429779,468816000
2000-02-09,0.07884478956469336,0.08015463273189743,0.07777276948284788,0.07789167761802673,589056000
2000-02-10,0.08265633302214986,0.09528094052603765,0.08265633302214986,0.09385127574205399,970080000
2000-02-11,0.09849607770415526,0.09861590587447122,0.08837316316049852,0.09528093039989471,423792000
2000-02-14,0.09551877711521557,0.11052525043487549,0.09456566485326492,0.11052525043487549,650112000
2000-02-15,0.1107639707690008,0.11088287892629407,0.10171215544507206,0.10623805969953537,450480000
2000-02-16,0.10742899315940678,0.11481332045207053,0.10623805792577666,0.11112069338560104,1019568000
2000-02-17,0.11100176955893665,0.11576640940104695,0.10933428191421928,0.11505112051963806,535776000
2000-02-18,0.11338359849511215,0.13005846307118626,0.11255031493799066,0.12839098274707794,960864000
2000-02-22,0.12434168659950738,0.12600825443196112,0.12005359197387948,0.12481731921434402,542496000
2000-02-23,0.12338854234481163,0.12684242550450858,0.12183996977389112,0.1255325824022293,511392000
2000-02-24,0.12624696980889583,0.12708025354182395,0.11910046049496721,0.12434165924787521,244320000
2000-02-25,0.12446060344347717,0.12446060344347717,0.11147835097668612,0.11659971624612808,278736000
2000-02-28,0.11600422979532712,0.11719516490308851,0.11386019631028962,0.11576641350984573,517872000
2000-02-29,0.11505111508687013,0.12338854610175852,0.11505111508687013,0.12195888161659241,306048000
2000-03-01,0.12195887351153634,0.12195887351153634,0.11648077183103997,0.11838608235120773,383568000
2000-03-02,0.11933924111504365,0.11933924111504365,0.11004961463297991,0.11040633916854858,191040000
2000-03-03,0.11052524697864112,0.11338366364968575,0.10957304795688534,0.11219273507595062,273696000
2000-03-06,0.11290800080045611,0.12148326267010454,0.1105252241203864,0.11147833615541458,432096000
2000-03-07,0.14292097919196262,0.16626488723938945,0.13672758592156994,0.1587616503238678,1952208000
2000-03-08,0.1586719880995973,0.16150112714493078,0.1472090320450372,0.160071462392807,668736000
2000-03-09,0.16197678372589247,0.2058061771123297,0.16150113744511718,0.19112716615200043,952944000
2000-03-10,0.20104247049038046,0.27631356701999554,0.1996128054978929,0.2248620241880417,2161200000
2000-03-13,0.20390093676040094,0.28584200033392926,0.2019947118917838,0.28441324830055237,2415168000
2000-03-14,0.28286445846795444,0.28286445846795444,0.20580608726271607,0.20985543727874756,1567776000
2000-03-15,0.22489209294374932,0.23069858153201367,0.19437242629813134,0.20128019154071808,995616000
2000-03-16,0.20771145568847607,0.21485796599450577,0.17650758161466312,0.1794547289609909,750384000
2000-03-17,0.17531667357008254,0.20390086330616888,0.17528648311165826,0.190323144197464,557616000
2000-03-20,0.1978264382664628,0.20413874024261786,0.18412980693661918,0.19020429253578186,365280000
2000-03-21,0.1905609436776351,0.19222842456569075,0.1657882912824941,0.18079476058483124,536640000
2000-03-22,0.18222441956593793,0.18770252189183398,0.1791272605407319,0.18210551142692566,230592000
2000-03-23,0.18043803996002097,0.195325602558057,0.18008040228725153,0.1853206753730774,309408000
2000-03-24,0.18412975663474615,0.19246718926978515,0.17150514250130983,0.1775796264410019,231600000
2000-03-27,0.17722197622905103,0.1829388225257972,0.16435955933402277,0.16590721905231476,388944000
2000-03-28,0.1601903842044762,0.16197678720422526,0.15054310742356483,0.1535213589668274,393312000
2000-03-29,0.1541167994262191,0.15768960511096466,0.13720411802068033,0.1433975100517273,469440000
2000-03-30,0.13910942900764206,0.15578430936623525,0.13434570125824843,0.14256331324577332,361920000
2000-03-31,0.15230023878611298,0.16745581012164976,0.14959092077531494,0.16099441051483154,962976000
2000-04-03,0.1595354613243703,0.16007147490453064,0.14423080565924454,0.1483999788761139,329952000
2000-04-04,0.15625994629227621,0.15888053273801717,0.10861992520884556,0.14292095601558685,513792000
2000-04-05,0.14435058079816732,0.18579719130988723,0.13696625530589843,0.17472116649150848,639600000
2000-04-06,0.1828199028968811,0.19210952709483115,0.17412573265558595,0.1828199028968811,404592000
2000-04-07,0.1919905816144535,0.20008928269436027,0.18389188053454675,0.19544446468353271,318576000
2000-04-10,0.19877948693558598,0.21033207383406563,0.17448246470317333,0.17817509174346924,395280000
2000-04-11,0.16575812395344444,0.18103351533831052,0.15244932413806686,0.1675747036933899,457584000
2000-04-12,0.1678134295348792,0.17150512950314217,0.14959089230714376,0.15018635988235474,313440000
2000-04-13,0.15137728543346846,0.15673648012306257,0.14125346406511843,0.14375422894954681,313296000
2000-04-14,0.13458348712480606,0.1449460496542632,0.12481729165272529,0.13110032677650452,421920000
2000-04-17,0.12005358347866038,0.1429209392031685,0.12005358347866038,0.13779956102371216,294096000
2000-04-18,0.15167456008477692,0.17102856408116185,0.1472090168472966,0.1622154861688614,477504000
2000-04-19,0.16733683873272584,0.16959978683228702,0.15244927982351775,0.15447349846363068,278352000
2000-04-20,0.1586427275776226,0.1616200659706324,0.15149622948404418,0.1536402702331543,153936000
2000-04-24,0.14482627337028753,0.15125839544435835,0.13839505087655293,0.14601720869541168,205968000
2000-04-25,0.15256825142219446,0.16674144063969445,0.1522106136892498,0.16197679936885834,249696000
2000-04-26,0.17329155214662045,0.1772219820708481,0.16007146987528292,0.160309299826622,254112000
2000-04-27,0.14959097381195702,0.1750780167158628,0.14875677627802497,0.1734105348587036,280992000
2000-04-28,0.17614993814415578,0.18293879695320014,0.16983763873577118,0.16983763873577118,179040000
2000-05-01,0.1762688535969635,0.1800803884902078,0.17114747542768238,0.17531666159629822,119424000
2000-05-02,0.17531660922366574,0.18555934887239386,0.16364419174073677,0.168527752161026,234000000
2000-05-03,0.16745580389106937,0.17293482063400742,0.15244933174611294,0.16578832268714905,329184000
2000-05-04,0.1654306222262714,0.17484007987927724,0.16400187098737817,0.16781340539455414,241200000
2000-05-05,0.16709814436953893,0.1796038507011769,0.16483519561009588,0.17555449903011322,170592000
2000-05-08,0.17102860449655521,0.17722199736936659,0.16888456368819982,0.1691233068704605,185136000
2000-05-09,0.17198164119911724,0.1734103922470001,0.16197671739412214,0.16674135625362396,176832000
2000-05-10,0.16507385954739082,0.16519276764970475,0.14887554742668097,0.15030521154403687,274080000
2000-05-11,0.15244932509778325,0.15947600136265555,0.15042419264621215,0.15673649311065674,245904000
2000-05-12,0.16102456176214353,0.1695998096028451,0.15197274088859558,0.15197274088859558,187824000
2000-05-15,0.15125836108062116,0.16507390829562832,0.14387403489826714,0.1624533087015152,282096000
2000-05-16,0.16959985003833983,0.18424868494739127,0.1676936256024898,0.1791273057460785,366432000
2000-05-17,0.18865564996782785,0.21843077498498994,0.1885367418143733,0.21056988835334778,1290624000
2000-05-18,0.21176077940578933,0.21521466254722557,0.19496790942329975,0.19627775251865387,509904000
2000-05-19,0.19056097569939853,0.20104244945993793,0.18913222406679153,0.1946103274822235,521184000
2000-05-22,0.1924671745024095,0.20723582804203033,0.17543557244107036,0.20723582804203033,517152000
2000-05-23,0.2019946235579927,0.22474305726262206,0.19866056132459334,0.205568328499794,778560000
2000-05-24,0.2053295608818365,0.20866453570627722,0.17579317320967922,0.2029476910829544,739632000
2000-05-25,0.20592510526834218,0.21819298237207263,0.19758857148759798,0.20008935034275055,569184000
2000-05-26,0.20110191404819489,0.20663947145896044,0.18865566164602104,0.20110191404819489,183456000
2000-05-30,0.20652052798733928,0.2146192305770051,0.2055683359604619,0.20937895774841309,303648000
2000-05-31,0.2086645858689456,0.2210513694889147,0.2086645858689456,0.21747766435146332,469536000
2000-06-01,0.22390978891028507,0.22593400801921668,0.21795421331524067,0.2235521376132965,418992000
2000-06-02,0.22819688190188114,0.2534461010991734,0.22819688190188114,0.2507075071334839,592176000
2000-06-05,0.250349867554933,0.2686912949514038,0.24034495697504477,0.2560959756374359,491904000
2000-06-06,0.2570198309461904,0.26654728314678167,0.2420124370036861,0.2433232069015503,375888000
2000-06-07,0.24153683194811593,0.24356105082748408,0.22891130643614235,0.23248501121997833,332352000
2000-06-08,0.23843969491220257,0.23867841077822802,0.22486196334435732,0.23427142202854156,460704000
2000-06-09,0.2386784163332325,0.2515408592925276,0.2351047113410323,0.24094045162200928,467280000
2000-06-12,0.24201254093944455,0.24403768729857317,0.2291501219276804,0.23450930416584015,380016000
2000-06-13,0.22795907549567435,0.24201242310922902,0.22676814063147444,0.24189351499080658,447840000
2000-06-14,0.24641947737556338,0.24772929330636234,0.23846986049755436,0.24165573716163635,275088000
2000-06-15,0.24094047472717714,0.24796807765960693,0.2279591496373405,0.24796807765960693,338592000
2000-06-16,0.24707443641337287,0.285841902555511,0.24701495507569432,0.28536534309387207,987840000
2000-06-19,0.28465083862846796,0.3263361699315394,0.27750433087543985,0.3032301068305969,1052160000
2000-06-20,0.30847149146625424,0.31204427045903244,0.2953703295522953,0.29918092489242554,610272000
2000-06-21,0.29453590135235097,0.335387943733357,0.29453590135235097,0.3295512795448303,614880000
2000-06-22,0.32812272165398854,0.33491158135927773,0.3084714451536211,0.31156766414642334,614352000
2000-06-23,0.3032302656883308,0.30704178755473666,0.2820304012058351,0.2821502089500427,607392000
2000-06-26,0.2877470865544843,0.3179987581529937,0.2832211911869986,0.31621235609054565,618288000
2000-06-27,0.31347292063322274,0.3187141197205631,0.2632123164937459,0.2715497612953186,604608000
2000-06-28,0.2772666762376282,0.28774725114132943,0.2534462238069857,0.26106926798820496,586608000
2000-06-29,0.2565433776023597,0.2565433776023597,0.2191451893094286,0.22343327105045319,1184880000
2000-06-30,0.23391382952772705,0.24630061546798884,0.2224801626506908,0.24225127696990967,1209192000
2000-07-03,0.24391869647280612,0.2515408388400386,0.23057879559499406,0.23296156525611877,232680000
2000-07-05,0.23200843537889107,0.23248499474029866,0.20104239479829478,0.2079501748085022,777936000
2000-07-06,0.20818804148613865,0.22819696985025564,0.2031855845000354,0.22057482600212097,603936000
2000-07-07,0.22867349378411483,0.2324850149059015,0.21723981636890863,0.22176572680473328,346560000
2000-07-10,0.2179542312159372,0.2386784490880608,0.21581110377874366,0.23319943249225616,351264000
2000-07-11,0.23010319974383214,0.26392766303608745,0.22748258613276254,0.25201743841171265,755304000
2000-07-12,0.2624979237845834,0.27226411925342525,0.2541614063648702,0.259162962436676,388152000
2000-07-13,0.26464200143702377,0.2848887425552952,0.2641654420440979,0.28345999121665955,458736000
2000-07-14,0.289176871834736,0.29465498867830664,0.2744082441402704,0.28131601214408875,280200000
2000-07-17,0.2856041479592496,0.2858419643213196,0.2772666999396772,0.2782198190689087,105552000
2000-07-18,0.2629745534256174,0.28584191182349905,0.2629745534256174,0.27274075150489807,183672000
2000-07-19,0.2629745821822013,0.2648798934586066,0.24987342043097263,0.2553524374961853,189504000
2000-07-20,0.2551136868061638,0.26869140768715105,0.254399310953579,0.26226019859313965,142992000
2000-07-21,0.2629745541640849,0.2705966980380143,0.25916303243697064,0.2655951678752899,251928000
2000-07-24,0.2658329657070072,0.26773827664791,0.23248503565989653,0.24296560883522034,281112000
2000-07-25,0.24677709052501312,0.24868240115884332,0.23343719008792452,0.23391374945640564,335304000
2000-07-26,0.23391380890966323,0.23391380890966323,0.21009427140231646,0.21652548015117645,380064000
2000-07-27,0.20961769078012132,0.2124761069592576,0.19818401243357278,0.20104242861270905,331560000
2000-07-28,0.20199464431215558,0.22081263694640665,0.19056096539806525,0.205806165933609,512664000
2000-07-31,0.21723983909280875,0.22915007715660352,0.2058061604816075,0.22867351770401,371232000
2000-08-01,0.22867354415076874,0.23057885534123965,0.22248015149129266,0.22414763271808624,350616000
2000-08-02,0.22105137424329513,0.2323652314911584,0.21747766902898036,0.22867351770401,345432000
2000-08-03,0.20580612994026024,0.243918695268498,0.20580612994026024,0.23867839574813843,368664000
2000-08-04,0.24439528717108017,0.247729322347592,0.2391540873731782,0.24296560883522034,194784000
2000-08-07,0.2446330806918018,0.26416544646784695,0.2436799618899891,0.26202139258384705,246936000
2000-08-08,0.2563045620918274,0.2705966554750922,0.2553523701250507,0.2563045620918274,128112000
2000-08-09,0.2596395563059362,0.26130702357158186,0.2451096463483382,0.2486824244260788,136248000
2000-08-10,0.2429656648670399,0.2572577628003952,0.23820195025607843,0.2515409290790558,156432000
2000-08-11,0.25201736067118746,0.2539226710840552,0.23391372232898938,0.24558612704277039,131928000
2000-08-14,0.24868245344247364,0.25106432394555545,0.24010719078721418,0.24796807765960693,108576000
2000-08-15,0.24915907204376264,0.2763135907598144,0.24844469609135397,0.2713715136051178,443328000
2000-08-16,0.2860797806833896,0.2860797806833896,0.2698823710493363,0.2782198190689087,266232000
2000-08-17,0.27440819779150266,0.2848887425552952,0.27345507900565097,0.28345999121665955,129816000
2000-08-18,0.2822691432529164,0.29679908433980745,0.28179261097295333,0.2934640944004059,204720000
2000-08-21,0.30418320487287437,0.30942350301848576,0.297275440008218,0.2979898154735565,464472000
2000-08-22,0.28250691825697877,0.28870030983175227,0.2672626049823613,0.26988229155540466,658872000
2000-08-23,0.26559513382926453,0.28607969227334806,0.26011611805014545,0.2856040596961975,352800000
2000-08-24,0.28393660337745447,0.2960846721140644,0.2786963300216857,0.2932262420654297,332616000
2000-08-25,0.2901299932277908,0.2963224859135522,0.28441316043916914,0.2858419120311737,153048000
2000-08-28,0.28727155722544434,0.30108709175107407,0.2839365681095587,0.2972755432128906,189264000
2000-08-29,0.29846658246586744,0.2991809584284182,0.29346412430698315,0.29656127095222473,149376000
2000-08-30,0.2932262750644537,0.3032302906803384,0.2901300283467856,0.29918092489242554,178080000
2000-08-31,0.3037068295109835,0.3144261198589871,0.297752152828945,0.3025158941745758,388896000
2000-09-01,0.30870929638077843,0.3115676993852233,0.2996574733299479,0.30299246311187744,204144000
2000-09-05,0.31013895470186553,0.3103767983058118,0.3013249750498398,0.3034690022468567,246144000
2000-09-06,0.30465986541614026,0.30465986541614026,0.28012504271045074,0.28250691294670105,230136000
2000-09-07,0.28679492085116115,0.2982285820376539,0.2748846731102411,0.2977520227432251,239760000
2000-09-08,0.2944171146121883,0.3010870649911438,0.2791719031746247,0.2801250219345093,222648000
2000-09-11,0.2765522472226933,0.2782197418155971,0.2582108153209887,0.26869136095046997,285888000
2000-09-12,0.2689292621122657,0.282983515814281,0.2629745850336774,0.2670239508152008,125976000
2000-09-13,0.266309512376249,0.27131196879139585,0.2605926529875599,0.2669049799442291,239976000
2000-09-14,0.2682149501799991,0.28012517949726146,0.2610693359820019,0.2644043266773224,216336000
2000-09-15,0.26297452896805773,0.2739316613008604,0.2610692180772011,0.27018049359321594,242592000
2000-09-18,0.27083535483780957,0.2725028490604533,0.25154080835579923,0.25439921021461487,163488000
2000-09-19,0.24272782813332403,0.2629745744457245,0.24010721422000686,0.26226019859313965,301104000
2000-09-20,0.25511362973484875,0.2601161132645991,0.2496355408967034,0.2536848783493042,227568000
2000-09-21,0.25559017804439393,0.2703588303479327,0.2553523617705211,0.2645825445652008,346824000
2000-09-22,0.23843971354233573,0.27250291919134634,0.2382018972379023,0.2691679298877716,387264000
2000-09-25,0.2775045145716248,0.2925119154612875,0.275361386804929,0.2884625494480133,467568000
2000-09-26,0.29155882018517126,0.29870533325341414,0.27821984009047807,0.2953703701496124,337344000
2000-09-27,0.29298841472902704,0.3253832271286572,0.29298841472902704,0.31156766414642334,676128000
2000-09-28,0.30870936378969127,0.32300146371273236,0.30108721762693036,0.32109615206718445,333816000
2000-09-29,0.312044233083725,0.3239544854135409,0.3068039597658848,0.312044233083725,373872000
2000-10-02,0.31633141212489535,0.32871819657169443,0.29679904334668755,0.304659903049469,340584000
2000-10-03,0.30632726327837384,0.3087091327629504,0.2858417845471769,0.28822365403175354,300264000
2000-10-04,0.2806016200849734,0.28965341451420024,0.27679007135891276,0.28488877415657043,419568000
2000-10-05,0.2870328998126211,0.2870328998126211,0.2722642420319394,0.2782198190689087,525048000
2000-10-06,0.27893420229441857,0.28083951376226185,0.2570199582525154,0.2608305811882019,1027176000
2000-10-09,0.25416143904835387,0.2705966597464153,0.23629564053714483,0.2665473222732544,665256000
2000-10-10,0.2553524000640896,0.26821484400502027,0.24391873492092855,0.2463005781173706,415944000
2000-10-11,0.23129417612279743,0.2620215026918183,0.22200363552140925,0.24844470620155334,535776000
2000-10-12,0.2539227076673408,0.26869133252478367,0.23629562609877824,0.23867839574813843,401616000
2000-10-13,0.24034499709524132,0.25535236547021656,0.2377847647534864,0.24820585548877716,578976000
2000-10-16,0.2482059330869453,0.2482059330869453,0.23677226591818168,0.24248909950256348,339216000
2000-10-17,0.24153690576495784,0.24248909800619092,0.22224235060412015,0.2248620241880417,463248000
2000-10-18,0.2103320969803973,0.2341525623760419,0.20032716866949343,0.22128921747207642,416952000
2000-10-19,0.23558126128475845,0.24582401726585115,0.2320084560165141,0.24272777140140533,294888000
2000-10-20,0.23701092047639435,0.27154975267803716,0.2353434261169949,0.2653563618659973,387360000
2000-10-23,0.26750044084231583,0.2691679080991174,0.2510642933196179,0.25940173864364624,182112000
2000-10-24,0.2582107803096759,0.262497933678534,0.25011207883953607,0.251064270734787,193968000
2000-10-25,0.2441565578777036,0.2477293363996407,0.22748259190834436,0.22915008664131165,385512000
2000-10-26,0.23057883171572255,0.24772932941375328,0.21438142567544363,0.238916277885437,265776000
2000-10-27,0.23915411535679656,0.24505023751678634,0.2248620054170956,0.23343725502490997,210960000
2000-10-30,0.22962660136891858,0.23480741953529333,0.21676324637404698,0.2170019894838333,192120000
2000-10-31,0.2255772765195916,0.24058374746728123,0.2186695086646152,0.2368316799402237,299256000
2000-11-01,0.23105533356187433,0.24010712598273715,0.22295663256111373,0.23677216470241547,304536000
2000-11-02,0.2451097256925389,0.2610692917955922,0.24106035963090813,0.25487589836120605,192888000
2000-11-03,0.2515408369676642,0.27631347416186264,0.24963552628506883,0.2715497612953186,268632000
2000-11-06,0.2779810974553153,0.3048978009219722,0.2763136022698947,0.2925119400024414,635040000
2000-11-07,0.2877472228915563,0.2877472228915563,0.2629745534256174,0.27274075150489807,258240000
2000-11-08,0.2758378474192142,0.2758378474192142,0.26059263563766055,0.26464200019836426,187080000
2000-11-09,0.24868249924610553,0.26106928583192346,0.22533859111381116,0.23701101541519165,564528000
2000-11-10,0.24510969502469973,0.2572577371696148,0.21819298323264721,0.22414763271808624,805248000
2000-11-13,0.21295262921806768,0.24963551459024427,0.20580611978292868,0.22510068118572235,530040000
2000-11-14,0.24010715609232203,0.2682148104996955,0.2382018725932317,0.2663094997406006,470736000
2000-11-15,0.2615457743382418,0.269882293109829,0.2508264856917117,0.26279616355895996,423864000
2000-11-16,0.2553524000640896,0.26202142471408757,0.24391873492092855,0.2463005781173706,235536000
2000-11-17,0.24820588010557018,0.26083050727873947,0.23343722612331527,0.24153685569763184,178776000
2000-11-20,0.23260393391670392,0.23272284206290658,0.22033607252335266,0.22295667231082916,298752000
2000-11-21,0.2324850234952595,0.2343903343364681,0.2072358248184393,0.21866948902606964,382512000
2000-11-22,0.2096176847106372,0.21628672254870004,0.19818400669515102,0.20723582804203033,409752000
2000-11-24,0.20961766610159283,0.22724473417272162,0.20961766610159283,0.21914511919021606,165072000
2000-11-27,0.23486693832027117,0.23629569001221895,0.20300722309641536,0.21176084876060486,363864000
2000-11-28,0.21497682133987245,0.21723976925197488,0.19127618782518724,0.19598045945167542,382344000
2000-11-29,0.19889840897372074,0.19913623892925617,0.16912329525511485,0.18389193713665009,636408000
2000-11-30,0.16817015149267675,0.16817015149267675,0.13863377166207633,0.15435461699962616,981624000
2000-12-01,0.1638829552890834,0.18579718832063397,0.1629298366137865,0.16959978640079498,784080000
2000-12-04,0.1706718551689158,0.17626886632250205,0.15911835514003478,0.17221951484680176,474264000
2000-12-05,0.18436844347503187,0.19103748028088008,0.16721793592131123,0.18341533839702606,997224000
2000-12-06,0.17984250678500885,0.18484406215885682,0.1562598826057382,0.1572129875421524,950928000
2000-12-07,0.14959089009828258,0.16269204887967056,0.14149218771892066,0.15435461699962616,785184000
2000-12-08,0.17031420247711546,0.1905609596903029,0.15441408071825,0.18960876762866974,853392000
2000-12-11,0.18341537570691574,0.19341937592570796,0.1786516485079897,0.18960876762866974,757632000
2000-12-12,0.18484415237938687,0.1881791148896675,0.17817511330918967,0.18436850607395172,409512000
2000-12-13,0.18365315871720503,0.1867503039067145,0.16674138025635574,0.17007635533809662,675072000
2000-12-14,0.1688845532865215,0.17031421814083508,0.15435464083783856,0.15840399265289307,569016000
2000-12-15,0.14839993502617607,0.15768957129020314,0.1419678148548616,0.14268310368061066,1094424000
2000-12-18,0.1486377909114724,0.15244932631469388,0.1453028149924441,0.14738741517066956,658872000
2000-12-19,0.14959090586852392,0.16292988234662822,0.1333925861919395,0.13625100255012512,946200000
2000-12-20,0.1293432259039536,0.14816123115127935,0.11481331514157382,0.12148326635360718,1105392000
2000-12-21,0.1198157792779274,0.13625100199252063,0.10480839492114835,0.10623805969953537,845256000
2000-12-22,0.1148133639019067,0.1457794227055631,0.1148133639019067,0.1336313635110855,949080000
2000-12-26,0.13529879115762727,0.13672754252787353,0.11957703319395625,0.1281522810459137,343824000
2000-12-27,0.12672352889456157,0.1419678277806418,0.12148325642902644,0.13672754168510437,339456000
2000-12-28,0.13124942592765537,0.141015607812283,0.12910538589394027,0.13744190335273743,419232000
2000-12-29,0.1372041512500975,0.1417300496896678,0.12195893357991987,0.12487680464982986,495168000
2001-01-02,0.12577042168648014,0.12743790251125478,0.11362236884037746,0.11409892141819,290808000
2001-01-03,0.11052518636323466,0.15030521567469501,0.10766676444483349,0.14911428093910217,910368000
2001-01-04,0.146493736437624,0.17007638196395988,0.14244438509517035,0.1662648469209671,815448000
2001-01-05,0.16483522974193282,0.16555051889693445,0.13815725727261602,0.141372412443161,432768000
2001-01-08,0.13744189208361904,0.16102453136077982,0.13744189208361904,0.1548311412334442,573768000
2001-01-09,0.15697521681199986,0.1610245680028679,0.14935214701138044,0.15792740881443024,302904000
2001-01-10,0.1498287226774263,0.16959983456427075,0.14625593052050262,0.1688845455646515,392928000
2001-01-11,0.16483517099944422,0.19008529579181793,0.161976755029569,0.18293879926204681,447648000
2001-01-12,0.18603507437383876,0.19723093817938653,0.17722199452060491,0.1791273057460785,669000000
2001-01-16,0.18008035317313456,0.18008035317313456,0.1622154573919141,0.16507388651371002,414984000
2001-01-17,0.17769850488430478,0.1829387908051349,0.17031417878264163,0.17102855443954468,592584000
2001-01-18,0.17102856134058303,0.20866456902442274,0.16721795341992593,0.20384138822555542,948168000
2001-01-19,0.20961768395045713,0.21723982698640296,0.19532558989043058,0.19842183589935303,1018704000
2001-01-22,0.1924672060245314,0.20008935033646758,0.18508287804532178,0.190560981631279,377712000
2001-01-23,0.1881790694191697,0.21342829431258253,0.18722687745801192,0.20955821871757507,433632000
2001-01-24,0.20937894195478493,0.2115229821939155,0.19651651331029665,0.20866456627845764,451728000
2001-01-25,0.20151900064145978,0.2019946469024991,0.1834153835527369,0.18770255148410797,440016000
2001-01-26,0.17722197867451314,0.195921077121348,0.17591214888164644,0.19365812838077545,259248000
2001-01-29,0.1877025592238569,0.1948490570178748,0.18103352050114158,0.1946103274822235,354168000
2001-01-30,0.19770745355923292,0.2030666342721865,0.19389591874880419,0.19889837503433228,243720000
2001-01-31,0.1991362065869082,0.20675926264045233,0.19246716894153124,0.1967543363571167,358344000
2001-02-01,0.19675428273531945,0.19913615231597578,0.18817902340099651,0.19776685535907745,371856000
2001-02-02,0.19794526728583067,0.2024711641027878,0.177221952666699,0.1786516308784485,320520000
2001-02-05,0.17841289937496185,0.17960383454222723,0.16793234005694693,0.17841289937496185,367584000
2001-02-06,0.17507785508137047,0.18293873831204802,0.17466167672433672,0.17936594784259796,250440000
2001-02-07,0.17817506426894872,0.17960381558275484,0.16150110136717233,0.17102855443954468,720384000
2001-02-08,0.17198166595619788,0.18174784809910377,0.16936106650123411,0.17007635533809662,384288000
2001-02-09,0.16864672924830862,0.16983766451061796,0.16269206656676627,0.1688845455646515,259608000
2001-02-12,0.1669792126146401,0.16888452341640486,0.15625992433934976,0.16435953974723816,354336000
2001-02-13,0.16745580334384416,0.17722198825470478,0.16555049218573523,0.16936111450195312,467736000
2001-02-14,0.16721798595515552,0.18675035565317075,0.16007147444690753,0.1817478984594345,690888000
2001-02-15,0.20675929806997445,0.218669523579997,0.20532963321301037,0.21509581804275513,1108512000
2001-02-16,0.20413866945105041,0.23248502783976696,0.2039008531565284,0.22676819562911987,1081176000
2001-02-20,0.22105134396959547,0.22581507053260316,0.20390083521661337,0.2041386514902115,701304000
2001-02-21,0.19651657800282976,0.22200361377331684,0.1943725370578888,0.21342836320400238,646512000
2001-02-22,0.21223740364975135,0.22867354064144055,0.20580618112529442,0.2224801480770111,815304000
2001-02-23,0.2212891788583294,0.22486197067363262,0.20008931741990474,0.2071159929037094,1034664000
2001-02-26,0.20104241545817025,0.20675926107238357,0.19365810258771785,0.20247116684913635,751824000
2001-02-27,0.19746872821135625,0.2053296148248454,0.18913220898514732,0.190323144197464,533832000
2001-02-28,0.1888934844249055,0.2000893334027448,0.16674141557238023,0.17031420767307281,784056000
2001-03-01,0.1681701364035872,0.18675030934106657,0.15244929247659234,0.18377207219600677,915288000
2001-03-02,0.1705521152031366,0.18270107500873442,0.16388307380335404,0.1660865694284439,1413504000
2001-03-05,0.15959492565649164,0.17198172514755677,0.15864273343976606,0.167693629860878,742296000
2001-03-06,0.17626887984502107,0.18984660004824183,0.17329155520422762,0.18389193713665009,834408000
2001-03-07,0.1879412932340849,0.19913624349713863,0.18460631718816306,0.19866059720516205,938280000
2001-03-08,0.1929437133833301,0.20747362224165408,0.1929437133833301,0.20532958209514618,829344000
2001-03-09,0.19461035073847607,0.19556345620432852,0.1729348376014852,0.19079972803592682,1216776000
2001-03-12,0.1843684966280445,0.19294375969213387,0.1757932335639551,0.18389193713665009,762144000
2001-03-13,0.18627379752167209,0.20866459588463468,0.18532067859123605,0.205806165933609,1082352000
2001-03-14,0.1965165317602638,0.21819295330509428,0.1965165317602638,0.21747766435146332,1351128000
2001-03-15,0.23081753208234912,0.24290611666456086,0.22248008745801323,0.228196918964386,1875984000
2001-03-16,0.2246241941046129,0.23343726023965036,0.21795424188163856,0.2272447943687439,1225200000
2001-03-19,0.22605290823771138,0.24201248345552842,0.21372649215762884,0.24034501612186432,943896000
2001-03-20,0.2374865515193305,0.25249394614023535,0.21533448745005224,0.21795417368412018,1990560000
2001-03-21,0.21843072492940913,0.2405836877555225,0.2172397899872569,0.23415248095989227,1877352000
2001-03-22,0.23629566302965158,0.2586873878164417,0.23439035204449807,0.2577342689037323,1697760000
2001-03-23,0.26249802265299826,0.2672626638446098,0.2424890920893547,0.2553524374961853,1509672000
2001-03-26,0.2553523945846206,0.2705966813948744,0.2553523945846206,0.2691679298877716,1542960000
2001-03-27,0.26392763552351983,0.27321727282845476,0.24820586369654585,0.25940173864364624,1702152000
2001-03-28,0.2522553198633347,0.26630960226789513,0.2515409439086639,0.25958019495010376,1433280000
2001-03-29,0.25731724885357676,0.2725030136943378,0.25201751993975474,0.2634511888027191,1632960000
2001-03-30,0.26154588007030116,0.266547438975095,0.2458241286050498,0.247432142496109,1423176000
2001-04-02,0.2467771878607678,0.25273186521523566,0.2339138417185005,0.23701101541519165,1265160000
2001-04-03,0.23343730935126356,0.25130314265645226,0.23319949296556952,0.24487100541591644,1991616000
2001-04-04,0.2355812784477353,0.23605783788625292,0.20509177866516864,0.2196217030286789,3362472000
2001-04-05,0.23415252390845798,0.24367997793321255,0.2277204027229919,0.2398693561553955,1724760000
2001-04-06,0.23677222374061266,0.2515408782445221,0.23272285860053896,0.238916277885437,1547664000
2001-04-09,0.24353732299830988,0.24944440341071308,0.2235283809072257,0.2273014932870865,1097160000
2001-04-10,0.23275131364427484,0.25611442943959234,0.2306173177329598,0.2487584501504898,1186416000
2001-04-11,0.264079683982791,0.2736464813763858,0.25649594450464314,0.2637750804424286,1426872000
2001-04-12,0.25889682471873265,0.27917191666900176,0.25394190995599025,0.2677382528781891,1440264000
2001-04-16,0.2629744938344647,0.2685010777638729,0.2564188993190368,0.2612210214138031,764112000
2001-04-17,0.2573719784584298,0.2761232066514209,0.2572576500121315,0.2740267217159271,1112448000
2001-04-18,0.28557470640551513,0.32166759840663695,0.28557470640551513,0.29445546865463257,2301864000
2001-04-19,0.2961322392867627,0.324830788964052,0.29479862499902837,0.3197615444660187,1632264000
2001-04-20,0.31591246828051284,0.34297186966318843,0.30756589005842333,0.3314238488674164,1773840000
2001-04-23,0.32422062839733223,0.32452613129627295,0.31061455916157754,0.31393030285835266,1239000000
2001-04-24,0.31305411569408353,0.33649317575184656,0.2867950889151137,0.29171156883239746,1828320000
2001-04-25,0.29247339069409833,0.31553099168735643,0.29136843372982524,0.3051263391971588,1423728000
2001-04-26,0.31175790549442867,0.31175790549442867,0.27821973017518786,0.28107815980911255,1486008000
2001-04-27,0.2919401230823457,0.30234477627921497,0.28626080091786704,0.30108708143234253,915672000
2001-04-30,0.3092809416585233,0.3351969778312391,0.3027253456196557,0.3174747824668884,1583280000
2001-05-01,0.31861804242003544,0.3479650680439866,0.31347288097583625,0.347126305103302,1867368000
2001-05-02,0.356159038047926,0.356159038047926,0.33462532017329844,0.3391612768173218,1547784000
2001-05-03,0.32890841964398226,0.33919874508520287,0.32685037091174224,0.3376748561859131,960504000
2001-05-04,0.3277650397092649,0.34769804653132486,0.32624117813260795,0.34232422709465027,953520000
2001-05-07,0.34102810356825264,0.3601607555413791,0.33702630770312475,0.3576837480068207,975600000
2001-05-08,0.3629808167304642,0.363133581822302,0.32875661113714716,0.3318052887916565,1620144000
2001-05-09,0.3212478475887522,0.32822237442200747,0.3140446365724373,0.31625545024871826,1319040000
2001-05-10,0.32540237138758876,0.32925140221377225,0.3018490189181735,0.3056221306324005,998904000
2001-05-11,0.3048602598470956,0.3068039804024351,0.2917115299021389,0.2978088855743408,921216000
2001-05-14,0.29868593344660804,0.303907013888485,0.28793829700859513,0.30036258697509766,702432000
2001-05-15,0.30299240036756975,0.323954445132811,0.29956227385653567,0.3111487030982971,1242600000
2001-05-16,0.3040214303985423,0.32776506039062425,0.30207771009199397,0.3258213400840759,957096000
2001-05-17,0.3268888231721456,0.34110500035665847,0.32185801551960164,0.3315766453742981,919056000
2001-05-18,0.3304715488772935,0.33919864669807304,0.3224295493483143,0.3289083242416382,575832000
2001-05-21,0.3281849039629716,0.3506324013537521,0.32159087203928693,0.34377220273017883,1064688000
2001-05-22,0.3488030359573274,0.357492626989098,0.3353881405853047,0.3540625274181366,1049976000
2001-05-23,0.36797412503821914,0.38112285360586867,0.3468218035963425,0.35105228424072266,2244912000
2001-05-24,0.348727093450803,0.36526751121313406,0.3382465478435046,0.35623490810394287,1680576000
2001-05-25,0.3490699823835744,0.3542535525366749,0.3430101396364501,0.34948891401290894,947952000
2001-05-29,0.3475078562746426,0.34758377540294166,0.3304332763100394,0.3351594805717468,920568000
2001-05-30,0.32727010734906964,0.3438864396651164,0.3254782258428262,0.3289083242416382,3308904000
2001-05-31,0.33153805678268067,0.33348177641061705,0.3192281232457275,0.32627856731414795,1262928000
2001-06-01,0.32852788681225004,0.34712635142951176,0.32662164927629483,0.3443438410758972,1022472000
2001-06-04,0.34457263556356754,0.3464020277348952,0.33447348247422626,0.33900853991508484,621552000
2001-06-05,0.33862698507280303,0.3603509711085388,0.33805531557712665,0.35680651664733887,987168000
2001-06-06,0.35814104786311707,0.36301911599913667,0.35291906755468777,0.3583313226699829,698976000
2001-06-07,0.3551683623386424,0.3795979877645898,0.35253861697172506,0.37856897711753845,1141152000
2001-06-08,0.3774256465869969,0.3779973161940805,0.36481017876119154,0.36873602867126465,712680000
2001-06-11,0.36926921594528117,0.3696890471993297,0.3522330246667843,0.3579498827457428,581928000
2001-06-12,0.35044216472845413,0.37521480511698396,0.3496802202731892,0.3698793947696686,1102728000
2001-06-13,0.37258506549237397,0.3782260060886664,0.35425369185988187,0.35745513439178467,938712000
2001-06-14,0.3528431349250095,0.36279044520259723,0.347773892596431,0.3566921651363373,946152000
2001-06-15,0.3525386120581568,0.3685457409536795,0.34598298998527593,0.3622572124004364,1094544000
2001-06-18,0.36134240228731923,0.3672110701803852,0.34396322902147203,0.3479265868663788,856656000
2001-06-19,0.3544822649289763,0.36275199448858175,0.32185787991184506,0.3289083242416382,1513128000
2001-06-20,0.32284844938802854,0.3468216533330773,0.3161410182811102,0.3430485427379608,1759200000
2001-06-21,0.34167659007021167,0.35558723269318154,0.3325296327633118,0.34952738881111145,1484568000
2001-06-22,0.34777391707387895,0.3570736121874683,0.34339162643531296,0.3479650914669037,761184000
2001-06-25,0.35185265733272053,0.35330059999787206,0.3371407028000822,0.3472791910171509,640032000
2001-06-26,0.33958011687288486,0.35901737115577814,0.33824650301820836,0.35730230808258057,757920000
2001-06-27,0.35558726548332126,0.3563492098641382,0.3401902425819085,0.34625008702278137,895752000
2001-06-28,0.35089945676767315,0.3553970029109693,0.34682174193322496,0.3503277599811554,909336000
2001-06-29,0.35158545932436724,0.3590173535095981,0.34762207319892585,0.35349076986312866,730920000
2001-07-02,0.33950422264851865,0.3423626249666787,0.33271994348616,0.337826669216156,1040016000
2001-07-03,0.33550236924364896,0.3456783364546968,0.3337873335984162,0.34213390946388245,406296000
2001-07-05,0.3380554347385026,0.3401518931683189,0.316903110742447,0.3173229694366455,1020096000
2001-07-06,0.3125582653660035,0.31499776328648366,0.301467586519747,0.3075658679008484,802824000
2001-07-09,0.3035640609899368,0.3109200369977384,0.2946073774975492,0.2975042164325714,1014072000
2001-07-10,0.3014675768702865,0.30546937285600084,0.29632244175723094,0.2999437153339386,1221744000
2001-07-11,0.2988003775674693,0.3041741973767325,0.2901107867392962,0.2993720471858978,904632000
2001-07-12,0.3134729638744547,0.3172845126055379,0.3058508205125413,0.315073698759079,981552000
2001-07-13,0.3127495586319088,0.31617965920718044,0.302039398136968,0.30855658650398254,690144000
2001-07-16,0.3050890042368974,0.3087093800584085,0.2822216649629564,0.28374552726745605,1191696000
2001-07-17,0.27898163210472754,0.3023822440564392,0.27631345045393113,0.29960066080093384,1169904000
2001-07-18,0.2924734169861352,0.30055290098113313,0.2830978015088467,0.28923356533050537,840984000
2001-07-19,0.2934264024970349,0.3061177841578869,0.28892885759257625,0.2938837707042694,840024000
2001-07-20,0.2865663772670945,0.29308356461368595,0.2763135596688462,0.28542301058769226,742464000
2001-07-23,0.2858419543803981,0.2862233764829153,0.25805811292534175,0.25840112566947937,1547976000
2001-07-24,0.2618694703241828,0.2761231497100523,0.2563429150594002,0.27589449286460876,1365312000
2001-07-25,0.27539875444621165,0.2759329414013745,0.26404191142905004,0.2732263505458832,1245888000
2001-07-26,0.2706350934991849,0.30299239221603674,0.2692630429316841,0.30108708143234253,1714152000
2001-07-27,0.30051539419969264,0.3120250048031935,0.2915587103981805,0.3087092339992523,1094688000
2001-07-30,0.30909061336668525,0.31034830808021846,0.2980374458246749,0.30135321617126465,582288000
2001-07-31,0.30177309880447234,0.30966233484075883,0.2907967490722444,0.3083277940750122,1187760000
2001-08-01,0.3143876819856039,0.3287565957488406,0.3122152774301258,0.3271558880805969,1204944000
2001-08-02,0.33130950377786844,0.3361116265075288,0.32010449622198145,0.33493077754974365,1097928000
2001-08-03,0.3315765265019175,0.3374460953090518,0.32532640808654045,0.33230096101760864,820344000
2001-08-06,0.3299373061105047,0.34575418176308054,0.3263928798761519,0.34236249327659607,1292568000
2001-08-07,0.34228584388261574,0.3439633974993029,0.3332916496668605,0.33729344606399536,1088616000
2001-08-08,0.33435903823072727,0.3430102182471234,0.3272317468992756,0.3287181258201599,1125696000
2001-08-09,0.32719333266931183,0.33363459867032474,0.3170941832269941,0.3229628801345825,1643616000
2001-08-10,0.3228109911647065,0.3270030340507354,0.3129012176813388,0.32258233428001404,1036488000
2001-08-13,0.3281080114401086,0.3397703583490482,0.3232299430748254,0.33611157536506653,1514784000
2001-08-14,0.33001438956607704,0.3321483579730995,0.32303983323330676,0.3271934688091278,2321160000
2001-08-15,0.33458781392628695,0.3385127647448409,0.3246780096027041,0.32757484912872314,1816392000
2001-08-16,0.32155325459048384,0.34186677737860804,0.32025715077288863,0.34137099981307983,1026096000
2001-08-17,0.3327199788135247,0.33706476061204754,0.316560055461367,0.3192666471004486,1668840000
2001-08-20,0.3172461286454471,0.32048598104256254,0.3073372506724604,0.317055881023407,1183320000
2001-08-21,0.3178561881147015,0.32624120293455644,0.3098910319340119,0.31038588285446167,1186656000
2001-08-22,0.31587406136127755,0.32349710451555747,0.3058508290235129,0.323154091835022,1498104000
2001-08-23,0.32204832805005595,0.32620286350693684,0.3144261822759095,0.3159884810447693,1013592000
2001-08-24,0.3193810140376341,0.33153821563137187,0.3175132126088454,0.32502102851867676,1110936000
2001-08-27,0.317741797419732,0.34057071368856556,0.31652251203244086,0.33626434206962585,1279608000
2001-08-28,0.33534985194712486,0.34282016002145377,0.3292900044644412,0.3318813145160675,1178760000
2001-08-29,0.3327958537347666,0.3348923116042926,0.31842784163343935,0.3212103247642517,1435800000
2001-08-30,0.3151880130961881,0.3224296336924423,0.307756117657992,0.32018131017684937,1431312000
2001-08-31,0.31804649668917484,0.32578389698874816,0.3138544518956194,0.3228486478328705,887904000
2001-09-04,0.3219722857083785,0.3219722857083785,0.29815183872545403,0.30040106177330017,1856136000
2001-09-05,0.30013396121247543,0.309090644686133,0.2879383530097502,0.3068039119243622,2395584000
2001-09-06,0.3007441709401813,0.31023411789537064,0.2928924417969372,0.29426446557044983,1950768000
2001-09-07,0.2896534169925592,0.3018490536359545,0.2881286284770438,0.2973514795303345,1970256000
2001-09-10,0.2948361736154996,0.2993721311040548,0.28275488926082554,0.28873881697654724,1872360000
2001-09-17,0.270749403155305,0.27738094409096814,0.2577909245577696,0.25908705592155457,1138596000
2001-09-18,0.26411798186392954,0.266023293378391,0.23759186062506646,0.2434614598751068,894372000
2001-09-19,0.24483350635239903,0.24765350068348574,0.20626359326452748,0.24048872292041779,1561908000
2001-09-20,0.22760598702711718,0.23591505237798,0.213428239461243,0.2201365977525711,1470696000
2001-09-21,0.20313794933454538,0.21556315276867827,0.19825988136507092,0.20557743310928345,1226304000
2001-09-24,0.22188923783641457,0.2320276980772462,0.21205626687057944,0.22867351770401,1507500000
2001-09-25,0.229359549154067,0.23926842587452057,0.21906923676734305,0.21975526213645935,941724000
2001-09-26,0.22257525971350187,0.22333811743056192,0.20961770519705206,0.2118276059627533,430812000
2001-09-27,0.21106567540285376,0.21342834141415068,0.1944484363431351,0.20008935034275055,907296000
2001-09-28,0.20580613696361755,0.21960246611563974,0.19704062800643987,0.20938900113105774,1044876000
2001-10-01,0.20923632644100054,0.21266642680150696,0.18827427489550988,0.19162845611572266,972804000
2001-10-02,0.1913238340307526,0.19894597812883433,0.17272443834053955,0.18202413618564606,1123032000
2001-10-03,0.18110943305456648,0.22935955320437085,0.18110943305456648,0.2178499549627304,1798824000
2001-10-04,0.22943547626847208,0.25763914526793585,0.22150872899612775,0.2461286336183548,1980576000
2001-10-05,0.24239395690362178,0.2568004099419402,0.23317110422907739,0.2507789731025696,1078212000
2001-10-08,0.24086918235964772,0.2659473592045879,0.24086918235964772,0.25641900300979614,765900000
2001-10-09,0.25710491247842193,0.2622125649864065,0.2379731871370416,0.24529072642326355,917556000
2001-10-10,0.24094600915926115,0.26297457924331735,0.23934530127446133,0.26106926798820496,968124000
2001-10-11,0.27501828383389276,0.2901107582757541,0.27356941457451556,0.28934788703918457,918000000
2001-10-12,0.2820303636765044,0.30870924129057586,0.28103973504279567,0.3081759810447693,1253100000
2001-10-15,0.2991808424050158,0.31633136537830203,0.29079675533196137,0.3068039119243622,908568000
2001-10-16,0.3064225123673304,0.3401134273528636,0.3000955738325809,0.3376748561859131,1383852000
2001-10-17,0.3451443807013176,0.3452971458441193,0.31633152267200476,0.3178563117980957,1695540000
2001-10-18,0.3178561556164774,0.3343965725198944,0.31709421121812315,0.3312719762325287,1020864000
2001-10-19,0.32654574393854296,0.34301024164368077,0.32242961951225857,0.33813217282295227,1059264000
2001-10-22,0.3356167234227208,0.3506323219404724,0.3281463930337895,0.346135675907135,970824000
2001-10-23,0.3505565383119256,0.35680663173799154,0.332338564258647,0.3400375545024872,953028000
2001-10-24,0.33386337533760263,0.3558919441566288,0.3300518262058664,0.3550540804862976,1212144000
2001-10-25,0.3468218413389989,0.3821894157510909,0.3414855306286227,0.3758634030818939,1152396000
2001-10-26,0.3732711294139578,0.3844761385435595,0.3468218318772405,0.3490317463874817,1097124000
2001-10-29,0.3502519606391872,0.35634931667358305,0.3202957420903622,0.3206762373447418,1004796000
2001-10-30,0.31480751423027714,0.33493079765189127,0.30756589309211124,0.320142924785614,1153380000
2001-10-31,0.3321098712166247,0.34110496494236636,0.32204822969614877,0.32669854164123535,989292000
2001-11-01,0.33089058400762594,0.3572639596688608,0.3258597496415897,0.35459670424461365,1093776000
2001-11-02,0.3529959595367422,0.36389543619159503,0.33996156110640724,0.3595506548881531,1087248000
2001-11-05,0.3658016725976915,0.37578646702772467,0.35856002515548124,0.36084675788879395,933456000
2001-11-06,0.3601607678166736,0.38729698518493055,0.3582554570236254,0.3856194317340851,1415376000
2001-11-07,0.3826467334855569,0.4007887876235195,0.3804368463105819,0.3859249949455261,1419144000
2001-11-08,0.39072712237817736,0.3959097677827756,0.36778294635423,0.37921661138534546,1915188000
2001-11-09,0.3959866653417442,0.4058196240017443,0.3886691242203527,0.405514121055603,2270484000
2001-11-12,0.40399011804752427,0.4267806532144845,0.3916417453291288,0.41641440987586975,1458636000
2001-11-13,0.4177106323981793,0.41778655152469274,0.4070388838712566,0.4129844009876251,1446516000
2001-11-14,0.41603303495835514,0.4199973214262728,0.39026976622801224,0.4014747738838196,1150224000
2001-11-15,0.3969013370915044,0.4090969751192538,0.3918705294095164,0.4036087989807129,874944000
2001-11-16,0.4039901751850405,0.4082581382480363,0.39469047817092556,0.40010273456573486,496128000
2001-11-19,0.4040662114159843,0.4078009152960966,0.36968926032501187,0.3913364112377167,1943052000
2001-11-20,0.393242508358902,0.40010270683275523,0.3760151662186555,0.380359947681427,937884000
2001-11-21,0.37395723376759527,0.3854677482616417,0.364352957672076,0.3754820227622986,728412000
2001-11-23,0.37692995470371543,0.3811229263776703,0.3704511764009461,0.3807414770126343,254016000
2001-11-26,0.38714422385325614,0.40848679077396144,0.3860767765651587,0.40795353055000305,1215780000
2001-11-27,0.40772479706075454,0.42152113860199236,0.40017857426216524,0.4122982621192932,1183992000
2001-11-28,0.40703894126293777,0.4138232225688,0.39057443839153494,0.3914891481399536,740844000
2001-11-29,0.4199204770252366,0.42205537171441065,0.40703884261227974,0.4086395502090454,5135472000
2001-11-30,0.40848678155368395,0.4194631042257484,0.4024653463757277,0.4164903461933136,1034028000
2001-12-03,0.4077248286597268,0.41283155427351365,0.4028467599605868,0.41016432642936707,851496000
2001-12-04,0.41222245208846364,0.44362666422268726,0.41222245208846364,0.4431692957878113,1384644000
2001-12-05,0.44667525361792415,0.47983290679796164,0.44629475846103894,0.4789182245731354,1707036000
2001-12-06,0.4751834967880117,0.47640278217965,0.45940502570332786,0.47137194871902466,1138944000
2001-12-07,0.46786606079611537,0.4721349238534567,0.4488102233549995,0.4569656550884247,807036000
2001-12-10,0.45467894925652014,0.4719821871717586,0.45086832673908744,0.4615391492843628,695868000
2001-12-11,0.46961939752371895,0.4889797781840638,0.46496911375373445,0.47808030247688293,792252000
2001-12-12,0.48173891099081756,0.4931725695599085,0.4724392191387129,0.4929439127445221,1004628000
2001-12-13,0.483262998563738,0.4894371712876523,0.4768601144100441,0.4787663519382477,881400000
2001-12-14,0.47868950140473504,0.5027002199738273,0.4764795875839995,0.500337541103363,754680000
2001-12-17,0.4965259610822441,0.52556751109664,0.4965259610822441,0.5183268189430237,1080960000
2001-12-18,0.5069693103731888,0.5141341143808581,0.5007191888762995,0.5049871802330017,886968000
2001-12-19,0.49667860876289804,0.5068161641985773,0.48928515331640143,0.49119046330451965,854652000
2001-12-20,0.49317276235317964,0.5020910358794368,0.47007677937082776,0.4718293249607086,951228000
2001-12-21,0.48211961548071736,0.4954595165883418,0.47655557603500026,0.49225810170173645,723972000
2001-12-24,0.4920295285171653,0.5070451046347338,0.49180081704348133,0.5045297145843506,265308000
2001-12-26,0.5070451155521373,0.5254918003322894,0.5069692236860531,0.5168781280517578,642156000
2001-12-27,0.5213755743447976,0.5312085309360891,0.5206136571905003,0.5288459062576294,730152000
2001-12-28,0.531970501856547,0.5354773925217649,0.5110093568013679,0.5161160826683044,757680000
2001-12-31,0.5199275969252668,0.5229003548473612,0.5087984823399457,0.5099418759346008,737580000
2002-01-02,0.5121528493400782,0.5217571518679238,0.49927031209117156,0.5129907131195068,1298904000
2002-01-03,0.5140580684783284,0.5488164878402225,0.5137535196605293,0.54660564661026,1414752000
2002-01-04,0.5538473488926006,0.5538473488926006,0.5213757123986205,0.5306754112243652,936288000
2002-01-07,0.5328092133908819,0.5335711850293385,0.5092558609692618,0.5164206624031067,973068000
2002-01-08,0.5153541903183742,0.534943285720437,0.5136007176413676,0.5225189924240112,774360000
2002-01-09,0.5297605784590232,0.5392880047281684,0.5080365897907047,0.5153541564941406,1141188000
2002-01-10,0.5126101030075453,0.5196221402267955,0.4985082830275433,0.5030058026313782,992508000
2002-01-11,0.5063591007564625,0.5065118113157038,0.4787664126261131,0.48074766993522644,1380852000
2002-01-14,0.4796810487502833,0.48303435640933834,0.45551759004592896,0.45551759004592896,1369560000
2002-01-15,0.47449762898961945,0.4983555910894376,0.4739643686438737,0.4980509877204895,1838808000
2002-01-16,0.49126677197890484,0.4944681879808218,0.47678439905224934,0.4786137640476227,1115388000
2002-01-17,0.4944681629503793,0.49545966411631365,0.4765557179341368,0.4953828454017639,1121544000
2002-01-18,0.47670826935488964,0.489742694385153,0.476402793759495,0.4863125681877136,803676000
2002-01-22,0.49088615274578085,0.49218138485065743,0.46862797311701454,0.47411617636680603,1085028000
2002-01-23,0.4783848718026765,0.4864643542323048,0.4689333390412241,0.48303428292274475,889164000
2002-01-24,0.4878364314272457,0.5053683744237453,0.4775461078919195,0.500337541103363,1137684000
2002-01-25,0.49317288861597347,0.5114668086816759,0.4870746608339799,0.4990415871143341,817752000
2002-01-28,0.5087985721386683,0.5183269809891631,0.5037677920903155,0.5182501077651978,924288000
2002-01-29,0.5194701562215536,0.5209940447353978,0.48478769452165654,0.49286723136901855,1381932000
2002-01-30,0.4954596648660507,0.4991943955914224,0.48364457581425624,0.4988129734992981,1218456000
2002-01-31,0.5052924423880957,0.5091798823059032,0.48440631914569643,0.5010995268821716,973980000
2002-02-01,0.5002617831187499,0.5055971666061707,0.48593125089155964,0.48882806301116943,688272000
2002-02-04,0.4877606235285032,0.49965165774141007,0.46504605707371577,0.4658079743385315,1104864000
2002-02-05,0.46268241744655286,0.4667225681643966,0.44309329657389646,0.4612344205379486,1474620000
2002-02-06,0.47343022216276576,0.48090050184745425,0.4642073416654601,0.4727441966533661,1242528000
2002-02-07,0.4733541868077918,0.4733541868077918,0.45521308713755826,0.45742300152778625,964476000
2002-02-08,0.46047251422613883,0.46306385029607455,0.42251271200217416,0.4399678111076355,1871292000
2002-02-11,0.43928192938075705,0.4649693130337803,0.4376812213673586,0.464283287525177,1249224000
2002-02-12,0.4572711531808959,0.4828826138732008,0.4520116614131921,0.47411617636680603,1216500000
2002-02-13,0.48021438265229693,0.4882939220710386,0.46344533386314973,0.4680188000202179,1230432000
2002-02-14,0.4719821772842228,0.48364455525125705,0.46603671433399585,0.4738115966320038,1225692000
2002-02-15,0.4520116482609941,0.4546789038406996,0.4325743895302614,0.437147855758667,3988548000
2002-02-19,0.41847259017385624,0.42281737240875933,0.40482808265674003,0.4081822633743286,1972524000
2002-02-20,0.40094067378570536,0.4340983355556923,0.40017872917435,0.42952486872673035,1838736000
2002-02-21,0.4236561667602936,0.42380800501950133,0.39964544035756183,0.4001787006855011,1531044000
2002-02-22,0.39217506274560476,0.3967485284144739,0.3754059612264746,0.38051271438598633,2585616000
2002-02-25,0.38226616989659157,0.4132889272657703,0.3821893239440843,0.4103161692619324,1599564000
2002-02-26,0.4193113602069618,0.4264761633717364,0.4081822699681728,0.4192345142364502,1902672000
2002-02-27,0.4287629417962582,0.4305923340552841,0.40399026805128985,0.4051336348056793,1723224000
2002-02-28,0.40246539549138444,0.409707043883426,0.38539078960438405,0.38882091641426086,1585440000
2002-03-01,0.3925565317219601,0.42685755560328587,0.3914131651679162,0.42640021443367004,1311396000
2002-03-04,0.42769536638077654,0.4550602684311189,0.42357924184290685,0.4501821994781494,1484724000
2002-03-05,0.4432451259385398,0.46108164625799625,0.4428646308060738,0.4490388035774231,1379448000
2002-03-06,0.43562308529413013,0.44004381387622943,0.42556144281668834,0.434937059879303,1446060000
2002-03-07,0.4411113367438389,0.44255927968915404,0.41938734028147945,0.4314311146736145,1346532000
2002-03-08,0.4396631290444048,0.4534594695946672,0.43752823487972187,0.44431251287460327,1270356000
2002-03-11,0.43943443558998535,0.4443124758946884,0.43181136802772835,0.43912890553474426,810540000
2002-03-12,0.4257141932446516,0.42800092637527515,0.4131371610262222,0.41610991954803467,1255032000
2002-03-13,0.4122223672552734,0.4151951251701432,0.4070387957867424,0.4085635840892792,1031616000
2002-03-14,0.4055140921578494,0.4055140921578494,0.38508623171897516,0.3859249949455261,1139460000
2002-03-15,0.38866918251044935,0.4026941878047123,0.38127479430836575,0.40223681926727295,1248288000
2002-03-18,0.40955438874611755,0.418396747183221,0.3976633519730028,0.40223681926727295,1236996000
2002-03-19,0.40513354955255687,0.405895494034995,0.391336305424662,0.39369988441467285,846072000
2002-03-20,0.38722017262295333,0.38798304393009786,0.3533005726726715,0.35459670424461365,2292588000
2002-03-21,0.36061818691797404,0.37769276737482776,0.35108980447154187,0.37342390418052673,1721712000
2002-03-22,0.3801312927226072,0.3801312927226072,0.3674023966304663,0.37022238969802856,1249140000
2002-03-25,0.3684689852104444,0.3689263263764465,0.3506324343962843,0.3510897755622864,884160000
2002-03-26,0.34743099060766885,0.36717372317843217,0.3454497605969396,0.3582554757595062,1123512000
2002-03-27,0.3527674226956188,0.35993222720107193,0.3407236478000248,0.3468219041824341,1068012000
2002-03-28,0.349184414653105,0.35139522830319997,0.3191522854339775,0.33813217282295227,3124080000
2002-04-01,0.3193809481380143,0.33515942084783723,0.3091665696307286,0.3325671851634979,2365344000
2002-04-02,0.3225824278357336,0.3406476354457584,0.3219723215862693,0.32387763261795044,1438008000
2002-04-03,0.3253265175491266,0.33416794733550625,0.3186181562666624,0.3299759030342102,1094640000
2002-04-04,0.32746047842283244,0.3395801684474608,0.3229629316655666,0.3283751606941223,1130964000
2002-04-05,0.33050908957898856,0.33584539841893907,0.3175515113192151,0.32090479135513306,1026900000
2002-04-08,0.30604114638776975,0.33165258169174194,0.30596522725497316,0.33165258169174194,1151316000
2002-04-09,0.3349309230852805,0.3376749983031682,0.30992866131962044,0.3106915056705475,1380768000
2002-04-10,0.31320674662395365,0.3155693983294465,0.2713595073757887,0.2935408353805542,3689724000
2002-04-11,0.29117734845892024,0.29491295138254203,0.2774569485559339,0.2806583642959595,1437288000
2002-04-12,0.2869092470250983,0.28919597924438467,0.27082527555482216,0.27959170937538147,1376880000
2002-04-15,0.28500306457302743,0.29567478248421303,0.28431703938916597,0.29087263345718384,1157208000
2002-04-16,0.30390710829535617,0.3070326317675409,0.2975801694888377,0.3035256862640381,854856000
2002-04-17,0.307108610868454,0.31160615867944164,0.2975043084697026,0.307108610868454,944484000
2002-04-18,0.30398291428497193,0.30726117436167155,0.2953701724967224,0.3020016849040985,693156000
2002-04-19,0.29178749177809143,0.29537035731215183,0.28103982201641575,0.2814212441444397,1125672000
2002-04-22,0.2782955596064053,0.2885099348141291,0.2782196405161589,0.2827931046485901,808176000
2002-04-23,0.28500311126110817,0.28828137225216494,0.2688441160719606,0.27135953307151794,773508000
2002-04-24,0.2744841188037979,0.2785243240500297,0.2468914606103459,0.2475774586200714,1582956000
2002-04-25,0.24658587886740013,0.2621356908597907,0.24650995977114784,0.25718170404434204,1168296000
2002-04-26,0.2600018561291754,0.2603064595412859,0.23149357736110687,0.23149357736110687,1191120000
2002-04-29,0.2588584217440735,0.27395087081282593,0.25016883068206475,0.2700634300708771,3930852000
2002-04-30,0.27646641238987474,0.2801251978274635,0.25954456381605256,0.2653373181819916,1776504000
2002-05-01,0.26099243358505886,0.2738749691218754,0.25420905269085803,0.2701393663883209,1718904000
2002-05-02,0.2714353962502732,0.27814282824011666,0.25916294434204357,0.2592397630214691,1125084000
2002-05-03,0.259544454184558,0.2615266112212274,0.24833944555244744,0.24963557720184326,852756000
2002-05-06,0.24315582592480567,0.2545895165565093,0.23812501949325848,0.24010714888572693,1102044000
2002-05-07,0.24544260822534417,0.2505502616401745,0.23408578850796508,0.2461286336183548,1412448000
2002-05-08,0.2628985817875228,0.27867705347696603,0.2545895146282699,0.2744081914424896,1688688000
2002-05-09,0.2735694590908052,0.2792103728185554,0.2622126120896674,0.26266998052597046,1230840000
2002-05-10,0.26808136152023637,0.269072890027955,0.24010724367164535,0.24300408363342285,1321548000
2002-05-13,0.24551949383877103,0.25855389663078554,0.2434614445874075,0.257715106010437,800892000
2002-05-14,0.2741796314486058,0.28622340632757354,0.26945339893421405,0.28332656621932983,1526112000
2002-05-15,0.2789816940891163,0.2942268803693618,0.2750942262439682,0.2888905704021454,1504548000
2002-05-16,0.2889673490890212,0.29537023321089073,0.28309777967394173,0.28942471742630005,985560000
2002-05-17,0.29727551483901615,0.29940950967341545,0.2898820567576221,0.2985716462135315,934404000
2002-05-20,0.29605641743313277,0.30375448367972635,0.2946843933382253,0.3017732799053192,953412000
2002-05-21,0.3056605752186402,0.3098526191621535,0.27844843635566413,0.27875301241874695,1382604000
2002-05-22,0.28096376562003483,0.29171143013131673,0.2805064245740232,0.29003387689590454,1547988000
2002-05-23,0.29087258354423173,0.29148268952076,0.26373637491687546,0.2723500430583954,2556780000
2002-05-24,0.26716652049916667,0.26853857087544813,0.2608405101196738,0.26701468229293823,737784000
2002-05-28,0.26937745948505815,0.26953022460257287,0.2510835913225501,0.25641900300979614,1367088000
2002-05-29,0.25230280582244696,0.26716656949821116,0.2484153381300114,0.26610004901885986,1311012000
2002-05-30,0.2606878157085876,0.2685386436378649,0.25558108927540674,0.2622126042842865,1066080000
2002-05-31,0.26373646446635396,0.26487983087814454,0.25458953317202915,0.25504687428474426,674112000
2002-06-03,0.2488727133799569,0.25001607984810376,0.23698168030322386,0.24003125727176666,901248000
2002-06-04,0.23850656099182643,0.25344627723242547,0.2381251388282478,0.2521510720252991,1095432000
2002-06-05,0.2526841643847338,0.2527600834827102,0.23972568757014043,0.24849212169647217,1114308000
2002-06-06,0.24589990362019987,0.25192223759687044,0.2458239845169642,0.24856805801391602,739356000
2002-06-07,0.228368927585866,0.24925414146805389,0.22829209525463132,0.24620546400547028,1371300000
2002-06-10,0.24948284630959766,0.2564189929982617,0.24353735574492452,0.2441474348306656,749148000
2002-06-11,0.2481866269653542,0.24925407405165667,0.2325608950130961,0.2331710010766983,859308000
2002-06-12,0.22760609406856538,0.2317222193431503,0.20329077811697052,0.2130478173494339,2267544000
2002-06-13,0.21464855734763513,0.21861191786640435,0.2041295726543557,0.21083702147006989,1265892000
2002-06-14,0.2030620752523238,0.21640105047542077,0.19620186300812212,0.21480034291744232,1116444000
2002-06-17,0.21960253158480372,0.22242345220830584,0.21297100195048035,0.21670661866664886,1054140000
2002-06-18,0.21403839094631688,0.22181329879116343,0.21152298760239743,0.21556319296360016,1008300000
2002-06-19,0.20504426062940542,0.20504426062940542,0.18019475634982818,0.18179547786712646,2593620000
2002-06-20,0.18217683136613227,0.1871308186881704,0.17775520461225303,0.18011876940727234,1425048000
2002-06-21,0.17920410057647765,0.18614023179404957,0.1690656410990467,0.1727244108915329,1484364000
2002-06-24,0.16830376451420606,0.18133815504243683,0.16312019059320282,0.17592591047286987,1379592000
2002-06-25,0.17912735087512924,0.17912735087512924,0.1603001921102625,0.16136763989925385,1172232000
2002-06-26,0.14307371627121837,0.15839485089456753,0.13910942921787392,0.15298260748386383,2067828000
2002-06-27,0.158623497777042,0.15984278335249463,0.12805716586032484,0.1301911473274231,3182808000
2002-06-28,0.12805715841994217,0.13636532645042437,0.125237151790457,0.13095399737358093,1991184000
2002-07-01,0.13034387433775926,0.13415540863677508,0.12790439043398358,0.13064846396446228,1164372000
2002-07-02,0.1291246107879823,0.12958195191026403,0.11906298342775676,0.12241625040769577,1368180000
2002-07-03,0.12165431183489951,0.13324074182402046,0.12157839271426515,0.1330120712518692,1073304000
2002-07-05,0.1425395718978741,0.14482630562179877,0.13842344574280643,0.14475038647651672,739524000
2002-07-08,0.14307372584688016,0.15427873590732016,0.1429209743668035,0.14909516274929047,1587180000
2002-07-09,0.14947653471488737,0.1513818453899961,0.13857613168981534,0.14177756011486053,1075080000
2002-07-10,0.14520768417935315,0.1463510506980879,0.1368995152179679,0.13789013028144836,926988000
2002-07-11,0.13712820047543667,0.1524493201217681,0.13590798798459472,0.15191513299942017,1143948000
2002-07-12,0.16007147465767338,0.16068158094456084,0.14863779497569563,0.15176330506801605,1344900000
2002-07-15,0.15214379907888642,0.16693165668097415,0.14528358710144784,0.16685573756694794,1495272000
2002-07-16,0.162739615314099,0.17798390101730624,0.1596900248793121,0.16235817968845367,1773432000
2002-07-17,0.15885216148976009,0.16197675783210905,0.14223491196997956,0.14856185019016266,1922364000
2002-07-18,0.1461224239848699,0.15473609844250488,0.14436895069900896,0.14475038647651672,1243188000
2002-07-19,0.14032957289070114,0.14589365182800682,0.137204064271166,0.13819466531276703,845772000
2002-07-22,0.13758547610177788,0.14147292862162383,0.12615180264281736,0.13179180026054382,1290744000
2002-07-23,0.13255469483659033,0.13339255828752636,0.11746224871855827,0.12195888161659241,1409652000
2002-07-24,0.12028223867342114,0.13171590014960216,0.12020631957557128,0.12973377108573914,1175100000
2002-07-25,0.12470299583513382,0.1250844178788411,0.110602067946756,0.11479410529136658,1796448000
2002-07-26,0.11814828941253934,0.12089236344942048,0.10900134415292796,0.1121259406208992,1221900000
2002-07-29,0.11677624021467535,0.11738543321807234,0.11151675582531835,0.11525145173072815,1227720000
2002-07-30,0.11471814485037782,0.12942916688337536,0.11433672294404174,0.12363641709089279,1818012000
2002-07-31,0.09009736943604957,0.09192676138409242,0.0833899215366663,0.08438052982091904,4837140000
2002-08-01,0.08506653062914216,0.08506653062914216,0.07622418360014993,0.07630101591348648,1725708000
2002-08-02,0.07873962023253978,0.07927380058281105,0.06936400304973969,0.07127022743225098,1795260000
2002-08-05,0.07020274215588099,0.07035549354236185,0.06471457579589418,0.06555335223674774,1330716000
2002-08-06,0.06860205830666043,0.07157480985044783,0.06753461092547097,0.06898348033428192,1168800000
2002-08-07,0.07203215191180662,0.07271817039415675,0.06479051783193397,0.06738276034593582,892980000
2002-08-08,0.06806877766135756,0.07302275831729407,0.06631530527590568,0.07180347293615341,755424000
2002-08-09,0.06989815421413391,0.07241356381543348,0.0686779557647361,0.07012683153152466,581304000
2002-08-12,0.0693639740869088,0.07279407251277202,0.0675345896227817,0.07012683153152466,592800000
2002-08-13,0.07058419408089563,0.07401430036873849,0.06860205760683889,0.06867797672748566,654420000
2002-08-14,0.06997411325259102,0.07393748767299002,0.06936401367964938,0.07332830131053925,632688000
2002-08-15,0.07607233753770072,0.07995978368006927,0.07530948011335142,0.07843498885631561,1140120000
2002-08-16,0.07424297057708729,0.08422777285859624,0.07195623760639978,0.08148369193077087,1657428000
2002-08-19,0.08499064520738527,0.10252167477119122,0.08483788691521385,0.09642431885004044,2243928000
2002-08-20,0.09718624749728308,0.09909155164743888,0.09093614112457671,0.09215542674064636,1429488000
2002-08-21,0.0963474820564122,0.09825370645658428,0.09185084787681501,0.09703350067138672,1194876000
2002-08-22,0.09413757559163151,0.09794819093179288,0.09314604727983244,0.09375614672899246,1358496000
2002-08-23,0.09108796485822004,0.091698064174206,0.08704867981324323,0.08758193999528885,919932000
2002-08-26,0.08925858201115577,0.08986868134006562,0.08415184283880173,0.0882679671049118,698568000
2002-08-27,0.08979275611066333,0.09025010397739841,0.08270387439877025,0.08323714137077332,686712000
2002-08-28,0.08277982622739417,0.08293258452338023,0.07774901133459826,0.07805360108613968,700356000
2002-08-29,0.07706298036190531,0.08262706154878374,0.07645287411584115,0.0790451169013977,815520000
2002-08-30,0.07828227779536101,0.08156053962851645,0.0754622772159306,0.07698707282543182,1065888000
2002-09-03,0.07332828920480848,0.07370879805652218,0.0710415491781531,0.07226084172725677,847284000
2002-09-04,0.07248949133805917,0.07439479512110558,0.06867796374689002,0.07180347293615341,930552000
2002-09-05,0.07111748726750809,0.07142208388716004,0.06860208279004318,0.06905942410230637,714312000
2002-09-06,0.07195625191750281,0.07256543823634884,0.06951676019583904,0.07058420777320862,746460000
2002-09-09,0.07005001452078562,0.07271817636922355,0.06791603296819,0.07050736248493195,578040000
2002-09-10,0.07012684226508355,0.08422776045414991,0.07005000313087943,0.08056898415088654,2317632000
2002-09-11,0.08308441276156237,0.09070746993348339,0.08308441276156237,0.08453328907489777,1657536000
2002-09-12,0.08247523134557079,0.08697186556542735,0.08095043581685371,0.08186513185501099,1294932000
2002-09-13,0.08102633204066956,0.08491377888132404,0.0800357171520096,0.08056898415088654,796872000
2002-09-16,0.07934970657757791,0.07965429625420625,0.07355694849542452,0.07546225935220718,925464000
2002-09-17,0.07881643920366327,0.08072174323765405,0.07386154468505024,0.07431888580322266,884052000
2002-09-18,0.07317553092291638,0.07462349406718434,0.07005002082887611,0.07226084172725677,811692000
2002-09-19,0.07066012788445382,0.07317553877623136,0.06944084201949699,0.06982135772705078,618492000
2002-09-20,0.07035554915852203,0.07180351268519641,0.0686780017657103,0.0702027976512909,687312000
2002-09-23,0.06905939105714212,0.06974541632728007,0.0666967392178301,0.06715408712625504,521676000
2002-09-24,0.06639122304491145,0.07088877576239452,0.06517193768833036,0.06768734753131866,624444000
2002-09-25,0.07165073340289851,0.07279409997621736,0.06883073313781661,0.07142206281423569,896616000
2002-09-26,0.07279409306175026,0.07355695072171252,0.06654399367038784,0.0676114410161972,739560000
2002-09-27,0.0674586694552451,0.06921214178622798,0.06517193697659283,0.06524785608053207,650688000
2002-09-30,0.065019185558667,0.06806877554690184,0.06364714198247541,0.06524785608053207,584124000
2002-10-01,0.06578204887018083,0.06936399329805143,0.06341848362421247,0.06875480711460114,888360000
2002-10-02,0.06928807613840672,0.07279409473189451,0.06867797672748566,0.06867797672748566,749100000
2002-10-03,0.06784009620896865,0.06898346241456911,0.06517193505422739,0.06532468646764755,590568000
2002-10-04,0.06517195981910553,0.0672300224972355,0.06097991533229702,0.06204644963145256,529788000
2002-10-07,0.06120858976556509,0.062427875476748496,0.05854042772700675,0.05899776890873909,493068000
2002-10-08,0.06097989830124434,0.06113173651993467,0.05488163450808618,0.05724428966641426,714252000
2002-10-09,0.05640643163426774,0.06006521148839342,0.055186229542795735,0.05617775768041611,573132000
2002-10-10,0.05564357700182526,0.0609030676755022,0.05564357700182526,0.05907368287444115,538032000
2002-10-11,0.061360416171109954,0.06822062116748177,0.060979900585020064,0.06715408712625504,994140000
2002-10-14,0.06517195701599121,0.06715410047831852,0.06379991983291916,0.06517195701599121,611484000
2002-10-15,0.07241357261490877,0.07500490162857248,0.07096469667205726,0.07195622473955154,852768000
2002-10-16,0.06707726397563607,0.06768736340200558,0.06479052412083722,0.06593389064073563,578124000
2002-10-17,0.07165071992566625,0.0743188814366445,0.06989816743743552,0.07096470147371292,585792000
2002-10-18,0.07058420175786483,0.0724135937943522,0.06791603964704035,0.07165073603391647,498372000
2002-10-21,0.07066011214750269,0.08072174665874914,0.06905939772105443,0.07813042402267456,930624000
2002-10-22,0.07454754957031891,0.08537111928809563,0.07447163046787952,0.08072172850370407,1272168000
2002-10-23,0.0819410278006477,0.08514245621336276,0.08079766148396388,0.08399908989667892,925428000
2002-10-24,0.08567663816667156,0.08659133396464296,0.07851092363414545,0.07973112910985947,1055172000
2002-10-25,0.08003573021151267,0.08499063188352704,0.07896828282947306,0.08460920304059982,745956000
2002-10-28,0.08849667993305929,0.08918269870021356,0.08453331201912798,0.08506657928228378,1070544000
2002-10-29,0.08521928848518984,0.0858284745926765,0.07706296602967413,0.08133184164762497,772728000
2002-10-30,0.08392320375111492,0.08842075167532971,0.0836186071700619,0.08567667007446289,1139496000
2002-10-31,0.08628581689472935,0.09131662972257654,0.08605714637232735,0.0907074436545372,1255476000
2002-11-01,0.08933541598007759,0.10877266451701698,0.08918265773124943,0.10747653990983963,2128836000
2002-11-04,0.11395530593334412,0.12584632999434764,0.11365071630295442,0.11921480298042297,2688132000
2002-11-05,0.11891019425586946,0.12089233704747371,0.10938183588087366,0.11448948085308075,2034540000
2002-11-06,0.11837696117003173,0.12348370091394673,0.11372665616497783,0.12333093583583832,1646016000
2002-11-07,0.1201294714117886,0.1201294714117886,0.11022059817603133,0.11090662330389023,1660560000
2002-11-08,0.09375611952386559,0.09932020607627269,0.08392316448664328,0.08659132570028305,3798900000
2002-11-11,0.08247521444973463,0.08369449997070436,0.07790174201087051,0.07988297194242477,1378452000
2002-11-12,0.0817891623041642,0.08994456883411112,0.0811031372909564,0.08697181195020676,1381188000
2002-11-13,0.08491379898338476,0.0922313533222321,0.08323716527063295,0.08971594274044037,1802112000
2002-11-14,0.09566143900156021,0.09749082377911632,0.09276551339176259,0.09566143900156021,1138728000
2002-11-15,0.10061634002166793,0.10602858242899442,0.09947297360562647,0.10267440229654312,2054328000
2002-11-18,0.11090665421542716,0.11128807622386576,0.10618043017457884,0.10648593306541443,1982472000
2002-11-19,0.1058758264660666,0.11342204994168228,0.10473246009885223,0.10800980776548386,1971948000
2002-11-20,0.11128809899304078,0.11433677694367325,0.10983922254566107,0.11342208087444305,1292796000
2002-11-21,0.11799549933958481,0.12866724443348365,0.11776682882328723,0.12302631884813309,2053920000
2002-11-22,0.11555606873266712,0.12226444451759136,0.1143367828574308,0.11982494592666626,1251900000
2002-11-25,0.12538900035397216,0.1272183921817648,0.12051094472327771,0.1241697147488594,1230084000
2002-11-26,0.12477981684530334,0.12721838797488982,0.12043502162047276,0.12081553041934967,1084332000
2002-11-27,0.12592318439322658,0.13232604200474266,0.1243224631753459,0.1301911473274231,1088556000
2002-11-29,0.1336212040322961,0.135527427535533,0.1295819129532874,0.13057252764701843,519396000
2002-12-02,0.13750868897149168,0.13926216148516263,0.12897185062911562,0.12958194315433502,1167504000
2002-12-03,0.12714250295102902,0.1274470927138504,0.12081556281662226,0.12104423344135284,1046220000
2002-12-04,0.11250736316223127,0.11433674802295803,0.10618042504111834,0.10656184703111649,2206548000
2002-12-05,0.11342208292121984,0.1141840275275296,0.10496116116566502,0.10755249112844467,1594872000
2002-12-06,0.1029030773346189,0.1097632829445936,0.10122644380047925,0.10770522058010101,1159224000
2002-12-09,0.10419924448721819,0.10587587870398112,0.09825373235525701,0.09909158945083618,969792000
2002-12-10,0.10160695473779993,0.10938185588811312,0.1003117500937059,0.10740062594413757,1389888000
2002-12-11,0.10663775456377278,0.10976326372792046,0.10305581755543179,0.10679051280021667,1364208000
2002-12-12,0.11075391060766616,0.1120500354846691,0.10480840021752107,0.10503707081079483,1302552000
2002-12-13,0.10313173647587034,0.10313173647587034,0.10015897873850582,0.10092092305421829,707724000
2002-12-16,0.10442785660608786,0.1074765335203961,0.1017596952535132,0.10686643421649933,1056972000
2002-12-17,0.1087726989091725,0.1124314696867332,0.10587585912137253,0.1067146360874176,1077744000
2002-12-18,0.10336040425921651,0.10351316249133154,0.0983295914698964,0.09855826199054718,1126836000
2002-12-19,0.09680483454236213,0.10191248846831767,0.09543279043404207,0.09642431885004044,1100604000
2002-12-20,0.09947299392620486,0.10054044144463396,0.09291737694863858,0.09771952778100967,804576000
2002-12-23,0.09749081447813585,0.10076907495795878,0.09718622485514462,0.09840551018714905,498648000
2002-12-24,0.09893972964112571,0.1009209600523193,0.09589013847014875,0.09642431885004044,300336000
2002-12-26,0.098025020060399,0.09947298310256333,0.09383206278447481,0.0946708396077156,719760000
2002-12-27,0.09726215358158176,0.09749082412395978,0.09025011049372975,0.09108796715736389,702528000
2002-12-30,0.09146939949306217,0.09246001444173642,0.08582847986062635,0.08788654208183289,784740000
2002-12-31,0.08697184906751292,0.08994460722011255,0.08529521559572718,0.08773470669984818,825396000
2003-01-02,0.09146940131101187,0.09489950053786166,0.08834389175515373,0.09383205324411392,1302540000
2003-01-03,0.09413756294028977,0.09718624017076287,0.09223133890858375,0.09383205324411392,1037496000
2003-01-06,0.09611884100537459,0.1029790428940954,0.09604291503715359,0.10145516693592072,1033428000
2003-01-07,0.10343634410002135,0.10579991616896633,0.10000624471257973,0.10114961117506027,1498272000
2003-01-08,0.09855827135510219,0.10145511018527255,0.09040194871522889,0.09108796715736389,1852524000
2003-01-09,0.09390889343279679,0.0948995084841069,0.09177399866653962,0.09268869459629059,1436076000
2003-01-10,0.09146942877926974,0.09566147367756331,0.09025014288896623,0.09428942948579788,924492000
2003-01-13,0.09787227684760062,0.09871105374148764,0.09307013294829099,0.09352748095989227,849120000
2003-01-14,0.09383207915281788,0.09512820417523957,0.09139350743118067,0.09421350806951523,868524000
2003-01-15,0.09428939840512258,0.09505225600550356,0.09131664037704468,0.09131664037704468,904584000
2003-01-16,0.08994459073104137,0.09108795694474113,0.08392316322856484,0.08514244854450226,2039976000
2003-01-17,0.08285571238496431,0.08399908545620643,0.0808744895278529,0.08194102346897125,1058832000
2003-01-21,0.08346582941551177,0.08521929518705257,0.07965429457223083,0.07988297194242477,967356000
2003-01-22,0.07965430006368023,0.08201787217874458,0.07942562949272285,0.07995980978012085,550992000
2003-01-23,0.08209377758110015,0.0834658212225812,0.079959796418827,0.08216969668865204,918456000
2003-01-24,0.08148369166484527,0.0818651205004636,0.07614828127740018,0.07752031832933426,897108000
2003-01-27,0.07584365555834119,0.07980702736722763,0.07447161903489266,0.07637692242860794,889116000
2003-01-28,0.07538637050105243,0.08056903175395447,0.0728709658435559,0.07912106812000275,1785480000
2003-01-29,0.07698704023370322,0.08133183458330766,0.07698704023370322,0.08072172850370407,1022040000
2003-01-30,0.0823224818549724,0.08300850049259631,0.07660564170143218,0.0774444118142128,743064000
2003-01-31,0.07515763801316627,0.08079764278729783,0.07447161974490153,0.0786636620759964,949656000
2003-02-03,0.08011163641486944,0.08171235062468203,0.07851092220505687,0.08018847554922104,755556000
2003-02-04,0.07965429590930038,0.08003572472608553,0.07546225902545298,0.07660562545061111,627720000
2003-02-05,0.07828226010701526,0.08041715475700731,0.07698705542974534,0.07729164510965347,581508000
2003-02-06,0.08262703829763411,0.08277978971123467,0.0766056108307007,0.07790172845125198,1226184000
2003-02-07,0.07942562782494912,0.07980705665361851,0.07424296898221763,0.07439480721950531,915156000
2003-02-10,0.07431890718235792,0.07584370286330323,0.07111747754419492,0.07530952244997025,982632000
2003-02-11,0.07591961236026974,0.07813043326506768,0.07355696001348418,0.07393747568130493,850716000
2003-02-12,0.07393746380134697,0.07706297340226594,0.07332827763557963,0.07431888580322266,641400000
2003-02-13,0.07561500748367592,0.07599551626024507,0.07355694527362255,0.0752335786819458,889164000
2003-02-14,0.0855239157862545,0.09185085578057979,0.08346585294923199,0.09177401661872864,3548844000
2003-02-18,0.09528094776669026,0.09886289273132233,0.09413758113673183,0.09703350067138672,1740516000
2003-02-19,0.09642428929043878,0.09855827052461257,0.09535684206829108,0.09794817119836807,1141212000
2003-02-20,0.09832959998416142,0.1009209291142384,0.09756765562269633,0.09794817119836807,978132000
2003-02-21,0.0978722501581546,0.09825367893642593,0.09451806352263763,0.09802500158548355,913260000
2003-02-24,0.09718624838037225,0.1028271617864243,0.09665298129354317,0.09924430400133133,1137012000
2003-02-25,0.09604285444037279,0.09909153127385549,0.09451805941859946,0.09863418340682983,1239204000
2003-02-26,0.09733899161135012,0.09893970594688029,0.09360338268832448,0.09383205324411392,746892000
2003-02-27,0.09474678041131951,0.09627157613559624,0.09322289789752745,0.09581422805786133,675312000
2003-02-28,0.09284144360983893,0.09642430129812588,0.09009736270770113,0.09619563072919846,1653336000
2003-03-03,0.09733901448181487,0.09909156745952369,0.09337472725656212,0.09459493309259415,702036000
2003-03-04,0.09489950053786166,0.09581419639102214,0.09291735739095343,0.09383205324411392,538392000
2003-03-05,0.09291734613699386,0.0958901038922104,0.09268867560890053,0.09535683691501617,522156000
2003-03-06,0.0945949235796757,0.09550961955576405,0.0933747178663534,0.09375614672899246,548064000
2003-03-07,0.0923081669080278,0.09550960224405705,0.09146939702437908,0.09520409256219864,581148000
2003-03-10,0.09421347768611922,0.09467082559148887,0.09238409287964165,0.09253684431314468,344796000
2003-03-11,0.09322287142276764,0.09474675350378593,0.09215542407937473,0.09322287142276764,417144000
2003-03-12,0.09398484256192528,0.09604289868922697,0.09314606554674912,0.09581422805786133,493920000
2003-03-13,0.09863421364672664,0.10595176813259792,0.09817686563948437,0.10534258186817169,1362732000
2003-03-14,0.10572308346369923,0.10671461168513754,0.10153103964293146,0.1022929772734642,1094220000
2003-03-17,0.10061633128302776,0.11029653563071425,0.10038766074568033,0.10823847353458405,1307808000
2003-03-18,0.10785797387239146,0.10907725940100547,0.10518981223334957,0.10740062594413757,932280000
2003-03-19,0.10762928988082832,0.10869582390269698,0.10412235853146028,0.1079338863492012,712992000
2003-03-20,0.10793391527003639,0.11121126374487672,0.10511391481786607,0.10892453044652939,780060000
2003-03-21,0.11266010996718986,0.11304061873137225,0.10305582450959161,0.1079338863492012,1681800000
2003-03-24,0.10351318101541325,0.10671460976743412,0.10290307481781549,0.1038936898112297,839016000
2003-03-25,0.10419918607401282,0.10846714838602649,0.10381775730219107,0.10686643421649933,672828000
2003-03-26,0.10922999997374976,0.11166857760334034,0.10839123013118113,0.10983918607234955,1107840000
2003-03-27,0.10839126999407332,0.11067800343379956,0.10640912630816514,0.1067146360874176,1392732000
2003-03-28,0.10671460966113874,0.10709511845657618,0.10069226095891215,0.10236980766057968,1290684000
2003-03-31,0.09924429166932701,0.10046358395996959,0.09771950332466581,0.09817684441804886,680508000
2003-04-01,0.10023492038936624,0.10214114460750397,0.09802501968071971,0.10107369720935822,533808000
2003-04-02,0.10450380849175121,0.10656187118595453,0.10313177123895087,0.10480840504169464,771900000
2003-04-03,0.10671460223581071,0.10671460223581071,0.10397051480060451,0.10618042200803757,702780000
2003-04-04,0.10648590821541516,0.10663774641518761,0.10160693386772703,0.10206428170204163,513840000
2003-04-07,0.10892452240122964,0.10976329243846135,0.10214114853374093,0.10313176363706589,671256000
2003-04-08,0.10404643766955804,0.10457969785651668,0.10145510855917862,0.1021411269903183,475032000
2003-04-09,0.10252165349682581,0.10526573432903612,0.10145511937916309,0.10160695761442184,694260000
2003-04-10,0.1029789836405235,0.10313174188470454,0.10114959888581739,0.1021411269903183,364104000
2003-04-11,0.10328450116341754,0.10412236469230052,0.10000624016263877,0.10099776834249496,374184000
2003-04-14,0.09947298304579047,0.10305584089047053,0.0991683865290015,0.10275033116340637,445776000
2003-04-15,0.10206433417120647,0.10351321072887261,0.09954892319685539,0.10221708565950394,490212000
2003-04-16,0.10457973833055406,0.1048084157727697,0.10137830865956304,0.10221708565950394,671988000
2003-04-17,0.10297898017097715,0.10427510469505587,0.10084500583992276,0.10404643416404724,520740000
2003-04-21,0.1041992252147168,0.10701922584123565,0.10320769676654712,0.1067146360874176,597144000
2003-04-22,0.1061804429971562,0.10816257963111231,0.10442788334915527,0.10808666050434113,787392000
2003-04-23,0.10793392046189024,0.11121126909437809,0.10709514350735617,0.11052525043487549,606204000
2003-04-24,0.11060207730412512,0.11060207730412512,0.10579993329535756,0.10724789649248123,660912000
2003-04-25,0.10663774434751694,0.10846713564930403,0.10229295022827238,0.10328447818756104,884652000
2003-04-28,0.10450378444459982,0.10831531922100136,0.10328449894502437,0.10640909522771835,674988000
2003-04-29,0.10884857343251922,0.11121122503973961,0.10800979681025379,0.10968734323978424,670344000
2003-04-30,0.10907726769939718,0.11205002605170854,0.10861991973634913,0.10923001915216446,466620000
2003-05-01,0.10846717737033393,0.11098258797032376,0.10785799111374018,0.10991605371236801,733368000
2003-05-02,0.11136397091677688,0.12195886990966286,0.11075387166412475,0.1211969256401062,1691088000
2003-05-05,0.12234033655107038,0.1298865608032106,0.12012950907157094,0.1241697147488594,1576164000
2003-05-06,0.12355969655532481,0.12752397186938005,0.1223404102160418,0.12432254105806351,1143864000
2003-05-07,0.12249311027223715,0.12538902315091405,0.1202063768867478,0.1223403587937355,897372000
2003-05-08,0.12081552921970362,0.12729521903884927,0.11929165398889761,0.12241625040769577,1957452000
2003-05-09,0.14353106429791013,0.1641116762567062,0.1394908583062996,0.1628914773464203,9230856000
2003-05-12,0.16327285525641425,0.1669316382074829,0.157022750143362,0.15831796824932098,3007860000
2003-05-13,0.1529066905994114,0.15778476097726557,0.15199200810604177,0.15534527599811554,1824108000
2003-05-14,0.1558794300484027,0.15778474119389357,0.153211274780449,0.15519341826438904,965580000
2003-05-15,0.15748014608867694,0.1608334134457016,0.1566413692367662,0.16052882373332977,1105656000
2003-05-16,0.15854666819315377,0.16487360679580415,0.15831799762378448,0.16205359995365143,1028916000
2003-05-19,0.1599187382453381,0.16144352705592024,0.1510004751592487,0.15290668606758118,1220484000
2003-05-20,0.1531353864711759,0.1551166035134971,0.152449360919093,0.15397323668003082,884124000
2003-05-21,0.15405003244376617,0.159461361852405,0.15321125566782204,0.15938544273376465,905472000
2003-05-22,0.1596141208901389,0.16136758001404747,0.15587941801556207,0.15991871058940887,888816000
2003-05-23,0.16007146316507007,0.16312014069993294,0.15839483636193927,0.1590808480978012,867612000
2003-05-27,0.15740327170191232,0.17379183490179512,0.15435459487172626,0.17318174242973328,1677408000
2003-05-28,0.17264849177612637,0.17455380260277736,0.16845644812542118,0.1727244108915329,1235556000
2003-05-29,0.17264846497996902,0.19040907821762734,0.17226704304176496,0.18453948199748993,2297736000
2003-05-30,0.2019946545933627,0.20298618292597012,0.1970406657716246,0.19947923719882965,2142312000
2003-06-02,0.20466283453311948,0.20489151878205544,0.18720773027821186,0.18842701613903046,1566144000
2003-06-03,0.18629296644955662,0.19803123281399287,0.1840062338315431,0.19231440126895905,1596804000
2003-06-04,0.1917043378464389,0.1970406618273221,0.18873157932877396,0.19688791036605835,1175604000
2003-06-05,0.1942965830967201,0.20321484481638674,0.19170433347585442,0.20252881944179535,1204404000
2003-06-06,0.21045553125751296,0.21152297849265525,0.1948298107564777,0.19635461270809174,1378836000
2003-06-09,0.19513438658702392,0.20016520633180743,0.19101826258038299,0.193991020321846,720588000
2003-06-10,0.19399100996557514,0.19696376754833655,0.19185702897052212,0.19681192934513092,563304000
2003-06-11,0.19559177981856374,0.19871728959738566,0.1920857475964,0.1969638168811798,943836000
2003-06-12,0.19833581485552235,0.20047070917456664,0.19338184105646367,0.193991020321846,1046688000
2003-06-13,0.18560696315402525,0.19094237336675843,0.1776033980448215,0.17889860272407532,1826808000
2003-06-16,0.1810335596540135,0.1849969342231666,0.16906570401185414,0.182710200548172,1904868000
2003-06-17,0.1869022104508008,0.18827424767060205,0.18141403431158526,0.18705496191978455,999852000
2003-06-18,0.18522558577228238,0.19795538480045927,0.18370078332261014,0.19421976804733276,1122072000
2003-06-19,0.19505851076808003,0.19604912583171225,0.1814140180336609,0.18240554630756378,1190532000
2003-06-20,0.1843867999012044,0.1844636322437568,0.17760343225721964,0.1804993450641632,937848000
2003-06-23,0.1803474848587177,0.18126218080497503,0.17051452728895858,0.1740964651107788,734784000
2003-06-24,0.17302995340450966,0.17684057593060104,0.1681509837569197,0.1737159788608551,1008816000
2003-06-25,0.17417333313517733,0.18126220376405688,0.17348730768108975,0.17485934495925903,1060620000
2003-06-26,0.17539256184572177,0.17745062390805758,0.16990438725949206,0.17508795857429504,960540000
2003-06-27,0.17714602639844954,0.178746747445665,0.1711236918612278,0.1719624549150467,709104000
2003-06-30,0.17424921992454406,0.1776793192982941,0.17226707669274696,0.17463064193725586,544128000
2003-07-01,0.17241986026153805,0.18202414847531026,0.17081913874423976,0.18179547786712646,977016000
2003-07-02,0.1834720658364999,0.1858356446482765,0.17874676189334804,0.18126216530799866,846828000
2003-07-03,0.17706921166907713,0.18385350487368537,0.17668870286964078,0.17920410633087158,420912000
2003-07-07,0.18164270785903264,0.19193300684746525,0.18156678873418122,0.19094239175319672,832200000
2003-07-08,0.18568291604039275,0.19132384379959005,0.18522557483155183,0.18880842626094818,602856000
2003-07-09,0.18873158919971636,0.1962778143669264,0.1884269994715648,0.19315321743488312,755352000
2003-07-10,0.18713087234830894,0.18957035694687085,0.18194821301803785,0.18522556126117706,644568000
2003-07-11,0.18743638945410424,0.1885797561089552,0.1846154689625493,0.18621619045734406,495000000
2003-07-14,0.1909423886629493,0.19208575519871512,0.18385351886720197,0.1847682148218155,694344000
2003-07-15,0.18751222231562,0.1883509988480704,0.1769932430265243,0.17874671518802643,1143456000
2003-07-16,0.18210001446507793,0.18293879115043887,0.1722670585127049,0.1765359342098236,880476000
2003-07-17,0.1712005758756879,0.17341047689284794,0.16540689650009238,0.167693629860878,853764000
2003-07-18,0.16441625202706206,0.1649495259155149,0.15603125104008106,0.16205359995365143,1280832000
2003-07-21,0.16296825062986012,0.16350151074030495,0.15580253722825868,0.15961407124996185,985140000
2003-07-22,0.16411168008731072,0.165330965815742,0.16136759206808474,0.1622822880744934,582444000
2003-07-23,0.1621295646733668,0.165406913576034,0.15725150770490146,0.16441629827022552,605328000
2003-07-24,0.167388972614512,0.16860825793642867,0.15664132197502836,0.15801335871219635,1116828000
2003-07-25,0.1583180097302808,0.16144350608075217,0.1524493250278308,0.16052882373332977,1002084000
2003-07-28,0.1618249082809039,0.162205417040073,0.15488786436450383,0.15557388961315155,703752000
2003-07-29,0.1414730281922335,0.15366864073328082,0.13994822565191609,0.14536046981811523,2794788000
2003-07-30,0.14482626166042117,0.146503801661782,0.1428450315401078,0.14375972747802734,788724000
2003-07-31,0.14711295905600258,0.14924785332420362,0.1439883631776413,0.14551223814487457,897600000
2003-08-01,0.14558908739261273,0.15153458923886445,0.1441402046563008,0.15031439065933228,767556000
2003-08-04,0.15016257812194375,0.15869941721790434,0.14924788222843952,0.15595532953739166,1428852000
2003-08-05,0.15999557565994743,0.1636543601609279,0.1542019095664344,0.15549802780151367,1063488000
2003-08-06,0.15343989998889337,0.15549796199218707,0.14543632250275093,0.14917102456092834,1025868000
2003-08-07,0.1487905339543424,0.15092451532333992,0.145131750555957,0.14711298048496246,1040340000
2003-08-08,0.12615190254266978,0.12668517662303969,0.11631894185102855,0.1181483343243599,3767580000
2003-08-11,0.12005360125111829,0.1261518699011592,0.1192916703462404,0.12455116212368011,1675752000
2003-08-12,0.1261518567344857,0.1273711423271023,0.12409379435681238,0.12706655263900757,764160000
2003-08-13,0.12759981057942424,0.1299624623499287,0.12439838212868608,0.12790440022945404,693552000
2003-08-14,0.12363642415132622,0.12546581553026076,0.12211162238887421,0.12348367273807526,1527696000
2003-08-15,0.12272176867453775,0.12386513525352276,0.12195891093833372,0.12310227751731873,217716000
2003-08-18,0.1250843792735691,0.12676101922988892,0.12287356597886384,0.12676101922988892,717684000
2003-08-19,0.1295818862719907,0.1372040390857252,0.12950505398372614,0.13644209504127502,1403976000
2003-08-20,0.13453593850135803,0.13705134190443172,0.13156318035136003,0.13453593850135803,870348000
2003-08-21,0.13781415664056393,0.13949079640401899,0.13567926269262845,0.13819466531276703,644748000
2003-08-22,0.14650370930792223,0.14848493817929703,0.13910932776337842,0.13918617367744446,1002396000
2003-08-25,0.1418534670025042,0.1418534670025042,0.13720408300936504,0.1384233683347702,434028000
2003-08-26,0.13667083745886152,0.13872889981044412,0.13247788042697106,0.1362134963274002,768984000
2003-08-27,0.1371282147478054,0.1417776004647376,0.1356793315266664,0.14032964408397675,567816000
2003-08-28,0.1417016326588968,0.14246357696803758,0.13507010566120348,0.1366708129644394,828312000
2003-08-29,0.13644218086306734,0.13910942285620817,0.1359079937181835,0.13850024342536926,532884000
2003-09-02,0.14093877142592523,0.14215896996246813,0.13659397705019874,0.13728000223636627,711456000
2003-09-03,0.13933810179604703,0.1397195238336069,0.1339267720481958,0.1346127837896347,849972000
2003-09-04,0.13514607665011183,0.13910943708730059,0.1341554614359155,0.13590800762176514,740064000
2003-09-05,0.13613666856671766,0.14558911707760525,0.13453594729288446,0.14238768815994263,1198740000
2003-09-08,0.14467441814884177,0.15061992108385724,0.1429209454590778,0.14894238114356995,1508712000
2003-09-09,0.14482626729145423,0.16365433300835924,0.14284503709410803,0.15808932483196259,2489436000
2003-09-10,0.15359263942352738,0.1577087631088825,0.14604641721037637,0.1472657024860382,1380624000
2003-09-11,0.1492479250740042,0.15359272159293552,0.13949088438887372,0.14536046981811523,2612736000
2003-09-12,0.14414023990289207,0.15069584945695264,0.14253953219401921,0.14749442040920258,1162404000
2003-09-15,0.14871372191291068,0.1494765797066614,0.14452169096384637,0.14505495131015778,596028000
2003-09-16,0.14536042086905315,0.15000981922420717,0.14536042086905315,0.14955246448516846,620736000
2003-09-17,0.15046715213871764,0.1542018544424029,0.1492478666877477,0.1513059288263321,902784000
2003-09-18,0.150467137192526,0.1525251991266791,0.14879051082396957,0.15244928002357483,603492000
2003-09-19,0.15420190199630548,0.15519343042111372,0.1498571058371924,0.1512291431427002,648096000
2003-09-22,0.14825635295278225,0.1485618558452607,0.14406430915824922,0.14528359472751617,735504000
2003-09-23,0.14551228236138145,0.14749442581415043,0.1436069848758582,0.14665564894676208,628932000
2003-09-24,0.14353105584369052,0.1448262605935218,0.13529880609306352,0.13552747666835785,1600668000
2003-09-25,0.13659400383904483,0.13903348818052796,0.13301206625992615,0.1336212456226349,736776000
2003-09-26,0.1332407599624933,0.13362126882771308,0.12676106894925288,0.12851452827453613,895908000
2003-09-29,0.1220357215637339,0.12638051651689414,0.11967215648945533,0.12157838046550751,1944996000
2003-09-30,0.1205109525152846,0.12584636326290646,0.12005359771376294,0.12173023819923401,1020888000
2003-10-01,0.12195886675235065,0.1241696799828454,0.12165427714641568,0.12272172421216965,877224000
2003-10-02,0.12195887087196104,0.12638049748230726,0.12157836215418619,0.12462703883647919,857628000
2003-10-03,0.12805715165952894,0.13110582868019222,0.12584633810897936,0.12790440022945404,862812000
2003-10-06,0.1281330713805033,0.1294291891470222,0.1258463387090721,0.12691378593444824,377028000
2003-10-07,0.12691383000360115,0.12805719673633575,0.1251603569159245,0.12805719673633575,510588000
2003-10-08,0.12805719400679383,0.12920056071515756,0.12279770169631818,0.12355964630842209,739440000
2003-10-09,0.12538908197331108,0.1301912352396248,0.12432254712469028,0.1253131628036499,852408000
2003-10-10,0.12729522850023203,0.12843859502092161,0.12577043994588993,0.12752389907836914,413976000
2003-10-13,0.1289718445347997,0.13148724767852749,0.12798122965700034,0.12881909310817719,434904000
2003-10-14,0.1274470114086585,0.13156313454794374,0.1266850808824517,0.13118262588977814,623556000
2003-10-15,0.13270657188375956,0.1351460702623371,0.12866729250344774,0.12950514256954193,703488000
2003-10-16,0.12965789994173246,0.1315632112327402,0.1276757699364136,0.13110587000846863,446088000
2003-10-17,0.1303439026031908,0.13285930615660185,0.12683788401063908,0.1269897222518921,459696000
2003-10-20,0.12706654375349993,0.12996246950348955,0.12630368614125345,0.129810631275177,467388000
2003-10-21,0.13217324567819347,0.13628936897796406,0.1303438545160735,0.13377395272254944,758724000
2003-10-22,0.13171593579463178,0.13476461315332308,0.13080125353300526,0.13148726522922516,620952000
2003-10-23,0.12958194871869813,0.13339257035706742,0.12935327816318934,0.13087716698646545,451524000
2003-10-24,0.129581956967024,0.13156318702742958,0.1283617581565169,0.13041982054710388,447084000
2003-10-27,0.13110587000846863,0.1326306587895159,0.1301911739299194,0.13110587000846863,254460000
2003-10-28,0.1328593007302048,0.14010093503191617,0.13224920815936658,0.13933809101581573,956064000
2003-10-29,0.13522196636561967,0.1410156309130712,0.13514604724809395,0.13933809101581573,494004000
2003-10-30,0.14292090485932357,0.1429968239572303,0.13651804897586586,0.13674671947956085,581256000
2003-10-31,0.1379660862581632,0.13910945308232006,0.1326306742722667,0.1347646564245224,598152000
2003-11-03,0.13407857408425197,0.1398722375152437,0.13346938121101512,0.13728000223636627,773724000
2003-11-04,0.14025281243348978,0.1406342481780616,0.13682271214378267,0.13773740828037262,700896000
2003-11-05,0.13491737603860293,0.13964360734445264,0.13270656205549272,0.13827157020568848,882024000
2003-11-06,0.14032963539852755,0.14101564716595838,0.1359848260547754,0.13850024342536926,1175280000
2003-11-07,0.16510229726634523,0.1681509750453501,0.16159627829347464,0.16578832268714905,4292820000
2003-11-10,0.16632156146373436,0.16860829439683847,0.1643403314271958,0.1653309464454651,1210056000
2003-11-11,0.1615962492164246,0.16441624226107196,0.15831798822001825,0.16121481359004974,799140000
2003-11-12,0.16068156705331033,0.16388299599709358,0.15991870936556798,0.16334880888462067,617664000
2003-11-13,0.16334880694072024,0.16571238588722884,0.1624341110205239,0.16342563927173615,580332000
2003-11-14,0.16388300836711037,0.16388300836711037,0.15328719247296838,0.15374453365802765,888420000
2003-11-17,0.15084855721610282,0.15397313911193783,0.149399674676138,0.15214376151561737,599880000
2003-11-18,0.15587940714740287,0.15778471801297528,0.14939971733009194,0.14993390440940857,991428000
2003-11-19,0.15100047803730646,0.1547360812093727,0.15046720402862593,0.15412598848342896,567552000
2003-11-20,0.15168651279671624,0.15504069437006626,0.14939977898229184,0.150009885430336,738852000
2003-11-21,0.1518392247071449,0.15206790893295785,0.14772311309258823,0.15061993896961212,543240000
2003-11-24,0.1520679364916938,0.16007150420546276,0.15100048881768804,0.15969008207321167,940644000
2003-11-25,0.16037602410506846,0.16380613668924734,0.1585466461741749,0.16243408620357513,822804000
2003-11-26,0.16510228637072952,0.16563554665826566,0.15953820513264377,0.16258688271045685,430032000
2003-11-28,0.1625109370965148,0.1629682781856503,0.16045287493540086,0.16182491183280945,206136000
2003-12-01,0.16365427322262968,0.16533089946641197,0.16174804963654585,0.16411161422729492,526980000
2003-12-02,0.16312013636817208,0.16677890641895368,0.1624341110205239,0.16342563927173615,574740000
2003-12-03,0.16388297595395573,0.16921838580431223,0.16136755904362,0.16174808144569397,710028000
2003-12-04,0.1622822408482551,0.16517816628057255,0.15709866967031721,0.1609102040529251,521952000
2003-12-05,0.1570986632546869,0.161596222666288,0.1544305088788179,0.1557266265153885,559848000
2003-12-08,0.15572661160105222,0.15847069844684133,0.15435457499315725,0.15686997771263123,340980000
2003-12-09,0.1565654021437928,0.15808927707908887,0.14863774411814892,0.14871366322040558,598128000
2003-12-10,0.1487136595966517,0.15282978331870156,0.148637740496245,0.15199193358421326,568656000
2003-12-11,0.15191517136668414,0.16159630678397416,0.15161058158718815,0.15969008207321167,694872000
2003-12-12,0.16182493324077632,0.16289146741309532,0.15625993896332713,0.15885217487812042,700692000
2003-12-15,0.16350159537827805,0.1637302796325607,0.15519343835636012,0.1556507796049118,622752000
2003-12-16,0.1547360526596457,0.15877534526375237,0.15199197845484816,0.15778473019599915,601728000
2003-12-17,0.1564886165289373,0.1570227900342168,0.15214382089327044,0.15473605692386627,499116000
2003-12-18,0.15504070593500552,0.15984285820751032,0.15488795441645725,0.1582421362400055,436728000
2003-12-19,0.16220543786076036,0.1646449358891245,0.1588521707670282,0.16060473024845123,916956000
2003-12-22,0.15824202317472405,0.1612147806831654,0.1566413159809479,0.16083335876464844,371184000
2003-12-23,0.16022421771532822,0.16898974166502087,0.16014738538078813,0.16738902032375336,722760000
2003-12-24,0.16731308433786754,0.16784635820445148,0.16571237678792197,0.16616971790790558,210852000
2003-12-26,0.16746495546175957,0.174325169018904,0.16677893001704341,0.17333455383777618,363960000
2003-12-29,0.1766119054211838,0.1812622044626102,0.17577404169877675,0.18065211176872253,756624000
2003-12-30,0.17874674455384595,0.18446357613712278,0.17859399312558907,0.18103347718715668,550884000
2003-12-31,0.18095669897190383,0.18179547589293904,0.173944647127301,0.17684057354927063,497268000
2004-01-02,0.17966152772647911,0.18210009976413968,0.17592591047286987,0.17592591047286987,436416000
2004-01-05,0.17859400418704247,0.18286288007165774,0.17699328306658121,0.18164268136024475,575292000
2004-01-06,0.18110943887914194,0.19155250324269857,0.18027066201167585,0.18903709948062897,1093344000
2004-01-07,0.1869021530684495,0.19162836957240675,0.18560693495596664,0.19071367383003235,673032000
2004-01-08,0.19307639503153648,0.1939910911034244,0.1895703758511048,0.19139976799488068,433752000
2004-01-09,0.19010358084631007,0.19650643739590584,0.1885796922097856,0.19414377212524414,766584000
2004-01-12,0.1948298107564777,0.19696379201662959,0.19300041915059474,0.19635461270809174,541980000
2004-01-13,0.19536312369615189,0.1972693481378249,0.18415812775261114,0.18621619045734406,865800000
2004-01-14,0.18713092968001493,0.1897990856836927,0.1830916356805569,0.18484419584274292,544872000
2004-01-15,0.1834721009220214,0.18667353025742642,0.18019475245565986,0.1851496547460556,609204000
2004-01-16,0.1870549143046588,0.18957031750566208,0.1853014418339184,0.1879696100950241,451728000
2004-01-20,0.1902563069929698,0.19353365393818642,0.1881223261632879,0.1932290643453598,487764000
2004-01-21,0.19162840722821783,0.19239035169823132,0.18400626378733917,0.18431085348129272,494460000
2004-01-22,0.18530147524403337,0.1882742336912127,0.17783208298439024,0.18004198372364044,605724000
2004-01-23,0.1791272474441619,0.1827101113350728,0.17562122949991946,0.1760026514530182,482472000
2004-01-26,0.17714603457848607,0.1837007300306232,0.17577399763894647,0.18293879926204681,393684000
2004-01-27,0.1792799394877325,0.18217677719964437,0.17112362681141968,0.17249566316604614,934104000
2004-01-28,0.17470655977142505,0.177450647428255,0.17112370897688375,0.17203839123249054,615204000
2004-01-29,0.17257260507647773,0.17341046876389107,0.16121484430818706,0.16700761020183563,929700000
2004-01-30,0.16662702877070476,0.17341040742191385,0.16563550075398545,0.16959978640079498,466464000
2004-02-02,0.1709718431461596,0.1756971464173312,0.16921837077584634,0.1723438799381256,560844000
2004-02-03,0.171886562952542,0.17485932134545884,0.16944707846621504,0.1717338114976883,418032000
2004-02-04,0.16929431128019262,0.17066634824558333,0.16685574023073071,0.16708441078662872,436800000
2004-02-05,0.16799907914151593,0.17150509691135443,0.16693163202198513,0.16959978640079498,331980000
2004-02-06,0.1718097665588332,0.17592589232849032,0.17089507042890864,0.1734873205423355,471132000
2004-02-09,0.17478246775485334,0.17760338756008817,0.17219114533911226,0.17226706445217133,373992000
2004-02-10,0.17280125769828075,0.17874677444307235,0.17272442536625018,0.17859402298927307,509700000
2004-02-11,0.18088082099233002,0.18545428866687408,0.18027071453819005,0.18484419584274292,737808000
2004-02-12,0.1838534919494638,0.18484410688266545,0.17646001990140533,0.17928001284599304,974892000
2004-02-13,0.1745538179768076,0.1821000424128301,0.17302992901334155,0.17760340869426727,1747500000
2004-02-17,0.17828940411467845,0.18011879581970308,0.17584991985792003,0.17958462238311768,575976000
2004-02-18,0.18011879581970308,0.18103349167221539,0.17836532322982684,0.17958462238311768,320244000
2004-02-19,0.18179541866281593,0.18499684702481517,0.17912725047611763,0.17950868606567383,631032000
2004-02-20,0.1792040507415986,0.18446354022631223,0.17821252283611863,0.1840061992406845,618120000
2004-02-23,0.18370075007865114,0.18400626661755934,0.17516391058435032,0.17760340869426727,853332000
2004-02-24,0.17455383176879088,0.17676464584684115,0.16860831452881758,0.1705145388841629,708384000
2004-02-25,0.17158099776810093,0.17478242557621707,0.16967568746015377,0.17150507867336273,652512000
2004-02-26,0.17402054144497783,0.17432514476902264,0.1705145228376127,0.17264850437641144,344976000
2004-02-27,0.17302988506782196,0.1731817369034455,0.16700755112479665,0.16959978640079498,595548000
2004-03-01,0.16914252224297413,0.17241987098397363,0.16891385162056977,0.1721152812242508,506628000
2004-03-02,0.17234392605924517,0.1735632117561533,0.168227800951826,0.1689138263463974,813348000
2004-03-03,0.1684564584670342,0.1684564584670342,0.163958911658226,0.1667029857635498,552492000
2004-03-04,0.16837955523452178,0.1706662872360496,0.16700751875960465,0.1703616976737976,413352000
2004-03-05,0.16655023515659667,0.17302992527214595,0.16594105577249119,0.169142484664917,354888000
2004-03-08,0.16921835779046535,0.1715050901449311,0.16197672517799122,0.16327284276485443,465168000
2004-03-09,0.16464495369098844,0.16479770515684997,0.1593854618875818,0.16212953627109528,371232000
2004-03-10,0.1631969215404027,0.16494948054334493,0.15862345689101243,0.15976682305335999,481692000
2004-03-11,0.15763197534608475,0.16327288872014162,0.15763197534608475,0.15854667127132416,526872000
2004-03-12,0.16068160692317546,0.16388303666132825,0.15892813374759343,0.16190089285373688,377952000
2004-03-15,0.16091030604605996,0.1615963316935634,0.15725153439606412,0.1582421362400055,421224000
2004-03-16,0.1602241440198191,0.1657882363577624,0.15915669708985328,0.16502629220485687,597504000
2004-03-17,0.16769358879218374,0.1706663468851695,0.1670075771299581,0.16906563937664032,524592000
2004-03-18,0.16815096509798352,0.1730299342041768,0.1676936103011685,0.17097188532352448,528048000
2004-03-19,0.17005721021742404,0.17180975639495705,0.16799914745434583,0.16898976266384125,452964000
2004-03-22,0.1663984249140334,0.1689897616481282,0.16388302094317042,0.167693629860878,576708000
2004-03-23,0.1699803559525032,0.17180973423820517,0.1664743235791613,0.16837963461875916,576036000
2004-03-24,0.16807509386564234,0.178746831502216,0.16769365808451012,0.17592591047286987,787344000
2004-03-25,0.1779079755967508,0.18705492015655883,0.17760338593714078,0.18614022433757782,997128000
2004-03-26,0.18560698628425598,0.188502912524241,0.1830915825196102,0.18560698628425598,551604000
2004-03-29,0.18827421086455023,0.1961259374214849,0.1878937020820061,0.1936105340719223,985764000
2004-03-30,0.19231441701014965,0.2003179818282994,0.19216165194040902,0.1994032859802246,724956000
2004-03-31,0.20039393954628068,0.2033666982176851,0.1993274052631922,0.20123271644115448,604752000
2004-04-01,0.20146138830271249,0.20557751362276855,0.19261904499247545,0.19764986634254456,1319508000
2004-04-02,0.20199461945921227,0.2032907372846963,0.1958972651114199,0.2004707306623459,649740000
2004-04-05,0.1994033306466786,0.20847435841455886,0.1994033306466786,0.20763558149337769,576744000
2004-04-06,0.20351942533052192,0.20496739513806073,0.1981840149225374,0.19925054907798767,624096000
2004-04-07,0.2007753949279084,0.20085131406475634,0.19467712551806565,0.1981840580701828,447864000
2004-04-08,0.2026047130625234,0.20580614169096054,0.20107992467749755,0.2038239985704422,447096000
2004-04-12,0.20542472844607457,0.20633942432600216,0.19879320035410336,0.2000133991241455,443784000
2004-04-13,0.2018427776018245,0.20199461582668055,0.1943724732389297,0.19536307454109192,442704000
2004-04-14,0.19437246967000796,0.20001338228985568,0.1921616424586873,0.19635461270809174,512016000
2004-04-15,0.19368647643154843,0.19452525326212677,0.1852255558930392,0.18606433272361755,828084000
2004-04-16,0.18530145754052865,0.18537828986715155,0.17958462540367479,0.1799660474061966,654864000
2004-04-19,0.17981333802418334,0.18103353706359987,0.1765359894184983,0.1797374188899994,522804000
2004-04-20,0.18019476755576852,0.1821769112801026,0.17203843524647672,0.1721152812242508,513804000
2004-04-21,0.17280122099211395,0.17836530089562114,0.17104776225180168,0.1723438799381256,688812000
2004-04-22,0.1707432171623126,0.17623139346003042,0.1671603657253479,0.17333455383777618,695520000
2004-04-23,0.17546852217771217,0.18011882078002595,0.17493524824740675,0.1771460622549057,443928000
2004-04-26,0.17752658968605844,0.17828943380530807,0.1697516804599456,0.17020903527736664,429912000
2004-04-27,0.17219117295191955,0.17676463919202218,0.16815096700905896,0.16876105964183807,494568000
2004-04-28,0.1688369259240875,0.1714291747843564,0.16677886403417755,0.16807499527931213,468768000
2004-04-29,0.1670844229525215,0.16822778944526598,0.1612148254070133,0.16342563927173615,645048000
2004-04-30,0.1625109590745099,0.1635015604982265,0.15580258464317487,0.15641269087791443,512928000
2004-05-03,0.1580892777887652,0.15968999867353123,0.151686421509702,0.15443050861358643,610668000
2004-05-04,0.15664134417967351,0.16624562996130296,0.15625992219249263,0.16426348686218262,772380000
2004-05-05,0.16441621108500426,0.16708437902332243,0.16304417438044239,0.16563549637794495,464280000
2004-05-06,0.16395893239049883,0.1683037282983218,0.1604529133804461,0.16700761020183563,711348000
2004-05-07,0.17188656423119267,0.17508799322507118,0.16738901725708205,0.1683037132024765,956772000
2004-05-10,0.1638061436314222,0.16555960252746102,0.15816613049137632,0.16174808144569397,669072000
2004-05-11,0.1638061621927466,0.16731309401220648,0.16312013684310103,0.1657123863697052,399936000
2004-05-12,0.1647976899670325,0.16502636053958067,0.15770880680801372,0.16342563927173615,482328000
2004-05-13,0.16205355205241342,0.16693161983699387,0.1615962110488598,0.1639588624238968,347952000
2004-05-14,0.16464488755922674,0.1675417122450544,0.16312008588405993,0.1639588624238968,459000000
2004-05-17,0.16159632419114434,0.16373030655852044,0.15892815450896478,0.16136763989925385,308340000
2004-05-18,0.16281549628501324,0.16586417279538018,0.16220539024695318,0.1639588624238968,204420000
2004-05-19,0.16761768792281106,0.16998035372538142,0.16273963212160933,0.16357748210430145,498276000
2004-05-20,0.16327287585213565,0.16601696341158442,0.16037603685210142,0.16121481359004974,421488000
2004-05-21,0.16312009866658247,0.16334876918627853,0.15938541035822504,0.16159622371196747,282096000
2004-05-24,0.16129076218655797,0.16289148362965605,0.15915678041921388,0.161062091588974,301620000
2004-05-25,0.16174805819662008,0.1688369259240875,0.15847071100306576,0.16807499527931213,681264000
2004-05-26,0.16807498037109525,0.1737918108748744,0.16708436566975254,0.17150507867336273,524568000
2004-05-27,0.17432513776151712,0.17691737355255294,0.17180972066858885,0.17203839123249054,556548000
2004-05-28,0.1741732506727672,0.17973732991367947,0.17280120041418992,0.17874671518802643,637980000
2004-06-01,0.17569718373864598,0.18042340122382103,0.175468513163078,0.17859402298927307,318420000
2004-06-02,0.18293878406247027,0.18377756071533277,0.1770691875426145,0.17722193896770477,643800000
2004-06-03,0.17729786575726308,0.17767930136147203,0.16815093501731726,0.16868510842323303,700824000
2004-06-04,0.17211526387776177,0.17249577273645383,0.16685577194250154,0.16700761020183563,649608000
2004-06-07,0.16975167508636993,0.17295310418695442,0.16761769342274874,0.17104780673980713,571956000
2004-06-08,0.17005719605940964,0.1703617857791852,0.16548371606110604,0.16799913346767426,615000000
2004-06-09,0.16898972428263095,0.16921839484214674,0.15961410867245757,0.16014736890792847,498336000
2004-06-10,0.16273962845133913,0.16304421814633271,0.15709870144727844,0.15854667127132416,564516000
2004-06-14,0.15770884648932984,0.15770884648932984,0.15237252149700853,0.15359272062778473,424752000
2004-06-15,0.15618401143104826,0.15824206012359204,0.1544305387884375,0.155879408121109,394584000
2004-06-16,0.15542206733028022,0.156412682329863,0.15282981791950612,0.15343992412090302,252576000
2004-06-17,0.15244935854646413,0.1561840624028277,0.14962843765813166,0.15039129555225372,482376000
2004-06-18,0.15122913204820973,0.1548119833426623,0.14863779547581962,0.15061993896961212,534336000
2004-06-21,0.15084862121879594,0.1532112735344143,0.14696116662098085,0.14795178174972534,266568000
2004-06-22,0.14879049549399306,0.15282977300298786,0.1477989675756077,0.15214376151561737,430308000
2004-06-23,0.15168646609319764,0.15534524997376206,0.15130595725834048,0.15473605692386627,264660000
2004-06-24,0.15885211798107907,0.15938539169123456,0.15222059190656542,0.15336395800113678,590652000
2004-06-25,0.15443053611574387,0.1561840087280077,0.15260114438736233,0.15435461699962616,329124000
2004-06-28,0.15656547641925542,0.15709873680808764,0.1524493506441955,0.15305854380130768,299376000
2004-06-29,0.1539731600874267,0.15854663877626252,0.15336398082229435,0.15831796824932098,363852000
2004-06-30,0.15412590949245147,0.1584707035832773,0.15412590949245147,0.15603120625019073,329268000
2004-07-01,0.15778472080721548,0.15801339137234116,0.14863777553215832,0.1488664597272873,505620000
2004-07-02,0.1504671860386729,0.1505431051664228,0.14566504905339875,0.1468084156513214,294948000
2004-07-06,0.14505487534132464,0.14657966328986352,0.1365939582717694,0.13819466531276703,575388000
2004-07-07,0.1399481769510979,0.14284501590247342,0.13819470438945336,0.13888072967529297,344136000
2004-07-08,0.13758554222588246,0.13987227529068713,0.13438411320915508,0.1346127837896347,430056000
2004-07-09,0.13446000552202492,0.13461275694864744,0.1263036763344479,0.12881909310817719,1114500000
2004-07-12,0.12523713347802126,0.12881908398410705,0.1241696863574667,0.12584632635116577,676044000
2004-07-13,0.1273711268795622,0.129581940438273,0.1242456175272636,0.12561766803264618,567108000
2004-07-14,0.12119694078003346,0.12455113431110926,0.1176140903375259,0.12005357444286346,901608000
2004-07-15,0.12127286496819281,0.12256898264495694,0.11845285866941724,0.11921480298042297,611352000
2004-07-16,0.12287362435843752,0.1230263758434105,0.11570882052183151,0.11570882052183151,464700000
2004-07-19,0.11601340268778486,0.11830013575181592,0.11441268136496059,0.11700493097305298,461088000
2004-07-20,0.11692807180931482,0.11982491079415732,0.1157847054063746,0.1193675696849823,341544000
2004-07-21,0.12119695313233367,0.12134971820890283,0.11174542500481073,0.1121259406208992,613416000
2004-07-22,0.11342203375067553,0.11509867371586742,0.10976325780887954,0.11448948085308075,521460000
2004-07-23,0.11525143304180296,0.11540418446549648,0.11067796109681058,0.11143989861011505,371496000
2004-07-26,0.11288880764517727,0.11387942279435265,0.1072478936860182,0.10831534117460251,503208000
2004-07-27,0.10884862574343074,0.1122028070044007,0.10549443766745707,0.1118972972035408,789888000
2004-07-28,0.11166855871304189,0.11204998742333953,0.10595172136827975,0.10907723009586334,505116000
2004-07-29,0.11060205214662709,0.11906297840708284,0.11006787190468614,0.11624205857515335,747360000
2004-07-30,0.11479410352045458,0.11967217298731386,0.11456543293981714,0.11753819137811661,403956000
2004-08-02,0.11761408483703158,0.1195203086599169,0.11563285511734357,0.11906296759843826,420984000
2004-08-03,0.11959621313760206,0.11967213223520101,0.11197407203866297,0.11288876086473465,741540000
2004-08-04,0.11166860171644845,0.11517554050484641,0.11151676346780923,0.11410809308290482,507816000
2004-08-05,0.11532736978646911,0.11586154324605055,0.10900134450188238,0.11098257452249527,859920000
2004-08-06,0.07706298170475763,0.07774900027092692,0.07088879416422743,0.07187940925359726,5088948000
2004-08-09,0.07370876851135832,0.07675835825473705,0.07248948326599121,0.07508081197738647,1579212000
2004-08-10,0.07927378548612077,0.08178919565869805,0.07797766082988503,0.0810263380408287,2051916000
2004-08-11,0.07995977952101786,0.07995977952101786,0.0781303952006455,0.0786636620759964,963816000
2004-08-12,0.07889234573254496,0.07912101625514638,0.07668153235071298,0.0768342837691307,654384000
2004-08-13,0.07866369410129491,0.0805689982888563,0.07797766873873861,0.0800357311964035,815700000
2004-08-16,0.079121031857537,0.08125501334594863,0.0786636907221481,0.07927379012107849,531732000
2004-08-17,0.08102636043290454,0.08407595169679638,0.08026442262964788,0.08361860364675522,744912000
2004-08-18,0.08399908806162537,0.08918265253305435,0.08331306283460141,0.08918265253305435,872424000
2004-08-19,0.08864941710324983,0.09025013172140181,0.0875060436774248,0.0888780876994133,724404000
2004-08-20,0.08842071836095845,0.09543276140648292,0.08811520868454478,0.09413755685091019,1199040000
2004-08-23,0.0956614504465425,0.09718624575447567,0.09512818337412189,0.09619563072919846,800028000
2004-08-24,0.09756767576850035,0.0980250237588369,0.09078339548424463,0.09261278063058853,939420000
2004-08-25,0.0946708717369055,0.09726220218371136,0.09291739837241274,0.09657617658376694,721308000
2004-08-26,0.09642431920855006,0.09741493441783,0.09566146821527023,0.09680483490228653,612720000
2004-08-27,0.09688163106910787,0.10000622700790679,0.09680479875372772,0.09863418340682983,565128000
2004-08-30,0.09825367556422569,0.09878694254141991,0.09528091780900914,0.09535683691501617,628056000
2004-08-31,0.09573826945235475,0.0961956173415618,0.09200266083459267,0.09497541189193726,587064000
2004-09-01,0.09375615693037603,0.09817687220070488,0.09253687110969402,0.09680483490228653,591744000
2004-09-02,0.09726216342146765,0.10153103956778463,0.0963474675294151,0.10076909512281418,770088000
2004-09-03,0.09771952778100967,0.09970166453012597,0.09688166407687676,0.09771952778100967,715056000
2004-09-07,0.09832957265064997,0.10038763420261695,0.09459487822648036,0.09589008241891861,727332000
2004-09-08,0.09596693823699766,0.09680480168100493,0.09368020564772145,0.0939088761806488,834984000
2004-09-09,0.09619560393063568,0.10496111126753899,0.09573825610518891,0.10328447818756104,1299324000
2004-09-10,0.1015310564396619,0.10778116364555314,0.10122645989010154,0.10724789649248123,1039344000
2004-09-13,0.10709512664304553,0.11143992216072401,0.10694328839734589,0.10930594056844711,967752000
2004-09-14,0.10831531609764476,0.11052521648189124,0.10747653940078015,0.10976327210664749,683556000
2004-09-15,0.1064091279262712,0.10671463771016938,0.1022930022201697,0.10366504639387131,1163904000
2004-09-16,0.10541850920853327,0.1086199386936079,0.10503708030017087,0.10755249112844467,810024000
2004-09-17,0.10839124031272941,0.11258328394415656,0.10747654446131362,0.11197409778833389,1003800000
2004-09-20,0.10976329092145752,0.11502278931349849,0.1083912537887531,0.11182135343551636,794628000
2004-09-21,0.11433676412303634,0.11570880125803147,0.112964720173039,0.11479410529136658,503904000
2004-09-22,0.11174542528498062,0.11448950614374338,0.10892451209763296,0.10945869237184525,625920000
2004-09-23,0.11075388140630259,0.1110593910720078,0.1075524530545435,0.11044929176568985,578664000
2004-09-24,0.11090665742128052,0.11105940887111372,0.10549440790492082,0.10709512233734131,476316000
2004-09-27,0.10625728506956537,0.10747657089123043,0.1032845262289238,0.10518983751535416,406020000
2004-09-28,0.10496116301948075,0.10762932537430617,0.10351320654579957,0.1067146360874176,474840000
2004-09-29,0.10663777867039485,0.11235461810602539,0.10526574156744482,0.10930594056844711,537228000
2004-09-30,0.11052523587720353,0.11319339784397917,0.1084671733547673,0.11067798733711243,619680000
2004-10-01,0.11121124611338992,0.11586154431435165,0.11067797904411136,0.11525145173072815,590412000
2004-10-04,0.11624207992864628,0.12005360178051697,0.11601340933514162,0.118528813123703,673932000
2004-10-05,0.11563287195886289,0.1186815492993923,0.114794095190625,0.11586154252290726,633180000
2004-10-06,0.11563289331574898,0.11685217910911366,0.11296473109735346,0.11631891876459122,498504000
2004-10-07,0.11845288720884448,0.12112104231030638,0.11639482472521569,0.11700493097305298,798072000
2004-10-08,0.11578469486268428,0.11624204956021392,0.10961051548604549,0.11060204356908798,693420000
2004-10-11,0.11075388640165329,0.11296469998356547,0.10877266338817135,0.11075388640165329,373848000
2004-10-12,0.10701918526480662,0.10999194306132927,0.10526571967670119,0.10915316641330719,827232000
2004-10-13,0.1124314643767536,0.11387942759705272,0.10755248794847584,0.10846718400716782,672816000
2004-10-14,0.10945871452179338,0.10945871452179338,0.10442789291686194,0.10518983751535416,513264000
2004-10-15,0.1054184869645296,0.10557124522672642,0.09970164785747233,0.1022929772734642,1280484000
2004-10-18,0.10168379247937741,0.10518981783599976,0.10084502250867625,0.10412237048149109,573972000
2004-10-19,0.10648590325285555,0.10755243707155354,0.10267437616119618,0.10343631356954575,618480000
2004-10-20,0.10313175205119689,0.10511389524547919,0.10252165266944777,0.10465654730796814,540204000
2004-10-21,0.10572308302088113,0.10839124475440623,0.1048852194603697,0.10701920092105865,1013964000
2004-10-22,0.10800979879323447,0.10823846932168149,0.10092092381636941,0.10122642666101456,686460000
2004-10-25,0.10038765542407717,0.10389367329751716,0.10015897808385121,0.10168377310037613,529164000
2004-10-26,0.11166857716823395,0.11578469446692372,0.10800980093550919,0.11044929176568985,2455776000
2004-10-27,0.10846715895743451,0.11555603473766371,0.10846715895743451,0.11349797248840332,1074036000
2004-10-28,0.11197410274041612,0.11433675477350053,0.11121124508537751,0.11227869242429733,561552000
2004-10-29,0.11121122075286771,0.11273601570410355,0.10930591026758915,0.11029652506113052,742860000
2004-11-01,0.11182131851691886,0.11273601419642333,0.11037336271187337,0.11266009509563446,653892000
2004-11-02,0.11235464259876995,0.1166235199241923,0.11143994645406943,0.11426086723804474,1095756000
2004-11-03,0.11891023943464343,0.11929167513757233,0.1147181949539284,0.115327388048172,910356000
2004-11-04,0.11616609304980949,0.11891016583146032,0.11372660299674395,0.11746221035718918,995544000
2004-11-05,0.13567933267518303,0.14307371979465866,0.13293525815238236,0.13446004688739777,3849012000
2004-11-08,0.1330120947432247,0.13773739978207286,0.13240198840965026,0.13590800762176514,718620000
2004-11-09,0.13384994734144723,0.13705137686659905,0.133774028205991,0.13507016003131866,615936000
2004-11-10,0.13491739491997334,0.13636536501621346,0.134307302205044,0.13507016003131866,645912000
2004-11-11,0.1359080160071927,0.13773740828037262,0.13499331987060276,0.13773740828037262,507000000
2004-11-12,0.13987223062302853,0.14025273932879295,0.1365939703195201,0.13796600699424744,647076000
2004-11-15,0.13659402568391044,0.1410156539468692,0.1357561619936335,0.1400241255760193,536472000
2004-11-16,0.14048149013170588,0.14200627893832107,0.13697545723694576,0.1395667940378189,472728000
2004-11-17,0.14177760514437834,0.14566506004875843,0.14040556784930552,0.14193035662174225,602772000
2004-11-18,0.14314962123932382,0.14497901311516292,0.14017686284858627,0.14375972747802734,532524000
2004-11-19,0.15473606377867663,0.15648862346138612,0.14337830321868206,0.14452168345451355,2126052000
2004-11-22,0.14505492088735392,0.1486377716064453,0.14368288390283374,0.1486377716064453,733788000
2004-11-23,0.1474185665250036,0.15084868130344728,0.14619836710709835,0.14924795925617218,676896000
2004-11-24,0.14909514440763683,0.15229657351249393,0.1487137087295725,0.14985708892345428,428580000
2004-11-26,0.1505431179980157,0.15275393225455058,0.149247913034196,0.15138189494609833,350760000
2004-11-29,0.15252526883987058,0.15359271645140551,0.14711302485484679,0.1484091430902481,704388000
2004-11-30,0.1490191696616137,0.14917100785591958,0.1449789652131259,0.14581774175167084,576540000
2004-12-01,0.1471129486440546,0.14947651326656342,0.1460464147954845,0.14947651326656342,514572000
2004-12-02,0.1480276579698003,0.1526011230203815,0.146884291707155,0.1514577567577362,758652000
2004-12-03,0.1551165201926086,0.16007142063294857,0.15458326005427614,0.15801335871219635,1347312000
2004-12-06,0.15877532558562862,0.1668557362129297,0.15595531897751055,0.16555960476398468,970500000
2004-12-07,0.17523984399339437,0.19025638859761873,0.17180974417555395,0.17386780679225922,2927052000
2004-12-08,0.1763073462540021,0.17912734044278664,0.17455387295147934,0.17592591047286987,872724000
2004-12-09,0.17280124944627856,0.17615451647764688,0.169447069204692,0.1743251383304596,869964000
2004-12-10,0.17836534184904357,0.1795846411296147,0.17661188270612982,0.17767933011054993,652848000
2004-12-13,0.1750111115688653,0.17729784397288362,0.17196243489018,0.172801211476326,738024000
2004-12-14,0.1729531113627903,0.17646005716104543,0.1726485216382955,0.1763073056936264,512988000
2004-12-15,0.178060754788922,0.1784412772502179,0.17531668053421665,0.1779080033302307,432768000
2004-12-16,0.18309159231876745,0.18949445099873638,0.17996608210984816,0.18027067184448242,1524036000
2004-12-17,0.1836248217778901,0.18438676622153657,0.17371594568961848,0.1757740080356598,1214244000
2004-12-20,0.17783209376910436,0.18057618180137974,0.17295311078150075,0.17386780679225922,898728000
2004-12-21,0.17386776224977246,0.17638317904244494,0.1695997998531887,0.1751638799905777,899400000
2004-12-22,0.17866991569663188,0.17950869238313505,0.17501113250843958,0.17539256811141968,421824000
2004-12-23,0.17440197329402934,0.17783207270558787,0.17356319651090343,0.17584992945194244,366972000
2004-12-27,0.17828941114784694,0.17905135558993746,0.17341044244186432,0.1743251383304596,308208000
2004-12-28,0.1747066534492008,0.17607869119830138,0.17272450916914808,0.1734105348587036,291612000
2004-12-29,0.17287714471300392,0.1770691879364588,0.1724198036468061,0.1749352067708969,294732000
2004-12-30,0.17501114771621526,0.17646003067336224,0.17348727248213558,0.17424921691417694,259812000
2004-12-31,0.17676461571043234,0.18049930460562727,0.17607859041354743,0.17958462238311768,575964000
2005-01-03,0.18583568808585457,0.18842701122264433,0.17897547428692015,0.1797374188899994,1066716000
2005-01-04,0.18103351887232783,0.18133810858886792,0.16853239198965442,0.17127647995948792,790224000
2005-01-05,0.16944707805716275,0.17493524004545072,0.16853238212078078,0.17287717759609222,724812000
2005-01-06,0.17592580180304276,0.17798386362886254,0.16998030046289664,0.17120049893856049,563568000
2005-01-07,0.17158102781419263,0.17287714554132882,0.1654068416109306,0.1679222583770752,763092000
2005-01-10,0.16845646465846653,0.16998035363727537,0.1673130981342245,0.1683037132024765,579552000
2005-01-11,0.16670303226488212,0.1676177284318098,0.1606047761318779,0.16312018036842346,1093380000
2005-01-12,0.16456898759586366,0.1651781805452403,0.15778470850915557,0.16174808144569397,1057800000
2005-01-13,0.16212952132720965,0.16769360233915004,0.15854667039719414,0.16342563927173615,898764000
2005-01-14,0.16647426520344072,0.16685570073972397,0.16235814165146012,0.1639588624238968,573912000
2005-01-18,0.16212949047973788,0.16693163973958958,0.1617480685279787,0.16655020415782928,464556000
2005-01-19,0.1673131313202789,0.16769364022031436,0.16205363881355941,0.16273966431617737,336492000
2005-01-20,0.15946140933072017,0.16708446802210503,0.15946140933072017,0.16312018036842346,640080000
2005-01-21,0.16334880694072024,0.16662706817742146,0.16281554667485781,0.16342563927173615,596352000
2005-01-24,0.16251090280506858,0.16487355412368346,0.15595528209736817,0.15686997771263123,463704000
2005-01-25,0.15755600943683915,0.16182488447034749,0.1566413137832291,0.15961407124996185,439704000
2005-01-26,0.16014738759364544,0.16388300382841192,0.1574801456348782,0.1616721898317337,429120000
2005-01-27,0.1619767649414935,0.17539258638246075,0.16098614993070592,0.17463064193725586,1002912000
2005-01-28,0.17531664961667484,0.17600266124436909,0.17059041918361692,0.17440195381641388,671052000
2005-01-31,0.1758499748225387,0.17798395686534807,0.17226712303776506,0.1747066080570221,562968000
2005-02-01,0.17455382506895656,0.17874678246950718,0.1734872908452516,0.17798392474651337,507180000
2005-02-02,0.184996879255949,0.1893416746734925,0.1797373879141852,0.18789371848106384,2035404000
2005-02-03,0.18591159582138062,0.18720771391551316,0.1833202592134654,0.18591159582138062,690120000
2005-02-04,0.18598750036950265,0.19711657601570198,0.18591158124592555,0.1965833157300949,806448000
2005-02-07,0.19681201808081608,0.20047078885767303,0.19246722182017062,0.19421976804733276,521628000
2005-02-08,0.1930004152658996,0.19925052069848556,0.1923903227595089,0.19612592458724976,455772000
2005-02-09,0.19665926173829396,0.1972693544411655,0.18827425917799756,0.18926578760147095,783756000
2005-02-10,0.19025638552802804,0.19467710041358596,0.1895703601235262,0.19368648529052734,602376000
2005-02-11,0.192467180615907,0.20077534925852417,0.19178115527898598,0.19932737946510315,556512000
2005-02-14,0.1992505560698225,0.20001341377076512,0.19437250026307148,0.19513443112373352,432900000
2005-02-15,0.19643056919257357,0.2031380171136093,0.19612596585034794,0.19688791036605835,748500000
2005-02-16,0.19627776511393094,0.19909868482030896,0.1926958278833173,0.1962018460035324,466464000
2005-02-17,0.19887002390313588,0.19894594301720847,0.19292450776105743,0.19444839656352997,1017408000
2005-02-18,0.2093890370919242,0.21571506296557183,0.20359535830698555,0.21548639237880707,3132120000
2005-02-22,0.214038455954277,0.22326132266310622,0.2121331445766203,0.2182305008172989,1420800000
2005-02-23,0.21472439052510106,0.21739254498832292,0.2076355088183083,0.21114152669906616,1107840000
2005-02-24,0.20824569684699273,0.21701120841739488,0.20824569684699273,0.21670661866664886,695496000
2005-02-25,0.21701117655372246,0.2209745500931933,0.214648524348886,0.219831183552742,525132000
2005-02-28,0.21876464890888583,0.22105138198521396,0.21685842466175362,0.22097454965114594,758064000
2005-03-01,0.22196605403661263,0.22562482383869734,0.21823043827873173,0.22044125199317932,737148000
2005-03-02,0.2180017271916852,0.21922192570565063,0.21266631810689454,0.21396243572235107,947460000
2005-03-03,0.21342830064508655,0.2148003376080117,0.2079401255333806,0.2110656350851059,761292000
2005-03-04,0.21167571552309172,0.2135051070045085,0.20839745492967351,0.21015092730522156,593124000
2005-03-07,0.21106569632810837,0.21670662451697612,0.20961773982994114,0.21228498220443726,511176000
2005-03-08,0.21175172108847826,0.21220906233056716,0.20016528862200583,0.2015373259782791,1332384000
2005-03-09,0.2002420383072465,0.2039767403591258,0.19566857325430675,0.19627775251865387,910140000
2005-03-10,0.19688787125749646,0.19864134373766748,0.1930763366454351,0.1962018460035324,689280000
2005-03-11,0.1979552890898758,0.19825987869636744,0.19002763139118958,0.19178110361099243,732180000
2005-03-14,0.1957445191064416,0.19803125194537155,0.19437248212908423,0.1971924751996994,572148000
2005-03-15,0.19818395070599343,0.20008926103856822,0.193076299313973,0.1932290643453598,378108000
2005-03-16,0.19246714949670832,0.1955158264100127,0.18987490043731553,0.18995173275470734,535356000
2005-03-17,0.19056102534608557,0.19124705093094713,0.1875882659850301,0.18804562091827393,442584000
2005-03-18,0.18819830539804894,0.18880839798860669,0.18080483262231262,0.18423493206501007,639012000
2005-03-21,0.1841581230747523,0.19101832282960005,0.18301475644894433,0.190560981631279,654456000
2005-03-22,0.19071368915395664,0.19246716167359068,0.1864448133631801,0.18713083863258362,622992000
2005-03-23,0.1869021158689437,0.1924671079016567,0.18652159357457135,0.19117099046707153,728784000
2005-03-24,0.19170428350038565,0.19688785455051983,0.19139969387451242,0.19155244529247284,865356000
2005-03-28,0.1916283392105521,0.19437242600289847,0.18758813493101031,0.1894175261259079,511188000
2005-03-29,0.18918893489732228,0.19132382978243143,0.1843867844062896,0.18522556126117706,587400000
2005-03-30,0.18530148038696273,0.18789373007741075,0.1788986221522556,0.18522556126117706,858708000
2005-03-31,0.18415806047465827,0.18545417812944132,0.18027060709035408,0.18110938370227814,518316000
2005-04-01,0.1833202052357833,0.18438673920658252,0.17828938539031527,0.1793559193611145,510756000
2005-04-04,0.1783653325712729,0.1788986064556077,0.17432514058352486,0.17828941345214844,421428000
2005-04-05,0.17836530839306863,0.18210001060760678,0.17409643278637862,0.1751638799905777,430128000
2005-04-06,0.17844133475911375,0.18141408055478073,0.1772220350674865,0.17783214151859283,567468000
2005-04-07,0.17874673212418718,0.18293877513371548,0.17569714214176144,0.18110938370227814,506352000
2005-04-08,0.18187131076814733,0.18591151518727905,0.17836527965510218,0.17874671518802643,621540000
2005-04-11,0.18004195088882932,0.18065205702784956,0.1747065412177931,0.17523980140686035,328380000
2005-04-12,0.17470656682788374,0.17767932516868615,0.17081911256452645,0.1773747354745865,512232000
2005-04-13,0.177603388141587,0.178060729241753,0.1688369522449437,0.16998033225536346,498408000
2005-04-14,0.170361780657686,0.17196248838646733,0.16799912841720227,0.16860830783843994,352080000
2005-04-15,0.1664743543313731,0.16769364022031436,0.1612148618246536,0.16273966431617737,630156000
2005-04-18,0.16174806191840568,0.1652549929171058,0.16083336620962096,0.16159622371196747,473100000
2005-04-19,0.16426353932954946,0.168456497417338,0.1635015946919736,0.1672362983226776,365460000
2005-04-20,0.17005719696025662,0.17112373122029034,0.16197678480523375,0.16212953627109528,564672000
2005-04-21,0.16540680962105542,0.17173374602684227,0.16395885395789028,0.1711236536502838,538152000
2005-04-22,0.1700571429995303,0.1712005092348609,0.16754172637780237,0.1695229560136795,336276000
2005-04-25,0.1709718427668188,0.17348724581817565,0.17013306613634424,0.17219112813472748,318168000
2005-04-26,0.17226711039160847,0.1758499619133644,0.16792231427559617,0.17142924666404724,353148000
2005-04-27,0.1669316924800154,0.16754178515356763,0.1614435162691064,0.1648736298084259,609348000
2005-04-28,0.16434037812487698,0.16761772700751626,0.16273967006886075,0.16540691256523132,372948000
2005-04-29,0.16700755098505995,0.16830366862197466,0.1594613284719144,0.167160302400589,478356000
2005-05-02,0.16914245318367332,0.1710477637823193,0.16403480107838386,0.16655020415782928,334908000
2005-05-03,0.16670294346927414,0.16975162012163075,0.16494948484066407,0.16563549637794495,439512000
2005-05-04,0.16639839165491216,0.1721152375442192,0.16586421819790056,0.1708950251340866,468816000
2005-05-05,0.17188655129070463,0.1763831983460141,0.1709718690441762,0.17424921691417694,619272000
2005-05-06,0.17630728084570013,0.1766887028553202,0.172267075296401,0.17661187052726746,355728000
2005-05-09,0.17737476668625257,0.1811094565246031,0.1763073191236889,0.17989017069339752,745332000
2005-05-10,0.17760340873248714,0.17767932785459667,0.17089503426884328,0.17287717759609222,735120000
2005-05-11,0.17379185338347405,0.1745537977770331,0.16967572896197045,0.16998033225536346,555420000
2005-05-12,0.16998037588717027,0.17600271220866537,0.16982852399157414,0.1737159788608551,835584000
2005-05-13,0.1894176019227269,0.19414381956908616,0.1814140224648592,0.19307637214660645,2650320000
2005-05-16,0.1907896480921867,0.19505852477406405,0.19071372896423192,0.19376240670681,664104000
2005-05-17,0.19261900531375512,0.19681196211031965,0.1924671670852715,0.19589726626873016,639804000
2005-05-18,0.19543991503326985,0.19780256681402764,0.19338185290386367,0.19734521210193634,550056000
2005-05-19,0.1978025936789737,0.19864137047676764,0.19475391623101782,0.1969638168811798,452880000
2005-05-20,0.19673512862364637,0.2005466497761392,0.19444839584818338,0.2004707306623459,517008000
2005-05-23,0.2018427396201312,0.20717814846955318,0.20123263357506282,0.20512008666992188,703668000
2005-05-24,0.20412950803050287,0.20877889255909562,0.2031379798993883,0.20801696181297302,522192000
2005-05-25,0.2075596183094961,0.20862615239967594,0.20336666143388413,0.20534880459308624,535272000
2005-05-26,0.20717816776690273,0.2127422476389875,0.2067967321907096,0.21114152669906616,788784000
2005-05-27,0.2117516753690455,0.2117516753690455,0.2075596314384588,0.20976953208446503,322740000
2005-05-31,0.2088548249618075,0.2106082975806345,0.20313799282672088,0.20656809210777283,763176000
2005-06-01,0.2051961059959465,0.21228497687500825,0.2027575343045092,0.20847436785697937,796632000
2005-06-02,0.20771143185253588,0.21624918282032013,0.20771143185253588,0.21624918282032013,684348000
2005-06-03,0.21548640989429715,0.21746853984081282,0.21342834718611878,0.21571508049964905,559620000
2005-06-06,0.21182764416132238,0.2160206022853688,0.21167580588476706,0.21365703642368317,512892000
2005-06-07,0.21220905773978363,0.21571509063649666,0.20771151003303212,0.20847436785697937,974136000
2005-06-08,0.2090075830596338,0.21190442219771383,0.2048155528504966,0.2070254534482956,618720000
2005-06-09,0.20542476695875714,0.21579191284168686,0.20519609635340524,0.21571508049964905,619908000
2005-06-10,0.2154863448994149,0.2157150154357953,0.21182756179732223,0.2132764309644699,465096000
2005-06-13,0.213428287738627,0.22402410127559158,0.2128190948042857,0.21800175309181213,1409916000
2005-06-14,0.21807854988277842,0.22166048653511464,0.19825987612781765,0.20512008666992188,2408412000
2005-06-15,0.2038240226624812,0.2054247439809066,0.19643056320652735,0.20451004803180695,1669788000
2005-06-16,0.20443406692706276,0.2069494698019483,0.2014613094012889,0.20557743310928345,489240000
2005-06-17,0.20809284411716705,0.2084742660278322,0.20458681293297315,0.20512008666992188,456348000
2005-06-20,0.20512014026367562,0.20961768694872157,0.20176596002938568,0.208245649933815,606060000
2005-06-21,0.20961771524964,0.21121843667481707,0.20763557176264338,0.210226908326149,428172000
2005-06-22,0.21243765817004223,0.2138856140605772,0.2074068384507407,0.20999816060066223,700668000
2005-06-23,0.20961766149237882,0.21586776686341735,0.20885480393437234,0.2132764309644699,836976000
2005-06-24,0.21289505878989956,0.21297097791641298,0.20534883391451167,0.20649220049381256,475632000
2005-06-27,0.20519607536951853,0.20687361540747565,0.2029861746240163,0.2048155665397644,354588000
2005-06-28,0.205653361195217,0.20748275261870328,0.20336662873085942,0.20611071586608887,262308000
2005-06-29,0.2061876267943706,0.20656813566681517,0.20252884255238465,0.2042054831981659,283572000
2005-06-30,0.20557746649096192,0.20748277724404698,0.20207144827484497,0.2036721557378769,593232000
2005-07-01,0.20298617074572944,0.2048914817489677,0.20047075350213472,0.20458687841892242,315168000
2005-07-05,0.20534880432288458,0.2086261521251619,0.2033666611662906,0.20778828859329224,388440000
2005-07-06,0.20847435691918623,0.21426710930295909,0.20611079127655643,0.21335242688655853,703632000
2005-07-07,0.20999821403028412,0.2134283273111649,0.2093122022781115,0.2118276059627533,465900000
2005-07-08,0.21312374210388202,0.2151818047954971,0.21037966760173232,0.21449579298496246,408132000
2005-07-11,0.2164010567109596,0.21990800207629627,0.2154863744400459,0.21769718825817108,399492000
2005-07-12,0.217544376319513,0.21815448240211602,0.2120562157261894,0.21647785604000092,564252000
2005-07-13,0.217392573028875,0.21800176599928545,0.21312369707510745,0.21678248047828674,594780000
2005-07-14,0.2190691931568625,0.22333806871830184,0.20687357217715913,0.20717817544937134,1871496000
2005-07-15,0.20656810209437834,0.20717820831568384,0.20138544315413923,0.20496739447116852,1223352000
2005-07-18,0.20435816349191815,0.20443408259788518,0.1978025555066677,0.199860617518425,1044900000
2005-07-19,0.20107995226386483,0.20306209565631547,0.1995560768799476,0.202604740858078,517896000
2005-07-20,0.20024205539224982,0.20649216103051576,0.19749798157835718,0.2056533843278885,526500000
2005-07-21,0.2029861712387084,0.20390086718132758,0.19795535036930495,0.20214739441871643,594528000
2005-07-22,0.2031380171136093,0.2060348565057956,0.19543995409012074,0.19688791036605835,699264000
2005-07-25,0.19460122071054678,0.2041295910268306,0.19376244367167703,0.19803132116794586,974952000
2005-07-26,0.1971924926719402,0.2024519841194974,0.19643056181485166,0.20214739441871643,759492000
2005-07-27,0.2024519919016156,0.20717822325191124,0.19902189220744604,0.20626352727413177,807828000
2005-07-28,0.2058820815901092,0.20885483996591808,0.2030620882982789,0.20786422491073608,411240000
2005-07-29,0.207025471790513,0.20923628579441392,0.20458688677997106,0.20626352727413177,351660000
2005-08-01,0.20748277716851657,0.21030369695102968,0.20611074025355977,0.20938900113105774,389040000
2005-08-02,0.20961772285941974,0.21289507132697488,0.20931221991473753,0.2122090458869934,422652000
2005-08-03,0.2122090458869934,0.21419118944594806,0.2103037482994012,0.2122090458869934,518256000
2005-08-04,0.21060826670302332,0.2115229624365328,0.209540819548908,0.20999816060066223,356424000
2005-08-05,0.20969357757231505,0.2157918446377533,0.20824562163618707,0.21533448994159698,684096000
2005-08-08,0.21678250108120192,0.22082270686375083,0.21457168717410727,0.21609647572040558,725544000
2005-08-09,0.21640104285145687,0.21693522991210143,0.2131996142182855,0.21556319296360016,291900000
2005-08-10,0.2164778620525628,0.217544382361697,0.21015092468243707,0.21236173808574677,440556000
2005-08-11,0.2123617457515871,0.21571501231999937,0.21030368369388708,0.21533448994159698,701556000
2005-08-12,0.22798751912273788,0.23027425238747862,0.2202126232966182,0.22829212248325348,2295420000
2005-08-15,0.22905496334514988,0.23644845062449613,0.22615813745050806,0.2340857982635498,882804000
2005-08-16,0.23187499614110899,0.23393304525223746,0.22844488248588107,0.23012152314186096,637488000
2005-08-17,0.22913089431292194,0.23294244368331027,0.22897815646678696,0.23012152314186096,607572000
2005-08-18,0.22836896233586096,0.2295123153758366,0.22318538933447837,0.22417600452899933,822732000
2005-08-19,0.22455737553516872,0.22524340083311828,0.22188922071864223,0.22257523238658905,422232000
2005-08-22,0.2221947445885139,0.2257766823871372,0.21815453879445185,0.22074586153030396,547224000
2005-08-23,0.22051714812320894,0.22333806772902978,0.2197552174160087,0.22219470143318176,254460000
2005-08-24,0.22074585282808795,0.22707279140856237,0.2196793323149275,0.22234657406806946,514620000
2005-08-25,0.2233380900610385,0.22509064944385287,0.2214318660272893,0.2238713502883911,296484000
2005-08-26,0.22410003542526682,0.22410003542526682,0.21830727060452512,0.22044125199317932,323436000
2005-08-29,0.21838320870505018,0.22105137739546463,0.21662974958217976,0.22082270681858063,343392000
2005-08-30,0.22044131330519948,0.2292836710421571,0.22013672354787253,0.22874948382377625,948852000
2005-08-31,0.22821619628558668,0.2367530227787855,0.2275301708754078,0.23385711014270782,906804000
2005-09-01,0.23317101275053864,0.2360669244926223,0.2319508278222451,0.2339329570531845,556884000
2005-09-02,0.23439038647026472,0.23439038647026472,0.22935957855194147,0.23012152314186096,469800000
2005-09-06,0.2309602620546262,0.23324699516328515,0.2274542432667824,0.23202770948410034,423096000
2005-09-07,0.23172217042900736,0.24003123793360562,0.23111299110456293,0.23942115902900696,588012000
2005-09-08,0.23797318168619166,0.24521390211410982,0.23797318168619166,0.24224114418029785,646116000
2005-09-09,0.24483340249687008,0.24589995024455102,0.24086911607625666,0.2453666627407074,454236000
2005-09-12,0.24559532360359387,0.24635726796815718,0.24163196439969326,0.2445278763771057,556584000
2005-09-13,0.2433846139659998,0.2531416549712591,0.2433846139659998,0.2519223690032959,854724000
2005-09-14,0.2500159739301618,0.2533701527944895,0.2477292147026346,0.24887260794639587,503448000
2005-09-15,0.2526842424844264,0.25611434199317334,0.2511594539537875,0.25329434871673584,759756000
2005-09-16,0.2554283513003971,0.25680040219408273,0.2513881450110951,0.25344622135162354,519828000
2005-09-19,0.2531415395732085,0.25398030260410615,0.24849215524934995,0.24986420571804047,428316000
2005-09-20,0.25176944778864946,0.25756222472581247,0.25146487182562377,0.25474220514297485,522192000
2005-09-21,0.2537516812916436,0.2587824882824801,0.25032158189879955,0.2525314688682556,625656000
2005-09-22,0.25314165339759914,0.25314165339759914,0.24125061668218664,0.24574819207191467,739152000
2005-09-23,0.24521390457724743,0.25146492337018833,0.2431558287900874,0.24933002889156342,314640000
2005-09-26,0.2512361453945911,0.2531414554075854,0.24673860078255153,0.25138798356056213,406776000
2005-09-27,0.25245563555498957,0.2546664501160964,0.25032166697910807,0.25222697854042053,404160000
2005-09-28,0.25298885353746453,0.2544377504070444,0.25009294073909616,0.2537517249584198,353556000
2005-09-29,0.25382763621115145,0.25916304727024597,0.25176955992916356,0.2590112090110779,513372000
2005-09-30,0.25916295754809593,0.26366050336364383,0.2586296974049104,0.2612978518009186,458832000
2005-10-03,0.2643465926560106,0.2703680285179792,0.26221259746574543,0.2684627175331116,549888000
2005-10-04,0.2696060677898174,0.2740267684675651,0.2643465767227556,0.26495668292045593,514476000
2005-10-05,0.26526119083589994,0.26526119083589994,0.25458947362837275,0.2561901807785034,599184000
2005-10-06,0.2558856562754416,0.25984904329136543,0.2475774874781336,0.25527557730674744,685512000
2005-10-07,0.25573276751049545,0.2583250018772493,0.2500159384040019,0.25199806690216064,551952000
2005-10-10,0.253294217106294,0.2537515580178266,0.24551931257026555,0.24559523165225983,459216000
2005-10-11,0.24650994643234017,0.24864394079152471,0.23972566915434443,0.24254658818244934,540048000
2005-10-12,0.24186057313313836,0.24917813803970632,0.2415550703320688,0.24544250965118408,657660000
2005-10-13,0.2449093794475355,0.24529080154618113,0.23477181685943307,0.2441474348306656,509304000
2005-10-14,0.24590000831151362,0.24894958593983596,0.24010722833836512,0.2441474348306656,311256000
2005-10-17,0.24429924460385594,0.24894955689944331,0.24429924460385594,0.24651005864143372,243912000
2005-10-18,0.24742477793997086,0.24788211913871155,0.2408691542778644,0.24246986210346222,299832000
2005-10-19,0.23934531218377683,0.24079325502921908,0.23256100373215022,0.24041183292865753,635952000
2005-10-20,0.2407932589002863,0.24712019895711287,0.23972581129780623,0.2420893907546997,359520000
2005-10-21,0.24620553480257168,0.2469674794922548,0.2417839057890845,0.2434614598751068,298368000
2005-10-24,0.24559543496922112,0.2500929832458496,0.243384620403329,0.2500929832458496,291012000
2005-10-25,0.24841534520753225,0.2524555508293538,0.24734882469779507,0.25169360637664795,334680000
2005-10-26,0.2517695277834836,0.2523028153032047,0.24445198776629198,0.24483340978622437,415344000
2005-10-27,0.24529079349219202,0.2460527380840439,0.2389638537766021,0.23972579836845398,227784000
2005-10-28,0.24033590572270508,0.24757752790766013,0.23439038806779286,0.2471201866865158,464640000
2005-10-31,0.24811075122667847,0.25748636650059015,0.24811075122667847,0.2557328939437866,432420000
2005-11-01,0.25573283521772666,0.25763904514438674,0.250626083367785,0.2526082396507263,400488000
2005-11-02,0.25268414297212405,0.26754790165636827,0.2515407769194899,0.26724332571029663,523668000
2005-11-03,0.2690729027349602,0.2705967648779659,0.26198401740728805,0.2641179859638214,465072000
2005-11-04,0.2642706502586476,0.26487982959920303,0.2568762647553131,0.25962033867836,570276000
2005-11-07,0.2609924497654468,0.2619071321984752,0.25741051148632915,0.25847703218460083,370824000
2005-11-08,0.25946848275583917,0.25969716692550193,0.2525314388360303,0.25367480516433716,538968000
2005-11-09,0.25420899242691414,0.26678604930983496,0.25131215362850473,0.26510849595069885,818880000
2005-11-10,0.2743323125561624,0.28027780198016133,0.2503215888769104,0.25527557730674744,2503620000
2005-11-11,0.2574863367940379,0.262517142862553,0.25634297053937527,0.2594684660434723,545928000
2005-11-14,0.2595444267789152,0.2667860746733478,0.25558106722438895,0.26495668292045593,493668000
2005-11-15,0.26655749017396757,0.2690729081824585,0.26472809773688477,0.26556596159935,496200000
2005-11-16,0.2658714517108975,0.2673194219290326,0.2594685921215798,0.26465123891830444,455280000
2005-11-17,0.26686196173613896,0.2766189982663181,0.26373643884613623,0.27639031410217285,703260000
2005-11-18,0.27730509635874834,0.2795918570458184,0.27044489607757627,0.27585622668266296,465768000
2005-11-21,0.27616178899305943,0.2811926254217348,0.2743324236662887,0.2807352840900421,454704000
2005-11-22,0.2821831732558336,0.290948685072987,0.2799723589120168,0.2882046103477478,731700000
2005-11-23,0.28851005475994895,0.291558732255739,0.2858418997134711,0.28736668825149536,411948000
2005-11-25,0.28873882235792275,0.29064413389554294,0.2867566648360328,0.2901867926120758,116676000
2005-11-28,0.2909487046284422,0.29346412253065396,0.28355524330698034,0.28873881697654724,424524000
2005-11-29,0.2716641856631652,0.2793631766416383,0.26922471435128187,0.2704448997974396,1043136000
2005-11-30,0.2685385945158461,0.2769235807779579,0.26846267540604846,0.27555155754089355,575448000
2005-12-01,0.2778383472648776,0.28012508038969064,0.2748655887506188,0.2788289487361908,562032000
2005-12-02,0.2801249749451745,0.280811000076387,0.2751700612530965,0.2789056897163391,334476000
2005-12-05,0.2795149530871868,0.2795149530871868,0.27280749204868704,0.27372220158576965,387708000
2005-12-06,0.2741795126193667,0.27860024021977414,0.27379809064238647,0.2748655378818512,375252000
2005-12-07,0.27593299048421355,0.277609617067269,0.2705966537633099,0.27532288432121277,352668000
2005-12-08,0.2738749324602247,0.2774568972977962,0.2699874919912238,0.27311208844184875,386664000
2005-12-09,0.273950885270918,0.2773810122948529,0.27013936345089407,0.2769995629787445,262896000
2005-12-12,0.27776235132116744,0.2816497911062324,0.2773049830146879,0.28103968501091003,281136000
2005-12-13,0.2815729928600327,0.2871380140849322,0.27951494417224926,0.2846985161304474,443412000
2005-12-14,0.28256447393940176,0.28393652434243144,0.2786770341441531,0.282030314207077,287472000
2005-12-15,0.2818015353483293,0.28393642892004983,0.2755514460505693,0.27844828367233276,332724000
2005-12-16,0.27943906754634695,0.2821072228385225,0.2767709122541714,0.28088703751564026,1065600000
2005-12-19,0.2814971896502956,0.283555266445506,0.2755516980708394,0.27623769640922546,292296000
2005-12-20,0.275933002065692,0.28012504574935987,0.27242605684644045,0.276084840297699,304356000
2005-12-21,0.2773809491169829,0.2796676817720938,0.2730361407162702,0.27555155754089355,289380000
2005-12-22,0.2753229759209678,0.2842412529536941,0.2752470567828926,0.28393664956092834,318336000
2005-12-23,0.28469861094162,0.2865280033066606,0.2827932994340406,0.2861465811729431,214536000
2005-12-27,0.28584192203636366,0.2910254947102548,0.2849272396621716,0.2878999710083008,367968000
2005-12-28,0.287899931181275,0.29148279557468465,0.2860705666859585,0.29056811332702637,264420000
2005-12-29,0.2904154326280794,0.2913301424014987,0.28286920648243724,0.28408849239349365,310464000
2005-12-30,0.2824877279954622,0.2825645466998917,0.27753373936001724,0.2786771059036255,229608000
2006-01-03,0.2802777132013014,0.2934639471306721,0.27936303119810924,0.2913299798965454,472812000
2006-01-04,0.29354096723318074,0.299943826834508,0.2904913620864891,0.2994864583015442,510072000
2006-01-05,0.2995623035450599,0.30680395202388094,0.29902904326167046,0.3062697649002075,646092000
2006-01-06,0.3097767758316271,0.3124440319117784,0.29765708260038437,0.311300665140152,623388000
2006-01-09,0.311148760346216,0.32166774422208166,0.31046276217779883,0.31999021768569946,560484000
2006-01-10,0.3184664291479197,0.3200671374797821,0.31442622169108514,0.3200671374797821,339660000
2006-01-11,0.3203716527984546,0.3334819465620156,0.31983839244808965,0.33165258169174194,626304000
2006-01-12,0.3315765670049157,0.33668329257932766,0.3245636038763627,0.32692715525627136,495504000
2006-01-13,0.3261643073186653,0.3288324619497572,0.31945684713605726,0.324030339717865,421296000
2006-01-17,0.3196097406707689,0.323954550828983,0.31534084965306214,0.32380178570747375,329232000
2006-01-18,0.3139687605103181,0.3265457925830799,0.31099600202293626,0.32547834515571594,459948000
2006-01-19,0.32982321766140527,0.34804116686355385,0.3292140381263434,0.3435436189174652,914760000
2006-01-20,0.344077683531973,0.3480410428293305,0.33386330536937386,0.33393922448158264,461604000
2006-01-23,0.33653140618195204,0.33866537350335946,0.33195794145893576,0.33584538102149963,334884000
2006-01-24,0.3366074369396592,0.34453508373460523,0.33569275459564235,0.33752211928367615,388896000
2006-01-25,0.33919869207376857,0.34140950553851573,0.3305091028490109,0.33454930782318115,400236000
2006-01-26,0.33942740561088447,0.3462876317309004,0.33729343773718595,0.34598302841186523,448836000
2006-01-27,0.35048056928818794,0.35642608577059737,0.3475837301654015,0.3525386452674866,385044000
2006-01-30,0.35406251841579184,0.35444394044073524,0.34697363524537594,0.34857437014579773,315780000
2006-01-31,0.34682188227031296,0.34872719370295885,0.3400376007557783,0.34270575642585754,384456000
2006-02-01,0.3365314827181681,0.34430639087151693,0.33523535120253845,0.34293434023857117,450852000
2006-02-02,0.34605893818221073,0.34628762237536886,0.3319580184044189,0.33249127864837646,473736000
2006-02-03,0.33035740953546505,0.3396561821152435,0.3292899618884058,0.3355400562286377,504252000
2006-02-06,0.3346251377081821,0.3453727724778674,0.3331771685401592,0.3449922502040863,363468000
2006-02-07,0.34567840435289565,0.34567840435289565,0.332567186797585,0.33271995186805725,399408000
2006-02-08,0.3337105559847376,0.34232422709465027,0.3337105559847376,0.34232422709465027,393072000
2006-02-09,0.343391810521822,0.3487272227255478,0.334396713846867,0.3365316092967987,437100000
2006-02-10,0.33775070981014804,0.33927549799398365,0.3267743884266499,0.3346252143383026,414996000
2006-02-13,0.3335587850608471,0.3381322516540728,0.33127205176423424,0.3357686996459961,280740000
2006-02-14,0.3357686444333895,0.3375980089618566,0.3319580226192189,0.33637872338294983,342348000
2006-02-15,0.33569279319096357,0.34377227916529257,0.3348540026157336,0.34285756945610046,493296000
2006-02-16,0.3492603750507038,0.3605422292349388,0.3468977228945407,0.35977935791015625,1305888000
2006-02-17,0.38622953006978533,0.3866109520527219,0.3597793112653683,0.36183738708496094,2356956000
2006-02-21,0.3610755061509507,0.36168561241883507,0.35101386398260015,0.35413938760757446,684060000
2006-02-22,0.3491086343923121,0.35634935796981393,0.34072364439779174,0.3535293638706207,939756000
2006-02-23,0.35246183301601614,0.3548254121154686,0.34712642223137696,0.34811702370643616,385128000
2006-02-24,0.34964182231135227,0.353833866322192,0.3462117227805944,0.3480410873889923,416412000
2006-02-27,0.35070928470468904,0.36435286470926936,0.3470505008113373,0.362142950296402,666468000
2006-02-28,0.3605422066741553,0.36359088400168826,0.35574005669967873,0.35924607515335083,563316000
2006-03-01,0.36054227492277163,0.37502461944524024,0.358255541599204,0.3728906512260437,703932000
2006-03-02,0.3725091945131953,0.378683396172647,0.36862175339206676,0.37342390418052673,545460000
2006-03-03,0.3699937145225609,0.3811987212245676,0.36930768925345775,0.37471991777420044,595800000
2006-03-06,0.3820375085279304,0.3845529255875092,0.37212770578339915,0.373957097530365,529020000
2006-03-07,0.3740340419332007,0.3769299549196285,0.36016087599556534,0.36755433678627014,606204000
2006-03-08,0.367631189268335,0.3695365006673796,0.3526146563297151,0.36572495102882385,670800000
2006-03-09,0.37014643750340004,0.37632063741806265,0.3674023637968851,0.36763104796409607,536700000
2006-03-10,0.36724960552071356,0.37189901723980373,0.357949937022417,0.36122819781303406,521580000
2006-03-13,0.3648869339675149,0.3673255047305973,0.3621428603589905,0.3655729591846466,372132000
2006-03-14,0.3658776198122004,0.37723536523872897,0.3645055691628274,0.3757105767726898,627792000
2006-03-15,0.3764726137731427,0.3822662934283701,0.3750246436495544,0.38173210620880127,510600000
2006-03-16,0.38241799115788505,0.38287533223203374,0.36747828268903937,0.3687744140625,568416000
2006-03-17,0.3670209945221134,0.37273782692307944,0.3615328190611817,0.371747225522995,618588000
2006-03-20,0.3750245711032638,0.3751004902254678,0.36854579404841886,0.3689263164997101,293772000
2006-03-21,0.38714420795440674,0.3940803524617524,0.3770066758144261,0.38714420795440674,1235472000
2006-03-22,0.3773113803175579,0.37914077256198425,0.3675543399938113,0.3760152757167816,1158576000
2006-03-23,0.3773113168402499,0.3845529654621167,0.3730424539679584,0.38302814960479736,661992000
2006-03-24,0.38401867767792514,0.3966725524084562,0.3834094984189048,0.39598652720451355,687936000
2006-03-27,0.396291151997447,0.40696287080088633,0.3949950206239963,0.4066573679447174,651444000
2006-03-28,0.4048280822037616,0.4183198246075939,0.40399021852556155,0.41290849447250366,795204000
2006-03-29,0.41466109542603236,0.4358518308387322,0.41123099512932837,0.4350898861885071,987096000
2006-03-30,0.43554727955975525,0.44042535060173155,0.4276955495390145,0.4380626976490021,1063308000
2006-03-31,0.4377571006244282,0.44385535598767534,0.43379371305151704,0.4364618957042694,835560000
2006-04-03,0.43874866003114876,0.447438252689329,0.43326048333439704,0.44133996963500977,968916000
2006-04-04,0.44195008628427074,0.46268258083894026,0.4414927450305613,0.46199655532836914,1200612000
2006-04-05,0.4611585131286882,0.46801871106032017,0.4513255300480117,0.46573197841644287,1112976000
2006-04-06,0.46451168782313773,0.47015259937228604,0.4581088047878743,0.46664658188819885,789312000
2006-04-07,0.4646647064393374,0.4687808049425863,0.45627968979623673,0.46542662382125854,682674000
2006-04-10,0.46435999947924245,0.4671041008827359,0.45384101679253774,0.45734703540802,634230000
2006-04-11,0.45887182842945623,0.45887182842945623,0.44347385034909736,0.44621792435646057,702072000
2006-04-12,0.44911486989737426,0.46664681994140145,0.4466753713613836,0.46420732140541077,598308000
2006-04-13,0.45429828192533805,0.45948092644013505,0.4494193138442212,0.4512487053871155,738360000
2006-04-17,0.4504869208413029,0.4637500074170256,0.4488102665005983,0.4524690508842468,443868000
2006-04-18,0.4443884756631985,0.4445412407185521,0.4297533707322994,0.4417971670627594,1165488000
2006-04-19,0.4390531593690296,0.4494194045919028,0.4329549046413122,0.444541335105896,517476000
2006-04-20,0.44057799794225283,0.4518588988134133,0.4332604299154714,0.4439312517642975,552684000
2006-04-21,0.4453031857928356,0.447132577319729,0.42274133544788345,0.4279240071773529,770016000
2006-04-24,0.43066815606326997,0.4453032635747545,0.4230460126132071,0.44103530049324036,676848000
2006-04-25,0.43600446540584414,0.44179724426024825,0.42838142238767823,0.4407297968864441,719766000
2006-04-26,0.44240734252243163,0.4491148039611186,0.4329549072485045,0.4376811385154724,330528000
2006-04-27,0.4360043957205931,0.44881010931853943,0.42655196236965903,0.44469401240348816,462966000
2006-04-28,0.4449986868107149,0.4510969689429055,0.4411871650680637,0.44545602798461914,284736000
2006-05-01,0.4485046749209573,0.4797570465981053,0.4485046749209573,0.4710674285888672,902472000
2006-05-02,0.47457359306761315,0.48021450811384697,0.4623780072492974,0.4704574942588806,539700000
2006-05-03,0.46512182496391796,0.47868950970316443,0.46466451116686663,0.4735068380832672,378114000
2006-05-04,0.46420737238206045,0.47564104076190794,0.46176787357817767,0.4704574942588806,511128000
2006-05-05,0.47289683325453635,0.4785377463945102,0.4663411833372709,0.4768601655960083,338184000
2006-05-08,0.4756409719447695,0.48600724565053055,0.47030558792630134,0.47472628951072693,503622000
2006-05-09,0.4741161417938017,0.47655563989148053,0.4596337719719482,0.4602438509464264,561648000
2006-05-10,0.4547556660475134,0.460091103384359,0.44545596965570544,0.4500294625759125,753264000
2006-05-11,0.45460293021650255,0.45887181985268666,0.4305162890199034,0.43402230739593506,1201110000
2006-05-12,0.42365612143471965,0.425790089358532,0.3924037492917709,0.4013979434967041,1568172000
2006-05-15,0.4006360110267799,0.4106976529152629,0.39712999228967866,0.4071916341781616,553380000
2006-05-16,0.4094783194663058,0.40963015769609895,0.3939285309151844,0.39651983976364136,497532000
2006-05-17,0.3951478208823708,0.39743455371680536,0.3734997508109881,0.38051271438598633,841074000
2006-05-18,0.3835612814448732,0.3872200365728384,0.36282882639969805,0.36328616738319397,686730000
2006-05-19,0.3666395175932637,0.37959796895484715,0.3629807345005896,0.37090837955474854,932808000
2006-05-22,0.36892627569857267,0.36968911967731516,0.35581595795412985,0.36587759852409363,734886000
2006-05-23,0.3734998085308037,0.38218940009652597,0.3603894884247319,0.3619142770767212,532314000
2006-05-24,0.36511569533375304,0.3774640700732979,0.3568834455073898,0.3666395843029022,579522000
2006-05-25,0.3734997544510909,0.37898790240321867,0.3626761691000069,0.36465832591056824,423666000
2006-05-26,0.3660304802471722,0.3684690794694977,0.3616088511844982,0.365420401096344,294642000
2006-05-30,0.3660303444359707,0.3661821826669481,0.3500232146502634,0.35017505288124084,448788000
2006-05-31,0.354901252493288,0.35825543232355184,0.3481937924128651,0.3503277599811554,598422000
2006-06-01,0.3542912027926925,0.36862170696258545,0.34880302725999585,0.36862170696258545,537126000
2006-06-02,0.3745670905027723,0.3763964816967538,0.359627384995231,0.36328616738319397,673710000
2006-06-05,0.3613041716199322,0.368011605597323,0.3469736400006683,0.3480410873889923,581052000
2006-06-06,0.3524618793669383,0.3527673823304465,0.32928994164205394,0.3387414515018463,824130000
2006-06-07,0.3424000949757567,0.3430102010712436,0.33005172315751163,0.332643985748291,565380000
2006-06-08,0.3288324178841746,0.33310130661384324,0.3134353974614378,0.32654568552970886,730572000
2006-06-09,0.3308146827122432,0.3364546695075826,0.3227342708827515,0.32547834515571594,433824000
2006-06-12,0.31983830462721874,0.3241062671990584,0.3056605399554316,0.30748993158340454,463230000
2006-06-13,0.30733725667370826,0.3135873777709796,0.2998669501664326,0.30276378989219666,532548000
2006-06-14,0.3045930573260158,0.31252070181307157,0.30139161553394006,0.3116060197353363,480492000
2006-06-15,0.3230397083120251,0.3399615462080755,0.32044747281399755,0.3388940989971161,837336000
2006-06-16,0.33660743439360613,0.3375221167307045,0.32700313355402905,0.330204576253891,503448000
2006-06-19,0.3338633830095123,0.3355400099690353,0.3195328498924103,0.3202957212924957,388044000
2006-06-20,0.31145338820828417,0.3224297141466355,0.3102341023552778,0.31526491045951843,535818000
2006-06-21,0.31389281630982135,0.3238016924427388,0.31389281630982135,0.3187708854675293,441174000
2006-06-22,0.32227690529253045,0.3231915875608698,0.3073371948630125,0.3094711899757385,532338000
2006-06-23,0.30886198243001917,0.31602678451743127,0.3059651705554341,0.30962392687797546,335202000
2006-06-26,0.3091665194109628,0.3125206989587048,0.3052031606236529,0.30672702193260193,281736000
2006-06-27,0.308556341961178,0.3088618447203274,0.29285472138865576,0.29697084426879883,608514000
2006-06-28,0.2992576142695489,0.3183134160398297,0.2914827084484043,0.3134353756904602,833376000
2006-06-29,0.3048976039049179,0.32761311531066895,0.30383108372380635,0.32761311531066895,687666000
2006-06-30,0.3308147023444615,0.3359973482785394,0.322125110581049,0.3245636820793152,468240000
2006-07-03,0.33203392750795085,0.3323385035495643,0.3270030934902512,0.32928985357284546,174696000
2006-07-05,0.32410627033106154,0.32700308197505534,0.31450197100639343,0.31450197100639343,459708000
2006-07-06,0.31450196036483896,0.31755153697117033,0.3015444083183501,0.3047458231449127,470634000
2006-07-07,0.30687994306554645,0.30749004945546193,0.2919402282868851,0.29529350996017456,541230000
2006-07-10,0.29605628015411417,0.2981902753542543,0.2798963838980396,0.2824877202510834,449922000
2006-07-11,0.28157300816519887,0.29300670044550486,0.27745691056589766,0.2919401526451111,600582000
2006-07-12,0.29087267840845926,0.29422685848347774,0.2776096227574773,0.27791422605514526,461034000
2006-07-13,0.2736462287272198,0.2805064262380963,0.26937733971909866,0.27074939012527466,540582000
2006-07-14,0.275780268554289,0.2773050571502086,0.26175526659282206,0.2693774104118347,572148000
2006-07-17,0.26815806588703495,0.27456092262435955,0.2667860426818958,0.27151134610176086,502806000
2006-07-18,0.28081119748957367,0.28919618821245185,0.27074955209834695,0.28629934787750244,979332000
2006-07-19,0.28508006748334924,0.3024592561588098,0.2829451718694567,0.2988004982471466,1055550000
2006-07-20,0.3041357101779856,0.3094711192709262,0.29239744488950836,0.29285478591918945,505602000
2006-07-21,0.28294524504185725,0.2841654583083977,0.26876746928009315,0.2709023654460907,633918000
2006-07-24,0.2809638785357306,0.3050505257257845,0.2794390897362145,0.29819032549858093,983178000
2006-07-25,0.3018490354628259,0.31191064907891564,0.29742830758430133,0.3087092339992523,574104000
2006-07-26,0.3087092339992523,0.3123680174560154,0.29956227535734464,0.3087092339992523,495318000
2006-07-27,0.3126725608166987,0.3254782743167695,0.3074899163181655,0.31312990188598633,694338000
2006-07-28,0.32121026094557553,0.3462116051095184,0.31938086969894686,0.34560149908065796,815298000
2006-07-31,0.34194284769301264,0.3454497933386312,0.3366074369396592,0.33752211928367615,594762000
2006-08-01,0.33340597090570806,0.3340160771258365,0.3178561813245113,0.3239544630050659,600966000
2006-08-02,0.33111922930341303,0.3504805670996631,0.33035731212332614,0.34880301356315613,756774000
2006-08-03,0.34758374176240886,0.3802081371257373,0.342705672456212,0.37075570225715637,890568000
2006-08-04,0.3805128269723485,0.3811229333394475,0.3562734135913623,0.36572495102882385,818232000
2006-08-07,0.35932203573553634,0.3660303969465262,0.3544439660805276,0.3614569306373596,436146000
2006-08-08,0.3643528158564209,0.37883605671752635,0.3634381063757237,0.37106117606163025,619806000
2006-08-09,0.37837868353732396,0.3887449266865323,0.3681643058652445,0.37090837955474854,584706000
2006-08-10,0.366792338609852,0.37045112253264606,0.3605422454668573,0.3683171272277832,1072140000
2006-08-11,0.34148542638277846,0.36603030552078814,0.34026614098365554,0.3567306101322174,1603272000
2006-08-14,0.36115137628111893,0.3648101597114237,0.35291912719293606,0.3549012839794159,809412000
2006-08-15,0.36404831882179867,0.39103180658874437,0.36054229946579336,0.3890496492385864,902172000
2006-08-16,0.39118459318668275,0.41862542561671073,0.381122975528352,0.4169478714466095,1029246000
2006-08-17,0.41176502032949786,0.4225886046135473,0.40627684565841155,0.41039296984672546,814224000
2006-08-18,0.41085042584678083,0.41923448697037974,0.3965198936088893,0.4171005189418793,665898000
2006-08-21,0.4108504978504083,0.4116124152369029,0.4007888540064804,0.40170353651046753,500220000
2006-08-22,0.4004832252394111,0.4122223921270093,0.40017862194057235,0.4010933041572571,473928000
2006-08-23,0.4041420377425989,0.4082581628118762,0.3919464276255858,0.4007887840270996,485412000
2006-08-24,0.40185520882687026,0.4070387800955768,0.3954523521632095,0.4049048125743866,260802000
2006-08-25,0.40185516517048736,0.4108502835413427,0.39789180656739004,0.4036845564842224,238314000
2006-08-28,0.41039303330111493,0.4294488689081786,0.40963018925266553,0.41755783557891846,764562000
2006-08-29,0.421521283193361,0.4384431260705317,0.41847260530192504,0.4364618957042694,727962000
2006-08-30,0.4389004319385335,0.4500295215036887,0.43783388407961943,0.44545602798461914,681564000
2006-08-31,0.4443885883674556,0.4463707454493796,0.43417513507065447,0.4437794089317322,511278000
2006-09-01,0.4372237595558439,0.44072980548928414,0.4235033613516266,0.42517998814582825,605742000
2006-09-05,0.42655206643096527,0.4361563403424746,0.42030197316485535,0.4344797134399414,549354000
2006-09-06,0.4268573736720006,0.4274665528316503,0.41161216566231623,0.41267961263656616,493572000
2006-09-07,0.40597141659095454,0.4302108250523021,0.4015507155830071,0.4209120273590088,742836000
2006-09-08,0.4276194469367363,0.4294488386477177,0.4129843405088903,0.4222840368747711,447978000
2006-09-11,0.41283140079018243,0.43371751750982795,0.40810609891097255,0.4288385510444641,598266000
2006-09-12,0.42685749249191934,0.44286464914186646,0.4257900452205351,0.44012054800987244,498432000
2006-09-13,0.4411869959298543,0.4494192429441635,0.43981494567413654,0.4436264932155609,476286000
2006-09-14,0.4414926522144021,0.44972490209054,0.43615631478931144,0.4419499933719635,428814000
2006-09-15,0.4434737858173214,0.4527734810702235,0.441339791059964,0.4506394863128662,649764000
2006-09-18,0.4518588442068559,0.46847608083459563,0.4504868208126491,0.46771323680877686,793896000
2006-09-19,0.46466454821633213,0.4680187281955274,0.4517060689732146,0.45551759004592896,708054000
2006-09-20,0.4614631693641536,0.4727441246719876,0.4605484869975688,0.47213491797447205,511884000
2006-09-21,0.471677650127243,0.4764029551959937,0.46390271295172497,0.4683234691619873,539106000
2006-09-22,0.4669513907615527,0.4698482030684968,0.4492676036799545,0.45445024967193604,653334000
2006-09-25,0.461310440846764,0.47274410628440566,0.4488102003097895,0.47076284885406494,684486000
2006-09-26,0.4703055020851646,0.47152478766788286,0.4549075237022293,0.46085304021835327,516120000
2006-09-27,0.4594809412956238,0.4741160741119466,0.45506024098240677,0.4594809412956238,578142000
2006-09-28,0.4414927065751594,0.4526208702725493,0.4395105766149058,0.45079147815704346,647346000
2006-09-29,0.4538409961780387,0.4573470146342696,0.4486574241912591,0.45109692215919495,373890000
2006-10-02,0.44896211975536604,0.4518589321850084,0.4360045364961938,0.4396633207798004,647442000
2006-10-03,0.4314311146736145,0.43478439635232086,0.4218268390045809,0.4314311146736145,907692000
2006-10-04,0.43204026375783805,0.47396436173444706,0.43082095071943993,0.4738115966320038,1460382000
2006-10-05,0.47198200183877914,0.4767082317738043,0.4591762892445487,0.46039557456970215,662682000
2006-10-06,0.46115858715956515,0.47640287417920757,0.4597865364489789,0.47152480483055115,593610000
2006-10-09,0.4704571328868793,0.5081122904726489,0.4690850828312035,0.5018622279167175,932304000
2006-10-10,0.49927020728115723,0.5012523369772961,0.4847878373916165,0.4904288053512573,624648000
2006-10-11,0.48783657353313337,0.5018625027520838,0.48036716732162965,0.49317288398742676,481944000
2006-10-12,0.49591686709898053,0.5053684008755991,0.4879892220191719,0.4951540231704712,414720000
2006-10-13,0.493477526832511,0.5177169112971239,0.4853980409577744,0.5148200988769531,584190000
2006-10-16,0.5164974352773313,0.5248815214369873,0.5047582426137145,0.5139052271842957,478968000
2006-10-17,0.5055214240985468,0.5090274439358268,0.48936152241087205,0.49423953890800476,526506000
2006-10-18,0.5015570663396552,0.5068933777916778,0.47762320952866316,0.4811292290687561,822750000
2006-10-19,0.47929960004719724,0.4939347323039087,0.4754881064469845,0.49027594923973083,473040000
2006-10-20,0.4940875525637701,0.49439215590339836,0.4776231068986588,0.4846351444721222,359478000
2006-10-23,0.48356843484705564,0.4953067004610704,0.48021425524303235,0.48143354058265686,280248000
2006-10-24,0.48234848190314455,0.5009478796665329,0.48097643093373116,0.4954596757888794,519288000
2006-10-25,0.5001849784536061,0.5076553123522171,0.49180088892705237,0.5000331401824951,389436000
2006-10-26,0.501252247290942,0.5175639788736479,0.501252247290942,0.5158873796463013,366690000
2006-10-27,0.5158875755738483,0.5273212429938307,0.4878366401459923,0.4936303198337555,566988000
2006-10-30,0.49698347096218753,0.5084171360097828,0.49164808772673596,0.49957573413848877,479592000
2006-10-31,0.5105522488315394,0.5315902233123779,0.5079600390681285,0.5315902233123779,996174000
2006-11-01,0.5245769768082638,0.5294550456391038,0.48326302191283493,0.49058058857917786,1176540000
2006-11-02,0.4928671505876338,0.5035388390754248,0.48051875430142993,0.48722711205482483,862944000
2006-11-03,0.492715414515613,0.4975934826672409,0.4847877155241848,0.4969833493232727,548070000
2006-11-06,0.49835544546773825,0.518936039406405,0.49210532636818033,0.5120758414268494,739602000
2006-11-07,0.5158873448008252,0.5253388778985574,0.5129904789927915,0.5198507308959961,553254000
2006-11-08,0.5161920991433798,0.5338767575012816,0.5149728134526066,0.5274739265441895,648324000
2006-11-09,0.5382972594299523,0.5518648867248779,0.5334191921261345,0.5379926562309265,1207758000
2006-11-10,0.5334193823402983,0.536010718515775,0.5117712846927487,0.5250343680381775,1317192000
2006-11-13,0.5261017668546101,0.5503411439230282,0.5259490017947677,0.5488163828849792,852282000
2006-11-14,0.5468343262576528,0.5553721068336944,0.535096056961023,0.5543046593666077,628530000
2006-11-15,0.5526280092227082,0.5602501806422266,0.5421090255716293,0.5451577305793762,491892000
2006-11-16,0.5474442260003585,0.5541516576081029,0.5427179965449368,0.55217045545578,457182000
2006-11-17,0.5483588672198959,0.5552190633478522,0.545004688245382,0.5536942481994629,361608000
2006-11-20,0.5468342076752387,0.5619266543553535,0.542718110635211,0.5588780045509338,608634000
2006-11-21,0.5605547543337787,0.5614694366637296,0.5463769873994792,0.5501884818077087,387384000
2006-11-22,0.5521708157117603,0.5602503028224302,0.5492739483284268,0.5596401691436768,240258000
2006-11-24,0.5568960864152804,0.5649764998587284,0.5518652507733254,0.5637562870979309,144336000
2006-11-27,0.5604027006809461,0.5678720492176731,0.5344857481071896,0.5382972955703735,585294000
2006-11-28,0.5364682959068742,0.5532374059084066,0.5280832774857774,0.5483593344688416,480966000
2006-11-29,0.5533901522418202,0.5631471671098289,0.5512561289521631,0.5564388036727905,579792000
2006-11-30,0.5564385430133255,0.568482340672939,0.5497311095589636,0.5639088749885559,583632000
2006-12-01,0.5576590780551505,0.5584209956566616,0.5369257054067733,0.541803777217865,785010000
2006-12-04,0.5488165998123192,0.5707692529008063,0.5468344151313703,0.5637562870979309,621570000
2006-12-05,0.5578106062011978,0.5611647864241128,0.5517132515379856,0.5579633712768555,663354000
2006-12-06,0.5597926617555739,0.5597926617555739,0.5495782842021606,0.5572013258934021,478242000
2006-12-07,0.5572015485030389,0.5602502539094831,0.5389076804635545,0.5437857508659363,486894000
2006-12-08,0.5398223965871166,0.54942669971411,0.532047513090043,0.54195636510849,564858000
2006-12-11,0.5421090674652277,0.5578107254468369,0.540888854799562,0.551256000995636,515484000
2006-12-12,0.5471397734911975,0.5489691379572091,0.5382974454253903,0.5456149578094482,568116000
2006-12-13,0.5500356191555923,0.556438448214897,0.5500356191555923,0.5520177483558655,491952000
2006-12-14,0.5564385992715445,0.5687870014838621,0.5559812853688768,0.5617749094963074,715380000
2006-12-15,0.5654337037175481,0.5716838240623474,0.5619267580789881,0.5716838240623474,746094000
2006-12-18,0.5722937372762528,0.5884527571734701,0.5719882617038284,0.5815925598144531,688356000
2006-12-19,0.5741233151166292,0.5930263864860086,0.5733604710341172,0.5899776816368103,545622000
2006-12-20,0.5869288556853673,0.5939408910963705,0.5828127046484669,0.5832700729370117,306594000
2006-12-21,0.5864716913344225,0.5881483455087805,0.5716838446758731,0.5782394409179688,367920000
2006-12-22,0.577324581815433,0.5793058387349123,0.5617747681177049,0.5645188689231873,370170000
2006-12-26,0.5675677511505903,0.5725985315131681,0.5620795478168396,0.5643662810325623,228192000
2006-12-27,0.5668055788499254,0.5738176142735536,0.5668055788499254,0.5718364119529724,264954000
2006-12-28,0.5724457174924289,0.5730558509886036,0.5651282045395133,0.5677204132080078,213912000
2006-12-29,0.5677205800606038,0.579611617068879,0.5636044812223718,0.5642136335372925,386094000
2007-01-03,0.5651281628270782,0.5719883613815903,0.5303697471562009,0.5500357151031494,1154820000
2007-01-04,0.548054482129665,0.550035739443185,0.5340285542542995,0.5474444031715393,797298000
2007-01-05,0.5344858049992154,0.5366206992426131,0.50948445858256,0.5131432414054871,1243344000
2007-01-08,0.5149727692167195,0.5268637477613217,0.5061303862773062,0.5169548988342285,657270000
2007-01-09,0.5177168030081742,0.521222821440021,0.5062831386258407,0.5068932175636292,764166000
2007-01-10,0.5015570726210441,0.5366209758231149,0.49393495431476725,0.5318947434425354,1108746000
2007-01-11,0.5318946014611826,0.5360107536047426,0.521222853592624,0.5299124717712402,924504000
2007-01-12,0.5219855791401209,0.539211990183066,0.5195460818473303,0.5370780229568481,698190000
2007-01-16,0.5411940702002824,0.5414986733993081,0.5318943769712478,0.5379926562309265,711864000
2007-01-17,0.5305225409210766,0.5337240107023355,0.5247297893627118,0.5267110466957092,707934000
2007-01-18,0.5221375540612264,0.5221375540612264,0.4765556074482696,0.4831112027168274,1501638000
2007-01-19,0.47792773237858693,0.4960688895819766,0.47457355130350215,0.4860072731971741,942606000
2007-01-22,0.49058074014663217,0.4985083881711751,0.48417785370537486,0.4860072731971741,730644000
2007-01-23,0.48372021485042754,0.4939346451608649,0.474726051092833,0.48615971207618713,630354000
2007-01-24,0.4924103169011353,0.5078083055898741,0.49012358244289544,0.5012526512145996,685722000
2007-01-25,0.5058257739406299,0.5076551929671854,0.4812817910578436,0.4837203621864319,616284000
2007-01-26,0.4878365251660814,0.49256275613522077,0.4710674228359435,0.47975704073905945,829584000
2007-01-29,0.47762299805865677,0.477927546808867,0.4559749030712358,0.4600910544395447,1258284000
2007-01-30,0.46313987297632647,0.4719822032776294,0.459023774627173,0.4689335525035858,636174000
2007-01-31,0.46664665402001637,0.4716774875739351,0.46085297654210494,0.4672558605670929,467976000
2007-02-01,0.4628351474855824,0.4756408621666853,0.4619204652626488,0.47320136427879333,650898000
2007-02-02,0.4757936980280835,0.4878365705084158,0.47182943840542274,0.48554983735084534,586590000
2007-02-05,0.48783649126642215,0.497593555844613,0.4870745741244419,0.49347740411758423,579906000
2007-02-06,0.5046065100347813,0.5174122256902598,0.4971362320923423,0.5110093951225281,775386000
2007-02-07,0.51512556825649,0.5321992767546375,0.5120759907672389,0.5309799909591675,761058000
2007-02-08,0.5229001517694868,0.5315897107300849,0.5183266882070696,0.5241194367408752,726276000
2007-02-09,0.5267108376169547,0.5311324635712883,0.4957639810960406,0.4977461099624634,937956000
2007-02-12,0.5014052717758531,0.5195464315492454,0.4960689598585474,0.5087228417396545,789360000
2007-02-13,0.5169547686242333,0.5224429153793947,0.5117711705888034,0.5183268189430237,849732000
2007-02-14,0.5229004060275014,0.5259490560982549,0.5102465291574129,0.5114667415618896,1081848000
2007-02-15,0.5111611012246158,0.5171066163691194,0.5062830331788746,0.5145152807235718,488682000
2007-02-16,0.5123815355823822,0.5129906878172743,0.49728908429161267,0.4988129734992981,915060000
2007-02-20,0.49957572202287986,0.5059785524862469,0.4960687766318238,0.5032345056533813,625578000
2007-02-21,0.4991183763833539,0.5044538142527175,0.4907333613826946,0.49576419591903687,655332000
2007-02-22,0.503539057124639,0.5116185961464675,0.4977463055890215,0.4989655911922455,655452000
2007-02-23,0.5036916242418432,0.5039962274428749,0.4975933994619999,0.4977461099624634,403050000
2007-02-26,0.4991183960865192,0.5029290182806546,0.48936138448170546,0.49012330174446106,494070000
2007-02-27,0.48478782369010626,0.49622154301035626,0.47457344448981564,0.47533634305000305,714630000
2007-02-28,0.473964434715221,0.4828058390505671,0.4681707546149285,0.47259238362312317,780048000
2007-03-01,0.4623779023139384,0.475488222243317,0.45627962010848605,0.4667986035346985,837228000
2007-03-02,0.4626823656749427,0.4683232777343217,0.45292620204633727,0.4538409113883972,682728000
2007-03-05,0.44591349113967493,0.4547558221935826,0.4369192945424022,0.4384431838989258,663558000
2007-03-06,0.4480472513254281,0.469390742718732,0.44621785983172063,0.46435990929603577,805974000
2007-03-07,0.4620731891676379,0.46420715672431206,0.4492674756273811,0.4512487053871155,811656000
2007-03-08,0.4607011069420284,0.47503070818364096,0.4603955768492011,0.46984803676605225,770622000
2007-03-09,0.476402787918993,0.4817390970318757,0.4597864531974129,0.4651218354701996,555306000
2007-03-12,0.4597865989579821,0.46908537050928284,0.4591764653813443,0.4623779356479645,428010000
2007-03-13,0.45765157020609526,0.46039561667869244,0.44255909652678266,0.44286462664604187,617070000
2007-03-14,0.44408397724964854,0.4466752863028803,0.42746671283591364,0.4407297968864441,971610000
2007-03-15,0.4396630996062277,0.44362648526954807,0.42960146151784656,0.43630892038345337,655752000
2007-03-16,0.4366136796747372,0.437376523738018,0.4291442739284778,0.43219295144081116,525648000
2007-03-19,0.43447965474731653,0.44133985336595694,0.4329548663053292,0.4343269169330597,461508000
2007-03-20,0.4329548959238287,0.4428646993643808,0.4305163246500705,0.43219295144081116,656490000
2007-03-21,0.4497248574032076,0.464054433669459,0.44118710546354073,0.45688965916633606,1268376000
2007-03-22,0.4573471275173913,0.46969547728003,0.4552131591738761,0.4669514298439026,810954000
2007-03-23,0.4634452541309439,0.47167750270137476,0.4584144204156784,0.46176767349243164,524640000
2007-03-26,0.46207321938838997,0.4664939198478062,0.4542983116375916,0.46268242597579956,447336000
2007-03-27,0.46161591678009756,0.46253059911165256,0.4535355322644746,0.4539928734302521,469020000
2007-03-28,0.4501821397590235,0.45399276090920593,0.4445412275590689,0.44530317187309265,459504000
2007-03-29,0.4520115800577372,0.4526207593867367,0.4303635106042814,0.4375283122062683,719016000
2007-03-30,0.4434737821632527,0.4466751968029453,0.43646174635825574,0.43874847888946533,581244000
2007-04-02,0.43768114539526964,0.4413399020393823,0.43112552210195043,0.4382912516593933,400830000
2007-04-03,0.43829120264352023,0.44316924443003897,0.4324975245130557,0.43661364912986755,473724000
2007-04-04,0.4360045486205057,0.4395105951546642,0.43447975980980585,0.4356990456581116,361692000
2007-04-05,0.43752835119877137,0.47152479699146405,0.43752835119877137,0.4710674285888672,1332900000
2007-04-09,0.4710674969143884,0.47640293535841727,0.4616159603300307,0.46253064274787903,640950000
2007-04-10,0.46192044916482067,0.4672558862859526,0.4568896425939976,0.4578043520450592,794220000
2007-04-11,0.45871907516324034,0.4632925410465816,0.44804732764869426,0.4495721161365509,810150000
2007-04-12,0.44713271971543744,0.4637499865450841,0.4442367796573311,0.4623779356479645,743640000
2007-04-13,0.4608529563375591,0.467104001871773,0.45521297100383606,0.46618926525115967,638694000
2007-04-16,0.4649692308477902,0.4684761219699512,0.45780442815342104,0.4637499451637268,671838000
2007-04-17,0.4754882408518976,0.4863127003682015,0.4658839394086108,0.4681706726551056,1059108000
2007-04-18,0.4674087122747601,0.4780804614729448,0.46496926838938374,0.4739643633365631,683802000
2007-04-19,0.47015277850686227,0.48326309827905517,0.4687807277251075,0.48051899671554565,568056000
2007-04-20,0.4875317622981889,0.48783636551643267,0.4797568837335073,0.48615971207618713,590052000
2007-04-23,0.48387314807430204,0.48478783036691564,0.4768601840174875,0.4782322347164154,595272000
2007-04-24,0.48631278484732693,0.5006423935317138,0.48311136865010895,0.4962216913700104,1028088000
2007-04-25,0.49545970462848227,0.5075025793095533,0.4931729710530296,0.5047584772109985,509640000
2007-04-26,0.5047583482767016,0.5148200170545874,0.5001848822940319,0.5110093951225281,500070000
2007-04-27,0.5093318109700883,0.5149727236872202,0.4960687284137002,0.5041491389274597,554058000
2007-04-30,0.5110095422419111,0.517412374653015,0.5012524739790672,0.5014052391052246,563388000
2007-05-01,0.5105519444975715,0.5139052520033601,0.5026242994255181,0.5067404508590698,544554000
2007-05-02,0.5093319202156822,0.5114668151806949,0.498203729779534,0.5007950663566589,659658000
2007-05-03,0.5055212704336319,0.5136007554012321,0.5046065335784068,0.5102465748786926,500250000
2007-05-04,0.512990490563235,0.5164974352773313,0.5081124222776133,0.5139052271842957,405246000
2007-05-07,0.5213755762126284,0.5271683274064825,0.5030817135623643,0.5036917924880981,557100000
2007-05-08,0.5006422378400945,0.5087226490634179,0.4908860994771716,0.5075024366378784,737100000
2007-05-09,0.5038437701335065,0.5126861551225702,0.4980510173367915,0.5097892880439758,417870000
2007-05-10,0.51192396868123,0.5186314011483844,0.4959168411418364,0.500337541103363,802584000
2007-05-11,0.5273212647544866,0.5408889011032645,0.5192417780897711,0.5357062816619873,1530630000
2007-05-14,0.5335711683187501,0.5386019474232825,0.5253389198967798,0.5303696990013123,731568000
2007-05-15,0.531894540943492,0.5350959558997788,0.5244242637654356,0.5256444215774536,621360000
2007-05-16,0.5261019683957575,0.532352089881897,0.5160403517544265,0.532352089881897,523104000
2007-05-17,0.5308270082602626,0.53357110893552,0.5204607934070737,0.5235094428062439,443664000
2007-05-18,0.5274739455079643,0.5354006657834315,0.5230523173393661,0.5338767766952515,604266000
2007-05-21,0.5323518026194818,0.548816296980909,0.5297604670885084,0.5355532169342041,645768000
2007-05-22,0.536010797308528,0.5433283108492439,0.5273211784214012,0.5384502410888672,401736000
2007-05-23,0.5387545092366129,0.5419559228263077,0.522594621766819,0.5241194367408752,448248000
2007-05-24,0.526559075171094,0.5280829091953195,0.5030816178778558,0.505215585231781,607800000
2007-05-25,0.5088743797587277,0.5157345771067152,0.5073504911791984,0.5131432414054871,308976000
2007-05-29,0.5110094603347087,0.5203082317286262,0.50948464435914,0.5186315774917603,316242000
2007-05-30,0.5125331652125795,0.5198507308959961,0.5061302816095894,0.5198507308959961,331650000
2007-05-31,0.523662148360604,0.5312843161926643,0.5212226512063853,0.5280828475952148,481572000
2007-06-01,0.5340285906371754,0.541956237392037,0.5308271751892946,0.5317418575286865,429084000
2007-06-04,0.5268636495184107,0.5376872332168545,0.5247296820607061,0.5346385836601257,322002000
2007-06-05,0.5361634569744446,0.5514077438332459,0.5352487746837096,0.550493061542511,698586000
2007-06-06,0.546682523477207,0.5634516286863194,0.544395790139585,0.5546092987060547,950736000
2007-06-07,0.5520178560150644,0.5602501053539807,0.5485118375493027,0.5486636757850647,791862000
2007-06-08,0.5440901368869115,0.5579632974904927,0.5373826496482988,0.5572013258934021,533268000
2007-06-11,0.5572012084934405,0.5625366441490856,0.5541516326274403,0.5591824650764465,434634000
2007-06-12,0.5562870782266263,0.5640619642054933,0.5530856610023925,0.5533902645111084,526770000
2007-06-13,0.5594883279430974,0.5668058975676893,0.5523226511270267,0.5666531324386597,587232000
2007-06-14,0.5640614547472702,0.5788484233565488,0.5632986109233,0.5767144560813904,508548000
2007-06-15,0.5832704066387157,0.6075097948794526,0.5831176415084613,0.602936327457428,1081998000
2007-06-18,0.6090333595021151,0.611168253784881,0.5983625409284958,0.6032406091690063,685662000
2007-06-19,0.599429169344464,0.6084242627241006,0.5953130719253799,0.6070522665977478,491952000
2007-06-20,0.6097962609469942,0.6128449652900871,0.6035452693974795,0.6076613664627075,822792000
2007-06-21,0.6194006318551847,0.6605618798741595,0.6146744008299602,0.6552255153656006,1297326000
2007-06-22,0.6555310224197215,0.6687941059027563,0.645621246836171,0.6649825572967529,882618000
2007-06-25,0.6463840458781024,0.6622384099403402,0.640438529869742,0.6474505662918091,819702000
2007-06-26,0.6457739443783982,0.6476033633667855,0.6158936523147849,0.6174184679985046,868482000
2007-06-27,0.6174182647245703,0.6347974395324033,0.6143695612010587,0.6340354681015015,613140000
2007-06-28,0.635865443013537,0.6469936376919905,0.6296143931533975,0.6401333808898926,597534000
2007-06-29,0.6444020778399066,0.6445547884230286,0.6294623377046505,0.6297669410705566,516570000
2007-07-02,0.6387609944144542,0.6562928843746036,0.6367797373206145,0.655988335609436,563850000
2007-07-03,0.6555310717388099,0.6622385058426045,0.6501947615368932,0.6570549607276917,238770000
2007-07-05,0.657207783830924,0.6662019517922949,0.6540063136432557,0.6640679836273193,373290000
2007-07-06,0.6631531328640806,0.6698605658571058,0.6619338474108385,0.667269229888916,282720000
2007-07-09,0.6697086777384523,0.6898319565783697,0.6695559126881285,0.6866304874420166,536784000
2007-07-10,0.6831238345919047,0.6974543134993789,0.6758062661949477,0.6933382153511047,552654000
2007-07-11,0.6931854972182441,0.697911729259989,0.6806852546233382,0.6902895569801331,582612000
2007-07-12,0.695167528816664,0.7043144613768803,0.6902894591926491,0.7035525441169739,438732000
2007-07-13,0.7015702729280624,0.7099552320184694,0.6985215686225117,0.6992835402488708,372630000
2007-07-16,0.6998938385289555,0.7148335247374241,0.6997410734197448,0.7119367122650146,541710000
2007-07-17,0.7148332714981749,0.7291638003938837,0.7082776770105496,0.7088877558708191,643812000
2007-07-18,0.6986733949249949,0.700808289346573,0.6822088981076816,0.6959293484687805,550656000
2007-07-19,0.7058391085800697,0.7093451265782025,0.6902892942316868,0.6951673626899719,407376000
2007-07-20,0.6997409411547103,0.7021804391988183,0.6841911788090597,0.6875453591346741,505650000
2007-07-23,0.6851058000140843,0.708583261039918,0.6835809843874183,0.6944054961204529,360474000
2007-07-24,0.6916615773338818,0.6974543298740061,0.6718428944033813,0.6761117577552795,457560000
2007-07-25,0.6762636466056162,0.6858679492554975,0.6573605715426821,0.6729103922843933,437196000
2007-07-26,0.6657444694504425,0.6857159132221555,0.6567503030275935,0.6762634515762329,710268000
2007-07-27,0.6745868921279907,0.7056864719651266,0.6742822888014358,0.6745868921279907,615480000
2007-07-30,0.6770263640054234,0.6945573833481351,0.6768735989279296,0.6934908628463745,538158000
2007-07-31,0.7209315558957775,0.7306876928298595,0.6966921794562644,0.6976068615913391,711492000
2007-08-01,0.6875453341920861,0.7044671466061183,0.6601044851022876,0.692423403263092,705828000
2007-08-02,0.7003509145066584,0.7009600664882174,0.6800748712690534,0.689374566078186,468606000
2007-08-03,0.6870880605894762,0.6921188954292626,0.6482135417329871,0.6485181450843811,623412000
2007-08-06,0.6540060639381409,0.658884131967195,0.6357122047991721,0.6540060639381409,524724000
2007-08-07,0.6540064077353366,0.6751971437348306,0.6453168418844076,0.6643726825714111,565764000
2007-08-08,0.676416480067554,0.7157483771505868,0.6712329333631104,0.6950149536132812,660744000
2007-08-09,0.6997410511954415,0.7226084389492935,0.6837339179317613,0.7032470703125,1251834000
2007-08-10,0.6456211999142708,0.6751968871197328,0.6309860668559392,0.6706234216690063,1141014000
2007-08-13,0.6759590041924107,0.6805324706271073,0.6494328334471458,0.6633059978485107,700410000
2007-08-14,0.6678793498446091,0.699740898850875,0.6658972203210939,0.6890691518783569,1092174000
2007-08-15,0.6854105289059481,0.695167540640225,0.6590371237008453,0.6599518060684204,695142000
2007-08-16,0.6533961326598277,0.6581223635538681,0.6174184850671328,0.6489754319190979,780030000
2007-08-17,0.6669647047880906,0.6878499046837526,0.6462313431318012,0.6872398257255554,728712000
2007-08-20,0.6876969175286749,0.6951671923411787,0.6761113646642409,0.6844954490661621,519684000
2007-08-21,0.688611984198137,0.7270291365338453,0.6783984757508666,0.7215409874916077,715338000
2007-08-22,0.7398347643230283,0.7422742624418617,0.7248950804808341,0.7380053997039795,566154000
2007-08-23,0.7415122070627462,0.750201824323173,0.728553782065929,0.7317551970481873,667986000
2007-08-24,0.7296212733080252,0.736938785919863,0.7242849089358959,0.7355667352676392,361644000
2007-08-27,0.7355670339716667,0.7599583164226635,0.7322128523574081,0.7521833777427673,635946000
2007-08-28,0.754622747834388,0.7576714531699106,0.7046191607615168,0.7062967419624329,560022000
2007-08-29,0.7210833420936006,0.747304845967559,0.7195594535251343,0.746390163898468,538560000
2007-08-30,0.7392254591415763,0.7605680253459948,0.7389199835322765,0.7421213984489441,465660000
2007-08-31,0.7576714506322925,0.7828255185171805,0.7535552977209315,0.7799295783042908,720834000
2007-09-04,0.7834353997062307,0.807370174021385,0.7712397645339878,0.8040159940719604,683268000
2007-09-05,0.800510046322099,0.8232246103301805,0.7973086311542406,0.7979177832603455,656274000
2007-09-06,0.807827746867591,0.8151452606713413,0.7980706801557694,0.8014248609542847,425496000
2007-09-07,0.7791664266492466,0.7872468364914891,0.7572137833444196,0.7721543908119202,602304000
2007-09-10,0.7889235488808926,0.8026439451522104,0.7678855861235352,0.7742884159088135,872112000
2007-09-11,0.7836639738334257,0.7966983434360817,0.7754317260528001,0.7907528281211853,405424000
2007-09-12,0.7992136854033471,0.8031011794325817,0.751878331621483,0.7596532106399536,554452000
2007-09-13,0.7740598589279987,0.7749745412268408,0.7543939441628227,0.7598820924758911,452864000
2007-09-14,0.7523358487668008,0.7532505310421374,0.7351853243941809,0.7374720573425293,487308000
2007-09-17,0.7386153563920482,0.7463902365157516,0.7278677183645746,0.7358712553977966,374828000
2007-09-18,0.7436463840171338,0.8117910676294409,0.7425029901312793,0.8003574013710022,844740000
2007-09-19,0.8076747202357488,0.8232244797386312,0.7779471426214072,0.7857220768928528,521360000
2007-09-20,0.7861793262864051,0.7946402305604472,0.7724589321360664,0.7811484932899475,324172000
2007-09-21,0.7889235699923401,0.8003572338577344,0.7811486349478642,0.7886948585510254,457532000
2007-09-24,0.793497232373334,0.8209380324572421,0.7877803717625081,0.8088183403015137,456360000
2007-09-25,0.8040160970744844,0.8225386180205594,0.8017293640742277,0.8191085457801819,360748000
2007-09-26,0.8232244636171597,0.8403749846341846,0.8211664425303193,0.8385456204414368,518032000
2007-09-27,0.8465495030254118,0.850665655921886,0.8321430769278031,0.8410613536834717,378280000
2007-09-28,0.846091880475357,0.8490646383097301,0.8268832830040219,0.8287127017974854,404292000
2007-10-01,0.8358015163949569,0.8678158258040675,0.8348868343021258,0.8636996746063232,398200000
2007-10-02,0.8616417311304574,0.8632424931883743,0.8428905545321299,0.8554675579071045,284960000
2007-10-03,0.840375168134571,0.840375168134571,0.8056168047226625,0.8191085457801819,467196000
2007-10-04,0.8181941477289387,0.8275697399311157,0.794640729671699,0.8227676153182983,378976000
2007-10-05,0.8358016260405667,0.8490647089465604,0.8268833517955031,0.8444912433624268,344840000
2007-10-08,0.8504368741159302,0.8595838065166794,0.8403752048590919,0.8582117557525635,252484000
2007-10-09,0.8582112268762888,0.8620986652989552,0.8305417352514505,0.8431187868118286,403008000
2007-10-10,0.8488361993864506,0.8488361993864506,0.823682132691194,0.8440340757369995,389136000
2007-10-11,0.8362590724879397,0.8467780552175996,0.797384556873106,0.8065314888954163,529104000
2007-10-12,0.8154496875168022,0.8261973261833191,0.8028726299053399,0.8261973261833191,409952000
2007-10-15,0.8289414149392731,0.8428905229207547,0.8250539747044366,0.8321428298950195,355900000
2007-10-16,0.8312283469834745,0.8545530485046061,0.8282555882347017,0.8396892547607422,276360000
2007-10-17,0.8723895547036802,0.906690552461611,0.8714748723341392,0.9041751623153687,717944000
2007-10-18,0.9012024986385936,0.9071480164468182,0.8785638213780579,0.9034892320632935,340620000
2007-10-19,0.9014309546987633,0.9018883230897673,0.854781559616879,0.8550102710723877,505768000
2007-10-22,0.8495220333005045,0.8973148201218518,0.8426618348394519,0.8954854011535645,537656000
2007-10-23,0.9071476087945837,0.9071476087945837,0.8753620121189986,0.8998300433158875,294292000
2007-10-24,0.8803929497917155,0.8803929497917155,0.8266547014880697,0.8694166541099548,565500000
2007-10-25,0.8426618072547759,0.8506653991240105,0.7681142543276513,0.7934970259666443,806192000
2007-10-26,0.8186510878801314,0.8241392900968093,0.775203165624824,0.7866368293762207,616580000
2007-10-29,0.7596534808104138,0.7717731719225105,0.744561031159877,0.7681143879890442,813896000
2007-10-30,0.7742887532093856,0.8124772552018116,0.7614830335403119,0.7962414622306824,525212000
2007-10-31,0.8010432133962205,0.8095041187214316,0.7761178112370813,0.8090468049049377,455188000
2007-11-01,0.7964697481112413,0.8252825903106122,0.7854933987152869,0.8090468049049377,587236000
2007-11-02,0.8202520310916447,0.8460921785682031,0.8088183640542416,0.8401466608047485,491844000
2007-11-05,0.8330577490775412,0.8602699475025929,0.8277982567883332,0.8401466608047485,436636000
2007-11-06,0.8481499972532196,0.87353271400689,0.8442625025738206,0.8666725158691406,554620000
2007-11-07,0.8662152064450059,0.869645278271325,0.8186510785493075,0.8255112767219543,546768000
2007-11-08,0.8175080784030948,0.8323718745333403,0.7502780103001527,0.7738314270973206,996824000
2007-11-09,0.7900668289132627,0.7957836875256036,0.7466189106354889,0.7628546953201294,871056000
2007-11-12,0.7626260846535239,0.7681142321804675,0.6867064833641052,0.6867064833641052,715732000
2007-11-13,0.6979116472719987,0.7479911206063802,0.6867066382587307,0.7473050951957703,726696000
2007-11-14,0.766285060000423,0.7736025736979704,0.7317553497162959,0.7356427907943726,666720000
2007-11-15,0.7308405873552715,0.7377007863636357,0.7088878851044875,0.7258097529411316,496436000
2007-11-16,0.7317550744151852,0.7441034184316161,0.7258095592902367,0.7420453429222107,423592000
2007-11-19,0.7315265423684495,0.7351853259977904,0.6880786162550602,0.6919660568237305,568412000
2007-11-20,0.705000344800589,0.7061437384003731,0.6656685209041457,0.6867064833641052,622628000
2007-11-21,0.6723003210708984,0.695625025197521,0.6702422445103066,0.6793891787528992,648452000
2007-11-23,0.6841909881514262,0.6940239426075865,0.6755013725985408,0.691051185131073,141976000
2007-11-26,0.690594056495712,0.7047718236480374,0.6736722423113359,0.6750442385673523,385896000
2007-11-27,0.6846485673034118,0.7061439031214702,0.6793890754615485,0.7040858268737793,458856000
2007-11-28,0.72626721986972,0.7612542450104595,0.7228370926402246,0.7511926293373108,574548000
2007-11-29,0.7500491492924284,0.7797767334676851,0.7468477339258673,0.7573667168617249,489084000
2007-11-30,0.7820634519816456,0.7820634519816456,0.7189495555396169,0.7212362885475159,652656000
2007-12-03,0.7317551970481873,0.7452469367820013,0.7205501900902734,0.7317551970481873,490688000
2007-12-04,0.734956407960521,0.7374717969595787,0.7168912076909374,0.7310689687728882,371712000
2007-12-05,0.7589673481534289,0.7832067269519633,0.7495917599464528,0.7690289616584778,666704000
2007-12-06,0.7671994445087733,0.7870940106330842,0.7603392474134937,0.7845786213874817,371152000
2007-12-07,0.7877803148076048,0.7886949971736007,0.7667423477896013,0.7747459411621094,320292000
2007-12-10,0.777261007780442,0.7923534513575382,0.7749742755572455,0.7832065224647522,336360000
2007-12-11,0.7998999882789256,0.8145351238891161,0.7822921486754345,0.7841215133666992,582436000
2007-12-12,0.8172790068230601,0.8252825984103284,0.7953263623357044,0.8111048340797424,617504000
2007-12-13,0.8012721496622134,0.8065316420256243,0.7655990970982214,0.7889237999916077,500364000
2007-12-14,0.7852647513475243,0.8106475221515492,0.7800052607538978,0.801957905292511,354016000
2007-12-17,0.7934970568289478,0.801043280634583,0.7591960097924182,0.7610254287719727,507408000
2007-12-18,0.7726876290010092,0.7889234677497501,0.7649127494841488,0.7804625630378723,396896000
2007-12-19,0.7777186113544481,0.795097792413317,0.7745171961772912,0.787780225276947,253536000
2007-12-20,0.8003571974041457,0.806074056336464,0.7836640434689863,0.8042446374893188,279940000
2007-12-21,0.8138489501653655,0.8209378052020033,0.7966984276005866,0.8040159940719604,433408000
2007-12-24,0.8099614852931419,0.8220811737239307,0.8040159695316219,0.8181937336921692,104008000
2007-12-26,0.8197945194870843,0.8291701078414917,0.811790927230386,0.8291701078414917,215340000
2007-12-27,0.8277979644923135,0.8323714842123868,0.8015005668519277,0.8035585880279541,241368000
2007-12-28,0.8021867218549676,0.8117910227895639,0.78869498005923,0.7955552339553833,262064000
2007-12-31,0.789152072972731,0.80355849208485,0.7777184113377159,0.7779470682144165,276236000
2008-01-02,0.7802338157990782,0.7832065733343151,0.7445607798962366,0.7548511028289795,483964000
2008-01-03,0.7591963510751912,0.7742888054709971,0.7461619735115504,0.7489060759544373,475308000
2008-01-04,0.7264955237282038,0.7301543061546216,0.6814468502904276,0.6860203146934509,736092000
2008-01-07,0.6905939743019752,0.6963108336816982,0.6025546778783132,0.6151317358016968,1006800000
2008-01-08,0.6185618975677414,0.6697847644089282,0.60415547308366,0.6281661987304688,1106956000
2008-01-09,0.6366269567015462,0.6608663881441822,0.6272513692201543,0.6606376767158508,741036000
2008-01-10,0.6425725343431334,0.6572076682850762,0.6341116282004545,0.6469173431396484,554432000
2008-01-11,0.6315962305214002,0.6448592591556874,0.6139883386248304,0.6185618042945862,572612000
2008-01-14,0.627708616119641,0.6606376062882782,0.6176470044658912,0.6597229242324829,539188000
2008-01-15,0.6345689568182051,0.6421151802466591,0.6004965684121478,0.611244261264801,725692000
2008-01-16,0.5728272791673152,0.579916136227643,0.5296079477852422,0.5421850085258484,1464472000
2008-01-17,0.5506459916770525,0.5652810762756311,0.531437385213885,0.5328094363212585,1133900000
2008-01-18,0.53441008202739,0.570997871030884,0.5149728753430597,0.5680251121520996,920428000
2008-01-22,0.513829310172088,0.5529324765361056,0.5106278953755036,0.539669394493103,709092000
2008-01-23,0.5177164953529665,0.5657379117418511,0.5126857187263073,0.5495021343231201,929880000
2008-01-24,0.5602501843035306,0.5918071354629956,0.5549906924436198,0.5915784239768982,597092000
2008-01-25,0.6142171873588326,0.6279375874348095,0.5677964404630846,0.5705404877662659,688012000
2008-01-28,0.5684824693958216,0.5741992755357652,0.5515605989159341,0.5636802911758423,577608000
2008-01-29,0.5737418243722596,0.5833461239954406,0.5588780338268617,0.5810593366622925,414484000
2008-01-30,0.5716839539851205,0.5847183302534114,0.5595642602668793,0.5760287642478943,530476000
2008-01-31,0.5634513522871167,0.5728269925361944,0.5449287831745464,0.5623080134391785,588708000
2008-02-01,0.5611649288123981,0.617418637696483,0.5563628048730357,0.614217221736908,593104000
2008-02-04,0.6274800599581967,0.6309101863680306,0.5918070178959708,0.5950084328651428,565128000
2008-02-05,0.5831172549714384,0.5833459663549538,0.5575058325773986,0.557734489440918,494928000
2008-02-06,0.5636799819380678,0.5792297929672537,0.5456147819488639,0.5559051036834717,557380000
2008-02-07,0.5398982762546695,0.5771720355516109,0.5282358979305797,0.5613935589790344,664128000
2008-02-08,0.5561339613338999,0.5757998754454423,0.5488164486663585,0.5714551210403442,393932000
2008-02-11,0.5762572052565491,0.5856328478103634,0.5693970069225437,0.5732844471931458,503732000
2008-02-12,0.5819740830060134,0.6027833355929082,0.5787726133987889,0.5945510864257812,609688000
2008-02-13,0.599124466716621,0.619705113960477,0.5927216374549797,0.6178756952285767,742312000
2008-02-14,0.5998105816595195,0.6002679500409193,0.5156587794428527,0.5170307755470276,2184296000
2008-02-15,0.5149728659560167,0.5289219231175651,0.5010237542744442,0.5092560052871704,817364000
2008-02-19,0.5186314513000767,0.5195461880067856,0.4973648314892557,0.5017096400260925,558608000
2008-02-20,0.4870746895538807,0.505368556178244,0.48501661320263295,0.4980509877204895,759016000
2008-02-21,0.5030819994605883,0.5055973906484766,0.48387338914567385,0.4868461489677429,644272000
2008-02-22,0.4907332568378647,0.5113139044984308,0.48707452833999115,0.5103992223739624,723052000
2008-02-25,0.5099420411808694,0.515887558951698,0.49667895468901696,0.5101706981658936,671784000
2008-02-26,0.5071977152349518,0.5222901599802299,0.49942283597829373,0.5145152807235718,565420000
2008-02-27,0.5120000100424337,0.5266350898898394,0.5087985403245522,0.5225189924240112,537816000
2008-02-28,0.5179453548713024,0.5188600368360563,0.5028528571128845,0.5028528571128845,503608000
2008-02-29,0.49462084557914915,0.5012523331358796,0.48707462120354555,0.4891326427459717,540576000
2008-03-03,0.48844677256987573,0.49187690043035287,0.47701310390167334,0.48341599106788635,449028000
2008-03-04,0.48021447204858114,0.4811292090662951,0.4598625275049233,0.4786137640476227,778888000
2008-03-05,0.4831868571844895,0.49553525216863703,0.47815608007982296,0.4841015934944153,644656000
2008-03-06,0.4781564194971695,0.4813578352944663,0.4530022980383481,0.4536883234977722,1075284000
2008-03-07,0.4454560056041299,0.46466460654312436,0.4344796816818529,0.44705674052238464,767500000
2008-03-10,0.44156847247631126,0.4470566469183481,0.4207591954960922,0.42144522070884705,776100000
2008-03-11,0.43447966698542156,0.4397391581931926,0.41710048575800607,0.43539437651634216,857940000
2008-03-12,0.4395103423112359,0.44339778144677855,0.419844407998498,0.42350319027900696,743320000
2008-03-13,0.41687184210439626,0.4568897269190646,0.4143564519847383,0.4504868686199188,1220528000
2008-03-14,0.4527735226558668,0.4532308637558818,0.4157284028745663,0.4189298450946808,1154972000
2008-03-17,0.40063605669711455,0.4225887348890187,0.3958339057870094,0.4084109663963318,800952000
2008-03-18,0.4180152469798141,0.43447974904598036,0.4061242389120367,0.43379372358322144,1075256000
2008-03-19,0.4237320414072635,0.4296775308814983,0.4038374423980713,0.4038374423980713,880476000
2008-03-20,0.4086394043019374,0.4244178722191357,0.4013218670009165,0.42350319027900696,633460000
2008-03-24,0.4328789369953528,0.46054841500967486,0.43127822947402955,0.45803302526474,887440000
2008-03-25,0.4600912012121288,0.4733542326387859,0.45574639155511065,0.46466466784477234,735388000
2008-03-26,0.458490407034497,0.4616918221706947,0.4447699824593469,0.4498007893562317,721652000
2008-03-27,0.4429406873871347,0.4555177210047608,0.4360804599720537,0.44339802861213684,601308000
2008-03-28,0.4514014859179695,0.46169181091342837,0.44682802025776813,0.4500294625759125,561788000
2008-03-31,0.4548316308545446,0.46329256498388927,0.44682806514517076,0.4525448977947235,569992000
2008-04-01,0.46603658790255054,0.4813576913686276,0.4594050467909624,0.48021429777145386,676872000
2008-04-02,0.48158634016244745,0.48158634016244745,0.4619204285906105,0.46557921171188354,616536000
2008-04-03,0.4616918089935811,0.4623778342917597,0.44339791916884097,0.45688965916633606,841984000
2008-04-04,0.44774270577762204,0.4500294658845407,0.4283054765788629,0.42944884300231934,1535528000
2008-04-07,0.4399679115285898,0.44637077021116767,0.4363091273499706,0.4397392272949219,729496000
2008-04-08,0.4344796880678884,0.45140152898095365,0.4344796880678884,0.43722376227378845,639476000
2008-04-09,0.44225456113540723,0.45048681034946925,0.4381384365283762,0.4459133446216583,675232000
2008-04-10,0.45071551845612823,0.4690094379645579,0.44111124478921404,0.454602986574173,1092184000
2008-04-11,0.44591340574323896,0.448657480104056,0.4209879704941177,0.42373207211494446,1106280000
2008-04-14,0.422131304391503,0.42304601394761027,0.4070388556858055,0.40955427289009094,780004000
2008-04-15,0.41161224996855034,0.41595705826801965,0.40269400372543374,0.4143563508987427,439916000
2008-04-16,0.4301348842489122,0.43630905771238654,0.42258866012244056,0.43082088232040405,646836000
2008-04-17,0.4109263549436108,0.42647614598364375,0.41069767072213587,0.4248754382133484,596968000
2008-04-18,0.4379098185035474,0.4417972867675647,0.42899156989082426,0.434937059879303,573540000
2008-04-21,0.43150698260799414,0.457347101936362,0.43150698260799414,0.4543743431568146,679892000
2008-04-22,0.44614200155204525,0.45094415147024913,0.4363090447852507,0.4459133446216583,587668000
2008-04-23,0.45208758003448796,0.4724395216763025,0.4461420628672141,0.467408686876297,1020496000
2008-04-24,0.47015287435718667,0.47243960795296946,0.4493435877315572,0.45620378851890564,655764000
2008-04-25,0.46054860097890143,0.4619206521283578,0.4461421729496754,0.46077731251716614,552208000
2008-04-28,0.4587190988642471,0.4655792980437104,0.450715505894865,0.4525448977947235,535700000
2008-04-29,0.4475141053960355,0.4676373897036185,0.4475141053960355,0.46192052960395813,573408000
2008-04-30,0.4674086774856331,0.47495490227402104,0.4642072620045033,0.46992412209510803,1068320000
2008-05-01,0.47564100802401316,0.4927915366733464,0.4733542745054372,0.49164819717407227,1014624000
2008-05-02,0.5051397312738282,0.5149726867675781,0.49759350834792687,0.5149726867675781,1131016000
2008-05-05,0.511542877467401,0.5138296114514825,0.5010238902366178,0.502167284488678,943392000
2008-05-06,0.5007949678704601,0.5163447289158558,0.4930200328277523,0.5152013897895813,729036000
2008-05-07,0.5165737716892417,0.5234339744070746,0.49896586897876327,0.5033106803894043,715632000
2008-05-08,0.5071977740255373,0.5087984814392148,0.480443007294059,0.5019382834434509,1360000000
2008-05-09,0.5033103575642718,0.5357819847426103,0.5023956753592502,0.5152013897895813,2030352000
2008-05-12,0.5218331047703287,0.5218331047703287,0.49553564187822113,0.5005664229393005,1006652000
2008-05-13,0.5030816627043505,0.5030816627043505,0.48661716617555295,0.49027594923973083,854108000
2008-05-14,0.4964503484751551,0.517716976818007,0.4902761730878795,0.5046826004981995,751148000
2008-05-15,0.5035391757550378,0.5460724843708717,0.5012524422501022,0.5437857508659363,1165464000
2008-05-16,0.5529326417999798,0.5593355278268891,0.5403555812428522,0.5581921339035034,1091556000
2008-05-19,0.5584206278026865,0.5787725648233082,0.5426421560999568,0.5465296506881714,1158532000
2008-05-20,0.5316660643699849,0.5378402394571659,0.526177914794716,0.532352089881897,771404000
2008-05-21,0.5337240093801362,0.5543046061057401,0.5268637559515871,0.5280071496963501,1066660000
2008-05-22,0.5355532408147612,0.5451575387071868,0.527092336382863,0.5408127307891846,693108000
2008-05-23,0.5398981605080958,0.5442429693256053,0.5206895607464807,0.5284644961357117,802672000
2008-05-27,0.5293792923207313,0.5348674414966972,0.5193176218914326,0.5341814160346985,832856000
2008-05-28,0.5488162857161283,0.5501882814514207,0.5330378168202897,0.5392119884490967,751736000
2008-05-29,0.5394408954162239,0.5403555778371536,0.528007228854545,0.5378401875495911,693460000
2008-05-30,0.5531614254840355,0.5666531715582828,0.5515607172406549,0.5648238062858582,830244000
2008-06-02,0.5648235078172672,0.5714550488355764,0.5586493351353957,0.5671102404594421,734660000
2008-06-03,0.5689392825808286,0.5698540187356984,0.5412698496354241,0.5479013323783875,840696000
2008-06-04,0.5357820823697953,0.555447998701215,0.5328093237717887,0.5543046593666077,831724000
2008-06-05,0.5735128867899822,0.5796871120189567,0.5618505703974533,0.5682533979415894,827860000
2008-06-06,0.5613934902796549,0.5620795156571224,0.546987066392872,0.5501884818077087,784876000
2008-06-09,0.5469869137474019,0.5545331362736328,0.5307511297315731,0.5417274236679077,637916000
2008-06-10,0.5270925970787955,0.5277786225904146,0.5062832837730813,0.5097134113311768,1225208000
2008-06-11,0.509713284082703,0.5220616311690612,0.48524519233008584,0.4859312176704407,999428000
2008-06-12,0.4969076226253034,0.5065118693945204,0.48478787664125383,0.48890402913093567,825992000
2008-06-13,0.4895898701276884,0.49530667373881987,0.4728967185319848,0.48730313777923584,705748000
2008-06-16,0.48204372454429,0.4866171899681251,0.47678423385487884,0.4806716740131378,630496000
2008-06-17,0.48753198179495694,0.48776063876157116,0.4678660651455947,0.4690094590187073,687912000
2008-06-18,0.46420728478491535,0.4802144174961135,0.44774278361681735,0.4552890360355377,1065272000
2008-06-19,0.45780439138884743,0.4642072217965165,0.4431692569941517,0.4541455805301666,784928000
2008-06-20,0.44408396724849786,0.45688968260474666,0.443855283050705,0.45185884833335876,741008000
2008-06-23,0.4552889586813862,0.45574629980057263,0.43859577612103046,0.44248321652412415,776616000
2008-06-24,0.43996780693608484,0.4676373114115682,0.43996780693608484,0.45711830258369446,1078928000
2008-06-25,0.46420723358935234,0.4676373603377532,0.4523162274815903,0.4596337676048279,900976000
2008-06-26,0.44591335053015296,0.449343449871461,0.43608036637306213,0.43608036637306213,845532000
2008-06-27,0.4379097458552883,0.4433979210034195,0.42784813230705604,0.44088250398635864,584140000
2008-06-30,0.43585171192486927,0.4397391524151833,0.4251040454528157,0.4280768036842346,653940000
2008-07-01,0.4230459617457427,0.4292201346325707,0.415271054148252,0.4287627935409546,881464000
2008-07-02,0.4267047097656926,0.4294487833488154,0.411612236908512,0.4122982621192932,763196000
2008-07-03,0.29681830980759893,0.3002484103286556,0.28355524900750995,0.2856132984161377,2987520000
2008-07-07,0.2899581970959955,0.29178759004985366,0.2689202190166632,0.2766951322555542,2202692000
2008-07-08,0.2785243677911919,0.28538456704584964,0.26983474935661506,0.27509424090385437,1805288000
2008-07-09,0.2757802514960471,0.27989637628016767,0.27029210329055786,0.27029210329055786,1413168000
2008-07-10,0.2716640423474844,0.27486548385649456,0.264575161461818,0.26960599422454834,1056992000
2008-07-11,0.2641179036207873,0.2734935197105128,0.25885841233289264,0.26686200499534607,807760000
2008-07-14,0.2689199667928347,0.2709780148981377,0.25291281390492854,0.25474220514297485,882316000
2008-07-15,0.2524555099265199,0.26274583374184163,0.24468063009983523,0.25748634338378906,1122484000
2008-07-16,0.25840116061047586,0.26571870320152596,0.2513122750397611,0.25885850191116333,1034392000
2008-07-17,0.2629744902670115,0.2629744902670115,0.24971143594043238,0.2597730755805969,862080000
2008-07-18,0.25794379968106484,0.2659473672441079,0.25062623038684234,0.2643466591835022,899720000
2008-07-21,0.268462789616005,0.27235023133149566,0.26366063809333024,0.2659473717212677,571636000
2008-07-22,0.2634318971104548,0.26457526367826023,0.25519967417826117,0.26023048162460327,555924000
2008-07-23,0.2620598253296375,0.27074941509686756,0.2609164589723705,0.2680053412914276,594876000
2008-07-24,0.2652613552114015,0.2677767731917733,0.25154095297668133,0.25222697854042053,705628000
2008-07-25,0.2547423562998388,0.26526134171527266,0.2494828635921219,0.2643466591835022,1039600000
2008-07-28,0.2609164761315882,0.2723501404561952,0.2597731096991275,0.2636605501174927,734808000
2008-07-29,0.2641179844883504,0.2730362621662474,0.26114522526238476,0.2664047181606293,764636000
2008-07-30,0.27166411549041397,0.27212148387198504,0.25657166765872497,0.26251718401908875,588492000
2008-07-31,0.261831088405106,0.26731926217033036,0.25885833102310923,0.2616024315357208,487236000
2008-08-01,0.25474229713452157,0.2556570067138603,0.24468068258185363,0.24788209795951843,881060000
2008-08-04,0.24788205035708924,0.2492541008326093,0.2412505094054132,0.24193653464317322,522052000
2008-08-05,0.24650992947417624,0.2558855414390564,0.24376585656689279,0.2558855414390564,685844000
2008-08-06,0.2565716278434225,0.26503255994941866,0.24833937989272425,0.26274582743644714,814864000
2008-08-07,0.2604591610134125,0.27212151069281876,0.2556570106136549,0.25862976908683777,819232000
2008-08-08,0.26068786303319885,0.2629745965217346,0.2506262193276334,0.2515409290790558,853764000
2008-08-11,0.25337025420291487,0.2629745268585454,0.2524555446938033,0.2568003535270691,1196436000
2008-08-12,0.258858475440866,0.25954450095175413,0.2494828570654271,0.2531416416168213,1410868000
2008-08-13,0.2732648108413573,0.28446978937152,0.26663327012636123,0.2803536653518677,2095260000
2008-08-14,0.27829565509868553,0.30848055053814705,0.27829565509868553,0.2972755432128906,1635304000
2008-08-15,0.30253511462740285,0.30596524207534415,0.2943028632723699,0.29636093974113464,777652000
2008-08-18,0.29841888669032857,0.30505042780389285,0.29521747184930014,0.3023063540458679,893968000
2008-08-19,0.29613218185095025,0.30870924000578187,0.29613218185095025,0.30687984824180603,1014140000
2008-08-20,0.311453299048583,0.32288696294874925,0.3091665662685497,0.3219722807407379,1143692000
2008-08-21,0.31625540206332226,0.31877081865370327,0.305050396740717,0.311453253030777,1021560000
2008-08-22,0.3137399364034166,0.3173987186426392,0.3045930080653567,0.3112245202064514,459264000
2008-08-25,0.3093952463272764,0.3167127856738617,0.30573646302398144,0.30665114521980286,471600000
2008-08-26,0.30825184546931544,0.3084805023626893,0.29613213054044646,0.2993335723876953,613112000
2008-08-27,0.2924733746185142,0.3052790874748994,0.2897292738207162,0.3016203045845032,454620000
2008-08-28,0.30207770570110387,0.30527914818183055,0.29750423980864316,0.300476998090744,365192000
2008-08-29,0.29636090773431417,0.29727559011497123,0.2881286572683599,0.2890433669090271,516004000
2008-09-02,0.2938454853464765,0.29636090274091625,0.2778383531346114,0.28172579407691956,693928000
2008-09-03,0.27783830910184637,0.27898167550720354,0.26411788497755495,0.2666333019733429,714856000
2008-09-04,0.2636605557846735,0.26640462982955976,0.26137382287060057,0.2629745304584503,716128000
2008-09-05,0.26068780416259607,0.26754800307897847,0.26045914722138774,0.26686200499534607,791100000
2008-09-08,0.26937727639485937,0.26937727639485937,0.2515407616075238,0.2558855414390564,1314840000
2008-09-09,0.25497086427571825,0.27052064738478593,0.24628127719182785,0.24719595909118652,1098296000
2008-09-10,0.2501689160781405,0.25519975232502456,0.24582413269403253,0.24742484092712402,644284000
2008-09-11,0.2332469813214785,0.24056454864294066,0.2277588194603855,0.2355337142944336,1066976000
2008-09-12,0.23347563505970106,0.23507634247991355,0.21975522538215742,0.23301829397678375,1209200000
2008-09-15,0.2247860522533685,0.2282161652071456,0.20992227488701154,0.2126663625240326,863984000
2008-09-16,0.20512014808776485,0.22089862206605473,0.20123269382890968,0.21929790079593658,1240840000
2008-09-17,0.2142670807456959,0.23370432484373538,0.2122090183230796,0.22867351770401,1392580000
2008-09-18,0.23141762542628583,0.26114518595088776,0.23096028421267906,0.24902549386024475,1611060000
2008-09-19,0.26091647148132324,0.2629745201190699,0.24925412317407752,0.26091647148132324,1107344000
2008-09-22,0.2588584136850934,0.26640463798453473,0.2540562635145378,0.2554283142089844,700072000
2008-09-23,0.25337033851759067,0.26274595736089595,0.2471961358715034,0.2481108456850052,821468000
2008-09-24,0.24490926904474009,0.26228844619021174,0.2435372459606242,0.2572576403617859,866036000
2008-09-25,0.25725767450104886,0.26846268110495314,0.25291286600810486,0.26228848099708557,588328000
2008-09-26,0.255885602032249,0.26914868328811314,0.25108348012236903,0.26731929183006287,646852000
2008-09-29,0.2602304816530039,0.2634318971392048,0.22867353166611862,0.23096026480197906,975240000
2008-09-30,0.23461903278996732,0.24719606418307138,0.23210361560734355,0.24490933120250702,659044000
2008-10-01,0.24125047440469088,0.24559528210682235,0.233704252404146,0.23804906010627747,557208000
2008-10-02,0.23964987347820862,0.23964987347820862,0.21220904660604664,0.21335242688655853,787728000
2008-10-03,0.2167825133375255,0.22295670104375326,0.20512016332465244,0.20649220049381256,915828000
2008-10-06,0.19665919417424105,0.19711653524166892,0.16716031368510476,0.17950868606567383,1677440000
2008-10-07,0.18591155634889636,0.18636889744967983,0.1641875678316319,0.16555960476398468,1059984000
2008-10-08,0.1596141449242634,0.1788227216263227,0.15801342338408875,0.16898976266384125,1219456000
2008-10-09,0.17516398408500672,0.17767940237251292,0.1564127572300124,0.1582421362400055,909636000
2008-10-10,0.14452163482278374,0.1676176433926427,0.14360693911991795,0.1557266265153885,1200252000
2008-10-13,0.16898971815924674,0.1843108359116806,0.16693165593817325,0.18408216536045074,916536000
2008-10-14,0.19094237056095717,0.19208573698832795,0.17493522694776342,0.1799660474061966,1209012000
2008-10-15,0.1788227023918559,0.1797373983692829,0.16052882373332977,0.16052882373332977,854064000
2008-10-16,0.16533093551727832,0.176993283609244,0.15778471188483023,0.17607858777046204,1019820000
2008-10-17,0.17104776681821124,0.18499684652726292,0.1678463384648223,0.1749352067708969,839416000
2008-10-20,0.18088072181186235,0.18225275863590895,0.17402051043162667,0.1783653050661087,595764000
2008-10-21,0.17493522448807208,0.17676461619814418,0.16373023093138667,0.16464492678642273,659116000
2008-10-22,0.16235819044350328,0.16921840296844196,0.1541259544955819,0.1584707498550415,600996000
2008-10-23,0.15801338404235696,0.16190083798917415,0.14314960717864758,0.14955246448516846,832192000
2008-10-24,0.137204096801302,0.15892807084400704,0.13651807154679482,0.15115317702293396,798336000
2008-10-27,0.1502384974179234,0.16876104498574787,0.1454363473788558,0.15938544273376465,698936000
2008-10-28,0.16784635692084202,0.1836248162596514,0.164873598773674,0.1833961457014084,849920000
2008-10-29,0.18225279585517834,0.20123269925552978,0.18133809990901628,0.1893416792154312,977284000
2008-10-30,0.2000892994844785,0.20123266581970398,0.18522552349654592,0.19734521210193634,657176000
2008-10-31,0.19117104777379187,0.2042054327481405,0.1907136930415326,0.20031797885894775,608672000
2008-11-03,0.20466281607516476,0.20832160016808682,0.18979903636518083,0.19300046563148499,723924000
2008-11-04,0.19963197251287895,0.20534880459308624,0.1943724815470871,0.20534880459308624,619560000
2008-11-05,0.19780260728896776,0.2035194401348898,0.1946011781692505,0.1946011781692505,787620000
2008-11-06,0.18316747785785392,0.19002767648683574,0.17379186216090964,0.17424921691417694,797936000
2008-11-07,0.1984885901321498,0.20740686442837702,0.185225534410072,0.1994032859802246,1132068000
2008-11-10,0.20694947598189747,0.20809285582826192,0.18225274662643356,0.186597540974617,576396000
2008-11-11,0.18385347962229776,0.18522551644634436,0.17653592717738034,0.1783653050661087,576484000
2008-11-12,0.17287718920726158,0.17699331438243507,0.1657883190766894,0.16784638166427612,646092000
2008-11-13,0.160071442146086,0.181795430492556,0.15687001357576436,0.1815667599439621,797228000
2008-11-14,0.17424917130384834,0.17516385331095558,0.16327283728856687,0.1639588624238968,741024000
2008-11-17,0.16235820205817916,0.16670299772845396,0.1589281023653314,0.16052882373332977,388224000
2008-11-18,0.16373024513508025,0.1646449410694667,0.15000983337929136,0.1552693247795105,564488000
2008-11-19,0.15389730692481385,0.15778476206854844,0.14177761387376897,0.14246363937854767,500220000
2008-11-20,0.1413202054764481,0.14840908757460383,0.13331664122498352,0.13491734862327576,847036000
2008-11-21,0.13926216518890036,0.14589369297027588,0.13148725738866462,0.14589369297027588,599064000
2008-11-24,0.15481200230007813,0.1573274200520039,0.14635108017906928,0.15549802780151367,600308000
2008-11-25,0.16235822301556058,0.16281557787831225,0.15526935212797,0.1598428189754486,528256000
2008-11-26,0.15709870298675258,0.17447789847659959,0.1561840206825536,0.17402054369449615,600792000
2008-11-28,0.17127650329357053,0.17379190738610376,0.1685324149498925,0.17081914842128754,175248000
2008-12-01,0.1639588968604544,0.1655596043390908,0.15595531857726522,0.15618400275707245,547112000
2008-12-02,0.1591567829962304,0.1669316924800154,0.15709872032464087,0.1648736298084259,479988000
2008-12-03,0.1584707736989699,0.1735632244426797,0.1570987228095376,0.17333455383777618,584632000
2008-12-04,0.16990446038411525,0.17836538280851963,0.15801343758954875,0.16190089285373688,466292000
2008-12-05,0.156870034330052,0.16898973856902336,0.15412596012387275,0.1683037132024765,438484000
2008-12-08,0.17150516291740622,0.17493526290455297,0.15892811600119575,0.16281557083129883,707992000
2008-12-09,0.16075748638490217,0.1849968808852007,0.1589280945203503,0.17859402298927307,829760000
2008-12-10,0.182024101643904,0.20008930675268327,0.17905134361233227,0.19551584124565125,961124000
2008-12-11,0.1943724728004457,0.20123267098798978,0.1849968577068004,0.18728359043598175,582700000
2008-12-12,0.1817954308372372,0.19780257371919485,0.1781366475327884,0.19665920734405518,679268000
2008-12-15,0.1978025809986283,0.1989459474158456,0.18408217036201818,0.19025635719299316,476996000
2008-12-16,0.19208572159024484,0.2035193985774027,0.190256343631101,0.2030620574951172,521940000
2008-12-17,0.1994032837542779,0.21609645212779036,0.1966592098706884,0.21312369406223297,674180000
2008-12-18,0.21175173978308237,0.21243776533678843,0.19094243883074652,0.19345785677433014,550808000
2008-12-19,0.19597314303051455,0.20351936505528354,0.19414375174269188,0.1948297768831253,593120000
2008-12-22,0.1978025816907596,0.19825992280724566,0.17630727661585718,0.1833961457014084,522464000
2008-12-23,0.18453955567376645,0.18842701060134473,0.17813669675187638,0.18088078498840332,377452000
2008-12-24,0.17722194583417403,0.18156675427173613,0.17287715102661383,0.1765359342098236,146616000
2008-12-26,0.1765359617677853,0.17882269479925855,0.16693167485759527,0.1717338114976883,226156000
2008-12-29,0.17402051062143659,0.17722193896770477,0.16281551822449858,0.17722193896770477,460168000
2008-12-30,0.17950870532126822,0.18614023329033338,0.17539258075288217,0.1833961457014084,409860000
2008-12-31,0.1811093832937821,0.1891129605657677,0.17790795511098798,0.18453948199748993,441580000
2009-01-02,0.18453945142221675,0.20054658968405725,0.18385343997313683,0.19917455315589905,497124000
2009-01-05,0.19688786850422793,0.2074068495579034,0.19551583164548816,0.2028333842754364,705736000
2009-01-06,0.20877894443382788,0.21563915789390176,0.20420547788044893,0.20969364047050476,657904000
2009-01-07,0.20489143072322613,0.20489143072322613,0.1900276424309156,0.19711652398109436,870096000
2009-01-08,0.1946012204579175,0.1946012204579175,0.18019477947353296,0.19208580255508423,1014496000
2009-01-09,0.19208566053607762,0.19208566053607762,0.18088067128155505,0.18133801221847534,761352000
2009-01-12,0.18133809753811533,0.1822527934723182,0.17150514009794116,0.17402054369449615,645532000
2009-01-13,0.16807500899792122,0.18156674764077507,0.16487358064453228,0.1749352067708969,1824424000
2009-01-14,0.16876100965852872,0.170819071583023,0.16464489943954064,0.167160302400589,974908000
2009-01-15,0.16807503029997703,0.17584992482075038,0.16464493097875377,0.173105850815773,998204000
2009-01-16,0.17790804892667705,0.18431090866866506,0.17219121473919055,0.182710200548172,831324000
2009-01-20,0.1822528135862881,0.18293883902015307,0.16350157894069595,0.1648736298084259,705788000
2009-01-21,0.16807504096759177,0.17402054410906873,0.16190085361951634,0.17287717759609222,648472000
2009-01-22,0.16738899004155128,0.17424920170161584,0.1635015363131813,0.16967572271823883,547656000
2009-01-23,0.164873625965725,0.18156679755066077,0.1646449553697681,0.1763073056936264,633616000
2009-01-26,0.1772219446728961,0.1875122552707422,0.1742492003935199,0.18225276470184326,581748000
2009-01-27,0.18522556987903355,0.19437251648133338,0.18453954445410933,0.19300046563148499,725300000
2009-01-28,0.19986063216433847,0.20420542703421515,0.1934577751318884,0.2010039985179901,723752000
2009-01-29,0.1943725001043205,0.19665923315472358,0.18842698326926915,0.1893416792154312,413128000
2009-01-30,0.18796966606812412,0.19300047396819112,0.17950874452527676,0.18179547786712646,506760000
2009-02-02,0.17905140783052517,0.19368651905802794,0.17813671167505535,0.19162845611572266,577992000
2009-02-03,0.1920857517328284,0.19551586490823913,0.18682626031120317,0.19391514360904694,396948000
2009-02-04,0.19437247926081724,0.20923625612452662,0.19437247926081724,0.1994032859802246,779232000
2009-02-05,0.19414380374108645,0.21632513474936163,0.1920857413985659,0.2140384018421173,919192000
2009-02-06,0.21472444169852434,0.2270728029593632,0.21106565789530973,0.2257007658481598,1157880000
2009-02-09,0.22478607653488764,0.22798750564223083,0.21655383999457992,0.22272801399230957,716128000
2009-02-10,0.2224993093628359,0.2254720674283933,0.20900756960684622,0.21312369406223297,1129664000
2009-02-11,0.19620186958715752,0.20329075263020277,0.1797373841829923,0.1863689124584198,1983400000
2009-02-12,0.1822527786424694,0.19139972361021043,0.17973737525059197,0.19025635719299316,1024020000
2009-02-13,0.18591160196855025,0.1923144607306894,0.18453955106951633,0.19002771377563477,764304000
2009-02-17,0.1829388542974934,0.18728365060479565,0.17836537373980163,0.17905139923095703,779576000
2009-02-18,0.17905140053243443,0.18979905606862046,0.17882272991038936,0.18385355174541473,646252000
2009-02-19,0.18751225667840443,0.18911297773008687,0.16967572271823883,0.16967572271823883,743988000
2009-02-20,0.16738901520903013,0.17676463149710483,0.16578830754667803,0.17402054369449615,770056000
2009-02-23,0.17699332103306448,0.17790801706525158,0.1648736292740973,0.16601699590682983,679548000
2009-02-24,0.16693170045357184,0.18110945560061237,0.1667030162113567,0.18088078498840332,659524000
2009-02-25,0.18042338230455462,0.18842696065020775,0.17424920926162513,0.18293879926204681,702360000
2009-02-26,0.1893416577098837,0.1952871602396369,0.18659757018307274,0.18888430297374725,1117556000
2009-02-27,0.18408218774750246,0.1936864747371979,0.18271015064326143,0.1893416792154312,755444000
2009-03-02,0.18476823401301312,0.18865567518638948,0.17264852839306005,0.17333455383777618,700064000
2009-03-03,0.17653590693447707,0.18705488651598734,0.1708190625014825,0.1801946759223938,1041372000
2009-03-04,0.18499693400865616,0.19894602031395503,0.18339621226001132,0.19345785677433014,1108668000
2009-03-05,0.19071369465828789,0.19848858887258172,0.1879696207614795,0.18888430297374725,955252000
2009-03-06,0.18888434085697745,0.19871731291101286,0.18636893700873877,0.19185709953308105,974756000
2009-03-09,0.19048502113096208,0.20489145656927105,0.1893416547534775,0.1897989958524704,682768000
2009-03-10,0.19665921913749668,0.21060830065471386,0.19482982737556562,0.20694951713085175,1254800000
2009-03-11,0.20694951668773953,0.2709780919181993,0.20351941736396556,0.2126663625240326,864916000
2009-03-12,0.21198036290172612,0.22753016746965365,0.20923628856209492,0.2252434343099594,1604604000
2009-03-13,0.22204199087309456,0.22730148225397126,0.2183832071490044,0.2241000533103943,1195156000
2009-03-16,0.2263867783141636,0.2266154488813287,0.21358106299287793,0.21541044116020203,699344000
2009-03-17,0.21609644235378378,0.22661542356844427,0.21335236859430826,0.22615808248519897,1005384000
2009-03-18,0.22272809908706245,0.23987863137102303,0.2224994284127452,0.2332470864057541,1359560000
2009-03-19,0.2348476851354879,0.2348476851354879,0.22890219585839242,0.2305029034614563,822648000
2009-03-20,0.23393298986800024,0.2341616740528782,0.2119803303699174,0.21792584657669067,1093672000
2009-03-23,0.22478608131724262,0.23416171188179247,0.21975527377724693,0.2337043434381485,816048000
2009-03-24,0.22798750248293376,0.23004557862699698,0.22249934032211163,0.22364270687103271,1114868000
2009-03-25,0.2305029223860594,0.2378204629294222,0.21861188833558465,0.2273014932870865,1243852000
2009-03-26,0.23096023598942722,0.24193655912425044,0.2284448325797811,0.24147921800613403,1333664000
2009-03-27,0.2389637420719813,0.2449092569221931,0.23553364364147428,0.2391924262046814,731892000
2009-03-30,0.23004555071134283,0.23301830882980007,0.22066992161389937,0.2238713502883911,780052000
2009-03-31,0.22730142442041718,0.23096019358358263,0.22387131214432404,0.22547203302383423,805272000
2009-04-01,0.22272803272509692,0.23324701690965022,0.21426711125621734,0.23118896782398224,887920000
2009-04-02,0.23987848618989627,0.24628134297565127,0.23644838726109926,0.24193653464317322,1002860000
2009-04-03,0.24216533998594428,0.25954452749220297,0.23804921375972338,0.25885850191116333,1003208000
2009-04-06,0.25451371285739716,0.26183125528148377,0.25108361229048004,0.2595445215702057,887288000
2009-04-07,0.2545137959943276,0.25725787189221044,0.2490256169385369,0.2506263256072998,607804000
2009-04-08,0.25337024770957634,0.26160249678057396,0.2513121718118242,0.26091647148132324,731652000
2009-04-09,0.26754797662861884,0.2762375665156334,0.2654899280611701,0.27532288432121277,904412000
2009-04-13,0.27189289533010796,0.2721215796013421,0.2604592269687136,0.2664047181606293,767628000
2009-04-14,0.26274585059599853,0.27440819834412367,0.26160248423873156,0.2680053412914276,711960000
2009-04-15,0.25862964458904253,0.26160240163121506,0.2494826893592827,0.2604590356349945,1045368000
2009-04-16,0.2652613158720233,0.27029215108667265,0.25519969996274855,0.26709070801734924,1038772000
2009-04-17,0.26709070167292465,0.2714355113223695,0.26068784294638214,0.26892009377479553,695764000
2009-04-20,0.2586296911222449,0.26091642352611966,0.2513121256218451,0.25268417596817017,590660000
2009-04-21,0.24925399438304202,0.26251704336210535,0.24559521285088956,0.25199806690216064,932184000
2009-04-22,0.24971156115970677,0.2700635075460912,0.24559543502740303,0.2595445215702057,916404000
2009-04-23,0.2620598562187996,0.2643465892028723,0.24742474876472997,0.2554283142089844,753952000
2009-04-24,0.25794368920331867,0.26320317965838635,0.2517694893482375,0.2613737881183624,759508000
2009-04-27,0.2579435800769105,0.265261115881224,0.2503973602043407,0.25199806690216064,787024000
2009-04-28,0.24879673633358312,0.2579436659490823,0.24650997666970778,0.25268417596817017,634392000
2009-04-29,0.2538275825744092,0.25497094895834777,0.24582401788683908,0.24879677593708038,859668000
2009-04-30,0.2535989094785431,0.2698347237441477,0.2515408608014973,0.26251718401908875,1110276000
2009-05-01,0.26183117064865985,0.27303617856808876,0.26160251370745147,0.26686200499534607,840548000
2009-05-04,0.27143546096444376,0.28332646653051485,0.2677766774394959,0.2812684178352356,927704000
2009-05-05,0.2750941877780861,0.27692357934470724,0.2641178656383625,0.2698346972465515,837076000
2009-05-06,0.2728075680124305,0.2753229858648213,0.2590871664757853,0.2643466591835022,935088000
2009-05-07,0.27029209486906,0.27029209486906,0.24193656340414652,0.2453666627407074,1289196000
2009-05-08,0.24010715421858247,0.24010715421858247,0.20832155298328642,0.21152298152446747,2930564000
2009-05-11,0.20809284749846582,0.22089855951314066,0.2062634561735123,0.21563906967639923,1038596000
2009-05-12,0.22044125218883573,0.22044125218883573,0.20123268004333586,0.20534880459308624,1201384000
2009-05-13,0.20397683926664312,0.20512020608429185,0.19048509446237907,0.19208580255508423,1305608000
2009-05-14,0.19185701944791336,0.1989459004657265,0.19048498279704618,0.1948297768831253,1017864000
2009-05-15,0.196201834550856,0.20672081513761525,0.1939151020111259,0.199860617518425,780308000
2009-05-18,0.20489143025744375,0.21335234854229354,0.20443407558718124,0.21198029816150665,938320000
2009-05-19,0.21335240153722818,0.2186118793266522,0.20992228836325044,0.21609647572040558,859768000
2009-05-20,0.21998393708591008,0.2343903610834877,0.21906924111892023,0.22249934077262878,1309436000
2009-05-21,0.21975526433260403,0.2241000599104178,0.2149531139608074,0.22112730145454407,965600000
2009-05-22,0.22112728547659044,0.2277588136551326,0.21701116077818405,0.22455738484859467,718260000
2009-05-26,0.22249929978869754,0.23850644218752448,0.2202125671074368,0.23667705059051514,865540000
2009-05-27,0.23553368956884682,0.24422327940587182,0.23324695683594576,0.2371343970298767,814152000
2009-05-28,0.24079317809695158,0.24239388554329303,0.23004553980293996,0.2403358370065689,995288000
2009-05-29,0.24056457218568286,0.24102191337302992,0.23027424554031947,0.2385064959526062,834232000
2009-06-01,0.24125049742373258,0.25154082095905883,0.24033581532548223,0.2501687705516815,1022764000
2009-06-02,0.2501688950603574,0.25565707216132216,0.2435373783975422,0.2481108456850052,907984000
2009-06-03,0.24490930243040399,0.24582401187117353,0.2343903210515816,0.2403358370065689,735688000
2009-06-04,0.2410219272120858,0.24948283507385152,0.24079324297527666,0.24902549386024475,673180000
2009-06-05,0.25359894185935555,0.25359894185935555,0.24468069344008825,0.24765342473983765,559992000
2009-06-08,0.24582401452411223,0.24971145472432454,0.24010715542261768,0.24628135561943054,473948000
2009-06-09,0.24971143594043238,0.2625171492060955,0.2478820444367659,0.2597730755805969,725032000
2009-06-10,0.26114511588782136,0.2696060487396006,0.2554282841014863,0.2680053412914276,833320000
2009-06-11,0.26869133750458524,0.2789816619113167,0.2629745057564033,0.26457521319389343,835156000
2009-06-12,0.26068763908602555,0.26411773637215863,0.25474212621939885,0.26320305466651917,595000000
2009-06-15,0.25840116061047586,0.26183126125565714,0.2542850343842549,0.25885850191116333,445164000
2009-06-16,0.25885848747408946,0.26205993092038427,0.24811084483727636,0.2517696022987366,594912000
2009-06-17,0.2556569572076265,0.2604591066042284,0.2458240015088721,0.25794368982315063,799016000
2009-06-18,0.2570290338073832,0.26183118420142,0.250168834535907,0.2529129087924957,566376000
2009-06-19,0.2554283032360789,0.2620598449610108,0.25222688809990923,0.25565698742866516,747564000
2009-06-22,0.2565717090850137,0.2565717090850137,0.24033589219796012,0.24125057458877563,574864000
2009-06-23,0.24353727515724063,0.24399461624010788,0.23073153401693156,0.24010714888572693,589764000
2009-06-24,0.24308000986078365,0.2538276797943339,0.24308000986078365,0.2481108456850052,515096000
2009-06-25,0.24582395511363214,0.2616024235388234,0.24330853880729797,0.26114505529403687,870444000
2009-06-26,0.2600017477953479,0.26548992262960497,0.2577150150960752,0.26457521319389343,513956000
2009-06-29,0.26526123845567606,0.26937736276636787,0.26183113940676694,0.26457521319389343,510056000
2009-06-30,0.2636606597663097,0.26731944477576886,0.25337035759472537,0.25817248225212097,589844000
2009-07-01,0.25977315721051997,0.26274591593062374,0.2549710064118899,0.2593157887458801,696420000
2009-07-02,0.25085478490566526,0.25405619937107915,0.24582397906287184,0.24925407767295837,552312000
2009-07-06,0.24902548395074922,0.24925416817845833,0.23713444931008495,0.24125057458877563,752456000
2009-07-07,0.2421652068687279,0.24353725727659667,0.23004551913255966,0.2307315170764923,1072996000
2009-07-08,0.232103650248721,0.23278967569728085,0.22204202090654285,0.23118896782398224,1205860000
2009-07-09,0.235076426810657,0.24010723504749476,0.23439040131017605,0.23621979355812073,714564000
2009-07-10,0.23621971484071805,0.23873513175091102,0.23118890828033656,0.2371343970298767,520008000
2009-07-13,0.2419365691160524,0.2419365691160524,0.22753014611037267,0.23987852036952972,556012000
2009-07-14,0.24170791593371985,0.24582404075073722,0.23896381454903667,0.24490933120250702,452568000
2009-07-15,0.253827571632649,0.2600017443877659,0.25154083896334617,0.2549709379673004,1022808000
2009-07-16,0.25771503248086863,0.26914872400852385,0.2563430091247542,0.2682340145111084,952076000
2009-07-17,0.26823396748306105,0.27692355625497594,0.2654898939919303,0.27600887417793274,850356000
2009-07-20,0.2782956359287917,0.2824117602288233,0.2746368527154293,0.2794390022754669,782756000
2009-07-21,0.2787530086296992,0.2798963751060472,0.2673193438662197,0.27372220158576965,941296000
2009-07-22,0.268233966993974,0.28309775516883245,0.2664045755832221,0.28058233857154846,600908000
2009-07-23,0.2810397290677259,0.2981902527092413,0.2780669709095964,0.2972755432128906,1046120000
2009-07-24,0.2881286883861017,0.29727562222057696,0.286299296167204,0.29636093974113464,650592000
2009-07-27,0.293616794762299,0.3020777010819725,0.2908726934607776,0.2977329194545746,677484000
2009-07-28,0.29567490784460126,0.3013917413672709,0.29315949019062165,0.29819032549858093,563180000
2009-07-29,0.29476017944416677,0.2965895713382977,0.289272003761774,0.2922447621822357,373972000
2009-07-30,0.2972754783423132,0.30116294514848185,0.2920159884810261,0.2945314049720764,468444000
2009-07-31,0.29453155333023634,0.2997910458407765,0.2876713528191005,0.2956749200820923,541560000
2009-08-03,0.3027637408621029,0.3071085499569402,0.2970469083110074,0.303678423166275,471900000
2009-08-04,0.29841885690115,0.3109959126182872,0.2979615158637998,0.3057364225387573,695380000
2009-08-05,0.30390708476309425,0.30870923465276073,0.3002483012985859,0.30642250180244446,610768000
2009-08-06,0.30756599790027606,0.3130541481508878,0.29819037835712897,0.300019770860672,957588000
2009-08-07,0.31625538534140885,0.32540231462642444,0.3091665042415219,0.31351131200790405,1401872000
2009-08-10,0.31579804226461944,0.32037150687722804,0.30139159602290294,0.3032209873199463,693312000
2009-08-11,0.3011630718171934,0.30573653844451415,0.2945315288515715,0.29613223671913147,481884000
2009-08-12,0.29636094173270966,0.31031002682802894,0.2961322574813058,0.307108610868454,634940000
2009-08-13,0.30939525187699024,0.31739881664400627,0.3039070768236048,0.31625545024871826,564028000
2009-08-14,0.31579812286868597,0.31625546399467835,0.3027637235878619,0.30687984824180603,427148000
2009-08-17,0.2975041871472186,0.29841886925979944,0.290872646421,0.29407408833503723,465032000
2009-08-18,0.29407412078361167,0.3082518859130253,0.29384543660023205,0.30482175946235657,636200000
2009-08-19,0.3002483244561235,0.30322108284281857,0.29727556606942845,0.30139169096946716,552996000
2009-08-20,0.300019585410795,0.314654689132785,0.2993335602385141,0.31328263878822327,819840000
2009-08-21,0.31579810855395096,0.3189995235507878,0.3093952513002722,0.3185421824455261,607324000
2009-08-24,0.31671280984665984,0.32014290923279615,0.3077945350867014,0.30962392687797546,461456000
2009-08-25,0.31122461187511347,0.3155694204714177,0.30596514833959454,0.3123680055141449,444088000
2009-08-26,0.3116819366950275,0.31671274260797694,0.31053857047572075,0.3160267174243927,434308000
2009-08-27,0.317398898761081,0.3217436812832504,0.3139687986877855,0.3203716576099396,551072000
2009-08-28,0.32906116204301683,0.3436962681369805,0.32860382094070656,0.3368360698223114,883992000
2009-08-31,0.3329486742158414,0.3345494093096756,0.3276891822532695,0.33203399181365967,431796000
2009-09-01,0.33180523744847135,0.3411808527591315,0.31899952296464357,0.320828914642334,736856000
2009-09-02,0.3212863134416405,0.32860388146645203,0.31945692143543764,0.3254024386405945,404656000
2009-09-03,0.32540241935907877,0.33363466926918994,0.32448773704018125,0.3331773281097412,534020000
2009-09-04,0.3318051713462434,0.3478123248920854,0.3318051713462434,0.3455255925655365,513048000
2009-09-08,0.34804110340758376,0.35512998700141907,0.34529702910868304,0.35512998700141907,549712000
2009-09-09,0.35444383666406337,0.36564884138629494,0.34941303101285714,0.3649628162384033,571684000
2009-09-10,0.3661063739795177,0.3770827275696458,0.36199024819822306,0.3766253590583801,607952000
2009-09-11,0.37571049852923527,0.37708254889287246,0.3704510084819605,0.373195081949234,712732000
2009-09-14,0.3677068704746152,0.37067962756738226,0.36381940421330655,0.367020845413208,490516000
2009-09-15,0.3704510565074362,0.37914064633032624,0.3670209574136642,0.3745671808719635,546136000
2009-09-16,0.3736524600417704,0.3743384852916274,0.3590173819248377,0.3645055294036865,707064000
2009-09-17,0.36359088171611637,0.36359088171611637,0.34232423325426536,0.3484984338283539,923096000
2009-09-18,0.3519285553318576,0.3544439452984086,0.3452970132163876,0.3480410873889923,604740000
2009-09-21,0.3439248689022616,0.3523858005835276,0.3409521385926281,0.34644028544425964,588776000
2009-09-22,0.34895569644479507,0.35101374466647467,0.34438223172106247,0.347126305103302,361388000
2009-09-23,0.3491845227501814,0.3521572817149976,0.3411809556002987,0.3416382968425751,478936000
2009-09-24,0.34735509898374634,0.34735509898374634,0.33592140630215644,0.3370647728443146,552876000
2009-09-25,0.3352354021852345,0.3368361372537802,0.32906122791802095,0.3315766453742981,377556000
2009-09-28,0.3327199740572474,0.3475837383534092,0.3327199740572474,0.33912283182144165,467708000
2009-09-29,0.34118081345432383,0.34529693743993906,0.3322625402754904,0.33294856548309326,470928000
2009-09-30,0.33980882837782317,0.34781242099212434,0.33226260416320164,0.3436962962150574,875956000
2009-10-01,0.3425528339619812,0.3425528339619812,0.3189994583640214,0.3192281424999237,999960000
2009-10-02,0.3160267416495856,0.3235729647274699,0.31419735010646166,0.31671276688575745,612476000
2009-10-05,0.32014283028607937,0.3212861964661725,0.3096238505252225,0.31511202454566956,754276000
2009-10-06,0.3189996066766165,0.3258598068232075,0.3167128732944195,0.3203716576099396,761272000
2009-10-07,0.3180849960919864,0.32151509694023706,0.3144262109498451,0.3178563117980957,459608000
2009-10-08,0.3196855375890248,0.32060021976736075,0.30848053097438716,0.31991422176361084,1241524000
2009-10-09,0.3180848238955182,0.3244876807980447,0.3176274828153385,0.324030339717865,618540000
2009-10-12,0.3185422654521795,0.32654583228986905,0.31831358120995495,0.3203716576099396,499008000
2009-10-13,0.32220089996665646,0.32585965532109723,0.31625538503319095,0.3192281424999237,602124000
2009-10-14,0.3315766007317051,0.3315766007317051,0.3171701506145023,0.3187708854675293,1101948000
2009-10-15,0.3183135313502522,0.3212862897334665,0.30733720738300346,0.30939528346061707,1092196000
2009-10-16,0.30550776888689635,0.30642247831290714,0.29681817926981435,0.3023063540458679,1018832000
2009-10-19,0.30482170709676004,0.31579805533325295,0.30230631781173084,0.31328263878822327,695588000
2009-10-20,0.3185421176626627,0.32082884998391664,0.310995895550525,0.31351131200790405,660180000
2009-10-21,0.3123680735365886,0.31717019701822624,0.3043644798805044,0.30596521496772766,503956000
2009-10-22,0.30436431302308586,0.30962380208059964,0.29910482396557203,0.3080230951309204,379328000
2009-10-23,0.31213933562412666,0.31213933562412666,0.2988762795682313,0.3007056713104248,429528000
2009-10-26,0.3029924884349367,0.307565955432292,0.2952175781834246,0.2968182861804962,481652000
2009-10-27,0.29544610095820023,0.29979088132699805,0.2837837555851134,0.2867564857006073,591836000
2009-10-28,0.28035368546171935,0.2867565424782349,0.2734934873568821,0.2748655378818512,773632000
2009-10-29,0.2792105431630577,0.2883575085694821,0.2766951515288137,0.28698545694351196,637100000
2009-10-30,0.2856131255849525,0.28675649173342715,0.2721214159369517,0.2734934389591217,604144000
2009-11-02,0.2730361165375407,0.2819543894587169,0.26823396748306105,0.27600887417793274,593136000
2009-11-03,0.26709066997729236,0.2760089451930776,0.2643465957801308,0.2746368944644928,876472000
2009-11-04,0.27669476561385153,0.2796675218172389,0.2728073005155823,0.2739506661891937,916840000
2009-11-05,0.27715223989888904,0.2833264120576758,0.2762375305635126,0.28058233857154846,955156000
2009-11-06,0.2981902408677136,0.30710851498794567,0.2945314575476177,0.3009343147277832,1641112000
2009-11-09,0.305050526083081,0.3121394105634993,0.30482184183790134,0.30779460072517395,818124000
2009-11-10,0.30893797716616894,0.30893797716616894,0.2963609430052425,0.300248384475708,781472000
2009-11-11,0.3052791347310391,0.31602677365277265,0.30482176635393937,0.3087092339992523,871512000
2009-11-12,0.31145338508797293,0.3167128773869918,0.30687991826448047,0.30779460072517395,505864000
2009-11-13,0.30756588341379426,0.31168200819960007,0.3061938327318566,0.31008127331733704,388524000
2009-11-16,0.3128252680078896,0.3180847574818234,0.31122453367147657,0.3144259750843048,402820000
2009-11-17,0.31465486281214483,0.31465486281214483,0.3080233188330316,0.31396883726119995,350124000
2009-11-18,0.3109959721984882,0.31213933864090887,0.3039070893514776,0.3091665804386139,455516000
2009-11-19,0.30253511992719034,0.30253511992719034,0.2913301366876753,0.2968182861804962,833840000
2009-11-20,0.2899580334790867,0.29636089157458684,0.2892720081009959,0.29498884081840515,426748000
2009-11-23,0.29933361913467527,0.304821767072756,0.2959035198583734,0.2972755432128906,390924000
2009-11-24,0.2959034089953024,0.29796145688601366,0.2906439199568233,0.2954460680484772,418504000
2009-11-25,0.2988763153553009,0.30299244045309437,0.29681823917639955,0.2988763153553009,441760000
2009-11-27,0.28812868512830336,0.29590359515570624,0.2865279771773716,0.2924734950065613,279932000
2009-11-30,0.2936167759013589,0.29887626671141443,0.2904153336752358,0.29864758253097534,509836000
2009-12-01,0.30024830718816725,0.3080232153877564,0.29864759961354803,0.30459311604499817,461936000
2009-12-02,0.3052790516515774,0.3144259805442095,0.30344966042105137,0.31373995542526245,602292000
2009-12-03,0.31739881664400627,0.3231156486204463,0.3157981091426041,0.31625545024871826,660036000
2009-12-04,0.3222008996043752,0.3274603893842195,0.31717006670017667,0.3260883390903473,824564000
2009-12-07,0.36244748023040224,0.376167876161646,0.34529695805634397,0.3679356276988983,2732184000
2009-12-08,0.36199018285458845,0.3635909178350386,0.3480411000192954,0.3500991761684418,1075512000
2009-12-09,0.3537579218809464,0.36153280269019394,0.35032779533568315,0.35878872871398926,671588000
2009-12-10,0.36130424491505453,0.36359097839945254,0.3512426012276954,0.3523859679698944,417012000
2009-12-11,0.3553586686848246,0.355816009854713,0.34689773437184807,0.3478124439716339,416744000
2009-12-14,0.3528431484519483,0.35947468889124,0.3489557087516744,0.3583313226699829,405488000
2009-12-15,0.355815930338363,0.36381949443283695,0.3549012482029957,0.3578740060329437,446152000
2009-12-16,0.37067978989054107,0.39080304603061555,0.36862171380507425,0.38668692111968994,1683400000
2009-12-17,0.3878303238366047,0.39972135852475943,0.3791407320491111,0.38485756516456604,1016132000
2009-12-18,0.3880589014649384,0.38943092467974466,0.3800553100418879,0.3846288025379181,812828000
2009-12-21,0.38691544586048227,0.39994981332298296,0.386458104894429,0.3983491063117981,427792000
2009-12-22,0.3983493574861871,0.41298446844786235,0.3978920162317628,0.40886834263801575,793044000
2009-12-23,0.41275566218378645,0.4157284203488448,0.4074961711625303,0.41458505392074585,442196000
2009-12-24,0.41572840965566216,0.416414434946877,0.4120696535358581,0.4136703610420227,136812000
2009-12-28,0.4129843541128167,0.41664313765530187,0.4029227130009857,0.4070388376712799,465760000
2009-12-29,0.40566682063702136,0.41321304477400045,0.4047521111070806,0.4120696783065796,475848000
2009-12-30,0.4159572012782664,0.4294489446236323,0.412984442421829,0.42693352699279785,704008000
2009-12-31,0.4278480764122603,0.4333362235834051,0.42670471014660494,0.4271620512008667,700340000
2010-01-04,0.42327472043780495,0.42579013793653114,0.41412778736608913,0.4228173792362213,800204000
2010-01-05,0.4212166764104877,0.43356505256017813,0.4212166764104877,0.4289915859699249,728648000
2010-01-06,0.42876278745350016,0.4326502275670506,0.42464666316738636,0.4317355453968048,649168000
2010-01-07,0.4294488064352365,0.43127819800899725,0.4200731916572146,0.42327460646629333,547792000
2010-01-08,0.4198445501133654,0.427162117151336,0.4173291602965685,0.42418935894966125,478168000
2010-01-11,0.4264760743865646,0.42830546607121545,0.41229830927552447,0.4182438254356384,556612000
2010-01-12,0.41206964795555495,0.41367035544004255,0.3953764660487399,0.4040660560131073,627432000
2010-01-13,0.40681019874178437,0.410926323594248,0.3910317246840083,0.40955427289009094,508868000
2010-01-14,0.40452347346939715,0.4074962046185148,0.396291223607204,0.40315142273902893,608524000
2010-01-15,0.40017863017724353,0.4036087294504192,0.3860008647067794,0.3912603557109833,818192000
2010-01-19,0.3882875452452318,0.4010932583772299,0.3871441789748749,0.39857786893844604,545328000
2010-01-20,0.3935471164887249,0.3985779509210784,0.3882876251112694,0.3969772160053253,719728000
2010-01-21,0.39674866629185884,0.4038375514461249,0.3862296806939186,0.3898884654045105,608632000
2010-01-22,0.38531487424684824,0.3924037576231773,0.3741098931784656,0.37639662623405457,1067916000
2010-01-25,0.38257085174928485,0.39011707730485284,0.37982677716362706,0.38279953598976135,643676000
2010-01-26,0.38097006392213284,0.3834854809996158,0.3704510817472118,0.3706797659397125,714636000
2010-01-27,0.3704511764009461,0.382113527998198,0.3663350507042682,0.3807414770126343,812504000
2010-01-28,0.3837140993758308,0.3850861498729566,0.36267613713992086,0.3679356276988983,687764000
2010-01-29,0.3720516923097118,0.37616781588148485,0.34644026886756807,0.3519284427165985,774700000
2010-02-01,0.35330051521448724,0.37959796747828434,0.3503277573707534,0.37891194224357605,949832000
2010-02-02,0.3775400437989102,0.3876016869596715,0.37639667711655184,0.38279953598976135,849812000
2010-02-03,0.3793694157620606,0.3876016663411299,0.3775400237155996,0.38600093126296997,562296000
2010-02-04,0.3825708479236077,0.3825708479236077,0.3594748302669211,0.36359095573425293,783480000
2010-02-05,0.36313349955782,0.3718230889579186,0.35673061551563884,0.37090837955474854,604856000
2010-02-08,0.36976504858273884,0.3791406641162039,0.3629048500733758,0.37022238969802856,445160000
2010-02-09,0.3761680650431465,0.37799745753788755,0.3635910291243254,0.3672497868537903,930144000
2010-02-10,0.3695363851364419,0.37776860684645697,0.36702096815671204,0.3743385076522827,535828000
2010-02-11,0.38028413772691483,0.39560527385780436,0.37754006300168547,0.3914891481399536,695980000
2010-02-12,0.3887449483740922,0.40475207759255216,0.3844001398016503,0.39674851298332214,780212000
2010-02-16,0.4020080074273382,0.4056667907575997,0.3972058577138706,0.4040660560131073,457024000
2010-02-17,0.40909689695290086,0.4093255538774772,0.39629118233644367,0.40795353055000305,876560000
2010-02-18,0.38554357574613113,0.3876016519444607,0.3706798102182366,0.38119879364967346,1515508000
2010-02-19,0.3795980161964019,0.38371414087291744,0.37731128329389396,0.3791406750679016,510548000
2010-02-22,0.3807412873480323,0.3864581454333778,0.3773111888528247,0.3798266053199768,458084000
2010-02-23,0.38097006392213284,0.38257077148961915,0.36679229822723763,0.3706797659397125,489764000
2010-02-24,0.3738812484197474,0.38211349919251375,0.3727378817713083,0.37845471501350403,445868000
2010-02-25,0.36976509527596524,0.37593929652206276,0.3603894785585653,0.37502458691596985,576972000
2010-02-26,0.3731951968343688,0.3759392984063928,0.3681643893856737,0.3704511225223541,393396000
2010-03-01,0.37067985820362664,0.3871443336215812,0.3677070992612151,0.38531494140625,555868000
2010-03-02,0.38874490203562234,0.3935470238727437,0.3823420456594592,0.3850861191749573,538648000
2010-03-03,0.38737280263003276,0.3894308506912323,0.3770825078040394,0.380283921957016,399300000
2010-03-04,0.38188474306790315,0.38485750124621676,0.37616791090191776,0.3809700608253479,557396000
2010-03-05,0.3782259156265326,0.3953764088954498,0.3782259156265326,0.3926323354244232,632832000
2010-03-08,0.3928612320007585,0.39400459883693,0.38531497817000765,0.3869157135486603,439312000
2010-03-09,0.3908030829359619,0.405209507854663,0.39057439870708943,0.40132206678390503,830832000
2010-03-10,0.40017876988885753,0.4065816295528389,0.3999500856201379,0.40223681926727295,418520000
2010-03-11,0.3990352879420039,0.4004073386384489,0.39148906363157104,0.39308977127075195,540660000
2010-03-12,0.397434658919472,0.39857802563934336,0.39240382354402764,0.39446189999580383,520352000
2010-03-15,0.3940044266863155,0.39789186677877353,0.38874493608592936,0.3924036920070648,358904000
2010-03-16,0.3921750347905026,0.4084108476616656,0.391946350619358,0.4061241149902344,664988000
2010-03-17,0.40841088623591665,0.41938720954749664,0.40841088623591665,0.4138990342617035,651168000
2010-03-18,0.41458511473885185,0.41458511473885185,0.39560522379612895,0.39926400780677795,740964000
2010-03-19,0.4052095417105922,0.40635290843046357,0.38943106462035953,0.39446189999580383,584612000
2010-03-22,0.38943099803834225,0.40246539822436134,0.38943099803834225,0.40086469054222107,435336000
2010-03-23,0.40383737632781735,0.4111549153158397,0.4010932753548061,0.4090968668460846,493612000
2010-03-24,0.40566673741637527,0.40681010364923986,0.39469038886887364,0.39537641406059265,436252000
2010-03-25,0.40109330538102966,0.4036087223745954,0.3956051575441658,0.39651983976364136,495184000
2010-03-26,0.3999499389766826,0.40406606348433316,0.39331842473547163,0.39651983976364136,344676000
2010-03-29,0.3990352929793624,0.4024653925037686,0.39354711738430787,0.4015507102012634,394456000
2010-03-30,0.4061241811481547,0.4081822299836989,0.396291223607204,0.40315142273902893,324104000
2010-03-31,0.40155066237599607,0.40338005402313104,0.3958338032561975,0.3978918790817261,389840000
2010-04-01,0.3997213377674466,0.40429480402231294,0.3896596956507352,0.3937758207321167,339664000
2010-04-05,0.39629113622725487,0.40040726025076945,0.39583376791130714,0.39972123503685,413636000
2010-04-06,0.39469058966964526,0.3956052994773008,0.38302823725714696,0.3898884654045105,809260000
2010-04-07,0.38737288557800126,0.3990352331153791,0.38417144347950355,0.3924036920070648,817468000
2010-04-08,0.38988839958420357,0.3928611582522014,0.3839428822482079,0.38600093126296997,1037600000
2010-04-09,0.38508614830365884,0.3898882977640259,0.3830280725663572,0.38851624727249146,817572000
2010-04-12,0.3889736348651283,0.3972058842787826,0.3882876095373227,0.3956051766872406,546460000
2010-04-13,0.39720590030833797,0.40520946584904494,0.3956051926521981,0.4038374423980713,648696000
2010-04-14,0.41252712719343804,0.41458517646835435,0.4024654832960337,0.40886834263801575,900720000
2010-04-15,0.4102401786958861,0.41435630234888826,0.4061240550428839,0.41184088587760925,957596000
2010-04-16,0.3951479142520453,0.3967486221623803,0.38142748674342647,0.3901170790195465,1917736000
2010-04-19,0.38714417798306056,0.389430910517916,0.37525317425381244,0.3882875442504883,1094492000
2010-04-20,0.3910316040471174,0.3951477276297186,0.3846287481697377,0.3896595537662506,678188000
2010-04-21,0.39171770801828293,0.39217504911727585,0.3750245261950025,0.3795979917049408,895908000
2010-04-22,0.37342388455599984,0.3823421602287423,0.36816439284028135,0.38119879364967346,656932000
2010-04-23,0.38005531717168767,0.3809700265920548,0.3693076791174001,0.3759392201900482,752916000
2010-04-26,0.37639657675198585,0.3841714572148791,0.3757105514734942,0.3795979917049408,491092000
2010-04-27,0.37685400630793814,0.38074144745186334,0.36770707314105,0.368850439786911,606704000
2010-04-28,0.3686217200590132,0.3747959211601555,0.3619901777955663,0.369536429643631,672164000
2010-04-29,0.3706798606518778,0.3811988455144977,0.3651916839696362,0.3807414770126343,987128000
2010-04-30,0.37616791490054885,0.3768539402197607,0.35901741822028443,0.35924607515335083,1068048000
2010-05-03,0.3610754928585676,0.36313356896406096,0.3498704845331258,0.35535866022109985,1078972000
2010-05-04,0.3498704776178358,0.35055650297277413,0.33226261163445303,0.33729344606399536,1311376000
2010-05-05,0.3304332787596285,0.3400375528708508,0.3274605201094856,0.3315766453742981,1330840000
2010-05-06,0.3292898522639106,0.3361500507044074,0.2981902478363176,0.32471635937690735,1002888000
2010-05-07,0.3276890466283173,0.3276890466283173,0.3077944536447978,0.3192281424999237,1153712000
2010-05-10,0.33843673988391426,0.34255286386952954,0.32928980980921446,0.33294856548309326,979156000
2010-05-11,0.3297471946853621,0.3359213678543506,0.32677443656399563,0.32928985357284546,829124000
2010-05-12,0.3315766381533788,0.33752212806417625,0.32951856193578716,0.33569276332855225,901236000
2010-05-13,0.33432062902799775,0.34964175931282465,0.33180521225466714,0.3350066542625427,1252000000
2010-05-14,0.31236810121147945,0.3132827836909217,0.2881286883861017,0.29636093974113464,2493068000
2010-05-17,0.29681821559604094,0.30070568342734977,0.2876712837765042,0.2970468997955322,856060000
2010-05-18,0.29956223660891834,0.3013916281006678,0.2856131571518315,0.28721389174461365,674112000
2010-05-19,0.2858418698144894,0.2922447270440938,0.28378382121854745,0.29178738594055176,826520000
2010-05-20,0.2833265434926071,0.29178747928485504,0.2746369507054421,0.28492727875709534,1129136000
2010-05-21,0.2766950007063086,0.2991049924016227,0.2766950007063086,0.2911014258861542,1069600000
2010-05-24,0.2901865558315536,0.29361665354875954,0.2817256263211175,0.2826403081417084,664564000
2010-05-25,0.2737222883271322,0.2915588164624773,0.2709781861062978,0.2901867926120758,966652000
2010-05-26,0.30184900701332296,0.3075658385881958,0.29064400077057023,0.2915586829185486,995028000
2010-05-27,0.29887627731170663,0.3087092339992523,0.2981902520060628,0.3087092339992523,713560000
2010-05-28,0.30825190646393147,0.30825190646393147,0.2959035321982833,0.300476998090744,545116000
2010-06-01,0.29636088889244067,0.29979098849184294,0.28744261357798984,0.28767129778862,527492000
2010-06-02,0.288128559981739,0.2913300017530921,0.2862991685781088,0.29087263345718384,649088000
2010-06-03,0.2849271694081753,0.2911013420616416,0.2840124599995116,0.29041531682014465,586360000
2010-06-04,0.2819546267753873,0.2869854369534791,0.2750943963834133,0.2766951322555542,671456000
2010-06-07,0.27783832165993116,0.27966771344319086,0.2618311640014138,0.2629745304584503,577248000
2010-06-08,0.26183116076842455,0.26183116076842455,0.2490254457037333,0.25565698742866516,967636000
2010-06-09,0.2570290198365734,0.2638892459951708,0.24856811331364695,0.24948279559612274,697152000
2010-06-10,0.25451371285739716,0.2606878884258447,0.2538276872920105,0.2595445215702057,611768000
2010-06-11,0.25680040338593796,0.2666333621429579,0.2561143779359112,0.26548999547958374,442104000
2010-06-14,0.269377346899843,0.26983468796075905,0.2590870503592217,0.2597730755805969,375080000
2010-06-15,0.2627459070523771,0.2739508888572136,0.26228853860319185,0.2725788652896881,528632000
2010-06-16,0.27074935487733365,0.2732647712078488,0.26548986535170976,0.26914864778518677,366480000
2010-06-17,0.2785243201021283,0.28012502753547286,0.26892002098205314,0.2794390022754669,859068000
2010-06-18,0.281039733642424,0.2846985171673719,0.27898168494714476,0.2812684178352356,932832000
2010-06-21,0.28721395344983225,0.2878999515541165,0.27212150447543143,0.2746368944644928,579836000
2010-06-22,0.2780670607201474,0.2814971611043087,0.2629746081258318,0.2643466591835022,818164000
2010-06-23,0.26686195078055075,0.2700633653871374,0.2593157007935927,0.26731929183006287,614060000
2010-06-24,0.2657186557062864,0.2670907066231217,0.25314162225533976,0.25405630469322205,725028000
2010-06-25,0.2558856149589234,0.2561142991252329,0.24925410125598635,0.2533702254295349,507220000
2010-06-28,0.2551996223757567,0.2574863550471879,0.2492541065260341,0.2538275718688965,372008000
2010-06-29,0.24833948451545587,0.24856816876709595,0.2380491838718919,0.23964989185333252,660808000
2010-06-30,0.2401072310426252,0.24262264874909495,0.2334757149219513,0.2334757149219513,623072000
2010-07-01,0.2341617289762027,0.23896385264494382,0.22707283107232576,0.23736314475536346,737008000
2010-07-02,0.23827780091619197,0.23873514203046367,0.226386768385094,0.23439033329486847,737096000
2010-07-06,0.23347568031232757,0.24102190505309756,0.2298168964198303,0.2318749725818634,712020000
2010-07-07,0.23278956115307484,0.2444519062600953,0.23233222016574026,0.24307985603809357,608412000
2010-07-08,0.24468067751407094,0.24490933445916346,0.23278964404901048,0.23576240241527557,783272000
2010-07-09,0.23690573476264273,0.2382777852754007,0.23370429265287543,0.23667705059051514,571516000
2010-07-12,0.23667707752311964,0.2439946447438576,0.2364484205849759,0.24102188646793365,565396000
2010-07-13,0.24490928966475972,0.2513121463763874,0.243537266465127,0.24971143901348114,723316000
2010-07-14,0.2606878877998281,0.2625172802164607,0.24856819370715538,0.25222697854042053,1355664000
2010-07-15,0.25245551348821826,0.2526841976522305,0.24216521678772127,0.24513797461986542,953088000
2010-07-16,0.24513801665857687,0.24582404200825705,0.22890220150951207,0.22981688380241394,1288604000
2010-07-19,0.2330182544817686,0.24010710821548362,0.23141752007286603,0.2391924262046814,798440000
2010-07-20,0.23301828638727945,0.24650999782392996,0.23096021069117834,0.24513797461986542,1160988000
2010-07-21,0.247424721587936,0.24765337850522345,0.23484766429697562,0.2371343970298767,624940000
2010-07-22,0.23964983579904356,0.2435373036075632,0.23827781239016038,0.24102188646793365,462612000
2010-07-23,0.2407932394650059,0.2410219236984813,0.23461906502129237,0.2369057983160019,817604000
2010-07-26,0.23621976691926946,0.2421652842396016,0.23256098283598653,0.24125057458877563,683548000
2010-07-27,0.24193649949708718,0.2423938405024883,0.2362196687795755,0.2391924262046814,683472000
2010-07-28,0.23530508342836004,0.23942120868780709,0.23096027394227306,0.23164629936218262,1320808000
2010-07-29,0.21495310502657422,0.21952657099628736,0.20740688072454602,0.20877891778945923,2664476000
2010-07-30,0.20717816955541954,0.21380969663805408,0.2039767412779407,0.21015092730522156,984288000
2010-08-02,0.21380976848704272,0.21472446453512709,0.20900761764210118,0.20992231369018555,917020000
2010-08-03,0.20832162650164232,0.20855029712885445,0.20283346329851584,0.20443417131900787,955444000
2010-08-04,0.2062634957232567,0.21380971934813162,0.2053487998853927,0.21312369406223297,855496000
2010-08-05,0.2138097105553455,0.2163251137835253,0.20992225681179313,0.2158677726984024,800504000
2010-08-06,0.214953152387651,0.22066998610939437,0.21312376014469045,0.21838325262069702,739904000
2010-08-09,0.2206699225501841,0.22089860673719167,0.21518176103205566,0.22044125199317932,466456000
2010-08-10,0.21678243892525556,0.21723977994798815,0.2103795828269991,0.2112942785024643,772560000
2010-08-11,0.2069494975845495,0.2069494975845495,0.2023760322416871,0.2030620574951172,796148000
2010-08-12,0.19940329764537723,0.2094649389328063,0.19780259004010645,0.20489147305488586,1343584000
2010-08-13,0.2115229927894811,0.21769717965414753,0.2110656380420968,0.21472442150115967,1797392000
2010-08-16,0.21175165260565249,0.21609644752036866,0.20649216187257466,0.2092362493276596,814008000
2010-08-17,0.21129428660111382,0.21586775152373514,0.2092362246599341,0.21198029816150665,481224000
2010-08-18,0.21129431601650747,0.21495308573796099,0.2099222654447102,0.21312369406223297,352920000
2010-08-19,0.21541044174833168,0.22661544950005108,0.21426707527938113,0.22592942416667938,1615100000
2010-08-20,0.22432872788564204,0.23347567372896225,0.22410005730630997,0.22798749804496765,1305308000
2010-08-23,0.22867350954700105,0.23439034183367477,0.2238713595221925,0.22455738484859467,748620000
2010-08-24,0.21723984660915593,0.22455740062830687,0.21678250544608588,0.222270667552948,641332000
2010-08-25,0.21975529106486252,0.2286735538873465,0.21861191075582032,0.2268441617488861,757532000
2010-08-26,0.2298168858417803,0.2323323030595933,0.2241000533103943,0.2241000533103943,657596000
2010-08-27,0.2254721367155097,0.23324703328155946,0.21975530300959176,0.23141764104366302,1060416000
2010-08-30,0.2286735010853734,0.23050289280141714,0.22044125199317932,0.22044125199317932,602804000
2010-08-31,0.21723986804627765,0.22410008157932096,0.21266640144425253,0.21335242688655853,931488000
2010-09-01,0.2165538008993694,0.2192978747074066,0.21380971346133007,0.21495307981967926,851440000
2010-09-02,0.2156391402069544,0.21952658100647238,0.2135810777007372,0.2188405692577362,596292000
2010-09-03,0.22410003775224302,0.22707278228417854,0.22135595014968376,0.22638677060604095,566484000
2010-09-07,0.22570074202045617,0.23370430689252758,0.22524340090833891,0.22844482958316803,899820000
2010-09-08,0.22890221916808104,0.23759181066103402,0.2263868017785387,0.23599107563495636,1224156000
2010-09-09,0.2389637785205872,0.239192462688168,0.2298168479774078,0.23278960585594177,697748000
2010-09-10,0.23439030967190608,0.23507633490417557,0.2282161371014863,0.23027418553829193,609292000
2010-09-13,0.23439038692917963,0.24628142218124024,0.23439038692917963,0.2433086633682251,1015792000
2010-09-14,0.2412505434060774,0.24422330168200132,0.23896381046459853,0.24102188646793365,698536000
2010-09-15,0.23873514403742968,0.24170790219519514,0.2355337016906031,0.24147921800613403,555572000
2010-09-16,0.23827789493348245,0.24376604499021307,0.23827789493348245,0.24170799553394318,365280000
2010-09-17,0.24399467628124305,0.2442233332489417,0.24056457642566922,0.24125057458877563,416884000
2010-09-20,0.24125054752960104,0.24582404075073722,0.23896381454903667,0.24490933120250702,443168000
2010-09-21,0.24353739673431907,0.26228860857275815,0.24353739673431907,0.25817248225212097,1779624000
2010-09-22,0.2572575944895797,0.26274576762743557,0.25565688754687005,0.2604590356349945,999996000
2010-09-23,0.2634318465951867,0.2739508279058975,0.261145113898076,0.26571857929229736,1240872000
2010-09-24,0.2716640762570465,0.2812683747229027,0.26960602787722143,0.2803536653518677,1086976000
2010-09-27,0.2824117557420612,0.2826404126517611,0.27074940828725547,0.2744081914424896,999504000
2010-09-28,0.2746368838628452,0.27760964215335127,0.2689200514811054,0.27372220158576965,723192000
2010-09-29,0.27120674193712296,0.27966767434431966,0.2686913251793073,0.2716640830039978,974904000
2010-09-30,0.2750942748006398,0.2782957178699632,0.2648039746506948,0.26709070801734924,787632000
2010-10-01,0.270978190126596,0.27143555867686453,0.25748647213406184,0.2595445215702057,999120000
2010-10-04,0.25702905654907227,0.2613738661614371,0.25176956452358384,0.25702905654907227,749500000
2010-10-05,0.2625172868366968,0.26297462813738426,0.25817247633012375,0.25885850191116333,753588000
2010-10-06,0.25885843408455,0.2600018006666899,0.24399466851673177,0.24651005864143372,1057604000
2010-10-07,0.2476534491805974,0.2478821334231512,0.2373631489458953,0.244680717587471,761488000
2010-10-08,0.2437659635582408,0.2503975055264883,0.24033586410363225,0.2483394294977188,706932000
2010-10-11,0.24948269109957893,0.2515407662631296,0.2460525930869903,0.24719595909118652,442680000
2010-10-12,0.24513787197436837,0.25314143272345935,0.24307979714003583,0.25199806690216064,605208000
2010-10-13,0.25611437305346746,0.2629745729029327,0.25337029856568355,0.2593157887458801,968732000
2010-10-14,0.2595443921682098,0.26000173323044395,0.25405621764139197,0.2551996111869812,599172000
2010-10-15,0.2593158491600748,0.26228860857275815,0.25519975009945495,0.25817248225212097,639940000
2010-10-18,0.25840102513784646,0.2609164418628882,0.2538275600086814,0.2597730755805969,448156000
2010-10-19,0.25405635593148373,0.26000187475685055,0.2519983064011738,0.25817248225212097,866136000
2010-10-20,0.25840116653771866,0.2652613679854416,0.2538276989059034,0.25817248225212097,763532000
2010-10-21,0.2584010787372589,0.25885841989304,0.24971148773738736,0.2535989284515381,1014428000
2010-10-22,0.255199619233589,0.27189277298150155,0.2524555182536556,0.2698346972465515,1322676000
2010-10-25,0.27189270210096655,0.2744081182568196,0.2693772859451135,0.2723500430583954,673136000
2010-10-26,0.26914873642989784,0.2755515941672783,0.2668620034708339,0.2714354693889618,675248000
2010-10-27,0.26892002718025443,0.2762375665156334,0.26823400190443664,0.27532288432121277,496796000
2010-10-28,0.27898165652355983,0.27989633868160274,0.2730361407162702,0.27555155754089355,704448000
2010-10-29,0.27509419479601,0.27783829584594816,0.2721214640919171,0.2748655378818512,554664000
2010-11-01,0.27669493487284835,0.2810397161863533,0.27303615157515654,0.27532288432121277,473920000
2010-11-02,0.27646622002612736,0.2856131499956927,0.2748655127334538,0.28103968501091003,581036000
2010-11-03,0.2828691194047211,0.284927195316351,0.27555157977005024,0.2830978035926819,671748000
2010-11-04,0.28584185287189595,0.288814610758724,0.28309777915328677,0.28355512022972107,700016000
2010-11-05,0.2856131274583575,0.2908726172278388,0.2842411044271881,0.2883572280406952,735116000
2010-11-08,0.28812872181467214,0.2920161636933408,0.28584198809074746,0.28950077295303345,605156000
2010-11-09,0.2895007060531518,0.2917874392486419,0.28629926322345967,0.2878999710083008,633964000
2010-11-10,0.2899579296317583,0.2913299798965454,0.28584180609739585,0.2913299798965454,521016000
2010-11-11,0.2844697613023833,0.2931593495397873,0.2805823218240707,0.2883572280406952,1089980000
2010-11-12,0.29933354785122884,0.31282528481442395,0.2979614975634465,0.3032209873199463,2142560000
2010-11-15,0.30459304887298616,0.30893782951165466,0.2988762178957905,0.2995622158050537,733548000
2010-11-16,0.29453139971427555,0.298647523326152,0.29018661922729444,0.29064396023750305,739356000
2010-11-17,0.2904152358534129,0.2988761660396597,0.28767116291246597,0.2954460680484772,551764000
2010-11-18,0.299333624934101,0.30756587426072324,0.299333624934101,0.30459311604499817,993120000
2010-11-19,0.30390699613643724,0.31556934117602964,0.3034496551517469,0.3144259750843048,716484000
2010-11-22,0.31236791619977033,0.31648401217936023,0.30962381586671445,0.3146546483039856,462668000
2010-11-23,0.3109959179581485,0.31419733253456983,0.30505040259050714,0.3073371350765228,457832000
2010-11-24,0.3105386881593874,0.3160268371878824,0.3103100039248621,0.3148834705352783,397784000
2010-11-26,0.3146548401040078,0.31648420509448444,0.31099605560302734,0.31099605560302734,143104000
2010-11-29,0.3096238265950614,0.31556934117602964,0.3082518036409903,0.3144259750843048,468192000
2010-11-30,0.30962381319929033,0.31282525447360926,0.30550768999516403,0.3112245202064514,720936000
2010-12-01,0.317398838224918,0.3270031111463599,0.3169414970877078,0.3249450623989105,626536000
2010-12-02,0.3249451548777942,0.3308906731336328,0.3247164706141024,0.32883259654045105,529316000
2010-12-03,0.3272316705248632,0.33820798993110657,0.3265456454507236,0.33820798993110657,606044000
2010-12-06,0.33935151359232074,0.34003753898511013,0.3304332652660871,0.3318052887916565,438424000
2010-12-07,0.3395802013591574,0.3505565259784819,0.3388941759591978,0.34255295991897583,1026812000
2010-12-08,0.3420954940757131,0.349184347932015,0.33958007761250947,0.3455255925655365,613252000
2010-12-09,0.3372934614112672,0.34209561185433135,0.332491310968203,0.339808851480484,942408000
2010-12-10,0.33980889364840294,0.3450683859148994,0.3388942111933655,0.34186697006225586,451900000
2010-12-13,0.3432389699176558,0.3439249680268248,0.33226261853083533,0.3331773281097412,609108000
2010-12-14,0.33958013082922633,0.3457543036264834,0.33317727385947676,0.333634614944458,755160000
2010-12-15,0.3343205446165994,0.33843666772460107,0.3258596142934863,0.3263169825077057,624176000
2010-12-16,0.32974717630973976,0.3315765679178665,0.32585970891996907,0.3267744183540344,631872000
2010-12-17,0.3270030694453679,0.3304331956870357,0.32311562938481575,0.3286038041114807,593156000
2010-12-20,0.3297472717974486,0.33134797969558855,0.3270031699606238,0.32723185420036316,344088000
2010-12-21,0.3304332803451797,0.3400375545024872,0.33020459611714437,0.3400375545024872,466952000
2010-12-22,0.3393514872381506,0.3441536373547299,0.33615007200043584,0.3436962962150574,477988000
2010-12-23,0.34369633806539157,0.34369633806539157,0.339808869754798,0.3411809206008911,273784000
2010-12-27,0.34026608415691106,0.3455255736723875,0.33409188540483115,0.34301015734672546,255500000
2010-12-28,0.3430103478294174,0.34529708130081244,0.3395802476223248,0.3416382968425751,194260000
2010-12-29,0.3414096398514435,0.34415371456511495,0.33843688088662727,0.3416382968425751,177660000
2010-12-30,0.3411809253028284,0.3448397094361593,0.34003755866866386,0.3427816331386566,174488000
2010-12-31,0.34301024441310946,0.3526145439053188,0.3425529033087197,0.3521571755409241,391252000
2011-01-03,0.35490136983049847,0.3651916700499607,0.3544440013460682,0.36176156997680664,817448000
2011-01-04,0.36244753613207864,0.3640482437856063,0.35261457874611174,0.36061814427375793,651384000
2011-01-05,0.3672495831218162,0.38874491256546106,0.3635908274220487,0.3882875442504883,1428216000
2011-01-06,0.39834928861312435,0.4422546139070878,0.3972059220447403,0.44202592968940735,3493312000
2011-01-07,0.4369951589533152,0.4557463940581477,0.4271622001871251,0.4543743431568146,2579984000
2011-01-10,0.4461418765296444,0.4726679812215359,0.4427117781950031,0.4717532992362976,1750348000
2011-01-11,0.47815629676005966,0.4827297623022498,0.45437423232466334,0.4644358456134796,2711088000
2011-01-12,0.46466479361581287,0.5344102059016618,0.46306408531312543,0.5339528918266296,3431896000
2011-01-13,0.5282358632135646,0.5451577326163646,0.511771362261659,0.5348674058914185,2695192000
2011-01-14,0.5257202967843237,0.548358964373505,0.5225188822614097,0.5394406914710999,1595352000
2011-01-18,0.5321232450559796,0.5357820286962289,0.513829381374747,0.5268637537956238,1813348000
2011-01-19,0.5270924451563362,0.5396694486975848,0.5113139719769403,0.5124573111534119,1197896000
2011-01-20,0.5074265688033535,0.51588747560254,0.4982795821198906,0.5129147171974182,1111408000
2011-01-21,0.518402936742685,0.5257205052857907,0.5071979269485618,0.5081126093864441,739244000
2011-01-24,0.5314371129802562,0.5728270639301677,0.5254916520939741,0.5655094981193542,2056900000
2011-01-25,0.5629941902195825,0.5689397070622605,0.5444716688435625,0.548130452632904,1086856000
2011-01-26,0.5538471115000894,0.5716836573099194,0.5499596717897423,0.5611646771430969,1074660000
2011-01-27,0.5691685354308416,0.570540531928619,0.5488165907201383,0.5595642328262329,657396000
2011-01-28,0.5609360560527026,0.570311643333646,0.530522452575484,0.5433281660079956,1094796000
2011-01-31,0.5442428318739034,0.5545330999501757,0.5353245595598018,0.5469868779182434,750160000
2011-02-01,0.5517893497520404,0.5636803313596207,0.5481305652112358,0.5595642328262329,654104000
2011-02-02,0.5563627948435685,0.5984387336224337,0.5563627948435685,0.5849469900131226,1606616000
2011-02-03,0.5858619552853628,0.5858619552853628,0.5613938466757,0.5739709138870239,1030776000
2011-02-04,0.5819741200980988,0.5915783659718632,0.579687387101486,0.5870048999786377,872900000
2011-02-07,0.5790013342727303,0.5815167240936264,0.5604787597151857,0.5625368356704712,934236000
2011-02-08,0.5632229640751315,0.5668817482697436,0.5433283352394325,0.545843780040741,1076584000
2011-02-09,0.5479016581699022,0.5533898602825948,0.5227475983934243,0.532580554485321,1277520000
2011-02-10,0.5206895492905582,0.5307512173328949,0.5168021089414782,0.5218329429626465,1042352000
2011-02-11,0.5200035753278069,0.5536186002296364,0.511542668495107,0.53669673204422,1359276000
2011-02-14,0.5430995756283609,0.5602500994469432,0.5264064201926788,0.5284644961357117,1287828000
2011-02-15,0.5293791934715509,0.5312085580152739,0.5133720083739133,0.5156587958335876,886980000
2011-02-16,0.5225188959180446,0.542184806387082,0.5206894771999926,0.5346385836601257,1318364000
2011-02-17,0.5195462945842407,0.5947798876035771,0.5170308499047969,0.5872336626052856,3470096000
2011-02-18,0.5840320122934429,0.5934076536672704,0.5769431579298199,0.586090087890625,1394412000
2011-02-22,0.5668817677394835,0.568482475657099,0.5289219281216597,0.5307513475418091,1396648000
2011-02-23,0.5307511056463203,0.535781884088845,0.49805077316991214,0.5055969953536987,1491604000
2011-02-24,0.5081125749050145,0.5268638089492157,0.5044538454017733,0.5179455876350403,1246120000
2011-02-25,0.5318947344882158,0.5373828841988679,0.5245771651939932,0.5286933183670044,775652000
2011-02-28,0.537382654893989,0.5376113663193609,0.5062830804439898,0.5181741118431091,903696000
2011-03-01,0.5190889634048664,0.525720506504933,0.4950782358646393,0.4950782358646393,988448000
2011-03-02,0.49439228341620944,0.5037679297409005,0.46306403720939304,0.4744977056980133,1718140000
2011-03-03,0.4854739764503943,0.48821807853068927,0.46283529784804656,0.47724172472953796,1593704000
2011-03-04,0.4776990483113829,0.48250117198012404,0.4694667973649527,0.47472628951072693,959760000
2011-03-07,0.47815634556890974,0.479757053220071,0.45620367056152333,0.46809467673301697,1019140000
2011-03-08,0.47312551324529345,0.4756409032053936,0.4372237558474202,0.44705674052238464,1947184000
2011-03-09,0.44568470432742474,0.45002951355277554,0.43379367045594575,0.4376811385154724,1318976000
2011-03-10,0.42761946848566273,0.4308208836962043,0.40932557771397415,0.40978294610977173,1722736000
2011-03-11,0.41321300671382377,0.4241893292420595,0.40383739164053806,0.4127556383609772,1486832000
2011-03-14,0.4159570524951791,0.42647603322158834,0.40932551168592024,0.41618573665618896,1003360000
2011-03-15,0.3958338495973565,0.410697641432963,0.3889736505624648,0.4038374423980713,1256280000
2011-03-16,0.4001786651755872,0.4196159233501755,0.3956051990780389,0.40086469054222107,1476520000
2011-03-17,0.4116123821630608,0.4122984076159346,0.3933185154731542,0.4084109663963318,1238516000
2011-03-18,0.41481375279830274,0.4161858034646061,0.4024653785815936,0.40292271971702576,886960000
2011-03-21,0.4116122624976678,0.4157283867582447,0.4020079907296575,0.4061241149902344,751832000
2011-03-22,0.4049807612142417,0.4088682014242357,0.39720585353424914,0.39903524518013,718332000
2011-03-23,0.39834926561868345,0.4084109071956671,0.3896596747485637,0.4072675406932831,782396000
2011-03-24,0.41595718465391973,0.444770062355526,0.4150425022392705,0.4397392272949219,1780592000
2011-03-25,0.4436267025789096,0.4447700692449372,0.42533280866245576,0.4260188341140747,1196392000
2011-03-28,0.43608030832818734,0.44911470589820757,0.4321928683774808,0.4417971670627594,1204284000
2011-03-29,0.4417972877989708,0.44339799559729776,0.4324216707144682,0.43836718797683716,715764000
2011-03-30,0.441797255894884,0.4436266477865824,0.41641448088008076,0.4219026565551758,1176320000
2011-03-31,0.4225886385411914,0.42716210417094364,0.4143563895036351,0.4221312701702118,655112000
2011-04-01,0.4276193995066327,0.4280767405686499,0.4104688779709646,0.41618573665618896,850072000
2011-04-04,0.4161858601603511,0.41732922678469225,0.39834930810861585,0.40132206678390503,924328000
2011-04-05,0.40726748771477866,0.41046890260100166,0.4010932875970564,0.4020079970359802,821076000
2011-04-06,0.40498084078591073,0.40543818197223935,0.3958338807592883,0.39926400780677795,856984000
2011-04-07,0.40017863693723005,0.4164144513418595,0.39857792936804276,0.4138990342617035,1021208000
2011-04-08,0.4171005425558198,0.4171005425558198,0.40017870015956386,0.40132206678390503,746552000
2011-04-11,0.4029228432506899,0.4049809198811385,0.39171785932719233,0.3960626423358917,546208000
2011-04-12,0.392175141041519,0.39995002332681273,0.38485757270240595,0.3972059488296509,840756000
2011-04-13,0.4013219654762274,0.40863950457280646,0.3962911590510795,0.4061241149902344,749588000
2011-04-14,0.4024653284272708,0.42350329063551473,0.4001785957750707,0.42327460646629333,1254704000
2011-04-15,0.42007336882360635,0.43310777224642344,0.4180152922126282,0.42784827947616577,969720000
2011-04-18,0.4177864855293068,0.4205305594341611,0.4070388195736191,0.4136703610420227,743584000
2011-04-19,0.41389904284644746,0.41549977770884217,0.40086467056985103,0.4120696783065796,659860000
2011-04-20,0.42716203256073265,0.4333362046738478,0.4177864186874831,0.42464661598205566,650516000
2011-04-21,0.42922002055480407,0.4319641208951843,0.42258850833887823,0.42350319027900696,421300000
2011-04-25,0.4253327717810888,0.4372237786246834,0.42510408756370827,0.43013492226600647,619612000
2011-04-26,0.4337937437144844,0.4456847795941065,0.4294489610154009,0.44133996963500977,676000000
2011-04-27,0.44362673037033296,0.44362673037033296,0.43219303573377016,0.44133996963500977,450004000
2011-04-28,0.44133983826626344,0.45506026229412927,0.43630903157004886,0.4461419880390167,684000000
2011-04-29,0.4491147857175548,0.46740864968747076,0.44842876036668144,0.45734703540802,836000000
2011-05-02,0.4669513323915139,0.4671799893334641,0.44888612549709234,0.4511728584766388,613824000
2011-05-03,0.4459132963577902,0.4472853195716276,0.42418930924199977,0.42967745661735535,808000000
2011-05-04,0.4310494966639883,0.4358516459462614,0.4184724675780374,0.42647603154182434,639356000
2011-05-05,0.42304606958749247,0.4317356615833425,0.4173292363349611,0.42670485377311707,544000000
2011-05-06,0.4356229672622223,0.44591329117644984,0.4321928683774808,0.4417971670627594,841080000
2011-05-09,0.4431693294724654,0.4539169978287994,0.44202596281838824,0.45163026452064514,706328000
2011-05-10,0.455288922901498,0.45574626398474327,0.44774267235793375,0.45231616497039795,690976000
2011-05-11,0.4546030273937073,0.4591764667914575,0.4482001686208385,0.4543743431568146,616000000
2011-05-12,0.452773536770188,0.46923803496401423,0.4516301703545059,0.46878066658973694,1224000000
2011-05-13,0.4390531419925747,0.440196508485003,0.41435642030412223,0.41755783557891846,2025192000
2011-05-16,0.41641448484490545,0.417329194429468,0.40452347832566016,0.40475213527679443,728188000
2011-05-17,0.4033801069474263,0.4036087638958156,0.39148907331092325,0.40315142273902893,1420364000
2011-05-18,0.4047521455521403,0.4159571542424331,0.40338012203047796,0.41252705454826355,658844000
2011-05-19,0.41572842270863,0.4159571068995502,0.4004073179371392,0.40658149123191833,650884000
2011-05-20,0.40566679625119456,0.4145850432569724,0.4038374045612899,0.4136703610420227,575820000
2011-05-23,0.40772486901026045,0.4161858026696243,0.40246537781282005,0.4132130444049835,588000000
2011-05-24,0.41527106824757043,0.43150688200121357,0.4141277018497084,0.41481372714042664,720372000
2011-05-25,0.41275574323022146,0.42258872915462986,0.4086396178288446,0.4198446273803711,545312000
2011-05-26,0.41984449547329755,0.4340222593192159,0.41870112917991725,0.4303634762763977,706436000
2011-05-27,0.43219292017821964,0.44659934267282514,0.43173557905743976,0.4459133446216583,658824000
2011-05-31,0.4546029717642602,0.4584904397556602,0.44362664767679466,0.45826172828674316,1200716000
2011-06-01,0.45620368744142276,0.4568897128201632,0.4367664289238155,0.4376811385154724,762208000
2011-06-02,0.4383671811613969,0.4415685967082774,0.43036358777417616,0.43562307953834534,607592000
2011-06-03,0.4305922033932578,0.4344796437265462,0.4200732215408255,0.4221312701702118,549300000
2011-06-06,0.4214452938670647,0.4253327344008226,0.4127556760104181,0.4132130444049835,435988000
2011-06-07,0.4164145007255279,0.41870123388412966,0.4111550090087418,0.4129844009876251,433956000
2011-06-08,0.4109262516741151,0.4134416411781506,0.39857787927793087,0.40177929401397705,569288000
2011-06-09,0.40155075843850063,0.4024654408508842,0.38279952364453734,0.3972059488296509,741632000
2011-06-10,0.39789200733883107,0.40040742507196575,0.38828770491050824,0.3914891481399536,493548000
2011-06-13,0.39148911418871585,0.3965199219586835,0.3860009379541967,0.3887450397014618,574760000
2011-06-14,0.3921751490147436,0.40063605691134735,0.3903457568927724,0.3919464647769928,534576000
2011-06-15,0.38668685120249,0.3889735838217594,0.3754818450120683,0.38348543643951416,935916000
2011-06-16,0.38371412978911257,0.3896596460678961,0.36473424179454045,0.37022238969802856,1024908000
2011-06-17,0.3745672992405183,0.3747959834897056,0.3500992294980188,0.36153289675712585,1467884000
2011-06-20,0.3583314124863901,0.3658776368901616,0.35444394455171446,0.35718804597854614,745960000
2011-06-21,0.3585599602914138,0.3677069168299699,0.35512986181195505,0.3649628162384033,704276000
2011-06-22,0.3624475118566112,0.36724963449556497,0.35924606950396953,0.3599320948123932,651720000
2011-06-23,0.3553586338023262,0.37319515575718926,0.35215719140734725,0.3706797659397125,744024000
2011-06-24,0.36885036930188875,0.3720517843945246,0.3576453619576517,0.3599320948123932,529052000
2011-06-27,0.3599321939204104,0.3622189274048084,0.3398089065456921,0.3523859679698944,1142152000
2011-06-28,0.3523858295120955,0.35856000204204025,0.3498704127635982,0.35444387793540955,692200000
2011-06-29,0.3567306524597515,0.363590878283982,0.3443823059481495,0.3599320948123932,960544000
2011-06-30,0.36084674624445157,0.3683929694728715,0.35535859876560266,0.3645055294036865,652300000
2011-07-01,0.36450569417120515,0.37067989695083964,0.3571881518049899,0.36930784583091736,540804000
2011-07-05,0.36885035175278347,0.3722804508716991,0.3599320776876002,0.3631335198879242,535296000
2011-07-06,0.36290478755501127,0.3635908127397657,0.3539865146732054,0.3583313226699829,529580000
2011-07-07,0.3601607601453972,0.3619901245254081,0.3533005346803387,0.35970339179039,986136000
2011-07-08,0.35467267671887,0.35718809428028403,0.34987052583253836,0.3528432846069336,619516000
2011-07-11,0.34621167048257573,0.3475836937316192,0.3395801293688527,0.3404948115348816,714388000
2011-07-12,0.3388941351453905,0.34209557753964154,0.33020454473243244,0.33592137694358826,867604000
2011-07-13,0.3404948181896937,0.34278155090946294,0.33203391257854825,0.3352353274822235,634368000
2011-07-14,0.33660738688895375,0.3386654354869817,0.32037157324671567,0.3219722807407379,1088996000
2011-07-15,0.3238016777748252,0.3258597264069084,0.31579811291227106,0.3224296271800995,827736000
2011-07-18,0.3199142695379353,0.32174363416779483,0.31145333545479786,0.3155694603919983,818200000
2011-07-19,0.31648414701086763,0.325859763536436,0.31648414701086763,0.3251737654209137,602224000
2011-07-20,0.32631713911436133,0.3281465038092061,0.320142937859228,0.32105764746665955,662956000
2011-07-21,0.32151488681482016,0.3384367229629686,0.31671273786169685,0.33614999055862427,1143420000
2011-07-22,0.33912271805615524,0.3441535234474813,0.3347779105172842,0.34301015734672546,737192000
2011-07-25,0.3377508034996849,0.3391228542757193,0.3327199960875738,0.33752211928367615,566920000
2011-07-26,0.32791780297529,0.3361500520406117,0.3244877037414069,0.32928985357284546,698276000
2011-07-27,0.32471638088700655,0.32631711577049716,0.3160267901680873,0.316941499710083,652212000
2011-07-28,0.3157981091426041,0.3228869644373866,0.31076727519533276,0.31625545024871826,648176000
2011-07-29,0.31305400798590877,0.3192282083284681,0.3114533004845066,0.31625545024871826,677656000
2011-08-01,0.32357302746127536,0.33409201042863873,0.3208289532445744,0.3331773281097412,1019620000
2011-08-02,0.3308906262532898,0.351699909940466,0.3297472596168518,0.3297472596168518,1356432000
2011-08-03,0.33043329159501444,0.33980888184348507,0.32723184859357624,0.33866551518440247,765236000
2011-08-04,0.33249127265205347,0.33249127265205347,0.30642250180244446,0.30642250180244446,979732000
2011-08-05,0.3135114480669662,0.31739888924818654,0.2881286701213202,0.29613223671913147,1270588000
2011-08-08,0.28172575334655675,0.2917873942096495,0.27097808717870675,0.2728074789047241,1084180000
2011-08-09,0.2780670502954995,0.296132261330832,0.2744082930455686,0.2956749200820923,1329832000
2011-08-10,0.2869852911733029,0.2952175416539088,0.28058243271727723,0.28218314051628113,1140052000
2011-08-11,0.2821830829915264,0.31076726962100854,0.2821830829915264,0.30665114521980286,1078792000
2011-08-12,0.3393513972326098,0.3398087382509826,0.28972925612916217,0.2945314049720764,3195784000
2011-08-15,0.2975041748264496,0.30642244772478316,0.2959034675657234,0.3057364225387573,864152000
2011-08-16,0.3023063910437673,0.30642251581456026,0.2915587243478059,0.2970468997955322,716868000
2011-08-17,0.29796146775049387,0.3029923001289959,0.2890432235522342,0.2929306626319885,553328000
2011-08-18,0.2796677239834764,0.28241179813178297,0.2698347393703633,0.2730361819267273,802564000
2011-08-19,0.26846269870046374,0.2833264622484079,0.2664046227762833,0.2682340145111084,761332000
2011-08-22,0.27578025607503387,0.2789816986313978,0.270063423574392,0.2730361819267273,611876000
2011-08-23,0.279667754382054,0.3027637710990791,0.2792103859242827,0.3025350868701935,938312000
2011-08-24,0.3018491098570945,0.30276379231671663,0.2904154155517427,0.29819032549858093,687500000
2011-08-25,0.29224476481151707,0.2975042563319592,0.28492722442916685,0.28538456559181213,690968000
2011-08-26,0.2842411609345641,0.300476974481091,0.27921032704014404,0.2975042164325714,732660000
2011-08-29,0.3059650579389119,0.3066510557556386,0.2988761775794308,0.30550768971443176,601528000
2011-08-30,0.30344976549057323,0.3153407717162578,0.3013916894211229,0.31282538175582886,684760000
2011-08-31,0.3151120170640468,0.3183134313882972,0.30184896423786756,0.3043643534183502,705808000
2011-09-01,0.3084805734131984,0.31511211552847396,0.30344976622023595,0.303678423166275,762312000
2011-09-02,0.29681809088895283,0.300934213930371,0.2931593087943598,0.2954460680484772,471356000
2011-09-06,0.28584190093599193,0.30207771632947494,0.2830978267559688,0.30139169096946716,696248000
2011-09-07,0.3258597254753113,0.3347779997955214,0.31694147841510656,0.3258597254753113,1606620000
2011-09-08,0.32265836475680854,0.33043327398010836,0.31899958073878387,0.32425907254219055,880164000
2011-09-09,0.32151500119592585,0.33020459287581466,0.31465480154233105,0.31739887595176697,869828000
2011-09-12,0.31305402927140374,0.3276891364821786,0.31305402927140374,0.3249450623989105,916480000
2011-09-13,0.32768919827874715,0.33386340020545785,0.32265839030069693,0.33226266503334045,853836000
2011-09-14,0.34095230750122413,0.3537580261790157,0.3407236232441152,0.3494132161140442,1547192000
2011-09-15,0.3571879788464985,0.35901737036722353,0.3512424632191427,0.35444387793540955,752908000
2011-09-16,0.3551300719897204,0.368164475733856,0.3516999714802143,0.3535293638706207,1391588000
2011-09-19,0.3475837250040316,0.35009914207693116,0.3372934270403618,0.346211701631546,968204000
2011-09-20,0.35055650297277413,0.3519285536826507,0.3356927384091445,0.33729344606399536,792436000
2011-09-21,0.33912296801955727,0.34506845976983813,0.3306620308295121,0.3308907151222229,715252000
2011-09-22,0.3178561208172921,0.31831346187026616,0.30299235940562114,0.30893784761428833,1314632000
2011-09-23,0.3071085062224288,0.3242590014333587,0.30527911461459545,0.31534072756767273,1011440000
2011-09-26,0.31922815919445213,0.32014284126589715,0.3018489817569893,0.3160267174243927,972124000
2011-09-27,0.3240305273425296,0.326774602672524,0.31396888145252416,0.316484272480011,781388000
2011-09-28,0.3171701462466631,0.32517373862155824,0.30184904133587714,0.30687984824180603,1236532000
2011-09-29,0.31236796941006306,0.3176274595976849,0.29155866555294946,0.2993335723876953,866416000
2011-09-30,0.29453149200079576,0.2961321996680807,0.2856132168373377,0.2860705852508545,677784000
2011-10-03,0.28241180492531315,0.29133008019685175,0.2700634300708771,0.2700634300708771,949896000
2011-10-04,0.2634318915062956,0.29498884081840515,0.26228852496281374,0.29498884081840515,1361548000
2011-10-05,0.2943026861546068,0.3082517900213255,0.2883571990963293,0.30550768971443176,856708000
2011-10-06,0.3071085370144098,0.3185422016347499,0.3066511686215908,0.31762751936912537,773192000
2011-10-07,0.3189994395038817,0.32837505236157266,0.3123679270747818,0.32357290387153625,806976000
2011-10-10,0.32906124881100823,0.3379795253276825,0.3283752233466468,0.3379795253276825,534376000
2011-10-11,0.3352352868742861,0.3407234610929379,0.3331772385797923,0.334320604801178,816080000
2011-10-12,0.34072344184457914,0.34095212597993774,0.3338632449038157,0.3340919017791748,612064000
2011-10-13,0.3324913922709709,0.3542153894245251,0.3315767097057755,0.3535293638706207,854832000
2011-10-14,0.35970349476295566,0.363362279090389,0.35078524544735384,0.3594748377799988,702452000
2011-10-17,0.35535872493095866,0.35535872493095866,0.33980890461345636,0.3416382968425751,611780000
2011-10-18,0.3398088823054302,0.3549013603898539,0.3377508332202883,0.3539866507053375,590916000
2011-10-19,0.3544439152685905,0.36061811570885954,0.34598300926156234,0.346897691488266,557568000
2011-10-20,0.3375220615411514,0.33889411208245845,0.3164840986278001,0.32951849699020386,990308000
2011-10-21,0.33363462647228553,0.33912280146170143,0.32563106179855833,0.33111920952796936,628428000
2011-10-24,0.3324912989923034,0.34872711441976667,0.3318052736308598,0.3434676229953766,535256000
2011-10-25,0.33866544146877037,0.34140954266128287,0.3297471943731212,0.3304332196712494,577996000
2011-10-26,0.33683602139222685,0.3386653855384431,0.3247163067335377,0.334320604801178,503116000
2011-10-27,0.34666902864077603,0.35215717642727606,0.3388941208065617,0.3487270772457123,577732000
2011-10-28,0.3457542882798419,0.359932052104995,0.34483960615047843,0.3567306101322174,490156000
2011-10-31,0.3452970111835271,0.3473550872458701,0.3384368121623993,0.3384368121623993,519984000
2011-11-01,0.3260883997855488,0.32700308197838146,0.3183134921064529,0.32151493430137634,790824000
2011-11-02,0.3247163061431241,0.3263170406581543,0.309395204256414,0.3160267174243927,961608000
2011-11-03,0.3194568398128665,0.3356926794970877,0.31099593461348635,0.3350066542625427,749372000
2011-11-04,0.33203390107547487,0.3400374653173896,0.3267744105502159,0.3388940989971161,654840000
2011-11-07,0.33637874746701796,0.3420956074378172,0.3292898912616428,0.3370647728443146,613536000
2011-11-08,0.34140965139733576,0.34689780101027845,0.33592147452437887,0.34483975172042847,549728000
2011-11-09,0.33683614477364926,0.34118092710238673,0.3260884765478053,0.32746052742004395,532244000
2011-11-10,0.33546418289629354,0.3388942837268465,0.32265846222488853,0.3308907151222229,990484000
2011-11-11,0.34026622675911694,0.3452970342588046,0.32174365000024674,0.34255295991897583,1751560000
2011-11-14,0.34255291866453275,0.34598301799122627,0.33500669469380584,0.33592137694358826,500292000
2011-11-15,0.33272009024542565,0.3427817079170271,0.33180538038254215,0.34026631712913513,505660000
2011-11-16,0.33386333992799294,0.34278158758529714,0.33226260504488075,0.3334059715270996,512420000
2011-11-17,0.3327199410936016,0.3336346232864343,0.3155694182679503,0.32151493430137634,657504000
2011-11-18,0.3233443322007865,0.3233443322007865,0.3151120832660559,0.3185421824455261,501352000
2011-11-21,0.3135113463548197,0.33775072251966964,0.3087091970500845,0.33454930782318115,1330788000
2011-11-22,0.33820820807310736,0.3466691440114141,0.33637881578212175,0.34483975172042847,1287480000
2011-11-23,0.34118090059911566,0.34369631791614946,0.329975892039612,0.330204576253891,825340000
2011-11-25,0.3258597706806409,0.3334059954569079,0.320142937859228,0.32105764746665955,406620000
2011-11-28,0.3315766075729273,0.3441536389004488,0.3315766075729273,0.33912283182144165,690616000
2011-11-29,0.3386655758007033,0.345297119966341,0.33546415948626873,0.3409523367881775,623440000
2011-11-30,0.35124263308925674,0.35833151843793554,0.34826987383787483,0.3574168086051941,730324000
2011-12-01,0.3544440013460682,0.36267625242564283,0.35284329343059867,0.36176156997680664,529760000
2011-12-02,0.3656490124800318,0.3670210634178223,0.35604473769553463,0.3594748377799988,546464000
2011-12-05,0.3654203445717184,0.3658776857839709,0.35101389193567917,0.3539866507053375,644696000
2011-12-06,0.35604472401181353,0.35673072219433183,0.3452970556855435,0.34895583987236023,573832000
2011-12-07,0.34666903456159287,0.34941310850170937,0.33958015189462015,0.346897691488266,510016000
2011-12-08,0.3434676009143152,0.34918443312547104,0.3347780105013571,0.33592137694358826,491488000
2011-12-09,0.33340583113470956,0.34346746829742947,0.3288323671316539,0.3407233953475952,555840000
2011-12-12,0.3334060317219888,0.33477808265237163,0.3260884903666419,0.33226266503334045,573208000
2011-12-13,0.3366075107720551,0.3407236367429914,0.3210577166929708,0.3231157660484314,516596000
2011-12-14,0.32037160700116846,0.32220099886994136,0.30710855002757476,0.310538649559021,636020000
2011-12-15,0.31579819492629835,0.3178562440928649,0.3071086025096601,0.30779460072517395,435148000
2011-12-16,0.3103098980332126,0.31625541350188174,0.30756582445536607,0.30893784761428833,619116000
2011-12-19,0.31030992994802603,0.313968713268122,0.2997909483477538,0.3009343147277832,463276000
2011-12-20,0.30779466628721613,0.3189996787475126,0.30779466628721613,0.3178563117980957,445208000
2011-12-21,0.31602668764842046,0.31945678598315747,0.3075657838747355,0.31373995542526245,548424000
2011-12-22,0.3146548207349596,0.3281465366392968,0.3146548207349596,0.32723185420036316,576560000
2011-12-23,0.3288324619497572,0.32928983028994047,0.32128623871677964,0.324030339717865,248948000
2011-12-27,0.32265830067241946,0.32654574088196514,0.3206002248485391,0.32151493430137634,195712000
2011-12-28,0.3215148751322927,0.3222009002806688,0.31328262787177885,0.31351131200790405,233960000
2011-12-29,0.3167129195263407,0.3201430201003424,0.3121394520943383,0.3194569945335388,211112000
2011-12-30,0.31831352313306566,0.32174362258053324,0.31648413130908154,0.316941499710083,186956000
2012-01-03,0.3270031372449235,0.3292898976334979,0.32037162207608816,0.32105764746665955,468044000
2012-01-04,0.32128626015665895,0.32608840996900884,0.31831350204710923,0.32471635937690735,347372000
2012-01-05,0.32311566699152316,0.33797945823536857,0.3217436163351661,0.33637872338294983,563548000
2012-01-06,0.3361500621788693,0.3363787191120211,0.3286038381847318,0.33249127864837646,533252000
2012-01-09,0.33271996284153466,0.3388941361967357,0.33020454575682007,0.33249127864837646,508244000
2012-01-10,0.33752206671895213,0.33775075089934625,0.3288324767640473,0.33111920952796936,546328000
2012-01-11,0.32814647225745314,0.33111923049075476,0.3231156653103308,0.32448771595954895,484272000
2012-01-12,0.325173728369551,0.325402385295335,0.31534074454069216,0.3224296271800995,652364000
2012-01-13,0.32014301269967294,0.32082903825061787,0.3123681291490055,0.31396883726119995,504300000
2012-01-17,0.3187708803629524,0.3187708803629524,0.3087092393136469,0.3091665804386139,627176000
2012-01-18,0.3151121711034186,0.32220105562101553,0.3135114631588036,0.3196856379508972,632676000
2012-01-19,0.32242965493760606,0.3286038558853946,0.3189995554155048,0.32814648747444153,608312000
2012-01-20,0.3276891554511821,0.3315766234925207,0.3240303988816985,0.3251737654209137,546272000
2012-01-23,0.32540231353554117,0.33432058591453334,0.3212861899190832,0.3340919017791748,562792000
2012-01-24,0.33180533746357366,0.3430103478294174,0.3315766804724421,0.3416382968425751,730920000
2012-01-25,0.33249120750286704,0.3404947709107351,0.322886909605425,0.33958008885383606,1274152000
2012-01-26,0.34461097280107855,0.3484984405740879,0.3345493588544827,0.33637872338294983,799672000
2012-01-27,0.3343207926225398,0.34278170196213076,0.3315767176015935,0.3409523367881775,449996000
2012-01-30,0.3350067126518354,0.3400375198153276,0.32997587822833546,0.3384368121623993,399076000
2012-01-31,0.33935147023971096,0.33958015442809575,0.331805246403087,0.33775076270103455,357900000
2012-02-01,0.3416381314917453,0.3452969141791536,0.33683600988202206,0.34140947461128235,428020000
2012-02-02,0.3432389411146433,0.35558728768358605,0.33980881455659695,0.35421526432037354,696236000
2012-02-03,0.3594748365947039,0.3647343288255426,0.35878881112807065,0.36176156997680664,495232000
2012-02-06,0.3599320542662034,0.36038939533363124,0.35581593013934704,0.35901737213134766,278868000
2012-02-07,0.35947475369344606,0.36199014347765823,0.35352923736711567,0.3599320948123932,410296000
2012-02-08,0.3599320701473731,0.38005532334211617,0.35810267853694117,0.372966468334198,847612000
2012-02-09,0.3775399750118067,0.37959802376107427,0.37205179958041473,0.3727378249168396,561944000
2012-02-10,0.3690791048506875,0.370451155759802,0.36153287937058115,0.36359095573425293,440268000
2012-02-13,0.37273794637070723,0.37410999749062956,0.36176161919137645,0.36930784583091736,610668000
2012-02-14,0.36930770714939826,0.3745671981207149,0.3661062648251159,0.3713657557964325,453756000
2012-02-15,0.37479584702663693,0.3864581942886738,0.36885033131265677,0.3697650134563446,1110856000
2012-02-16,0.34438229168890927,0.37914065144980635,0.34301024112887213,0.376167893409729,1888588000
2012-02-17,0.37639670489645927,0.37891209542728865,0.35901751913793806,0.3624476194381714,1020360000
2012-02-21,0.36221878052658074,0.37319510225284036,0.3615327553074391,0.36427685618400574,518176000
2012-02-22,0.36244759544343985,0.37136584472963563,0.3613042287523885,0.36176156997680664,492432000
2012-02-23,0.36244757555364865,0.3658776754385714,0.3567307151520999,0.36381959915161133,323968000
2012-02-24,0.3649628711851322,0.3654202395259184,0.35947472369573386,0.36107543110847473,366668000
2012-02-27,0.35650193175919587,0.35810263901917916,0.3487270250878468,0.3537578582763672,745268000
2012-02-28,0.3537578751333564,0.35787399918373813,0.3468976502093852,0.3505564332008362,699884000
2012-02-29,0.3516997754120735,0.3576452905513414,0.3462116285604419,0.34644028544425964,689196000
2012-03-01,0.34781239503463063,0.3528432017155898,0.3464403444580031,0.3487270772457123,449944000
2012-03-02,0.3475837341580133,0.35673066592216934,0.3475837341580133,0.3516998589038849,684076000
2012-03-05,0.3491844681512249,0.3498704935373782,0.3372934614112672,0.339808851480484,514848000
2012-03-06,0.3359214010384061,0.3386654752445854,0.3306619095748911,0.336607426404953,471400000
2012-03-07,0.33843685820859276,0.3400375660793062,0.3338633915722623,0.33866551518440247,441984000
2012-03-08,0.33958019452510557,0.3432389784112505,0.33775080258203305,0.339808851480484,430852000
2012-03-09,0.3407234905615544,0.3432389073701575,0.33706470743267775,0.3388940989971161,367836000
2012-03-12,0.34026615608670024,0.34255288877161055,0.33271993277449546,0.333634614944458,299948000
2012-03-13,0.335006575931784,0.3400373810421466,0.33340584167212617,0.33820798993110657,553288000
2012-03-14,0.33820807580814005,0.3388941010564736,0.32746043778425926,0.3286038041114807,735708000
2012-03-15,0.32951853093955696,0.33523536335065124,0.3283751644573381,0.3334059715270996,382380000
2012-03-16,0.3336346635629662,0.33523537122366387,0.3318052716964513,0.33386334776878357,428340000
2012-03-19,0.33569275023966333,0.33729345795092647,0.3331773329362435,0.3347780406475067,405400000
2012-03-20,0.3329486097329841,0.3329486097329841,0.32631709545147897,0.32928985357284546,449616000
2012-03-21,0.32928986948707184,0.33363465115596685,0.32563108589010253,0.3306618928909302,467840000
2012-03-22,0.3281465001054064,0.33294865052519496,0.32723181776830806,0.330204576253891,425372000
2012-03-23,0.32928985264385113,0.33363463409051003,0.3270030925677083,0.33271995186805725,315456000
2012-03-26,0.3359214010384061,0.3382081340868902,0.3327199856745317,0.336607426404953,288600000
2012-03-27,0.3379794168448986,0.3430102232021015,0.3372933916007338,0.3388940989971161,419968000
2012-03-28,0.343239007711983,0.35124257429364486,0.3407235901680276,0.34666910767555237,892448000
2012-03-29,0.34621174148535383,0.35101386473185414,0.3418669321556524,0.3482697904109955,372700000
2012-03-30,0.35124249333214463,0.3542152514006854,0.34621168666384755,0.3521571755409241,527240000
2012-04-02,0.3512424584192335,0.35421521619228713,0.3455256270325928,0.3505564332008362,407776000
2012-04-03,0.35307200339985667,0.35352934465759955,0.34301035942944286,0.34483975172042847,430476000
2012-04-04,0.3395801194795053,0.3439249005316185,0.3329485785589078,0.3350066542625427,495896000
2012-04-05,0.3354639899478914,0.33958011402909266,0.33340591427728955,0.33454930782318115,369424000
2012-04-09,0.32928989391679264,0.3313479428052684,0.3238017181141759,0.330204576253891,365504000
2012-04-10,0.3288325941317087,0.3334060612919249,0.322201077653401,0.32380178570747375,470360000
2012-04-11,0.3281463817195709,0.3350066058128713,0.32700301558068734,0.3279177248477936,372960000
2012-04-12,0.3283751953460173,0.33752212806417625,0.3270031445342895,0.33569276332855225,384868000
2012-04-13,0.3327200630259041,0.3345494553419935,0.32357310144545715,0.32380178570747375,311324000
2012-04-16,0.3260883946173886,0.3270030767957245,0.31465473108816905,0.31991422176361084,463468000
2012-04-17,0.3208290150834271,0.32471645657804715,0.3194569640806137,0.32060033082962036,460696000
2012-04-18,0.31854225361442073,0.3201429614704702,0.31328276157881996,0.3171702027320862,400764000
2012-04-19,0.3130540035335571,0.32494503568343847,0.31076727077550376,0.3123680055141449,667188000
2012-04-20,0.3141974244269191,0.3151121340448486,0.3055078329866413,0.30619385838508606,509592000
2012-04-23,0.30093437904802584,0.3039071377234861,0.295217545925991,0.3025350868701935,706244000
2012-04-24,0.30344971973181895,0.30596513657294294,0.29155868803923685,0.2931593954563141,730440000
2012-04-25,0.29750422145870803,0.30139166177552257,0.2920160463702593,0.2991049289703369,727112000
2012-04-26,0.29887623134094593,0.3018489890348193,0.29681815574057135,0.2993335723876953,539208000
2012-04-27,0.29887636268531426,0.30070575493625906,0.29361687018635296,0.2968182861804962,475356000
2012-04-30,0.2952174945511118,0.29887627801650285,0.29315941862932715,0.2972755432128906,262268000
2012-05-01,0.2956748871237516,0.30573652977453936,0.2956748871237516,0.3025350868701935,408680000
2012-05-02,0.3013916688027395,0.30253503523199093,0.29224473736872797,0.29384544491767883,684008000
2012-05-03,0.29453146615185605,0.2963608578653466,0.286985242371211,0.28881463408470154,419536000
2012-05-04,0.28698520606686373,0.2885859133911724,0.2803536653518677,0.2803536653518677,545092000
2012-05-07,0.28538442746115955,0.2901865754946395,0.2828690113940995,0.2851557433605194,604440000
2012-05-08,0.2826405179878284,0.28675664375648696,0.277609709719474,0.28492727875709534,462312000
2012-05-09,0.27989638426845737,0.2883573182784066,0.2771523100873964,0.2860705852508545,520608000
2012-05-10,0.2888147071310101,0.28927204836005094,0.27943908926561617,0.2840125560760498,597092000
2012-05-11,0.30756588614498814,0.3128253774591107,0.3009343441367441,0.3020777106285095,1435140000
2012-05-14,0.29956235897856387,0.30482185144331764,0.29338818402429356,0.300248384475708,437472000
2012-05-15,0.3002483013710201,0.30687984299454063,0.2959035198583734,0.2972755432128906,599940000
2012-05-16,0.2977328356988871,0.301162934100856,0.29041527063335437,0.2913299798965454,470484000
2012-05-17,0.29247336263231327,0.2952174360576515,0.28927192091941833,0.28927192091941833,335364000
2012-05-18,0.2899581265972428,0.29133017779404974,0.27486567247243593,0.27623769640922546,567288000
2012-05-21,0.27669490417936715,0.2824117354103455,0.2748655127334538,0.28103968501091003,416260000
2012-05-22,0.280811088858176,0.2812684300035786,0.27349352149170486,0.277609646320343,410140000
2012-05-23,0.274636914468699,0.2849272411626035,0.2705207892431392,0.284469872713089,496000000
2012-05-24,0.2860705244838797,0.28652786554024035,0.2748655186730319,0.2769235670566559,520420000
2012-05-25,0.27669492230319637,0.28584185287189595,0.27669492230319637,0.28355512022972107,391752000
2012-05-29,0.288128559981739,0.29270202486081404,0.28698519376197024,0.29087263345718384,310000000
2012-05-30,0.2876713087883136,0.28972935772264524,0.28241181708278784,0.2874426245689392,379792000
2012-05-31,0.28744249434492275,0.288585860403781,0.2805822979917736,0.28424108028411865,358192000
2012-06-01,0.27829547210491,0.2810395442695799,0.2734933253717467,0.2739506661891937,440984000
2012-06-04,0.27532289726105336,0.27692360480652306,0.2659472816575785,0.2682340145111084,432856000
2012-06-05,0.2668619443674962,0.27669489936571573,0.2668619443674962,0.27600887417793274,365224000
2012-06-06,0.2780670732741603,0.2840125917791373,0.2760090238547538,0.28332656621932983,368968000
2012-06-07,0.2874426687185326,0.2890434039799984,0.2716641911784691,0.27189287543296814,526780000
2012-06-08,0.27280752026775257,0.2780670120549936,0.2723501790819077,0.27715232968330383,370308000
2012-06-11,0.2860705239558308,0.29110133008651606,0.27966766739859406,0.2803536653518677,839080000
2012-06-12,0.28355516801654396,0.2888146594319154,0.28309782686303514,0.2860705852508545,496128000
2012-06-13,0.2858418176969021,0.2865278428571346,0.2771522292739563,0.2785242795944214,494276000
2012-06-14,0.27806699936620777,0.2803537324510937,0.27235016665399303,0.27509424090385437,589884000
2012-06-15,0.2771522452258451,0.2812683691641498,0.274636828580214,0.28103968501091003,385288000
2012-06-18,0.27898165494537125,0.28584185287189595,0.27669492230319637,0.28355512022972107,304424000
2012-06-19,0.2952175642507001,0.30710859969064,0.29384551331224174,0.30276378989219666,960476000
2012-06-20,0.30573647617053773,0.3132827000205656,0.30390708444022707,0.3075658679008484,972720000
2012-06-21,0.30733723047771466,0.30733723047771466,0.29293080589188725,0.2936168313026428,516376000
2012-06-22,0.2972755432128906,0.3007056697491984,0.29315941862932715,0.2972755432128906,865360000
2012-06-25,0.2975042722373672,0.29841895461155926,0.2867566044105557,0.2878999710083008,494616000
2012-06-26,0.2895007180350627,0.2931594749432702,0.2853845926608195,0.2911014258861542,437152000
2012-06-27,0.29133006630582253,0.30253504683834853,0.29133006630582253,0.300476998090744,506064000
2012-06-28,0.2977329818845364,0.30459318205680375,0.2952175642507001,0.30276378989219666,545896000
2012-06-29,0.3098525452921365,0.31671274260797694,0.30962386114427476,0.3160267174243927,616508000
2012-07-02,0.31762750878755414,0.31785616571633935,0.30505045086417054,0.3075658679008484,581684000
2012-07-03,0.30756589472633394,0.31625548575819973,0.30733721051759744,0.3155694603919983,219284000
2012-07-05,0.3135113718931716,0.31488339519200076,0.3075658558182309,0.3123680055141449,280076000
2012-07-06,0.31008125800694697,0.310995967503077,0.3029924025269701,0.30642250180244446,382760000
2012-07-09,0.3045930867208893,0.30596513722990365,0.2997909371993429,0.3023063540458679,306336000
2012-07-10,0.29910491130260514,0.3080231850720417,0.2908726627862027,0.2931593954563141,512028000
2012-07-11,0.2940740588205663,0.29773284142368367,0.2869851777495263,0.2883572280406952,485216000
2012-07-12,0.28515582762724284,0.28561316870367714,0.2810397034193273,0.28355512022972107,472160000
2012-07-13,0.2837837929200843,0.288585914918424,0.2819544014283349,0.28721389174461365,324260000
2012-07-16,0.28538465850566863,0.29041546745268504,0.2826405561163712,0.28812873363494873,334460000
2012-07-17,0.28904333108729047,0.29064403868506644,0.2780669803196664,0.2828691303730011,447476000
2012-07-18,0.2821830848194963,0.3027637069588451,0.28081106151687624,0.29864758253097534,616008000
2012-07-19,0.3007056224919049,0.3055077443680482,0.29864754689355644,0.3016203045845032,403036000
2012-07-20,0.2997908588644949,0.3018489340902448,0.2897292213674876,0.2929306626319885,451000000
2012-07-23,0.28515593443323484,0.29887636268531426,0.28195451843909153,0.2968182861804962,451584000
2012-07-24,0.2972755880599893,0.29910498006866754,0.29018673150887486,0.2936168313026428,351164000
2012-07-25,0.29270203179982374,0.3023063300815687,0.2913300086595756,0.2993335723876953,415044000
2012-07-26,0.3048217686553527,0.3082518952094692,0.29841891118767844,0.3007056713104248,338440000
2012-07-27,0.3018491178009592,0.30916665945055205,0.29956235707169737,0.3082519769668579,376516000
2012-07-30,0.3082518859130253,0.312139326210443,0.30230636974520636,0.30482175946235657,363552000
2012-07-31,0.30482177683338196,0.31396873578975215,0.3043644357005651,0.30962392687797546,387788000
2012-08-01,0.3114533500931497,0.31442610864640386,0.3048218075881966,0.30619385838508606,335912000
2012-08-02,0.3045930615453043,0.31191060004855414,0.2995622282680686,0.3073371350765228,367912000
2012-08-03,0.3121392483210515,0.31694139689368267,0.30482168339894716,0.31373995542526245,326548000
2012-08-06,0.3167128732944195,0.32197236552547503,0.3162555320699825,0.3203716576099396,360324000
2012-08-07,0.324258928978684,0.3270030021472772,0.32174351267247486,0.32357290387153625,407340000
2012-08-08,0.32334438967112245,0.32883253842972116,0.32242968003801603,0.3254024386405945,517064000
2012-08-09,0.3258597410442305,0.33706474871112835,0.3254023999121137,0.33637872338294983,822300000
2012-08-10,0.3452969259784805,0.34804099945780587,0.32997579680391187,0.334320604801178,1278744000
2012-08-13,0.33477807399552384,0.33889419942022353,0.3334060231006201,0.33866551518440247,447244000
2012-08-14,0.3398087877417151,0.34026615608670024,0.3322625644295103,0.333634614944458,388828000
2012-08-15,0.3347779928542466,0.33752206671895213,0.32951850204522487,0.33111920952796936,594404000
2012-08-16,0.3340920567829718,0.3391228920149475,0.3329486900957068,0.3379795253276825,371008000
2012-08-17,0.337979412105569,0.337979412105569,0.33203389641951647,0.3350066542625427,309864000
2012-08-20,0.33386328795830206,0.33546399533223836,0.32997582071588155,0.3350066542625427,314392000
2012-08-21,0.33614997721740353,0.33820802539563277,0.3306618033087931,0.3340919017791748,340248000
2012-08-22,0.3320339663910543,0.33615009140573726,0.33089059984586505,0.3347780406475067,313556000
2012-08-23,0.33409205427240146,0.33432073851214084,0.32585980328195074,0.32723185420036316,379040000
2012-08-24,0.3272318056601679,0.3354640554294812,0.3265457803027238,0.33386334776878357,347724000
2012-08-27,0.33363466306580825,0.3345493726277066,0.3279178305289728,0.32814648747444153,340944000
2012-08-28,0.3256310520064557,0.32997583322325313,0.3249450267459077,0.3267744183540344,310764000
2012-08-29,0.3265458177518812,0.329518576468391,0.32585979231576184,0.32746052742004395,250412000
2012-08-30,0.32677440589449536,0.3279177721984788,0.31968552390579696,0.32128623127937317,307488000
2012-08-31,0.32357298852886707,0.3258597213109788,0.31762749965137954,0.320828914642334,485064000
2012-09-04,0.31556945668056,0.31671282319077915,0.30070569204771164,0.303678423166275,694452000
2012-09-05,0.30482177297851154,0.30916658183534246,0.30139167363575337,0.30459311604499817,480256000
2012-09-06,0.3068799520014619,0.32220108935250763,0.30665126773114176,0.31396883726119995,657296000
2012-09-07,0.3059651606843824,0.3084805504637268,0.2961321767160154,0.30642250180244446,781064000
2012-09-10,0.30573649924067414,0.3100812810755036,0.3029924250681499,0.303678423166275,371108000
2012-09-11,0.3034496953022965,0.31213928420115633,0.3023063290592886,0.3073371350765228,382808000
2012-09-12,0.3098526107118161,0.31236802782937534,0.30687985246197513,0.3107672929763794,322608000
2012-09-13,0.3135114071123123,0.3146547736197821,0.3068798650129827,0.31282538175582886,433836000
2012-09-14,0.3125968301575172,0.3219724504000192,0.3125968301575172,0.316484272480011,339468000
2012-09-17,0.3171702186173385,0.3171702186173385,0.3043645006075546,0.30779460072517395,493348000
2012-09-18,0.30436448346717093,0.3135114438590544,0.30413582649488075,0.309852659702301,359952000
2012-09-19,0.3105385545382741,0.31785609251428665,0.30687977192026805,0.31351131200790405,451936000
2012-09-20,0.31282525447360926,0.3144259614807704,0.308709131269483,0.3112245202064514,320596000
2012-09-21,0.31168199648691153,0.3144260704876602,0.3105386300482657,0.3125966787338257,340136000
2012-09-24,0.3075658558182309,0.3128253466137546,0.3071085147186212,0.3123680055141449,357832000
2012-09-25,0.316484101494904,0.3178561520486408,0.3061938041218921,0.30665114521980286,481544000
2012-09-26,0.30550781586950587,0.3057365000761778,0.29773293448277227,0.30139169096946716,436812000
2012-09-27,0.30207771550396983,0.30413579157836895,0.29956229827748465,0.303678423166275,558888000
2012-09-28,0.30230650655131275,0.30939539232403146,0.2984190372346504,0.3050505816936493,485508000
2012-10-01,0.3064226309930639,0.30825202349660685,0.29887640395345977,0.300019770860672,504236000
2012-10-02,0.30207770000703427,0.30207770000703427,0.29773291839509713,0.3011630177497864,295492000
2012-10-03,0.3018491098570945,0.30276379231671663,0.2965896175642359,0.29819032549858093,430872000
2012-10-04,0.2988762245988738,0.31328264443650855,0.29727549008135806,0.311453253030777,502608000
2012-10-05,0.31236811061547265,0.31556952664991395,0.30299249224887276,0.30413585901260376,483068000
2012-10-08,0.30299240952428863,0.3043644329101604,0.29887628484666023,0.3011630177497864,240596000
2012-10-09,0.3007056537972612,0.30162033598508364,0.29384542834857513,0.294760137796402,366360000
2012-10-10,0.29338820106094554,0.2947602521349069,0.2885860495620957,0.28972941637039185,326568000
2012-10-11,0.29247334603053504,0.29338802803372716,0.28904324762856615,0.2913299798965454,320516000
2012-10-12,0.2892719751980728,0.2915587080249346,0.286985242371211,0.28881463408470154,260696000
2012-10-15,0.289272051844685,0.29270215199382993,0.28584195169554005,0.2924734950065613,249580000
2012-10-16,0.2949887986476285,0.30184902418780957,0.2922447247875589,0.3009343147277832,367696000
2012-10-17,0.2972755319683505,0.3000196330936002,0.29430277392266646,0.29864758253097534,391752000
2012-10-18,0.297961528203509,0.297961528203509,0.29293072206431015,0.29407408833503723,254772000
2012-10-19,0.28972928019476707,0.29178735583839327,0.2753228597293925,0.2769235670566559,709412000
2012-10-22,0.27806698329188906,0.2796677181667818,0.2714354686330737,0.27372220158576965,480840000
2012-10-23,0.27120677132797305,0.28378382922003237,0.27052074602331444,0.28195443749427795,573948000
2012-10-24,0.2837838717820905,0.28492723837466905,0.2755516214115213,0.27829569578170776,332916000
2012-10-25,0.2805823278151191,0.28355508533612683,0.27738091341403376,0.2785242795944214,307356000
2012-10-26,0.27898165652355983,0.28058236393013675,0.27555155754089355,0.27555155754089355,389376000
2012-10-31,0.27669476561385153,0.27898149696107444,0.2732646685930172,0.2739506661891937,347112000
2012-11-01,0.27532309990284354,0.28721414130118234,0.27509441554517317,0.28698545694351196,473220000
2012-11-02,0.2899581087654856,0.2904154500496233,0.28378393327958673,0.2856132984161377,256700000
2012-11-05,0.2849272042474965,0.2988762859102063,0.2849272042474965,0.2977329194545746,444840000
2012-11-06,0.29841889863519055,0.29841889863519055,0.29247340979815617,0.2975042164325714,350804000
2012-11-07,0.2952174249765406,0.2970468162780992,0.2869851777495263,0.2883572280406952,324620000
2012-11-08,0.2915586178076319,0.2991048392532414,0.28927188568835616,0.2899579107761383,839024000
2012-11-09,0.291558728031913,0.2949888275075817,0.2778383301292383,0.27875301241874695,846280000
2012-11-12,0.27921038068275295,0.28035374728569584,0.26983476363461706,0.2725788652896881,643624000
2012-11-13,0.2712068317701098,0.27738103362803657,0.270292149333386,0.27052080631256104,492120000
2012-11-14,0.27212156440874263,0.2748656392102719,0.26366062848567395,0.2638893127441406,619300000
2012-11-15,0.26549002009830086,0.2723502207146877,0.26320328655950526,0.26503267884254456,466688000
2012-11-16,0.26503263211338984,0.26594731446363046,0.2549709899606964,0.26023048162460327,624552000
2012-11-19,0.2650325164496816,0.26846261465615756,0.2618310751009723,0.2675479054450989,404092000
2012-11-20,0.2665122797572964,0.2676630225351344,0.2616791491160282,0.26444095373153687,336976000
2012-11-21,0.2644410169440224,0.27272635046347454,0.2642108573590882,0.2720359265804291,422312000
2012-11-23,0.2731867519375686,0.2770992740090432,0.27180584888368964,0.27387720346450806,276932000
2012-11-26,0.27433731579452,0.2794005779518983,0.27387702422309806,0.27871012687683105,364600000
2012-11-27,0.2775594576540342,0.28400362366624293,0.27525797175223654,0.2798609435558319,451404000
2012-11-28,0.2787101401931675,0.28354327051368877,0.27525791208875805,0.2821623682975769,398332000
2012-11-29,0.28262268410105135,0.2840035588655319,0.27617851955919903,0.2770991027355194,488688000
2012-11-30,0.2768690133129017,0.27894036713779063,0.27387710351452343,0.27548813819885254,460504000
2012-12-03,0.27894036269698536,0.27894036269698536,0.2697344190063782,0.27042484283447266,391380000
2012-12-04,0.27088526036651694,0.27894046402184325,0.26927419768674266,0.2784801721572876,528068000
2012-12-05,0.27617849598970917,0.27801966218522206,0.27134536613681903,0.2752578854560852,633024000
2012-12-06,0.27456741003508967,0.2775593459909355,0.27364682701907483,0.27571815252304077,412896000
2012-12-07,0.2759483364973363,0.27732923857983843,0.2720358171780701,0.2752578854560852,338288000
2012-12-10,0.2752579110664007,0.286535205960441,0.27456745996090925,0.2844638526439667,513644000
2012-12-11,0.28538448796792415,0.2948205898761257,0.28469403680266286,0.2911382019519806,816724000
2012-12-12,0.2920589557875007,0.29366999100542185,0.2869956630513401,0.28814640641212463,399404000
2012-12-13,0.2876860885044762,0.2939000966028454,0.2856147616169809,0.2883765399456024,377556000
2012-12-14,0.2895271792369975,0.2927492482240751,0.2874558256574131,0.28975731134414673,338660000
2012-12-17,0.28906684348328193,0.2906778777310218,0.2842337133041929,0.28860652446746826,445232000
2012-12-18,0.28860662137565635,0.29228901012342046,0.2876860379066546,0.28906694054603577,416436000
2012-12-19,0.2911382019519806,0.29459043034241444,0.28998745915516927,0.2911382019519806,458544000
2012-12-20,0.2922890031939128,0.292519162773646,0.2876860310862729,0.2909081280231476,334332000
2012-12-21,0.2869956465419354,0.2869956465419354,0.2810117704357236,0.28423386812210083,462172000
2012-12-24,0.2840035606417091,0.2849241712596569,0.28101162414615133,0.2819322347640991,127376000
2012-12-26,0.28124183935075847,0.28584481104436205,0.28055138810954283,0.2817021310329437,196740000
2012-12-27,0.28216242945762954,0.28262274858668995,0.2766388742676656,0.2798609435558319,299804000
2012-12-28,0.27732942877795524,0.28285298602439596,0.2768691094775133,0.2784801721572876,220600000
2012-12-31,0.27755939749169767,0.2833131109990467,0.2768689463836418,0.2821623682975769,326460000
2013-01-02,0.2890668951618681,0.29297941544466877,0.28791615228834594,0.2927492558956146,478836000
2013-01-03,0.29274931923720626,0.2962015486047249,0.28952724946854097,0.29297947883605957,298888000
2013-01-04,0.29343968379359925,0.30356623673758104,0.29251910054227004,0.30264565348625183,524968000
2013-01-07,0.3024155939258343,0.30333617748148334,0.29182874585646457,0.2939000725746155,610732000
2013-01-08,0.2945905047182721,0.2955111156496731,0.2853845600195384,0.28745588660240173,466424000
2013-01-09,0.28975741444340675,0.2911383173211386,0.2791705929790347,0.28101176023483276,695020000
2013-01-10,0.283543293755224,0.28492419608452596,0.2798609058343338,0.28147196769714355,506368000
2013-01-11,0.282622822737481,0.28285295492651413,0.2782499819152524,0.28101176023483276,513172000
2013-01-14,0.2828528935278031,0.2828528935278031,0.2775594702267157,0.2807815670967102,305684000
2013-01-15,0.2794005394588303,0.2794005394588303,0.27410711852708225,0.27571815252304077,375888000
2013-01-16,0.275257982142075,0.2805514054031894,0.275257982142075,0.27824991941452026,337376000
2013-01-17,0.27917045778199573,0.28308297745963135,0.2784800066775024,0.2819322347640991,580736000
2013-01-18,0.2819322711268065,0.2819322711268065,0.27663884855745574,0.2800910770893097,397088000
2013-01-22,0.2798608695233202,0.2823925143199438,0.27732925216256543,0.27871012687683105,308224000
2013-01-23,0.27963083468686994,0.27986096683466644,0.276178605547017,0.27917054295539856,421808000
2013-01-24,0.27824991778571323,0.2817021467485084,0.27686901522624435,0.28055140376091003,396980000
2013-01-25,0.28101172899222426,0.28584486109105955,0.2796308537039001,0.2856147289276123,393920000
2013-01-28,0.2869956004514719,0.29205889208322044,0.2863051490984262,0.29021769762039185,422492000
2013-01-29,0.28906696683154004,0.2897573907781339,0.28285293182514715,0.28400367498397827,388872000
2013-01-30,0.2842338294847735,0.28814635066734756,0.2826227945785231,0.2835433781147003,287592000
2013-01-31,0.28354327051368877,0.2867653665393263,0.28032120192392135,0.2821623682975769,470544000
2013-02-01,0.2844638862411186,0.2856146565100984,0.28216240057490577,0.28469404578208923,288816000
2013-02-04,0.2830830402798743,0.28883675503436845,0.2796308114271778,0.2798609435558319,511744000
2013-02-05,0.28124186567827625,0.28791619172032146,0.2803212822277284,0.28630512952804565,367296000
2013-02-06,0.27940070234865383,0.2863051613016405,0.27778966741346645,0.28400367498397827,530688000
2013-02-07,0.2830830476778449,0.2853845336397886,0.28009111044014273,0.2828528881072998,440000000
2013-02-08,0.28469404578208923,0.2869955314483021,0.2828528517619443,0.28469404578208923,307232000
2013-02-11,0.28699551319756966,0.2909080605300219,0.2842337360609169,0.2879161238670349,408308000
2013-02-12,0.2853844852312828,0.2892970052157483,0.28492419360414667,0.2860749363899231,277804000
2013-02-13,0.2863050802612636,0.29159850278072785,0.2837734624899534,0.28469404578208923,856396000
2013-02-14,0.2807815962503177,0.2932096384349129,0.2773293668827991,0.29297947883605957,882096000
2013-02-15,0.2922890274753798,0.2943603815574191,0.28653531186284875,0.29297947883605957,733860000
2013-02-19,0.2932096210283008,0.29343975317761195,0.2872257461721537,0.28906694054603577,433552000
2013-02-20,0.2899875328276721,0.29459050518432095,0.2840036577896768,0.2849242687225342,713012000
2013-02-21,0.28446392279348504,0.28768601960173235,0.28216243683154135,0.2828528881072998,580408000
2013-02-22,0.2846941763297711,0.2883765660586359,0.28308314111184996,0.28814640641212463,370148000
2013-02-25,0.2888367664244888,0.2911382524170443,0.2826227597317643,0.2830830514431,644444000
2013-02-26,0.28366189038837003,0.2880615288753336,0.2827356318198272,0.2864406108856201,487504000
2013-02-27,0.2864407439937347,0.2938507055687065,0.28574605664555586,0.2917666435241699,476980000
2013-02-28,0.29084039206022,0.2975556382194314,0.2896825890945491,0.2931559979915619,591392000
2013-03-01,0.29107183526361646,0.2952399300170448,0.28852468618399235,0.2943136990070343,389396000
2013-03-04,0.29222973905650507,0.2959347195883321,0.2899141331251632,0.2931559979915619,353680000
2013-03-05,0.29477688674710856,0.29686092083241994,0.2933875122874361,0.2963978052139282,366168000
2013-03-06,0.29825030512531964,0.3010290265320809,0.2947768964658185,0.2961662709712982,342928000
2013-03-07,0.2977870944635327,0.300797386528647,0.2938505714264706,0.2954714894294739,314824000
2013-03-08,0.29616615471867297,0.29825018805465914,0.2947767807585573,0.29686081409454346,246464000
2013-03-11,0.29385065056347726,0.29523999739556434,0.29153501730160514,0.2940821945667267,299748000
2013-03-12,0.29361907632271295,0.2959346819596207,0.2908403550792629,0.29500845074653625,310856000
2013-03-13,0.29500845074653625,0.300102777626894,0.2922297018988896,0.29500845074653625,485840000
2013-03-14,0.2968609333265286,0.29778719220669314,0.29338752463535794,0.29524001479148865,383304000
2013-03-15,0.29523998969381343,0.29523998969381343,0.29153500969650387,0.2926928400993347,355776000
2013-03-18,0.2908404247625827,0.2933875750109426,0.288524818570872,0.29060885310173035,298312000
2013-03-19,0.29084034268438397,0.2922296894448002,0.2866722471947443,0.28875628113746643,355480000
2013-03-20,0.2915349653105307,0.29315591106518846,0.2889878161038535,0.29222965240478516,340588000
2013-03-21,0.29060878356478786,0.2910718991714749,0.28713537510833975,0.28759849071502686,339032000
2013-03-22,0.2885248188714021,0.29014573768644736,0.28736701577434076,0.288987934589386,232476000
2013-03-25,0.2906087934334917,0.29084036504679744,0.28528289476523794,0.28736695647239685,362076000
2013-03-26,0.28806156922466924,0.28968251504562087,0.286903766554957,0.2894509434700012,232540000
2013-03-27,0.28829313397050843,0.29454526271800074,0.2875984468642999,0.29292434453964233,254944000
2013-03-28,0.2922296556348028,0.29732400931284897,0.29014562193319643,0.2970924377441406,349276000
2013-04-01,0.29639780772415936,0.29639780772415936,0.28528289476523794,0.28736695647239685,442828000
2013-04-02,0.28759864124979817,0.2882933288255402,0.28250431170137497,0.2843568027019501,371524000
2013-04-03,0.2838935179435655,0.28551446401489133,0.2787991909307912,0.280883252620697,353156000
2013-04-04,0.27995692273402295,0.28458813295294433,0.2790306917319148,0.2836619019508362,294676000
2013-04-05,0.27949392616712415,0.2885248064994812,0.27879923881783486,0.2885248064994812,551352000
2013-04-08,0.2887562859490239,0.2887562859490239,0.28250415641248267,0.28783005475997925,326660000
2013-04-09,0.28806160874337655,0.29454531010409246,0.2859775746936664,0.2924612760543823,380584000
2013-04-10,0.29269279877221954,0.2975555532773651,0.29199811167028666,0.2970924377441406,384688000
2013-04-11,0.2929243918100159,0.29755560312650675,0.2848197720061569,0.29570311307907104,969220000
2013-04-12,0.29709231209836534,0.3063547292623785,0.29454513633658946,0.3031128942966461,770548000
2013-04-15,0.3021867108027371,0.3031129693108767,0.295008352286639,0.29686081409454346,430420000
2013-04-16,0.2996397737585692,0.3021869243465039,0.29801882712491173,0.3001028895378113,468844000
2013-04-17,0.29778718949155913,0.3005659108983204,0.294313780832058,0.2961662709712982,532948000
2013-04-18,0.29686087021340085,0.2987133599756891,0.2903771698474884,0.2903771698474884,402548000
2013-04-19,0.2901457794247487,0.29199827016737356,0.28644079793949884,0.2910720109939575,303028000
2013-04-22,0.2908403305231864,0.29408216709946566,0.2885247250817886,0.29153499007225037,245568000
2013-04-23,0.29408221880326685,0.3021868392730658,0.2936191031544039,0.29917657375335693,376948000
2013-04-24,0.30010273216809985,0.3119123301691205,0.2998711605978083,0.3093651533126831,556556000
2013-04-25,0.3109860672246589,0.3126069852380013,0.3082073190827124,0.31191229820251465,353224000
2013-04-26,0.311449262158083,0.3119123777651424,0.3089020849129611,0.31052300333976746,324332000
2013-04-29,0.31098622023955835,0.3153858609554178,0.3095968454849695,0.3142280578613281,269712000
2013-04-30,0.3149226951777812,0.3188592195510864,0.3128386333771852,0.3188592195510864,276712000
2013-05-01,0.31885917206106507,0.3209432335512666,0.3149226482740551,0.3160804510116577,341316000
2013-05-02,0.3158489237867612,0.32071170700939916,0.31399643362555635,0.319785475730896,323480000
2013-05-03,0.3218694876088106,0.3234904060359846,0.32001699757595603,0.3211748003959656,293864000
2013-05-06,0.32117486502383147,0.32302735542945027,0.31839614321750437,0.32024863362312317,217116000
2013-05-07,0.3202485463878661,0.3209432335512666,0.31307015837305197,0.3160804510116577,448068000
2013-05-08,0.3165437111932578,0.3237221024873931,0.3153859079267332,0.3218696117401123,334032000
2013-05-09,0.31608050016463796,0.32349043331675814,0.31561738451841775,0.32210108637809753,566800000
2013-05-10,0.3288163069939141,0.338078757227625,0.3288163069939141,0.33668938279151917,861136000
2013-05-13,0.3343737619544264,0.33576313632745824,0.3283531764768828,0.32974255084991455,289812000
2013-05-14,0.33367913683819433,0.3373841174526747,0.33043729950367456,0.3346053957939148,454140000
2013-05-15,0.3329843588916527,0.3415521207801626,0.3329843588916527,0.3403943181037903,313172000
2013-05-16,0.3399311723626642,0.34340458008328617,0.3376155396113921,0.33877336978912354,308368000
2013-05-17,0.3403943530823186,0.3466464826563522,0.33784717589087715,0.34433087706565857,312116000
2013-05-20,0.34294143825858486,0.3450254994613001,0.3417836356806956,0.3436361253261566,236380000
2013-05-21,0.34561442545230453,0.3486400089154977,0.34165790603631835,0.3472435772418976,357784000
2013-05-22,0.3486399781408673,0.3486399781408673,0.3337448100001092,0.33514124155044556,480404000
2013-05-23,0.3311847174225848,0.34165789927861373,0.33025378148820494,0.34049421548843384,393884000
2013-05-24,0.3386324264004701,0.3414252628595652,0.33467587802696475,0.3383996784687042,283304000
2013-05-28,0.3409597864665978,0.3418907226822327,0.33490861783171577,0.3381669223308563,279300000
2013-05-29,0.33607226610183716,0.3381668862356496,0.33467583418301855,0.33607226610183716,335052000
2013-05-30,0.33560673247191436,0.34398526685897346,0.33467576879312444,0.34049421548843384,284504000
2013-05-31,0.33863240481524637,0.34351986137102003,0.33677050471305847,0.33677050471305847,577508000
2013-06-03,0.33723604803321106,0.3397961647128831,0.32932297776976704,0.3363051116466522,444468000
2013-06-04,0.33839965689831636,0.34445082529432264,0.3346758566939406,0.33677050471305847,363676000
2013-06-05,0.3363050146451876,0.33886510284202215,0.3286246668214373,0.3295556306838989,464520000
2013-06-06,0.32955563693306517,0.33421037310039176,0.3293228890269324,0.3316502571105957,341044000
2013-06-07,0.3339777151914082,0.3383997323886213,0.3325813106115699,0.3363051116466522,274584000
2013-06-10,0.3353740501424278,0.3381668862356496,0.33351215016547486,0.33607226610183716,224148000
2013-06-11,0.33165016919260915,0.3363049318704089,0.32978829741477966,0.32978829741477966,296336000
2013-06-12,0.3314174773901171,0.3342103130397317,0.3251335624979706,0.32699546217918396,312588000
2013-06-13,0.32583169283918073,0.33607212452627483,0.3255989727803582,0.33444297313690186,236256000
2013-06-14,0.33560675970447407,0.336072227709434,0.33165021230128333,0.3339775800704956,236012000
2013-06-17,0.33653762244718155,0.3402614211649822,0.3346757230882812,0.33723583817481995,255336000
2013-06-18,0.338865012777329,0.34258881174862055,0.33234837844977283,0.33514124155044556,486772000
2013-06-19,0.3381668847798929,0.36027690876245816,0.3370032007673586,0.3453817367553711,1159588000
2013-06-20,0.3425889021489649,0.3430543702070993,0.3337448980667498,0.33607226610183716,628696000
2013-06-21,0.3379340915455928,0.3390977753064797,0.3300210253249161,0.33560672402381897,714228000
2013-06-24,0.3307191636510586,0.3349084297576926,0.32373706272146957,0.32862451672554016,580772000
2013-06-25,0.3321157023640555,0.33281389048733473,0.3274609391609192,0.3309520184993744,457360000
2013-06-26,0.3346758201629774,0.335141315946027,0.3276937163502054,0.3290901482105255,579752000
2013-06-27,0.33002107669102787,0.3304865447189485,0.3225735050110566,0.3260645568370819,808036000
2013-06-28,0.326064698440284,0.33002122001246603,0.32187542888085713,0.3267629146575928,431536000
2013-07-01,0.32909014708227186,0.3297883630100381,0.326064563224894,0.3281591832637787,199524000
2013-07-02,0.32629733652126397,0.3328139733345437,0.3249009321826875,0.32792651653289795,256392000
2013-07-03,0.3251336512978583,0.33281397224024134,0.3251336512978583,0.3288574516773224,140388000
2013-07-05,0.32978831938409203,0.33211568700582844,0.32769367187788295,0.3314174711704254,184684000
2013-07-08,0.33234838498149954,0.3339775366593047,0.32792639789254147,0.32978829741477966,262084000
2013-07-09,0.33048650747508457,0.333512090932224,0.3295555715241542,0.3314174711704254,157364000
2013-07-10,0.33141752190354007,0.3367704738018413,0.33048655806568805,0.33583950996398926,208468000
2013-07-11,0.3377013521964741,0.3409596834556238,0.33700313637348417,0.34049421548843384,239832000
2013-07-12,0.33979597615167756,0.34398524305531125,0.3386322924420242,0.34072691202163696,216360000
2013-07-15,0.34142522456483654,0.34142522456483654,0.3346758404892564,0.3400287926197052,201332000
2013-07-16,0.34142516512036775,0.3437525327940986,0.33979601329763837,0.3418906331062317,162560000
2013-07-17,0.34189069263174166,0.3430543766712124,0.33909785648589497,0.3400287926197052,166100000
2013-07-18,0.3395633110988326,0.3407269950921966,0.33421035918047515,0.33863237500190735,344488000
2013-07-19,0.3365376743893634,0.33816682617569677,0.32792641973782083,0.3314174711704254,480532000
2013-07-22,0.3339776707745378,0.3370032552451061,0.3297884298477416,0.33118483424186707,292384000
2013-07-23,0.33537393726033915,0.33537393726033915,0.3290900512295528,0.3307192027568817,246792000
2013-07-24,0.33374478573301025,0.33467572153593933,0.3302537348554172,0.3307192027568817,284252000
2013-07-25,0.3304864032042872,0.3363048481672782,0.3281590363168515,0.3318828344345093,243320000
2013-07-26,0.32792653678195294,0.33258127368680285,0.32792653678195294,0.33048662543296814,227360000
2013-07-29,0.32978829741477966,0.3339775366593047,0.3288573337814562,0.32978829741477966,179540000
2013-07-30,0.33095212784850025,0.33979613369108674,0.3307193799008976,0.335374116897583,266076000
2013-07-31,0.3337448980667498,0.3393305702531933,0.33351215016547486,0.33607226610183716,270160000
2013-08-01,0.33723586089267693,0.3414251277963106,0.33327934182873714,0.34072691202163696,277648000
2013-08-02,0.3400287846278394,0.344218052620355,0.33770141660359915,0.34351983666419983,209628000
2013-08-05,0.3425888649590754,0.34631266450874265,0.3407269651842418,0.3451489806175232,185188000
2013-08-06,0.345381744750154,0.3460799607227197,0.33933057664713956,0.3400287926197052,206608000
2013-08-07,0.3381668568035581,0.34328708823064735,0.3379341366669533,0.3397960364818573,244380000
2013-08-08,0.34165789148518483,0.34375251116196504,0.33770134449329653,0.3421233594417572,345696000
2013-08-09,0.3286245571079567,0.34235604060349123,0.32839183702834807,0.33723583817481995,906224000
2013-08-12,0.3235043257845326,0.3393304273050207,0.30511810940617007,0.33444297313690186,257568000
2013-08-13,0.33490850821840495,0.3370031278902377,0.33281386080216285,0.33560672402381897,197468000
2013-08-14,0.33490854550017274,0.3518983358492944,0.3346757976243223,0.34980371594429016,828508000
2013-08-15,0.3460798723464249,0.3549238743368475,0.34468344075789176,0.35213103890419006,723616000
2013-08-16,0.35143283884770854,0.3584149416142275,0.3507346230221746,0.3535274863243103,660456000
2013-08-19,0.3514329578252404,0.3525966420136252,0.3477091573246413,0.34794190526008606,393432000
2013-08-20,0.34782490142342,0.3520352918711586,0.3473570864590721,0.34969618916511536,234192000
2013-08-21,0.34759094716403355,0.35203525861626767,0.3466553173237217,0.3480587899684906,261540000
2013-08-22,0.3478248095764515,0.35320474995657936,0.3478248095764515,0.3499300181865692,129016000
2013-08-23,0.3503978330273855,0.35320474995657936,0.34922828198319666,0.3499300181865692,245120000
2013-08-26,0.35016401809347336,0.35156749092678924,0.3492283881274661,0.35063183307647705,300152000
2013-08-27,0.34735702348443087,0.3496961257664029,0.34501792120245883,0.3461874723434448,277464000
2013-08-28,0.3468892086048962,0.3494622043844862,0.34478399982054214,0.3461874723434448,318824000
2013-08-29,0.34501796172834226,0.34876053697282067,0.3440823039750716,0.34548577666282654,276216000
2013-08-30,0.3457196462423361,0.3466552759710362,0.34338054403628804,0.3450179100036621,378120000
2013-09-03,0.34595362444723854,0.3501640150259977,0.34314670668950065,0.3452518880367279,284680000
2013-09-04,0.3452518368872221,0.3506317780583522,0.344784021977624,0.34852659702301025,222080000
2013-09-05,0.3471230495992282,0.35086562383802855,0.34688915613698723,0.3494621515274048,174904000
2013-09-06,0.3496961561311869,0.3515674436961117,0.3454857660811813,0.3480587899684906,226756000
2013-09-09,0.3508657032906806,0.3539065420627594,0.34993007346125676,0.3539065420627594,246408000
2013-09-10,0.356479565131274,0.36162558495031927,0.35484217110695443,0.36139166355133057,292132000
2013-09-11,0.3609238417545483,0.3684089917678308,0.3583508179519449,0.3674733340740204,396164000
2013-09-12,0.3656020514330519,0.37191765032629137,0.3656020514330519,0.36723944544792175,303808000
2013-09-13,0.3684090485455252,0.3712159662909467,0.36583602434637785,0.36957859992980957,159696000
2013-09-16,0.37261934406270647,0.37519233972126165,0.3684089545763557,0.36981239914894104,231412000
2013-09-17,0.37121582322450447,0.37402273988814133,0.36957845749440743,0.370981901884079,168608000
2013-09-18,0.37121603931706454,0.3751925092290269,0.36934475115722637,0.3742568790912628,268168000
2013-09-19,0.37589421297538134,0.37659594945962854,0.3709820854699588,0.37261947989463806,227572000
2013-09-20,0.3735550720958965,0.3758941748834782,0.36864294508825307,0.36934468150138855,356036000
2013-09-23,0.369110757006082,0.37215159618156674,0.3637308150624251,0.3658360242843628,271244000
2013-09-24,0.36606989422832936,0.3686428901808523,0.36396468530248266,0.36723944544792175,229732000
2013-09-25,0.3665377310153691,0.37051419982245065,0.36490033690277474,0.3677072823047638,233156000
2013-09-26,0.3686428710952139,0.36934460736749863,0.36443248134580436,0.3665376901626587,148816000
2013-09-27,0.3637307773792253,0.36677161623967336,0.3623273325943043,0.36443251371383667,151920000
2013-09-30,0.360690003740202,0.3665377606601291,0.35858479451844555,0.3639647364616394,226640000
2013-10-01,0.36443261416590084,0.36607000869275863,0.3616256959380593,0.36373087763786316,226976000
2013-10-02,0.3599881866347279,0.3649002846157435,0.3599881866347279,0.3634968400001526,162036000
2013-10-03,0.3637307325820247,0.3670054924454565,0.35811689836513905,0.3597542643547058,436768000
2013-10-04,0.359286608250495,0.36770739118121243,0.3583509502113539,0.36466655135154724,246228000
2013-10-07,0.3632630782349908,0.36723957610379715,0.3613917900410191,0.36466655135154724,169952000
2013-10-08,0.36373088291941325,0.36887693227687346,0.3588187829204418,0.36162570118904114,290712000
2013-10-09,0.3639647444320711,0.3641986658677126,0.3541405181683146,0.3560117781162262,275860000
2013-10-10,0.3585847102982538,0.3609238125168436,0.3560116867040858,0.35998818278312683,223484000
2013-10-11,0.35437445704827664,0.358818769703809,0.35320490548908,0.35694748163223267,213704000
2013-10-14,0.35601179662209814,0.3623273968696594,0.35601179662209814,0.3623273968696594,166628000
2013-10-15,0.3623273071058601,0.36443248807730044,0.3602220982501201,0.36045601963996887,208820000
2013-10-16,0.36256118868171056,0.3663037634903475,0.36209337380170564,0.36490029096603394,210072000
2013-10-17,0.36209345167487245,0.36653776370147645,0.36209345167487245,0.3656021058559418,213324000
2013-10-18,0.3649002734341489,0.3709819502349108,0.36349682886156354,0.36981239914894104,255068000
2013-10-21,0.37425675635739897,0.37449064987298186,0.3695785514341303,0.3707481026649475,195008000
2013-10-22,0.370748012526466,0.3709819059851834,0.3656019660545676,0.36887672543525696,179452000
2013-10-23,0.3681750886802155,0.3681750886802155,0.36139167462892136,0.3625612258911133,252216000
2013-10-24,0.3634968361110116,0.3658359383296014,0.3592864465406903,0.35998818278312683,236436000
2013-10-25,0.36185940568283287,0.36209329913245347,0.3553099150604741,0.3564794659614563,330492000
2013-10-28,0.35601181286661676,0.3576492073073235,0.3508657917389453,0.35577791929244995,394024000
2013-10-29,0.35531009630264015,0.3569474628223703,0.3520353353788727,0.3562457263469696,387952000
2013-10-30,0.35741525096146504,0.3590526173580403,0.35297093887441217,0.3560117781162262,204032000
2013-10-31,0.3564796039871073,0.35905260023493296,0.3546083162441317,0.3553100526332855,293368000
2013-11-01,0.35718137521348675,0.35858484823824616,0.35437445704827664,0.35694748163223267,206136000
2013-11-04,0.35811692783917454,0.35811692783917454,0.34595357289434675,0.34665530920028687,410264000
2013-11-05,0.34455010632292415,0.3478248383639655,0.34080753151804943,0.3461874723434448,422368000
2013-11-06,0.34618749459071896,0.3487605184199596,0.342678840942282,0.34852659702301025,198044000
2013-11-07,0.347356996752736,0.3482926264398017,0.3396379542394061,0.34033969044685364,553076000
2013-11-08,0.35086574980728086,0.3651342878456248,0.34946227699277654,0.3639647364616394,734532000
2013-11-11,0.36256115673566014,0.36794109709242545,0.36185944841963114,0.36700546741485596,297624000
2013-11-12,0.3686429121825587,0.3707481212340505,0.36349689208608243,0.3677072823047638,316032000
2013-11-13,0.36677155514671284,0.37776535749435425,0.36606984681328636,0.37776535749435425,332792000
2013-11-14,0.3765958394581821,0.3817418590323597,0.37636191807032426,0.379402756690979,307980000
2013-11-15,0.38080612798927443,0.38127394275629395,0.37449053103948904,0.3782331049442291,450332000
2013-11-18,0.3700463014147252,0.3733210331326505,0.3681750141969268,0.369110643863678,316948000
2013-11-19,0.36734698410050703,0.3706394522419979,0.3626434421639079,0.36311379075050354,206716000
2013-11-20,0.3633489379460646,0.36428966312071237,0.35699916216730343,0.35770469903945923,204776000
2013-11-21,0.35817505899953384,0.3612323668525548,0.3565288249356984,0.36052682995796204,213568000
2013-11-22,0.3609970431730237,0.3609970431730237,0.35629350301993845,0.3569990396499634,158668000
2013-11-25,0.3569991327486948,0.36523033016313716,0.3569991327486948,0.36475998163223267,248208000
2013-11-26,0.3687580693576124,0.3718153775509314,0.3664062981374169,0.36781737208366394,753176000
2013-11-27,0.36758204178586107,0.37040418858843077,0.36523027147392867,0.3692283034324646,181272000
2013-11-29,0.36922834115573094,0.3701690381624875,0.36452477201599903,0.3668765425682068,116964000
2013-12-02,0.3654655138683098,0.3729911743744675,0.36475997706313174,0.3704042434692383,373872000
2013-12-03,0.37040408270743214,0.3753427821295616,0.3678171248896699,0.37016889452934265,290560000
2013-12-04,0.36922840721975975,0.37604853182732345,0.36828768200936796,0.37534299492836,493176000
2013-12-05,0.37604842612294315,0.37604842612294315,0.36875792694182724,0.3692283034324646,271812000
2013-12-06,0.37369657981102167,0.37369657981102167,0.36287842736213294,0.3638191521167755,281000000
2013-12-09,0.36381931455104866,0.36499519999286817,0.35699916216730343,0.35770469903945923,385220000
2013-12-10,0.35770466476042534,0.36758209591808527,0.35723431623583535,0.3659358620643616,524268000
2013-12-11,0.36664144388195696,0.36711179246429226,0.36170271367913376,0.36240825057029724,414156000
2013-12-12,0.36123236555007265,0.3631137879170957,0.35464740128315264,0.3553529381752014,258724000
2013-12-13,0.3560584651239664,0.3586453962754745,0.352765969064792,0.3532363176345825,184588000
2013-12-16,0.3534714976248001,0.3567639655712275,0.35323630932777544,0.3537066578865051,237620000
2013-12-17,0.35347151580817837,0.35629363534105235,0.35041420796618106,0.3553529381752014,274104000
2013-12-18,0.3560584059649379,0.36099710718015476,0.3515900252060475,0.36029157042503357,426232000
2013-12-19,0.35982116945332293,0.3621729396038431,0.3574693993028028,0.3617025911808014,258544000
2013-12-20,0.36240808269124425,0.36922823209941763,0.36146735792702644,0.36899304389953613,382080000
2013-12-23,0.37110963463783264,0.3741669411345597,0.3680523561764144,0.37110963463783264,168568000
2013-12-24,0.37322628964882404,0.37322628964882404,0.36828756101394716,0.372050404548645,79600000
2013-12-26,0.3734614618730948,0.37463734692286493,0.3675820085889332,0.3685227334499359,168920000
2013-12-27,0.3704041342104281,0.3713448309829746,0.36828752441923446,0.37063929438591003,210976000
2013-12-30,0.3708745644778839,0.37581329371239236,0.3704042159877678,0.3755781054496765,248180000
2013-12-31,0.3762836076325788,0.3786353779024132,0.3739318373627443,0.37675395607948303,235776000
2014-01-02,0.374402248070135,0.3758133216808126,0.36969870674829997,0.3729911744594574,260092000
2014-01-03,0.3736966220618622,0.3744021586987865,0.3673468484001658,0.3685227334499359,259332000
2014-01-06,0.3722854232090224,0.37628345345787756,0.36875776924965714,0.3734613358974457,409492000
2014-01-07,0.37722431665255196,0.38098716041937175,0.374637386093763,0.37957608699798584,333288000
2014-01-08,0.38098725330581734,0.3866315203321453,0.3795761795404052,0.384750097990036,308192000
2014-01-09,0.3788706010254216,0.3795761378305996,0.3692283581390475,0.3704042434692383,292172000
2014-01-10,0.37158013533446765,0.37416706628519364,0.3666414056466809,0.3699338734149933,218492000
2014-01-13,0.3699339171564339,0.3722856881362528,0.36052683323715834,0.36123237013816833,243332000
2014-01-14,0.3631136932554674,0.3732263113110095,0.36146743159141737,0.37252077460289,241828000
2014-01-15,0.37416701557053844,0.37792985939743745,0.37252078190951304,0.37651878595352173,175044000
2014-01-16,0.3765188109185146,0.3784002329567114,0.37487257714833605,0.377694696187973,220652000
2014-01-17,0.37769473926417596,0.3821631206189281,0.37369673449910684,0.3760485053062439,340400000
2014-01-21,0.3765187415938169,0.3798112365632755,0.3734614628843846,0.37745946645736694,246076000
2014-01-22,0.3781650710744182,0.37863541957308666,0.3725208049844488,0.3769891858100891,337940000
2014-01-23,0.37581329371239236,0.37981129793135293,0.3727559864736641,0.3755781054496765,185028000
2014-01-24,0.3725208255145741,0.37393189912366165,0.3659358620643616,0.3659358620643616,246696000
2014-01-27,0.3659359919020927,0.3711098835789659,0.36146760924476723,0.3635842204093933,233812000
2014-01-28,0.36287860867835237,0.3673469904161373,0.36146753485898414,0.36711180210113525,167996000
2014-01-29,0.3657008035386917,0.3678174147033178,0.3633490320459923,0.3635842204093933,162944000
2014-01-30,0.36570064129459645,0.3704042102285716,0.36452475606993145,0.3696986734867096,202896000
2014-01-31,0.36452473477328623,0.37134488549907835,0.3642895745632811,0.3692283034324646,335348000
2014-02-03,0.3718153325697599,0.3722856811498327,0.36287859740709316,0.36428967118263245,431728000
2014-02-04,0.36405440210007783,0.36711170924518993,0.36217298016190774,0.3664061725139618,280692000
2014-02-05,0.3638193276480577,0.36499521313220745,0.36029164316028695,0.36311379075050354,214676000
2014-02-06,0.3635841782802472,0.3687580693576124,0.36311382964327293,0.36781737208366394,168380000
2014-02-07,0.36875793428031334,0.3736966632477803,0.3654654669922115,0.3732263147830963,157248000
2014-02-10,0.3727558429069173,0.3793408033382955,0.3725206547347841,0.37440207600593567,324372000
2014-02-11,0.37651881146999244,0.3831037745956678,0.3746374174643563,0.38216307759284973,235384000
2014-02-12,0.38333891461376773,0.3986254492503416,0.38333891461376773,0.395803302526474,744528000
2014-02-13,0.40568077608021175,0.41061950500755595,0.39862546506132795,0.40826770663261414,902836000
2014-02-14,0.4045049570422977,0.4221432374731628,0.40426976875575876,0.42120254039764404,817536000
2014-02-18,0.4214377767006753,0.4228488224747209,0.41743974358590874,0.4209674000740051,428988000
2014-02-19,0.42096730655577463,0.4303744164695562,0.4190858845730184,0.4266115725040436,450340000
2014-02-20,0.42755228600428047,0.4426036344128072,0.42684677726437725,0.4416629374027252,398088000
2014-02-21,0.4409574252072013,0.44660169168826325,0.4355483470094279,0.4383704662322998,451052000
2014-02-24,0.4374297092848227,0.4480126759482528,0.4334317052634787,0.44472020864486694,403112000
2014-02-25,0.44412966257927505,0.44601957987187185,0.4379874384188119,0.4427122175693512,242184000
2014-02-26,0.4417672383368998,0.4483819342609563,0.44058604364195764,0.4420034885406494,360884000
2014-02-27,0.44200356418388353,0.44649209352805663,0.4358613394542604,0.4370425343513489,388848000
2014-02-28,0.4346801800084963,0.4389324876172029,0.42782923214949403,0.4342077076435089,321692000
2014-03-03,0.424521849286905,0.4320814907550812,0.4207420144718635,0.4320814907550812,375948000
2014-03-04,0.43420756968896823,0.4394048203764017,0.4334988472857043,0.4365699589252472,260344000
2014-03-05,0.4360974514825722,0.4405860078559167,0.4342075626536909,0.4403497576713562,241472000
2014-03-06,0.44105862734060114,0.44342101732744815,0.43349898501507284,0.4342077076435089,290144000
2014-03-07,0.4360977015841724,0.43680642438240497,0.4304279755221451,0.43373531103134155,268452000
2014-03-10,0.4323176593008014,0.4342075763512026,0.42546671351333476,0.42735663056373596,300888000
2014-03-11,0.42948283715929697,0.4353888394309421,0.42806542027010314,0.43160900473594666,297220000
2014-03-12,0.42948282765604573,0.4353888297970076,0.427829160574291,0.43279018998146057,239428000
2014-03-13,0.433735082312035,0.4353887773565155,0.4169621069669769,0.4190882742404938,385172000
2014-03-14,0.4148360809459434,0.42475811310821215,0.4148360809459434,0.42097827792167664,460048000
2014-03-17,0.42215947289723027,0.4252305854660517,0.4205058055638371,0.42097827792167664,299656000
2014-03-18,0.4226319120783963,0.43373513760475474,0.4207419947594212,0.4309002757072449,293904000
2014-03-19,0.43420756534391125,0.44672823380327725,0.433026342575691,0.4384598433971405,366168000
2014-03-20,0.4360973877989813,0.44247586023165514,0.43420749924608176,0.438696026802063,191800000
2014-03-21,0.44247600396086617,0.446019588391458,0.43562505716457856,0.43798744678497314,566116000
2014-03-24,0.4382237689161763,0.4417673539282048,0.4294829033569778,0.43586137890815735,306096000
2014-03-25,0.4405861589241953,0.44105863129341705,0.43255401599978455,0.43586137890815735,304424000
2014-03-26,0.4398771933458238,0.4481455538072859,0.42215924990936754,0.42593908309936523,557756000
2014-03-27,0.4249942681317763,0.428537852264361,0.4155446822829805,0.4202694892883301,540728000
2014-03-28,0.4195608871242975,0.42546686237194353,0.4183796920747683,0.4228682219982147,398820000
2014-03-31,0.4235768777158945,0.4273567125417666,0.42074201567744385,0.4231044054031372,273404000
2014-04-01,0.4365700038034348,0.44578331150726475,0.43137272441983426,0.44058606028556824,656272000
2014-04-02,0.44058606555186125,0.4415310100900449,0.4358612865371342,0.4377512037754059,239948000
2014-04-03,0.4386960219625993,0.45310660507181594,0.43845977181514484,0.4424758553504944,599548000
2014-04-04,0.4448384963967464,0.4474371368445662,0.4268843198672381,0.42877423763275146,368032000
2014-04-07,0.42901035189230724,0.4384599101821943,0.4266479623198354,0.4301915466785431,428576000
2014-04-08,0.4301914572828501,0.4467282090156472,0.42948273492600314,0.4455470144748688,470692000
2014-04-09,0.44767325772283934,0.4514530923990571,0.4415310334144619,0.4450746178627014,421968000
2014-04-10,0.4431847952259095,0.44932699229456563,0.4327902623866367,0.4342077076435089,372748000
2014-04-11,0.43090019113120553,0.43751488636834923,0.422395578946035,0.42806532979011536,353112000
2014-04-14,0.4309002726757814,0.4344438570632153,0.42806541079821536,0.43279018998146057,290184000
2014-04-15,0.4332627386345723,0.4382237689161763,0.4290104309877561,0.43586137890815735,304636000
2014-04-16,0.43798742649260824,0.4384598987624159,0.4313727302295874,0.43680623173713684,235136000
2014-04-17,0.4351525097642065,0.4424759275881472,0.43420756534391125,0.4384598433971405,153532000
2014-04-21,0.43869612649766965,0.4431846832355915,0.4358612648621891,0.4420034885406494,117004000
2014-04-22,0.4427121754983749,0.44861817703720636,0.44034978614760323,0.4457832872867584,255120000
2014-04-23,0.4464920171542933,0.45216176858763507,0.4457832947048877,0.4509805738925934,261580000
2014-04-24,0.45405173066812415,0.4597214545006773,0.45405173066812415,0.45499667525291443,391492000
2014-04-25,0.4540515774997378,0.4583038830206457,0.44153088292257253,0.4424758553504944,313600000
2014-04-28,0.44601956171993895,0.44838195119906504,0.4351525588511975,0.44058606028556824,226788000
2014-04-29,0.44223957574315864,0.44318454810813096,0.436569854200902,0.44153085350990295,171300000
2014-04-30,0.44082230254449734,0.4412947747994169,0.43538880120816315,0.4363337457180023,305740000
2014-05-01,0.44294833236988,0.4438932766463298,0.4351524435225315,0.438696026802063,198104000
2014-05-02,0.44082224449827717,0.44082224449827717,0.43279010457467926,0.4353887438774109,156376000
2014-05-05,0.43491638339643823,0.44342099824791453,0.4344439110517804,0.4401136636734009,239260000
2014-05-06,0.44436591156630906,0.4481457179790903,0.4299553239324608,0.43113651871681213,416188000
2014-05-07,0.4311365324395487,0.4351525892017901,0.4268842254481553,0.43160900473594666,293900000
2014-05-08,0.4299553649688181,0.4438934534896989,0.4278291972569142,0.4370425343513489,432728000
2014-05-09,0.42381313608147714,0.42782919305979783,0.41837963397579275,0.4264117479324341,539532000
2014-05-12,0.4273566637884497,0.43987733353863406,0.4271204135780693,0.4389323890209198,299856000
2014-05-13,0.43302638285706674,0.44011357931615575,0.4304277713785741,0.43184518814086914,221104000
2014-05-14,0.4320814303084707,0.4337350972479943,0.4273566515316015,0.4275928735733032,214320000
2014-05-15,0.4266480377480816,0.4290104277382066,0.4209782848746355,0.42523059248924255,325896000
2014-05-16,0.42192311206735034,0.42735661280069775,0.42192311206735034,0.42428550124168396,283960000
2014-05-19,0.42877413853019664,0.4403498364053677,0.4268842212014999,0.43798744678497314,360076000
2014-05-20,0.43810615091819805,0.43929278619316803,0.4307490291883541,0.43288496136665344,256200000
2014-05-21,0.4345462450932881,0.4383434892898387,0.43027435244507284,0.43288496136665344,216712000
2014-05-22,0.43193568856083986,0.4371568784036725,0.43193568856083986,0.43478360772132874,130364000
2014-05-23,0.43715681354173436,0.44095405738672605,0.4345462048618508,0.438818097114563,182656000
2014-05-27,0.4414286314239986,0.44664981961250305,0.44000465814912953,0.44664981961250305,209680000
2014-05-28,0.44831121012742614,0.45329506088371396,0.4440393178423122,0.450447142124176,224676000
2014-05-29,0.4502097533958984,0.4540069968447942,0.44878580832127074,0.4497351050376892,171884000
2014-05-30,0.449735168504059,0.45210843892163066,0.4473618980864873,0.45092180371284485,239128000
2014-06-02,0.4523457075482555,0.4551936259519949,0.4457005457451229,0.449497789144516,181500000
2014-06-03,0.4504470610367091,0.45092170936258563,0.441665939695752,0.4475991427898407,243212000
2014-06-04,0.4464126101184447,0.4513964611195406,0.4461752717553191,0.4480738937854767,161236000
2014-06-05,0.4487858156724191,0.45139639583113683,0.44617520722208986,0.4499724507331848,188696000
2014-06-06,0.45210839977645906,0.4556683050945872,0.45044711628632184,0.4516337513923645,161052000
2014-06-09,0.45115911618511845,0.4563803051458773,0.44807385916097486,0.4521084129810333,247456000
2014-06-10,0.4504471963077432,0.45661771127199513,0.44854857414246435,0.45448175072669983,217608000
2014-06-11,0.4528203110215408,0.4616014319758946,0.4528203110215408,0.4604147970676422,266228000
2014-06-12,0.4604149074003475,0.4653987582343606,0.45638032511216575,0.4632628262042999,337148000
2014-06-13,0.4680092599585938,0.4682465982594922,0.4592281389078662,0.4637373685836792,227852000
2014-06-16,0.4616014850288253,0.46539870019669094,0.45827888992888044,0.4623134434223175,198620000
2014-06-17,0.462788030022957,0.4672972309985137,0.4604147603954838,0.4653986096382141,157608000
2014-06-18,0.46421205079343175,0.46705999744575455,0.4599401591065579,0.46492403745651245,215536000
2014-06-19,0.45638030717499367,0.45875357746694617,0.45092177984518017,0.45424437522888184,474592000
2014-06-20,0.4554310776454635,0.4570923614368917,0.4457006566945562,0.44926056265830994,353148000
2014-06-23,0.4433272389634591,0.4442765355888522,0.4381060226489721,0.4440392255783081,414200000
2014-06-24,0.4433272801664304,0.44688718527992566,0.4352581449342079,0.4371567666530609,275780000
2014-06-25,0.4383434399625541,0.4419033453868639,0.43430888613999236,0.44166600704193115,215420000
2014-06-26,0.44166607775343886,0.44190341613636985,0.434308955673612,0.435732901096344,256908000
2014-06-27,0.4352582672154004,0.4388181733290135,0.4326476580821032,0.4362075924873352,302820000
2014-06-30,0.43454629701662373,0.44119146100880047,0.43454629701662373,0.440004825592041,180512000
2014-07-01,0.4395300515416579,0.44759918704582446,0.43810607813162505,0.44498857855796814,321180000
2014-07-02,0.44332724809646606,0.4452258696779742,0.4407166398854413,0.44332724809646606,179284000
2014-07-03,0.43929277958033636,0.4485485515607418,0.43929277958033636,0.44736191630363464,136892000
2014-07-07,0.4480739818334606,0.4483113202432239,0.4430901015614005,0.4438020884990692,127496000
2014-07-08,0.44261520245653097,0.4445138237849108,0.4359700419530042,0.4402419328689575,221940000
2014-07-09,0.4440392872068024,0.45543098975062285,0.4407166919735648,0.4535323679447174,387668000
2014-07-10,0.44498854672151256,0.4530576816483774,0.44142864174273366,0.4511590600013733,266308000
2014-07-11,0.4516337645830759,0.4535323864665191,0.44997248104441806,0.4521084129810333,191188000
2014-07-14,0.4540069598936054,0.45899083797819673,0.4523456766292779,0.45780420303344727,272636000
2014-07-15,0.4585163332809695,0.4608896039138547,0.45543107579989534,0.4597029685974121,395440000
2014-07-16,0.46160151614262723,0.4651614215164845,0.4566176373025819,0.4592282176017761,319728000
2014-07-17,0.4540070248006395,0.4627881472804643,0.4540070248006395,0.45804157853126526,324832000
2014-07-18,0.44854839059921214,0.45210829509306233,0.4369193522776713,0.4376313388347626,567816000
2014-07-21,0.4359700419530042,0.44332718899112405,0.4359700419530042,0.4402419328689575,243364000
2014-07-22,0.4435645339651367,0.44593780373992353,0.4373940495256552,0.438343346118927,298816000
2014-07-23,0.43858077807538515,0.4388180881285788,0.4286130202593021,0.42908766865730286,297352000
2014-07-24,0.43146089972464247,0.4326475347576011,0.4267143595928078,0.4297996163368225,254576000
2014-07-25,0.4283756049740458,0.42932492989115273,0.42149313371016045,0.4222051203250885,266132000
2014-07-28,0.4241036944863805,0.4241036944863805,0.41342398061799823,0.4205437898635864,330352000
2014-07-29,0.4207811694412205,0.427663669362216,0.4205438311264377,0.4219678044319153,217972000
2014-07-30,0.42457846643887553,0.4302743037981115,0.4233918312980669,0.42908766865730286,246184000
2014-07-31,0.42386641461618524,0.42718898118366155,0.41461064496402855,0.4153226315975189,401880000
2014-08-01,0.41532270101960667,0.42220520190495975,0.41389872751460566,0.41983193159103394,219884000
2014-08-04,0.41935722698424566,0.4229171322182015,0.41674664678764517,0.4188825786113739,241724000
2014-08-05,0.41769595087162553,0.42529043813744366,0.4141360455751279,0.4191199243068695,298136000
2014-08-06,0.41627196430379626,0.4238664513300228,0.41318673577745463,0.4186452627182007,223456000
2014-08-07,0.4222051346695826,0.42600234959219624,0.4115253916660318,0.41437333822250366,407696000
2014-08-08,0.4324102887974627,0.45329507413041653,0.4324102887974627,0.45092180371284485,894348000
2014-08-11,0.45139635439091974,0.45329497597216517,0.44736180121302865,0.44854843616485596,344624000
2014-08-12,0.44831112614945584,0.45092170606851056,0.4435645580505377,0.44854843616485596,296152000
2014-08-13,0.44926043835436924,0.45495630329538145,0.4464125200296681,0.4511590600013733,256596000
2014-08-14,0.4528204100282649,0.4528204100282649,0.4442766255041527,0.4461752474308014,255992000
2014-08-15,0.44759911641649336,0.45448158746519846,0.4433272251520938,0.45187100768089294,369796000
2014-08-18,0.45376968646111504,0.4585162552103141,0.4492604843430532,0.45804157853126526,284076000
2014-08-19,0.4581607580797518,0.46412017937391037,0.4564920973839776,0.46173641085624695,248260000
2014-08-20,0.46006771912028077,0.4622131276914872,0.45768395076344726,0.458875834941864,221468000
2014-08-21,0.45768395011896756,0.4600677184724445,0.45386993780346074,0.4545850455760956,272796000
2014-08-22,0.45410841718442824,0.4586375952989116,0.4512479000902516,0.4548235535621643,251224000
2014-08-25,0.45673042517972,0.4598293295260682,0.4545850167475904,0.4555385410785675,153380000
2014-08-26,0.45673045654964467,0.46459689784089897,0.4550618243767751,0.4636434018611908,269636000
2014-08-27,0.46078288550599344,0.4643585382755579,0.4576839807556851,0.45839911699295044,182972000
2014-08-28,0.4574456510698539,0.46316668451108994,0.45601537850116286,0.4622131884098053,179704000
2014-08-29,0.4638817616477376,0.46459689784089897,0.45887583671236837,0.4636434018611908,207932000
2014-09-02,0.4648353159427643,0.4648353159427643,0.46054452692456965,0.4648353159427643,192636000
2014-09-03,0.46721905512710743,0.4707947076816401,0.4641201505631603,0.4691260755062103,259456000
2014-09-04,0.46841105690796864,0.48032993016544073,0.4681726686444475,0.47746938467025757,491832000
2014-09-05,0.4769924286620639,0.4791378369761841,0.47294002862440176,0.47603893280029297,253792000
2014-09-08,0.475562243792333,0.47651573977224365,0.4698411826625875,0.4717482030391693,319288000
2014-09-09,0.46960288248485615,0.4727017874380649,0.46531209319708744,0.4657888412475586,198588000
2014-09-10,0.4684109082056884,0.4691260443524563,0.4631665954072301,0.4674573838710785,172376000
2014-09-11,0.46412020872880677,0.46578884111335717,0.457684010590626,0.46268993616104126,250720000
2014-09-12,0.4655504827976715,0.4655504827976715,0.4553002711813426,0.45577701926231384,262536000
2014-09-15,0.4572072631551711,0.4579223994400156,0.4476721884686152,0.4495792090892792,294152000
2014-09-16,0.44838720756051487,0.45863741585286455,0.44695693536464964,0.45625364780426025,219936000
2014-09-17,0.4550618521288979,0.46078288518956745,0.4529164434185752,0.4564920961856842,173584000
2014-09-18,0.45935267163393795,0.4638818207396414,0.457922399065419,0.4634050726890564,219604000
2014-09-19,0.46483540601693407,0.4653121541298355,0.45410841718442824,0.4548235535621643,601316000
2014-09-22,0.4641202403209942,0.4641202403209942,0.4498175989200652,0.4502943754196167,221464000
2014-09-23,0.44791063765412836,0.4533933123761697,0.4462420049344035,0.44838741421699524,196144000
2014-09-24,0.44814893562607633,0.4524397249098244,0.44767218757605187,0.45100945234298706,159592000
2014-09-25,0.450532643320302,0.45172452749244196,0.44028243375654647,0.4412359297275543,298440000
2014-09-26,0.4426663223566567,0.4455268394635357,0.44075930147981474,0.4421895742416382,241188000
2014-09-29,0.43861377256160045,0.444573193027772,0.4343229841426053,0.4414742887020111,208540000
2014-09-30,0.4395672684861648,0.4429045609974025,0.4345613439276874,0.43980565667152405,277204000
2014-10-01,0.44052082199823067,0.44361969811267166,0.4343230129358283,0.435514897108078,350976000
2014-10-02,0.4347997903560709,0.4369451706446523,0.4235960556450553,0.43360790610313416,288996000
2014-10-03,0.4362300922078395,0.44218951387391026,0.43456143140792847,0.43456143140792847,239140000
2014-10-06,0.4362300028722147,0.43980565513959863,0.4290786699206886,0.4319392144680023,199032000
2014-10-07,0.43003219267870696,0.43432298106732065,0.4269332883748883,0.4274100363254547,301896000
2014-10-08,0.42693337759875355,0.43742197678699374,0.42359608441381913,0.4352765679359436,260172000
2014-10-09,0.43336954770657354,0.43384632417396557,0.4233577249763301,0.4269333779811859,306956000
2014-10-10,0.42359611542241304,0.42502638809448035,0.4014270595059665,0.40166541934013367,691376000
2014-10-13,0.4042874871328523,0.41239231645639945,0.39975833869966404,0.4002350866794586,397628000
2014-10-14,0.4057178203001106,0.42073556862351763,0.40333405162708613,0.4095318615436554,376620000
2014-10-15,0.40357241034825536,0.41787505076432135,0.40095028186510845,0.4157296419143677,404428000
2014-10-16,0.4083399473757683,0.4207355378865798,0.40738642292615995,0.41596800088882446,351116000
2014-10-17,0.42097395601702653,0.42574149335355677,0.41358426177869895,0.4152528941631317,290716000
2014-10-20,0.41525292354778476,0.42264261830903127,0.4123924066267999,0.4188285768032074,200336000
2014-10-21,0.4219275100893156,0.43718364871242277,0.42073562559142136,0.43670690059661865,351092000
2014-10-22,0.4359917353849272,0.43742200805453185,0.42645666003227234,0.42645666003227234,239512000
2014-10-23,0.4338462647171216,0.4390905493888497,0.43074736018758586,0.43599164485931396,214476000
2014-10-24,0.4386138026385653,0.44314295113672864,0.43599164608693797,0.4405208230018616,210156000
2014-10-27,0.440282523300821,0.44242790388029446,0.43551498564264357,0.4407592713832855,145092000
2014-10-28,0.43956727049521865,0.45172449966893824,0.43909052253907954,0.4512477517127991,192580000
2014-10-29,0.4493409105091895,0.4519630679378783,0.4443349839332452,0.44838741421699524,168340000
2014-10-30,0.44719537967020895,0.44910237161506134,0.4398056864252452,0.44552671909332275,170260000
2014-10-31,0.45577699010384354,0.4660272294811762,0.4533932214347236,0.4657888412475586,256316000
2014-11-03,0.4765157402055291,0.47818440079703073,0.4712714554777309,0.47365522384643555,308732000
2014-11-04,0.4767541886697523,0.48152172600976756,0.4688877463753743,0.479853093624115,360196000
2014-11-05,0.48271363876153545,0.48295199857847776,0.47627744061910354,0.479853093624115,335652000
2014-11-06,0.48080656072595934,0.4827136096470603,0.4734168669279334,0.481998473405838,394088000
2014-11-07,0.4874811140417793,0.4932021467547643,0.46698066630609497,0.4717482030391693,450800000
2014-11-10,0.4712714571271316,0.48032981106002526,0.4700795729386078,0.47723090648651123,293388000
2014-11-11,0.47437048035863055,0.4769926091792201,0.4674575332859468,0.4715099632740021,212992000
2014-11-12,0.46984118294893285,0.47103306713292786,0.4619747416512139,0.4684109389781952,204584000
2014-11-13,0.470079631083212,0.4707947673681343,0.4622131887825949,0.46602723002433777,225328000
2014-11-14,0.46650391831613963,0.4717482030391693,0.46197474136966277,0.4717482030391693,160248000
2014-11-17,0.46960288286209106,0.4746088084379699,0.4665039779063929,0.46960288286209106,158732000
2014-11-18,0.4698411545235646,0.4819984122482645,0.46864927041167853,0.48080649971961975,207772000
2014-11-19,0.4811656063540586,0.48260193164875237,0.47398403695462965,0.4790111184120178,240300000
2014-11-20,0.47565973013961194,0.48738964393191964,0.474223404846833,0.4869108498096466,220968000
2014-11-21,0.4912199069121203,0.49193806967725934,0.48547466186505767,0.48954421281814575,198976000
2014-11-24,0.49074099245480274,0.4948105424106493,0.48882593026641685,0.4926561117172241,136004000
2014-11-25,0.49169863631459476,0.4960076128377319,0.4907411050008027,0.4924167990684509,190240000
2014-11-26,0.4895441839092187,0.5012740989484065,0.4893047582856115,0.500795304775238,219264000
2014-11-28,0.5024707811942383,0.5048646368754192,0.49792243827778826,0.5019919872283936,124832000
2014-12-01,0.4998376805347244,0.5027102738173032,0.49193794912807054,0.4926561117172241,190060000
2014-12-02,0.4921774800255347,0.49552886849800787,0.4876291344848614,0.49337443709373474,245952000
2014-12-03,0.4957680864024449,0.5063010416480777,0.4943317613521244,0.5060616731643677,284424000
2014-12-04,0.5053437234673943,0.5072587862916735,0.49816215226526567,0.5015135407447815,185332000
2014-12-05,0.5017528446087987,0.5070193523073275,0.5015134760551533,0.5043861269950867,165680000
2014-12-08,0.5036681416374187,0.5086952254786482,0.4938532855188365,0.4979228377342224,226944000
2014-12-09,0.4948106977149189,0.49744398039299187,0.48738975806319845,0.4962470233440399,239448000
2014-12-10,0.4948107627975495,0.4967258829129584,0.4847565962193815,0.485235333442688,204364000
2014-12-11,0.48810792142653503,0.491459309848883,0.4840383701888192,0.48499590158462524,135652000
2014-12-12,0.47853236227219326,0.48284130970431177,0.4694357018126143,0.4699144959449768,323964000
2014-12-15,0.47542037577196006,0.4840382997655164,0.4670418773980611,0.4684782028198242,254696000
2014-12-16,0.46799948743122693,0.4754204268082459,0.4629723764524191,0.4632117450237274,185308000
2014-12-17,0.47254773988486964,0.4828413290129504,0.457227040462115,0.48212316632270813,345596000
2014-12-18,0.4881078439534556,0.4938530884904531,0.4794899486109371,0.4840382933616638,226156000
2014-12-19,0.48738968124817567,0.49074106913856036,0.48284133649748534,0.4888260066509247,325528000
2014-12-22,0.4883474002289352,0.4974440932273865,0.48667170563955026,0.4974440932273865,148976000
2014-12-23,0.5012740374524634,0.5036678938765364,0.49385304258600915,0.49433183670043945,109280000
2014-12-24,0.4955288186438116,0.4962469813976678,0.49193806194857925,0.4924167990684509,45644000
2014-12-26,0.4924168387497502,0.49552885857589224,0.4912199387795703,0.49289563298225403,52636000
2014-12-29,0.4914592938254023,0.49552884493043503,0.48906543687690945,0.49217745661735535,82944000
2014-12-30,0.48882607260331146,0.4912199295728574,0.4869109527832435,0.48762911558151245,112120000
2014-12-31,0.48834725672447304,0.49098053922603957,0.4785324321697538,0.479968786239624,166300000
2015-01-02,0.48188382387161255,0.48547463751721887,0.4742234594770169,0.48188382387161255,113680000
2015-01-05,0.48188385070885514,0.48332017624709,0.4715902604502384,0.4737447202205658,197952000
2015-01-06,0.47446282283956986,0.47494158844594425,0.45890275514176404,0.4593815207481384,197764000
2015-01-07,0.4627327655252536,0.4668023432643128,0.4567481259525342,0.45818445086479187,321808000
2015-01-08,0.46345104385641533,0.4782929765372456,0.46321164679884597,0.4754203259944916,283780000
2015-01-09,0.477096173856882,0.48092635656367116,0.47063273697204705,0.47733554244041443,209540000
2015-01-12,0.4785324190683323,0.4787718161629272,0.46704190073123447,0.47135084867477417,190732000
2015-01-13,0.4749416802790963,0.4845171084061422,0.46728134348486494,0.47063273191452026,236720000
2015-01-14,0.46560550826463276,0.4739840053384281,0.4644085801112334,0.4725476801395416,155260000
2015-01-15,0.47589918378630397,0.47877180617640347,0.4689569820951215,0.4691963791847229,188932000
2015-01-16,0.468478111392552,0.4782929332727727,0.46704178625109927,0.4778141677379608,181512000
2015-01-20,0.4811656425600696,0.4837988677491224,0.4732659099188669,0.47925058007240295,140308000
2015-01-21,0.4766173604238308,0.48715034754420294,0.47326594375674785,0.4859533905982971,144780000
2015-01-22,0.48691084183398525,0.49576816196969115,0.48188376046564335,0.49433183670043945,159712000
2015-01-23,0.4948105119140601,0.4967256310584472,0.4907409622090315,0.49576810002326965,120416000
2015-01-26,0.49361371994018555,0.4960075765867336,0.4905017005922686,0.49361371994018555,133240000
2015-01-27,0.48595332887956516,0.48643212301192773,0.46895693621727236,0.4699144959449768,357948000
2015-01-28,0.4756598061570269,0.47757489734111847,0.4620147993060151,0.46225419640541077,272728000
2015-01-29,0.46249359502519033,0.47613857338403354,0.46033910673462053,0.4735053479671478,235340000
2015-01-30,0.4701538791121205,0.47565975497252655,0.4589027588546951,0.4596208930015564,298200000
2015-02-02,0.46249352442433866,0.47159018478727993,0.4533968640613974,0.46967509388923645,259604000
2015-02-03,0.47302649206269803,0.4818837840957183,0.47063263552123763,0.48140498995780945,183468000
2015-02-04,0.4799688637904986,0.4881079670262972,0.47853250948854964,0.4826020896434784,181516000
2015-02-05,0.4830804714454844,0.49074083183993483,0.4826017345920917,0.4905014634132385,140448000
2015-02-06,0.49002283664131596,0.4957681374339863,0.48619265513754784,0.4883471429347992,210524000
2015-02-09,0.48547474975174054,0.4893048757604597,0.4823627295641113,0.48786860704421997,273944000
2015-02-10,0.488347298337185,0.5017529093293027,0.48619280985433005,0.5015135407447815,226204000
2015-02-11,0.5027102583954569,0.5027102583954569,0.4948105272311464,0.4981619715690613,320832000
2015-02-12,0.5266487774436428,0.5386180561658572,0.5235367592684647,0.5338303446769714,676904000
2015-02-13,0.5326336298360733,0.534788118105416,0.5244945280283994,0.5340699553489685,310084000
2015-02-17,0.5331122768542677,0.5383787832562644,0.5297608896321029,0.5357455015182495,203340000
2015-02-18,0.5350272197622936,0.5359848076758869,0.5285638152526513,0.5295213460922241,170948000
2015-02-19,0.5362241441319151,0.537181674914372,0.528563783724226,0.5309576392173767,169432000
2015-02-20,0.5304792121395839,0.5350275002807579,0.526649029699082,0.5347881317138672,157752000
2015-02-23,0.5345485634065876,0.5345485634065876,0.5278457323717888,0.5304790139198303,125008000
2015-02-24,0.5325218515963981,0.536126434803009,0.5277157024583721,0.536126434803009,149356000
2015-02-25,0.5339636885340013,0.536366820567993,0.5296381769192228,0.5320412516593933,123820000
2015-02-26,0.5325218101178935,0.5366070308376331,0.5291574601482731,0.5334830284118652,152864000
2015-02-27,0.5320412599560391,0.5332428259917722,0.5281963288530441,0.5301188230514526,157492000
2015-03-02,0.5286769613508798,0.5459791224915298,0.5279560331955343,0.5430954098701477,301512000
2015-03-03,0.5390098498934935,0.5416532132732226,0.5313199925967366,0.5330021381378174,160344000
2015-03-04,0.5310798388385665,0.5402114965913568,0.5289170551758793,0.5390099883079529,226840000
2015-03-05,0.5390100046959838,0.550304446454857,0.5375681488770209,0.5493432283401489,323056000
2015-03-06,0.5462191106633416,0.5488624742416757,0.5414129638152128,0.5418936014175415,257392000
2015-03-09,0.5421340485708601,0.5474208345523421,0.5409324828639661,0.5433355569839478,222388000
2015-03-10,0.5457386209040127,0.5563121926693555,0.5447774027327467,0.5527075529098511,527212000
2015-03-11,0.5527076544484654,0.5599168779980843,0.5483821432362203,0.5498239994049072,262120000
2015-03-12,0.5445371627041962,0.548622383278972,0.534444227741108,0.5447774529457092,406972000
2015-03-13,0.5421342563396493,0.5469404064215325,0.5346846836070505,0.5454985499382019,359288000
2015-03-16,0.5498239081311027,0.5553509843310003,0.5462192683077753,0.5519866347312927,236956000
2015-03-17,0.5507851922091537,0.5589556337277071,0.5469402617022422,0.5587153434753418,299900000
2015-03-18,0.5587155125657393,0.5615991683482764,0.5445373520966497,0.5495837926864624,413844000
2015-03-19,0.5515061889291879,0.5599169217473438,0.5474209676612523,0.5579944849014282,310756000
2015-03-20,0.5625601194271579,0.5673662669169257,0.5572733342708943,0.5640019178390503,462084000
2015-03-23,0.5471806129191106,0.5543898369376101,0.5454984663775093,0.5457387566566467,426012000
2015-03-24,0.5440567372564388,0.5479016690902634,0.5358862929182071,0.5382893681526184,330480000
2015-03-25,0.5380487733034766,0.5380487733034766,0.5039250440761216,0.5056072473526001,542552000
2015-03-26,0.49527394708855704,0.506087749197831,0.4916693081896047,0.5039249658584595,311920000
2015-03-27,0.5068088596004761,0.5157002290300744,0.49863841821044647,0.5137777924537659,318288000
2015-03-30,0.5161809564890578,0.5185840312737979,0.5094523127154921,0.5159406661987305,253252000
2015-03-31,0.5144988131929553,0.5149793937767148,0.5024834391916312,0.5029640197753906,357276000
2015-04-01,0.5048865079879761,0.5065686545987758,0.4962354273511336,0.5048865079879761,330768000
2015-04-02,0.5077701052310168,0.5092119613877953,0.5017624476361934,0.5060879588127136,192204000
2015-04-06,0.5039251882924243,0.5224289139849891,0.498638458632106,0.5207467675209045,515864000
2015-04-07,0.5207465666114846,0.5310797889712094,0.5178628553320097,0.5253124237060547,413964000
2015-04-08,0.5257930486113075,0.5310798339737368,0.5207466107383975,0.5291573405265808,366432000
2015-04-09,0.5250721897493186,0.5430952745547561,0.5248318995220136,0.5414131283760071,379432000
2015-04-10,0.5418938279738034,0.5471805573407597,0.539971334054517,0.546940267086029,258728000
2015-04-13,0.5457384730610129,0.5488624742416757,0.5394904706996873,0.5418936014175415,236724000
2015-04-14,0.5397309596819717,0.5418937435189157,0.5320410997909293,0.5373278856277466,220276000
2015-04-15,0.5387697111930912,0.5479013691676275,0.5361262897765716,0.5438161492347717,243560000
2015-04-16,0.540692532272376,0.5452583931564967,0.5366073094316836,0.540452241897583,155284000
2015-04-17,0.5291574601482731,0.5387698149694291,0.5289171698982333,0.5334830284118652,293636000
2015-04-20,0.5358860606374475,0.5392503530485981,0.5298783465085571,0.5308396220207214,231624000
2015-04-21,0.537328047384385,0.537328047384385,0.5274754006903687,0.5301188230514526,230456000
2015-04-22,0.5332427796964837,0.5368473629030946,0.5250722803267858,0.536126434803009,207420000
2015-04-23,0.5262738168478754,0.5390101170812697,0.5202661021141699,0.5339636206626892,259380000
2015-04-24,0.5337235368200053,0.5339638271682632,0.5233903070250494,0.5293980240821838,240960000
2015-04-27,0.5310799540300294,0.5428550356891687,0.5265140955163976,0.5334830284118652,248456000
2015-04-28,0.5325218515963981,0.5380489288345097,0.5274753548957988,0.536126434803009,234484000
2015-04-29,0.532281541945264,0.5375683292911678,0.5298784672050935,0.5320412516593933,195156000
2015-04-30,0.5293978076921256,0.5361263930437409,0.5281962418543014,0.5334830284118652,218844000
2015-05-01,0.5378087493286591,0.5483823265714455,0.5354056740087231,0.5467001795768738,256968000
2015-05-04,0.5462192688454481,0.5498239086723237,0.5416534108293413,0.5433355569839478,200720000
2015-05-05,0.5414134009026168,0.5421343292412264,0.5269949487180973,0.5293980240821838,292928000
2015-05-06,0.5322816954366828,0.5373281939519494,0.5241112504227965,0.5310801863670349,316484000
2015-05-07,0.5289174444998846,0.5421343891088186,0.527235297288649,0.540452241897583,534564000
2015-05-08,0.5048865683995286,0.5248320971204808,0.492390555174026,0.500560998916626,1146552000
2015-05-11,0.49359193460628253,0.5008012151870661,0.4897470613549496,0.4957547187805176,544144000
2015-05-12,0.4921502648562521,0.504646220787926,0.49190991724464944,0.500560998916626,388800000
2015-05-13,0.504165480440341,0.5080104107758511,0.4986384038256349,0.5034445524215698,308524000
2015-05-14,0.5048865110388778,0.5142585198932417,0.503684944998862,0.5116150975227356,293052000
2015-05-15,0.5137778602805706,0.5161809349651062,0.5087314206311917,0.51185542345047,215824000
2015-05-18,0.5106537483109216,0.5142583882141564,0.5082506741400342,0.5111343860626221,324972000
2015-05-19,0.5118101732869216,0.5135001628210063,0.506981779769799,0.5079475045204163,253808000
2015-05-20,0.5081889069285751,0.5142244276044738,0.5074646421451076,0.5079475045204163,196824000
2015-05-21,0.5081891311709767,0.510361926480142,0.5038435405526462,0.5043264031410217,239692000
2015-05-22,0.5055333005986534,0.5074646349545399,0.5023948391010954,0.5036019086837769,212592000
2015-05-26,0.5011878102376447,0.5045676748027007,0.49660081829421077,0.5004635453224182,259732000
2015-05-27,0.5038433749641947,0.5296753349927588,0.5021534427988023,0.5272611379623413,432332000
2015-05-28,0.5272610488768033,0.5361935706242174,0.526295381739594,0.5345036387443542,327656000
2015-05-29,0.5345040001186484,0.5378838661634777,0.5335383323285582,0.5342625975608826,335168000
2015-06-01,0.5376422660309993,0.5456091230998513,0.5342624012282149,0.5402978658676147,372660000
2015-06-02,0.5369181976675993,0.5398152585930885,0.5291927402389791,0.5296756029129028,224304000
2015-06-03,0.5311240287218882,0.5352281591849607,0.5229157102367281,0.5238814353942871,250788000
2015-06-04,0.5207428556518264,0.5349866366002066,0.5207428556518264,0.5332967042922974,323712000
2015-06-05,0.5316067811811737,0.5398150988547694,0.5260541210897748,0.5374009013175964,313320000
2015-06-08,0.5357109441734931,0.5393322115332961,0.5190529646649815,0.5250884294509888,342812000
2015-06-09,0.5255713193344992,0.5316067844348669,0.5246056518255215,0.5277441143989563,256888000
2015-06-10,0.521467188862748,0.5248470539211513,0.5154316662078767,0.5183287262916565,529460000
2015-06-11,0.5183287747538914,0.5275027032785801,0.5183287747538914,0.5238814353942871,283052000
2015-06-12,0.5205015759697581,0.5236400392172258,0.5084305856175834,0.509637713432312,323728000
2015-06-15,0.5069817710540506,0.5110859572761398,0.5031191023539502,0.508671760559082,306548000
2015-06-16,0.5077063104455892,0.5156731696770872,0.5026365118651891,0.5149489045143127,256892000
2015-06-17,0.514707426187906,0.5238814118594785,0.5135003561337064,0.5209843516349792,233544000
2015-06-18,0.5253300690836956,0.5330554689532893,0.523881538620951,0.5296756029129028,299404000
2015-06-19,0.5296753261381488,0.5340208576966567,0.5231570000208887,0.5279853940010071,355656000
2015-06-22,0.5289510878858175,0.5318481474431781,0.5178457696612672,0.5258126258850098,514236000
2015-06-23,0.5267784053176359,0.5308825355246004,0.5081890893593807,0.5122932195663452,414064000
2015-06-24,0.5115688398137791,0.5142244968973457,0.5048091110025156,0.5072233080863953,253368000
2015-06-25,0.5072234380691165,0.5142246286742148,0.5072234380691165,0.5110861659049988,350460000
2015-06-26,0.5069818683140797,0.5074647307737201,0.498532206962879,0.5007049441337585,421296000
2015-06-29,0.49491089258278964,0.4999807470566893,0.48501270120827483,0.4857369661331177,391724000
2015-06-30,0.48863405986705033,0.49080685504886523,0.4821157318806185,0.48549559712409973,315916000
2015-07-01,0.4975664331707381,0.5045675632044428,0.4881510489142526,0.4924965798854828,302892000
2015-07-02,0.4922554401921497,0.4961181684274634,0.489841242239956,0.4929797053337097,145764000
2015-07-06,0.48887544197008925,0.49563517137913937,0.48332278243022503,0.4869440495967865,214776000
2015-07-07,0.4840470433149753,0.4859783781130735,0.4625606415013652,0.4777700901031494,594252000
2015-07-08,0.47511456317816064,0.4780115945987848,0.4705275703809585,0.47439029812812805,332492000
2015-07-09,0.4818743668846528,0.4840471622355777,0.46569921813041076,0.4685962498188019,357588000
2015-07-10,0.474631610712331,0.4811499661483001,0.47342451211744796,0.4768044054508209,216708000
2015-07-13,0.48163282037047556,0.4825984877757645,0.4768044257850275,0.4799428880214691,212472000
2015-07-14,0.480667208975867,0.4811500427347746,0.4739074500126453,0.4801843464374542,249216000
2015-07-15,0.47897717140981017,0.48211563351240627,0.4724588447533417,0.4768044054508209,265732000
2015-07-16,0.4797015111921526,0.4874269664287567,0.4780115786514598,0.4874269664287567,282848000
2015-07-17,0.4857371296795807,0.48621993475270037,0.4782530754560102,0.4845300018787384,220372000
2015-07-20,0.48452990684169756,0.48646129943241223,0.47439028280722906,0.4755973815917969,188412000
2015-07-21,0.4746316278869874,0.4845298482349982,0.4746316278869874,0.4777700901031494,149720000
2015-07-22,0.4743903419750928,0.4743903419750928,0.4628021864420197,0.4685962498188019,356472000
2015-07-23,0.46956190283391913,0.48139145979292863,0.46859620650737366,0.47439029812812805,169916000
2015-07-24,0.4777700528946522,0.4782528865565739,0.46690616599366647,0.46883752942085266,188844000
2015-07-27,0.4647335525613679,0.471493312802633,0.4608708529802954,0.46618208289146423,192420000
2015-07-28,0.46738914225647715,0.4794601313848875,0.462560746605113,0.4763216972351074,198308000
2015-07-29,0.4753558979329945,0.48597838333416526,0.47342453433464504,0.48211565613746643,232680000
2015-07-30,0.48090860269856567,0.4881512240681666,0.48090860269856567,0.4833228290081024,190180000
2015-07-31,0.48525424481987023,0.48549564734537237,0.478735916159161,0.48163294792175293,218340000
2015-08-03,0.48549554347268936,0.4903239383038016,0.4792186474599454,0.48984113335609436,397132000
2015-08-04,0.48815120548077295,0.4932210028330942,0.48621981299488354,0.49177247285842896,260100000
2015-08-05,0.5038435476369798,0.5043264102321448,0.49587668895037157,0.4968424141407013,234628000
2015-08-06,0.4956350872425639,0.499256411353391,0.485495437291242,0.4937037527561188,655676000
2015-08-07,0.5422291982997309,0.5641983746459588,0.5282268205818281,0.554783046245575,1405248000
2015-08-10,0.5509202021298507,0.5782006293149857,0.5475402808613399,0.5740965008735657,662304000
2015-08-11,0.565646818475661,0.5767521349621442,0.565646818475661,0.5711994767189026,435008000
2015-08-12,0.56202571050121,0.5767522974577431,0.56202571050121,0.5726481676101685,384048000
2015-08-13,0.573372373784377,0.5745795011469802,0.5663711847346801,0.5678197145462036,276884000
2015-08-14,0.567337025378806,0.5716826161407095,0.5639571598255598,0.5683027505874634,214652000
2015-08-17,0.5673370710341008,0.5673370710341008,0.5576802786425621,0.5646814703941345,273880000
2015-08-18,0.5629357278252305,0.5668147070650124,0.5551777693456668,0.559541642665863,287084000
2015-08-19,0.558814558887862,0.565117895504149,0.5512990154755807,0.5573599338531494,249248000
2015-08-20,0.5510564019203347,0.5537231750046286,0.5345707537054369,0.5372375845909119,426932000
2015-08-21,0.5333585063628313,0.542328612168003,0.5200245278084388,0.5205094218254089,382664000
2015-08-24,0.4914172255649677,0.5292372337295239,0.48487147270608183,0.5020844340324402,682284000
2015-08-25,0.5241461422710323,0.5260856613430198,0.4916597902774811,0.4916597902774811,622684000
2015-08-26,0.5076605587555356,0.5292373404031275,0.5037815783310748,0.5287524461746216,614976000
2015-08-27,0.5343283728876974,0.5488745034930678,0.5311767054764154,0.5486320853233337,463764000
2015-08-28,0.5486320301830481,0.5544504702801766,0.5447530508512359,0.5510563850402832,320944000
2015-08-31,0.5483896898637028,0.5522686697460096,0.5428136671206095,0.5449955463409424,219352000
2015-09-01,0.5292371790403545,0.5382072860237899,0.5188124476161073,0.5226913690567017,353408000
2015-09-02,0.5369950802049461,0.5386921227870246,0.5280249732134555,0.5384497046470642,344044000
2015-09-03,0.5464501085174592,0.5491169393946734,0.5389346255934483,0.5399043560028076,262556000
2015-09-04,0.5306918208561379,0.539177092762085,0.5270553170401505,0.5272977352142334,287972000
2015-09-08,0.5401469025870383,0.5520262618795249,0.5379650230974836,0.5498443245887756,238448000
2015-09-09,0.5515412562882588,0.5561474898653975,0.5377223821533125,0.538934588432312,289392000
2015-09-10,0.535782965391628,0.5542080746141971,0.5333586104360578,0.5474198460578918,357076000
2015-09-11,0.5413590685740918,0.5527535327901274,0.539177131447237,0.5491170287132263,301584000
2015-09-14,0.5517838991291195,0.5534809423698722,0.5471776058749618,0.5500868558883667,192460000
2015-09-15,0.550329193608697,0.5590568845708415,0.5486321506162233,0.5561476349830627,327976000
2015-09-16,0.5551778755289586,0.5631782536782926,0.5510564773613,0.5600265860557556,173508000
2015-09-17,0.56972389078373,0.5748150762581862,0.5639054508998141,0.5651176571846008,268712000
2015-09-18,0.5573597677985064,0.5694815431409921,0.5539656822628471,0.5646328330039978,326412000
2015-09-21,0.56536019050714,0.5716635257494426,0.5624509410718653,0.5704513192176819,281840000
2015-09-22,0.558087242819646,0.5619662236204656,0.5520263244806402,0.5549355745315552,228356000
2015-09-23,0.5554205271582564,0.5609965523877959,0.5532386469649854,0.5576024651527405,161632000
2015-09-24,0.5542082528550059,0.5740879930047446,0.5454805606477743,0.5682695508003235,382440000
2015-09-25,0.5752998663525911,0.5835427181444374,0.5668146542448894,0.5723906755447388,369692000
2015-09-28,0.572390786186627,0.5760272898496638,0.5612387414312624,0.5648752450942993,395584000
2015-09-29,0.5709361743608238,0.575784884554026,0.5629357967619215,0.5748151540756226,380736000
2015-09-30,0.5801487156667191,0.5983314082637997,0.576754630003612,0.5976040959358215,556380000
2015-10-01,0.5976042465042629,0.5993012897633923,0.5689968137333368,0.5859673619270325,489296000
2015-10-02,0.582815582617929,0.6012406945228577,0.5767546654460542,0.6012406945228577,386144000
2015-10-05,0.605119570958617,0.6237870978574921,0.6019679038171105,0.6162716150283813,482024000
2015-10-06,0.6097259177962107,0.6269388217571462,0.6073015626833528,0.6242720484733582,453216000
2015-10-07,0.6257265836841845,0.6371210453062152,0.6155442705447728,0.630817711353302,310152000
2015-10-08,0.6281509756144948,0.6361513525971144,0.6174837677702151,0.6344543099403381,460068000
2015-10-09,0.6310601029074421,0.6371210184687629,0.6201505358187089,0.6320298910140991,423248000
2015-10-12,0.6327572874805988,0.6424547661165559,0.6281510530449144,0.6388182044029236,227588000
2015-10-13,0.6337271082428861,0.6439093659598693,0.6315451711030223,0.6400304436683655,298444000
2015-10-14,0.6407575858821384,0.6737288819875085,0.6400303314309076,0.6633041501045227,612148000
2015-10-15,0.6645164981169567,0.6785777954825933,0.6577283254585099,0.665001392364502,526048000
2015-10-16,0.6671832101946444,0.6817293413994652,0.6654861095330135,0.6754260063171387,448396000
2015-10-19,0.6776079703135359,0.6807596379801658,0.6664559243856438,0.6742138266563416,294712000
2015-10-20,0.6713044792092163,0.6763956068118662,0.6662132938053903,0.6732439398765564,264824000
2015-10-21,0.6773655386717653,0.6814869949681154,0.6633043001471838,0.6645164489746094,386280000
2015-10-22,0.6722741040777838,0.6906992087317233,0.6713043738962432,0.6885172724723816,306884000
2015-10-23,0.6945786213397522,0.6977302897502868,0.6841538853205693,0.693123996257782,381776000
2015-10-26,0.6936086042412238,0.6953056468692751,0.6836687088182646,0.6899720430374146,247436000
2015-10-27,0.6865781479020963,0.693851214522525,0.6860932536735895,0.6894873976707458,208268000
2015-10-28,0.6938512650352101,0.6950634717941284,0.6836689479048544,0.6950634717941284,217036000
2015-10-29,0.6839114398468877,0.6909420311278451,0.6698501416825711,0.6710622906684875,327168000
2015-10-30,0.6783353287788491,0.6926390433453741,0.673244141847683,0.6877902746200562,301160000
2015-11-02,0.6899722660594034,0.6965180205408864,0.6858508672303659,0.695790708065033,190088000
2015-11-03,0.6916691228878126,0.6955481024468976,0.6831839092909225,0.6909418106079102,376768000
2015-11-04,0.6890023716180598,0.6940934999379351,0.6763957021008242,0.6795473694801331,442264000
2015-11-05,0.6829415131958343,0.6848810321027825,0.6698500062289884,0.6717894673347473,478800000
2015-11-06,0.7382166332449698,0.7743395309461824,0.7229431948290522,0.7648845314979553,1172272000
2015-11-09,0.7573693045679416,0.7636726396501161,0.7508234935048614,0.7614907026290894,492568000
2015-11-10,0.7515509608842729,0.7556724175968322,0.7309439663274726,0.7469447255134583,552260000
2015-11-11,0.7474294907670195,0.7527630959212941,0.7370047564662966,0.7396715879440308,619896000
2015-11-12,0.7379744875558214,0.7447627175565273,0.7338530890345185,0.7370047569274902,291080000
2015-11-13,0.7377320457596441,0.7408837135518395,0.7188220390064717,0.7224586009979248,292940000
2015-11-16,0.7319136277778562,0.7374896511422527,0.7260951284054814,0.7370047569274902,344280000
2015-11-17,0.7389442759853464,0.7433080927134337,0.7338530890345185,0.7370047569274902,257048000
2015-11-18,0.7400465414796878,0.7561081128914343,0.7320157847841485,0.755134642124176,350216000
2015-11-19,0.7578116097912011,0.7648688958134294,0.7517276785078526,0.7573248744010925,254072000
2015-11-20,0.7629221583599306,0.7682760161864568,0.7582983746925068,0.763895571231842,239744000
2015-11-23,0.7702226770039553,0.7702226770039553,0.7497807789882976,0.7524576783180237,242552000
2015-11-24,0.7524578309121523,0.7651123721656036,0.7490508568887384,0.7585417628288269,195428000
2015-11-25,0.7570817414779345,0.7660859134871049,0.7548915186581846,0.7575684189796448,138300000
2015-11-27,0.7590284488516092,0.7663291324219584,0.7551347393432879,0.763895571231842,86996000
2015-11-30,0.7646254235700383,0.7753331361167403,0.7638953496227332,0.7719261050224304,327244000
2015-12-01,0.7787403258041413,0.7977221376727208,0.7780102516537595,0.7969920635223389,409496000
2015-12-02,0.7982087813957675,0.806482877389901,0.7892046112820725,0.7909080982208252,294240000
2015-12-03,0.7972356556829688,0.805509754656832,0.7853111847966996,0.7892048954963684,246656000
2015-12-04,0.7892047126120074,0.8227878943410579,0.7892047126120074,0.8213277459144592,458756000
2015-12-07,0.8210844355985001,0.8210844355985001,0.8033194311750165,0.8057529926300049,333588000
2015-12-08,0.7957751031582151,0.8201107101578966,0.7906646430944811,0.816703736782074,314488000
2015-12-09,0.816460316292865,0.8213274372050199,0.7877442680987564,0.7960183620452881,372676000
2015-12-10,0.798452072315157,0.8069695645198965,0.7957751727174017,0.8025891780853271,236596000
2015-12-11,0.79455844162036,0.8001556376649539,0.7889612455757662,0.7906647324562073,227320000
2015-12-14,0.7913947284021973,0.7969919238940798,0.7831205754876768,0.7926114797592163,275892000
2015-12-15,0.8016159168679092,0.8079431884991505,0.7972355292881875,0.8023459911346436,307296000
2015-12-16,0.8040493730029219,0.8098899663710726,0.796992086050867,0.8072130084037781,236356000
2015-12-17,0.8084296308719182,0.8167037255337192,0.7945583408752136,0.795045018196106,254160000
2015-12-18,0.789447911537218,0.7974786684406405,0.781173815946016,0.782147228717804,395896000
2015-12-21,0.790664846748688,0.8013725049824226,0.783607501494797,0.8006424307823181,284216000
2015-12-22,0.8030759555205996,0.8094032262861128,0.7965053460396979,0.8013724684715271,130012000
2015-12-23,0.8025893973577928,0.8076998592644454,0.8011292488071249,0.8045362234115601,122524000
2015-12-24,0.8021025472273225,0.8091598922000538,0.8008857376020656,0.8072130084037781,52448000
2015-12-28,0.7986954911810185,0.8064828515052795,0.7875010990679309,0.8064828515052795,142024000
2015-12-29,0.8069697030403217,0.8220578064971988,0.8047794804367397,0.8196242451667786,203660000
2015-12-30,0.8188940271542032,0.825951371179239,0.8123234185180443,0.8125667572021484,180344000
2015-12-31,0.8113500128812245,0.8150003252574946,0.8021024465560913,0.8021024465560913,148528000
2016-01-04,0.7857975179383891,0.792854803320098,0.7797135872072184,0.7877443432807922,358076000
2016-01-05,0.8025890484730352,0.8137834384677175,0.7909079231661523,0.8003988265991211,490272000
2016-01-06,0.7872578000330476,0.7909081709666069,0.7582984033692941,0.7673026323318481,449344000
2016-01-07,0.7480772580499195,0.7531877762315702,0.7271486240277897,0.7368829250335693,645304000
2016-01-08,0.7463737663688008,0.7471038403898985,0.719604598337657,0.7210647463798523,398472000
2016-01-11,0.721794957381604,0.7273921539251332,0.7093837546882379,0.7222816348075867,409372000
2016-01-12,0.7351794010385869,0.7451570409943539,0.7293388666868371,0.7344493269920349,469356000
2016-01-13,0.7400465517841603,0.744913731626219,0.7113305562462273,0.7120606303215027,481672000
2016-01-14,0.6974594282866091,0.7057335844266296,0.6770175217504072,0.6977028250694275,600236000
2016-01-15,0.6697169608761185,0.6777477217223472,0.6483015792792759,0.6597393155097961,841452000
2016-01-19,0.6733668005024871,0.6923486065870285,0.6624157496043813,0.6650927066802979,457140000
2016-01-20,0.6524382817264529,0.6772606254913561,0.6436774511023302,0.6687431335449219,481180000
2016-01-21,0.6760440413276305,0.6869950388014322,0.6621726888957701,0.6765307188034058,481456000
2016-01-22,0.6894286598718106,0.6969727416056374,0.6879685112768321,0.6923489570617676,257996000
2016-01-25,0.6921052970573233,0.7001360525814873,0.6901584138274492,0.6916185617446899,270728000
2016-01-26,0.6930790617035644,0.7013531600764495,0.6860217151993087,0.6984328627586365,227944000
2016-01-27,0.6974592289343097,0.6996494512295287,0.6770173282409437,0.6901585459709167,231700000
2016-01-28,0.6957557226547221,0.6981892835746982,0.6692298912207821,0.6826145052909851,276776000
2016-01-29,0.6884549430258006,0.7142506967520915,0.6857780437966804,0.7127905488014221,310504000
2016-02-01,0.7120608591209873,0.7166845857225359,0.7059769258790253,0.7130342721939087,289884000
2016-02-02,0.7057335142298078,0.709383827381441,0.6779908673822607,0.6828579902648926,341908000
2016-02-03,0.6882118160288054,0.6923488644809143,0.6704468125470373,0.6862649321556091,326772000
2016-02-04,0.687238373734493,0.7020831390563987,0.6796943507156106,0.6865083575248718,348140000
2016-02-05,0.6818843094762232,0.6894283295751157,0.641243797149565,0.6431906223297119,600428000
2016-02-08,0.63345662547549,0.6366202611327505,0.6047405658236421,0.6137447953224182,608852000
2016-02-09,0.606443904521466,0.6461109480764912,0.6035236085951923,0.6203151941299438,425372000
2016-02-10,0.6242090961446841,0.6422174385493742,0.6154482636713896,0.6188552379608154,335800000
2016-02-11,0.6030370016125048,0.6220188131318884,0.6030370016125048,0.6156915426254272,340144000
2016-02-12,0.6254258386789576,0.6273727225449746,0.6023069771570011,0.6261559128761292,340816000
2016-02-16,0.6351600936660621,0.6577922780833351,0.6332132677909338,0.6568188071250916,485352000
2016-02-17,0.6650927234999385,0.6794507477443238,0.6624157663563239,0.6731234788894653,771468000
2016-02-18,0.7283653667224175,0.7539177812291074,0.7276352927633126,0.7310422658920288,1068660000
2016-02-19,0.7271486462536786,0.7473472648879104,0.7215514505640882,0.7407765984535217,525628000
2016-02-22,0.7514843101534285,0.775576579609567,0.7500241620614202,0.7670590877532959,449668000
2016-02-23,0.7609754928681876,0.7763069373966021,0.7573251213039519,0.7690062522888184,369380000
2016-02-24,0.7658422110176967,0.7755764526770703,0.7446701831899677,0.7743596434593201,336852000
2016-02-25,0.7772800728433094,0.7799569723538177,0.7621919724681409,0.7760632634162903,349616000
2016-02-26,0.7797137118653322,0.7816605375189875,0.7631654617265712,0.7709528803825378,361964000
2016-02-29,0.7720521289307024,0.7820660649456499,0.7654575800201692,0.7659460306167603,323344000
2016-03-01,0.7678998663237397,0.799895703792572,0.7666786235929628,0.799895703792572,348700000
2016-03-02,0.7954994848030106,0.8074673984798336,0.7940340164781634,0.8045364618301392,233812000
2016-03-03,0.8035594434023487,0.8069788304214053,0.7867066753671974,0.7974534034729004,302004000
2016-03-04,0.8035593310874569,0.804292065093706,0.7889047674265934,0.7950108647346497,175304000
2016-03-07,0.7906144998850059,0.7959878634531508,0.7796235474785473,0.7898817658424377,239968000
2016-03-08,0.7818218320535172,0.7864624620684731,0.7730290808475205,0.7754715085029602,274940000
2016-03-09,0.7823101508112105,0.7835313352262031,0.7649688779082909,0.7749828696250916,222788000
2016-03-10,0.7796235034403017,0.7840199074473724,0.7581301668459314,0.7737616896629333,286084000
2016-03-11,0.7852410738210193,0.7871950505230416,0.7759598737406009,0.7869507670402527,277400000
2016-03-14,0.7832871974170148,0.7920799474681802,0.7796235272990039,0.7889047861099243,190312000
2016-03-15,0.784752582337249,0.7898816617270922,0.7710749790656122,0.7849968075752258,226216000
2016-03-16,0.779134959145901,0.81113079316192,0.7754712895809914,0.808444082736969,363644000
2016-03-17,0.8055131788776366,0.8094210153092032,0.7906143341121005,0.8016052842140198,353680000
2016-03-18,0.8111309530091002,0.8365321868140281,0.8060018146074426,0.8257855176925659,545512000
2016-03-21,0.8184581097228469,0.8284720432498559,0.8096653606159845,0.8282278180122375,337780000
2016-03-22,0.8255413127873568,0.8326243117966907,0.8165042786007105,0.8267624974250793,242012000
2016-03-23,0.8304261111459487,0.847034593771066,0.8267624410186074,0.8409285545349121,429008000
2016-03-24,0.8333569844714593,0.8436152025400157,0.8306703318807669,0.8421497344970703,244956000
2016-03-28,0.8406841223525454,0.8543617246887905,0.839707163235396,0.8506981134414673,265388000
2016-03-29,0.8470346140044174,0.8663298079278484,0.845080695377869,0.8643758893013,261812000
2016-03-30,0.8675510335235638,0.885380759007152,0.8670625247605918,0.8734128475189209,376700000
2016-03-31,0.8773207650571644,0.8792746836942178,0.8633989346299862,0.8702377080917358,379884000
2016-04-01,0.8648641413984215,0.8834266552517663,0.8582695947568644,0.8829381465911865,348292000
2016-04-04,0.8902655131446441,0.89490614205646,0.8709703217837772,0.8743897080421448,393940000
2016-04-05,0.8665738624584717,0.8812284229816495,0.8631544184174258,0.873168408870697,339568000
2016-04-06,0.8621775726679356,0.874878216749935,0.8458133170897008,0.8743897080421448,453376000
2016-04-07,0.868771956626146,0.8765877450891698,0.8616889602030774,0.8653525710105896,378104000
2016-04-08,0.8724357169451739,0.8780533045722098,0.8624217260106924,0.8709702491760254,255936000
2016-04-11,0.8760994436300551,0.8907540650213732,0.8734127911871413,0.8763437271118164,387524000
2016-04-12,0.8792745243405354,0.8804957669414113,0.8582696407547097,0.8753666877746582,292764000
2016-04-13,0.8792745755309318,0.8975928079861711,0.8792745755309318,0.8973485827445984,350716000
2016-04-14,0.8949060295288196,0.9036987775390399,0.8912423602612081,0.89979088306427,416564000
2016-04-15,0.8995468975842091,0.9149341961447609,0.8966159613890323,0.9068741798400879,436972000
2016-04-18,0.9051642837501744,0.9051642837501744,0.8941733337118516,0.9029660820960999,307320000
2016-04-19,0.9063856026037166,0.9080952958444146,0.8812285962687827,0.8868461847305298,309152000
2016-04-20,0.8853804923431987,0.895638707419492,0.8844035333435621,0.8902653455734253,200172000
2016-04-21,0.8905098484364498,0.8946620273856786,0.8853807684150193,0.8892886638641357,178280000
2016-04-22,0.8922193472106102,0.8983253848062404,0.8829380908696705,0.885869026184082,223540000
2016-04-25,0.886113226150937,0.8951501988036518,0.8836707995358238,0.8902653455734253,191972000
2016-04-26,0.8956389330978779,0.9058971507589829,0.8870904086749474,0.8909983038902283,214536000
2016-04-27,0.8888000280731192,0.9117588887184892,0.8870903349769832,0.9112703800201416,352396000
2016-04-28,0.905652900729284,0.9110262641278003,0.8819613615410293,0.884159505367279,381224000
2016-04-29,0.8804959345151878,0.8824498531699914,0.8582698040984649,0.8677952885627747,321904000
2016-05-02,0.8760993267446597,0.8846478498964168,0.8719472068933664,0.8792744874954224,256076000
2016-05-03,0.8692605981720134,0.872924209539776,0.8612005832844725,0.8687720894813538,224024000
2016-05-04,0.8582696126993808,0.8590023465895441,0.840195665360821,0.84898841381073,525764000
2016-05-05,0.8560714891995705,0.8641315039470409,0.8477671909949894,0.8541175127029419,246884000
2016-05-06,0.8526521719029445,0.8651085919493483,0.8509424786087441,0.8629103899002075,183240000
2016-05-09,0.865108476862273,0.8687720882247364,0.8546060350007304,0.8616890907287598,333336000
2016-05-10,0.8670624504749691,0.879763094903499,0.8587582098403409,0.8782976269721985,269676000
2016-05-11,0.8809843895968128,0.8905098152484617,0.8760994767934243,0.8807401061058044,328176000
2016-05-12,0.8870903210163249,0.8909982158454437,0.8531405683969315,0.8687720894813538,670540000
2016-05-13,0.9571882498016189,1.0013962293117131,0.9525476782093398,1.0009077787399292,2110256000
2016-05-16,0.993336153016378,1.0453599791094539,0.9901609915618352,1.030461072921753,973032000
2016-05-17,1.0258202841575292,1.0399863958686164,1.012631189843937,1.0326591730117798,628392000
2016-05-18,1.025820482287905,1.0710055366433888,1.025820482287905,1.0590375661849976,541072000
2016-05-19,1.0548855733903788,1.0712499511815663,1.053420221448391,1.0636783838272095,398880000
2016-05-20,1.0702727987377563,1.087125625055484,1.068563105223104,1.0827292203903198,391084000
2016-05-23,1.0873692588236346,1.0915213194730264,1.0778437787963389,1.0844383239746094,413636000
2016-05-24,1.087744646711016,1.1141914560474833,1.0848060993662347,1.1107630729675293,415788000
2016-05-25,1.114191279933922,1.1188438429334318,1.0972946937554542,1.1061103343963623,458076000
2016-05-26,1.1080691740629889,1.1259451955609836,1.1048857681756803,1.1178642511367798,309964000
2016-05-27,1.1190887054874137,1.1257003769133198,1.1154154638768286,1.1239862442016602,277416000
2016-05-31,1.1288842311764795,1.146515400902109,1.128149535856014,1.144066572189331,412524000
2016-06-01,1.1386789295698037,1.1572895311087492,1.1352506639380646,1.1462701559066772,387132000
2016-06-02,1.1523918871777936,1.1641460731496478,1.14112753679912,1.154350996017456,329208000
2016-06-03,1.1430863739178643,1.144555530048586,1.1181088514315642,1.1381887197494507,461076000
2016-06-06,1.1411278227423955,1.1499434644303057,1.1264352033624383,1.132312297821045,322512000
2016-06-07,1.1391684410584655,1.1455352522916453,1.1340260435470169,1.1345157623291016,193400000
2016-06-08,1.1347610285216108,1.1389239899612733,1.121537682532717,1.1308430433273315,234616000
2016-06-09,1.1269249130384222,1.1619422660992171,1.12447608503237,1.1602281332015991,472168000
2016-06-10,1.146515089535753,1.1567998870965213,1.1298633624041856,1.1313326358795166,400024000
2016-06-13,1.132557216893345,1.1680644114550145,1.132557216893345,1.1457805633544922,475588000
2016-06-14,1.1430869647663138,1.1533717635964709,1.1303533375861785,1.147984504699707,298344000
2016-06-15,1.1575344506516034,1.169778239198996,1.1448008264904102,1.159738302230835,301036000
2016-06-16,1.1511676971209852,1.1663500330572376,1.1399033456952044,1.164391040802002,246456000
2016-06-17,1.1658607040200513,1.166105563538013,1.139413891048317,1.144066572189331,471000000
2016-06-20,1.1624321639818531,1.1795734938755573,1.161697468834093,1.1646360158920288,293768000
2016-06-21,1.1695334095238765,1.1727168156451486,1.1558202305528051,1.1575344800949097,212508000
2016-06-22,1.1599834420739454,1.1675746698743783,1.154596183152076,1.15655517578125,202620000
2016-06-23,1.1675745036651375,1.1886339341556253,1.1668398085546823,1.187409520149231,297880000
2016-06-24,1.1386787928694277,1.1597382197694177,1.109293562325236,1.1198232173919678,1017684000
2016-06-27,1.1105182543825065,1.1190890372481992,1.0914178127045422,1.107824683189392,449088000
2016-06-28,1.1288837829159069,1.1301080800195684,1.10855893303019,1.1239862442016602,381920000
2016-06-29,1.133781676365718,1.1511679851093772,1.130843128864456,1.1423523426055908,318932000
2016-06-30,1.1443109834991,1.158269021455004,1.1350057416283652,1.151167631149292,430940000
2016-07-01,1.1448010480493498,1.1597385266806979,1.1386790942075746,1.1425970792770386,218488000
2016-07-05,1.1362307504411258,1.161453154975861,1.1271703623172766,1.159494161605835,371084000
2016-07-06,1.151412641517276,1.173696486577027,1.1455355475513704,1.166839838027954,273104000
2016-07-07,1.174676119997014,1.201367789975807,1.1692888608088974,1.197204828262329,395400000
2016-07-08,1.2099379548500004,1.2510773688844599,1.2052852760742865,1.245200276374817,481932000
2016-07-11,1.2630766418197157,1.2831565187727252,1.2616073682906477,1.2738512754440308,448776000
2016-07-12,1.2880541636070506,1.3047057744331887,1.27189215493085,1.2929517030715942,436760000
2016-07-13,1.2954004191435804,1.3027467867504563,1.2905028796611806,1.29246187210083,324604000
2016-07-14,1.2993185852006999,1.3174394705072332,1.288543951098667,1.30568528175354,316892000
2016-07-15,1.2890335132208888,1.2963798802982078,1.2694433567034291,1.2905027866363525,428616000
2016-07-18,1.306420091203023,1.308379083911134,1.2922171897277255,1.2971147298812866,252992000
2016-07-19,1.2963804483144008,1.3157257538666254,1.2939316192934789,1.3105833530426025,382652000
2016-07-20,1.3149910644783815,1.3348262059856224,1.3096038040809037,1.3277246952056885,296460000
2016-07-21,1.3247856345472664,1.328948595584723,1.2988286640349662,1.303236484527588,361308000
2016-07-22,1.3078890600157975,1.3387435674667358,1.2983388414278236,1.3387435674667358,315768000
2016-07-25,1.346824429717986,1.366659443979038,1.340947336559215,1.363476037979126,312528000
2016-07-26,1.3754750229944215,1.3938407631549927,1.3735160309501588,1.3867393732070923,514508000
2016-07-27,1.398738362740302,1.4011871904774817,1.3644555917855195,1.3727813959121704,446676000
2016-07-28,1.3759650027743322,1.3860049410760287,1.371557182263874,1.3757201433181763,221916000
2016-07-29,1.3808623688488357,1.4019217973996814,1.3561298153836603,1.3982486724853516,409588000
2016-08-01,1.4041261244930354,1.4092685240402043,1.3801281431730155,1.389188528060913,301120000
2016-08-02,1.395799823362921,1.3965345183944784,1.3590683412480025,1.3722916841506958,282748000
2016-08-03,1.370577978362939,1.3786589256280548,1.362986750093718,1.3759652376174927,299828000
2016-08-04,1.3825766961629984,1.4077990887950858,1.3798831253378077,1.4014322757720947,272712000
2016-08-05,1.4175939774824176,1.4259197818332603,1.4107374464601394,1.425185203552246,371588000
2016-08-08,1.4447755454043498,1.4482038113580133,1.4232262783148197,1.4384087324142456,305064000
2016-08-09,1.4455100748815766,1.4560398486115298,1.4384086837558634,1.4420818090438843,372344000
2016-08-10,1.45481543639942,1.4570192882216588,1.4281237712491819,1.4327764511108398,375740000
2016-08-11,1.440367655035167,1.4680387575484217,1.4374291081411574,1.4619168043136597,681064000
2016-08-12,1.5157898589612406,1.5520316260939013,1.4846904905312022,1.5437058210372925,1425744000
2016-08-15,1.5454200923920562,1.5549703123096192,1.5214221128633003,1.5422366857528687,573304000
2016-08-16,1.5400323596934158,1.54248107040317,1.5282782914002495,1.5329309701919556,287652000
2016-08-17,1.5329314342266924,1.5363597003180338,1.4854251943516923,1.4974241256713867,595212000
2016-08-18,1.4952206778691621,1.5231366498494396,1.489343581971593,1.5206879377365112,331684000
2016-08-19,1.519952951261588,1.536114845117957,1.5133412780263975,1.524605631828308,291560000
2016-08-22,1.5292583475537846,1.5331764497473706,1.5111374606123331,1.5309724807739258,244748000
2016-08-23,1.546550578960426,1.55341974585514,1.538945363051721,1.5433613061904907,339764000
2016-08-24,1.548758582957182,1.549494514977063,1.5124499127300859,1.5195643901824951,298448000
2016-08-25,1.5200552852883737,1.5207912173841582,1.4906158957857556,1.509506106376648,406032000
2016-08-26,1.513431118481998,1.5303587230348767,1.5014099608594305,1.5217722654342651,300024000
2016-08-29,1.5279052888735558,1.5340384051815517,1.5183374730172445,1.520790696144104,274652000
2016-08-30,1.5188283614788702,1.5269241980908221,1.507788563011351,1.511959195137024,285544000
2016-08-31,1.5149033418005162,1.5190738574532479,1.5004289583962973,1.5048447847366333,388544000
2016-09-01,1.5060714519858278,1.5548917881681916,1.5048447815686592,1.549249291419983,428492000
2016-09-02,1.5524382452316894,1.5541555366700663,1.516620318680735,1.5340385437011719,323148000
2016-09-06,1.5394359756160798,1.5485130548477173,1.5315854496713424,1.5485130548477173,306812000
2016-09-07,1.543606675055756,1.5512118912511474,1.5168659385011456,1.5256977081298828,397988000
2016-09-08,1.524225306962923,1.539190424542761,1.5068070831924512,1.536737084388733,315808000
2016-09-09,1.5198096411287851,1.5283960986043295,1.4474377367443132,1.4601948261260986,697760000
2016-09-12,1.4408137789987636,1.4933139966629334,1.4062224069470748,1.4903700351715088,598260000
2016-09-13,1.4866903167447767,1.5038633494777949,1.4604402048237024,1.4687813520431519,471768000
2016-09-14,1.4722156933440405,1.4866900725176149,1.4599493436769901,1.4817835092544556,319048000
2016-09-15,1.4842373224133916,1.5396815166557023,1.4808026217509915,1.5379642248153687,515212000
2016-09-16,1.5433607914790253,1.5517019366382205,1.5239798506455442,1.541643500328064,902444000
2016-09-19,1.5578358406738348,1.6010136826107153,1.550721362408992,1.5620064735412598,417128000
2016-09-20,1.5799149693863768,1.5799149693863768,1.539190480596339,1.5477769374847412,331112000
2016-09-21,1.5524386908528491,1.5941445525821385,1.5521933801457664,1.591200590133667,336212000
2016-09-22,1.6005227390521541,1.6054293030358977,1.5860483577528532,1.595125436782837,308732000
2016-09-23,1.5970882378797058,1.601749374468886,1.5862937497691125,1.593408226966858,276132000
2016-09-26,1.5752540160692452,1.5848218342708116,1.5585717203760279,1.5784432888031006,230040000
2016-09-27,1.5723097436885003,1.6348685156636347,1.5715738118098084,1.6324151754379272,402752000
2016-09-28,1.6348686967656143,1.6395299501254468,1.6174503535750222,1.638303279876709,319788000
2016-09-29,1.6356049404753443,1.658665901016566,1.620394624229707,1.6535139083862305,336684000
2016-09-30,1.662590990935847,1.6974276815421783,1.652777861719193,1.6809906959533691,429932000
2016-10-03,1.680990656423981,1.7052781682113252,1.676329402608423,1.679273247718811,242596000
2016-10-04,1.6817266111038784,1.709939328072829,1.663081595590555,1.675593376159668,281624000
2016-10-05,1.6898218091167667,1.7069948370666481,1.668723577797492,1.6738754510879517,305440000
2016-10-06,1.6537594424908142,1.6640631944510804,1.625546604485441,1.6520421504974365,360212000
2016-10-07,1.6630816903639516,1.66749763381324,1.6353595931765967,1.6400208473205566,286260000
2016-10-10,1.648607269932626,1.6574391566350757,1.630698302820233,1.6461540460586548,287876000
2016-10-11,1.6407567146849098,1.6432099383416832,1.6098452309448377,1.6223570108413696,388540000
2016-10-12,1.615732876278411,1.638303091541023,1.6022398560385644,1.6297166347503662,419920000
2016-10-13,1.6105816808671922,1.614261575759285,1.5627425793429888,1.6032217741012573,390116000
2016-10-14,1.6228475572531398,1.6338873556532372,1.6093545353095293,1.6189223527908325,330636000
2016-10-17,1.6186773844364606,1.6338877011715718,1.6073922729937202,1.6096001863479614,195328000
2016-10-18,1.6319251870356526,1.643455609811821,1.6253013296319334,1.6341331005096436,269372000
2016-10-19,1.6230927492483418,1.6383030605586737,1.614751486258933,1.6306978464126587,199060000
2016-10-20,1.6498339178639039,1.667006952674459,1.6265277649611847,1.6616096496582031,312084000
2016-10-21,1.6557215386227233,1.6598920534813293,1.6412471579746342,1.656948208808899,279508000
2016-10-24,1.668233730310125,1.7366803293023652,1.6679883026267421,1.7347177267074585,339836000
2016-10-25,1.731773499850262,1.7737246649502,1.7234323523594548,1.7631754875183105,397460000
2016-10-26,1.7484558488069257,1.789671083186635,1.7467385571229148,1.7702901363372803,333792000
2016-10-27,1.7837830609853405,1.7872176441643752,1.7268668939095762,1.7339813709259033,388664000
2016-10-28,1.7423223665134415,1.7688177852268328,1.7278479870729078,1.7310372591018677,290856000
2016-10-31,1.7366801444994757,1.757287762007447,1.7356987848155823,1.7457573413848877,252388000
2016-11-01,1.7521354414093473,1.7617032572133027,1.6753476043645312,1.6939926147460938,473224000
2016-11-02,1.70699507693099,1.730055913175435,1.6839341237048464,1.6868780851364136,295848000
2016-11-03,1.6947288459694572,1.6962008268902302,1.6348687174576462,1.6672520637512207,309664000
2016-11-04,1.6562123451801398,1.6861424693697955,1.6333968152808245,1.657684326171875,328780000
2016-11-07,1.7062594042029018,1.7594956813835432,1.7050327338390636,1.7484558820724487,487580000
2016-11-08,1.7550797319641176,1.7607223454284882,1.729565666981851,1.7457573413848877,429884000
2016-11-09,1.6984088074279138,1.7393787302214427,1.6858971445755786,1.7163177728652954,456532000
2016-11-10,1.7538530962986603,1.754098406962693,1.6378127295274032,1.6625908613204956,869280000
2016-11-11,1.9506068911698624,2.1777809866599944,1.925828637688048,2.1581547260284424,2175344000
2016-11-14,2.1610984184765654,2.1635517592398195,2.051436706749781,2.051927328109741,1348796000
2016-11-15,2.067873909727401,2.1453977122673917,2.059042021928753,2.1144864559173584,626092000
2016-11-16,2.142699395422341,2.2707607286992726,2.118411876977042,2.2479453086853027,987984000
2016-11-17,2.2646262076093917,2.3254676799323497,2.2239016076777514,2.2665889263153076,832988000
2016-11-18,2.2665890777144098,2.3141826113873902,2.252114698936137,2.2903859615325928,576060000
2016-11-21,2.308295265442337,2.314673810155233,2.266834607826805,2.2810637950897217,436436000
2016-11-22,2.2889143905639022,2.2997087617426835,2.2663441715803136,2.2975008487701416,330368000
2016-11-23,2.302660309278451,2.340251725836745,2.2793193837209693,2.308802843093872,443236000
2016-11-25,2.3198608470014035,2.3365681292947205,2.2950453673464333,2.3134727478027344,195564000
2016-11-28,2.3063460071617645,2.3277215109952407,2.299712116993026,2.3122427463531494,278736000
2016-11-29,2.309539554121712,2.3203503189490724,2.2734224426194944,2.2911124229431152,444568000
2016-11-30,2.2997118294696683,2.3134709639672266,2.2628575656018355,2.2653145790100098,440500000
2016-12-01,2.2628577188566243,2.264577581496087,2.0827627946240796,2.1532773971557617,1035524000
2016-12-02,2.1191260146603836,2.181778464081036,2.0913624132908195,2.1731791496276855,478292000
2016-12-05,2.2110159592378062,2.275388266483678,2.1866920855636254,2.2574524879455566,602284000
2016-12-06,2.2655602229991154,2.302906078371623,2.2498356646482547,2.2945523262023926,498796000
2016-12-07,2.2810396817298964,2.3414806795401173,2.262858106204951,2.335829734802246,480804000
2016-12-08,2.3387777479011373,2.373912152279161,2.2861989217210015,2.2967636585235596,381544000
2016-12-09,2.31445415653556,2.316174019415921,2.228706339007405,2.255978584289551,382312000
2016-12-12,2.2075759433405633,2.2100329567574795,2.1508202455665044,2.2011878490448,601332000
2016-12-13,2.2134727872614284,2.2675259134400885,2.212490075573326,2.2400078773498535,387796000
2016-12-14,2.2736687206605763,2.38595187423518,2.2498361995495992,2.3697359561920166,983980000
2016-12-15,2.3807920549863812,2.4554837836165118,2.373421247039793,2.4252631664276123,746548000
2016-12-16,2.4527812216117733,2.4741567308309524,2.4011850921577538,2.467031717300415,1089528000
2016-12-19,2.449586465093681,2.517152696328942,2.4323876048612636,2.4970057010650635,744656000
2016-12-20,2.5694864134396744,2.607569192267661,2.558184289900072,2.583982467651367,848056000
2016-12-21,2.595529798345775,2.60314639993633,2.5481105604546603,2.6001980304718018,576136000
2016-12-22,2.6245213888115724,2.6748889863028213,2.6173961444749514,2.6316466331481934,718612000
2016-12-23,2.6137109238924974,2.6987218069570846,2.6110083497340804,2.6972475051879883,647692000
2016-12-27,2.753267044292614,2.8834857445918645,2.732628454037986,2.882503032684326,1194272000
2016-12-28,2.938521353301721,2.946629311657116,2.67046737166029,2.6842262744903564,2295764000
2016-12-29,2.577348200379878,2.739261786997318,2.525752086728094,2.7377874851226807,2175368000
2016-12-30,2.735822300260313,2.7498269977219594,2.611745915318899,2.622556447982788,1212932000
2017-01-03,2.5650635400069537,2.6134657267218895,2.4417243084924958,2.5063424110412598,1501996000
2017-01-04,2.54049356006013,2.5920896661193007,2.494548396956845,2.564817428588867,1199220000
2017-01-05,2.568257595108628,2.599952274436208,2.4827553479805204,2.499708414077759,984296000
2017-01-06,2.526981196193388,2.561378691602805,2.4864413996779664,2.533123731613159,822856000
2017-01-09,2.5429509108691843,2.6535139430126904,2.5429509108691843,2.6358237266540527,916248000
2017-01-10,2.648845152092352,2.682751041488355,2.595283392785134,2.615921974182129,880920000
2017-01-11,2.604375727690868,2.609289522138199,2.55892189890567,2.5837371349334717,525664000
2017-01-12,2.5608870466474247,2.57243473075697,2.4967602962585236,2.5414769649505615,625616000
2017-01-13,2.545408036234708,2.579805527622623,2.5321404893184205,2.541231393814087,457820000
2017-01-17,2.5306668185709897,2.535580612789395,2.4709627309248807,2.4842302799224854,580612000
2017-01-18,2.462854718504536,2.536317709563974,2.4350911139714166,2.5294382572174072,654424000
2017-01-19,2.532386799674234,2.6156776189393804,2.530175580457246,2.5837371349334717,644872000
2017-01-20,2.6063406415777073,2.6240308604784963,2.533614810933331,2.5554816722869873,492024000
2017-01-23,2.5503215535791326,2.6019176631777796,2.5478645401902225,2.5820162296295166,369904000
2017-01-24,2.592089838948761,2.6431945926340417,2.577347992957356,2.637052059173584,428052000
2017-01-25,2.6793123007448165,2.685454835570461,2.6124832089007715,2.6483547687530518,522760000
2017-01-26,2.6510566167460743,2.7014242169402123,2.621573160606604,2.6940534114837646,458800000
2017-01-27,2.700932942572587,2.7490893260128573,2.6743978546785185,2.746140956878662,471996000
2017-01-30,2.7252576855970263,2.727468904577912,2.651303341423444,2.7031450271606445,496004000
2017-01-31,2.6768546648240745,2.7038811064701336,2.6584273005556525,2.6825056076049805,362756000
2017-02-01,2.7169029844791974,2.8038792857170285,2.6992130044833127,2.7997026443481445,590004000
2017-02-02,2.783733156824373,2.8436830337366654,2.7532669795828824,2.835083484649658,483240000
2017-02-03,2.8365572161306716,2.847613542704469,2.798474443661873,2.810267686843872,372744000
2017-02-06,2.800931606495099,2.8827483406213594,2.800931606495099,2.8822569847106934,506768000
2017-02-07,2.91640813427933,2.9709526134755375,2.8967524956535953,2.9269731044769287,746224000
2017-02-08,2.909037856413489,2.9313960732567126,2.8594071607080433,2.9141974449157715,449580000
2017-02-09,2.920340015082699,2.925254043242033,2.84024337118388,2.859407424926758,842568000
2017-02-10,2.9466288800161626,2.9655473686362037,2.766533959725165,2.791594982147217,1651092000
2017-02-13,2.7859440544600496,2.8004401074958505,2.6584279467649297,2.6628506183624268,1180724000
2017-02-14,2.653267916489073,2.7063383266219674,2.611499627096158,2.672677993774414,850632000
2017-02-15,2.675627355125955,2.697739780374888,2.647617955104688,2.678084135055542,373020000
2017-02-16,2.6876668146044715,2.688895321917091,2.5960222310446093,2.6350879669189453,647176000
2017-02-17,2.6215743549617825,2.639018782129984,2.5746464582218263,2.634596109390259,563740000
2017-02-21,2.6591651783277963,2.7328739526110786,2.6589193832207045,2.72894287109375,551952000
2017-02-22,2.740997392528268,2.750345641660544,2.705818405612707,2.7247610092163086,433772000
2017-02-23,2.595361181442254,2.6172556352373433,2.452185863332219,2.4721121788024902,1592888000
2017-02-24,2.387978659180872,2.509259547064378,2.354275838106209,2.4959752559661865,1029904000
2017-02-27,2.514178854917912,2.5835523757351675,2.4984344548593214,2.5685460567474365,715400000
2017-02-28,2.578141241133255,2.5879817005329437,2.479247017182927,2.496467351913452,625360000
2017-03-01,2.5532945965919693,2.5675630745056224,2.4873651163996096,2.5286941528320312,504804000
2017-03-02,2.5159020139332373,2.5299243875099204,2.4327519592113185,2.435457944869995,754332000
2017-03-03,2.4248796613180583,2.4297996561416397,2.367068138527173,2.421435594558716,864692000
2017-03-06,2.385272372570663,2.413317113908869,2.341237356713993,2.4027388095855713,883568000
2017-03-07,2.4027389378502355,2.448495989322442,2.3899466237088065,2.4290614128112793,603400000
2017-03-08,2.4772779590651077,2.492038408077584,2.422418779004941,2.4246327877044678,638712000
2017-03-09,2.408643344596032,2.446528079971666,2.396096899968721,2.4241416454315186,478060000
2017-03-10,2.4504635546856344,2.46227167947832,2.420204809674872,2.4384090900421143,499740000
2017-03-13,2.4487418919439135,2.5154094423751507,2.44800381071738,2.5055692195892334,774136000
2017-03-14,2.5183619476260257,2.5277099613949283,2.4716207057342334,2.503847599029541,522016000
2017-03-15,2.5154103209614984,2.5336146104386876,2.4679309889611414,2.5227904319763184,615036000
2017-03-16,2.5333675115118997,2.554278011424436,2.5193451431551095,2.553785800933838,523100000
2017-03-17,2.5712532203025114,2.610614355803633,2.5537867794751854,2.609384298324585,1119688000
2017-03-20,2.6268510585372424,2.6964707249716455,2.610860543974884,2.6925344467163086,748568000
2017-03-21,2.6753140153571193,2.70508079894123,2.5975761589864717,2.6054482460021973,913484000
2017-03-22,2.594378324134837,2.66326015087091,2.590442280078083,2.658586025238037,616764000
2017-03-23,2.6507125648941625,2.670639116630689,2.6248820669110975,2.6344761848449707,533940000
2017-03-24,2.6807255924036926,2.6885976775711313,2.6179940779295348,2.643824577331543,439500000
2017-03-27,2.5973296105520522,2.6669492626697946,2.548128488573153,2.663013219833374,506644000
2017-03-28,2.664242762366579,2.6787571081412884,2.638904242231029,2.6492364406585693,432444000
2017-03-29,2.656616465163633,2.6689168015461866,2.6384121831581044,2.6406261920928955,349992000
2017-03-30,2.6477609205427703,2.7060644230562194,2.642102844023164,2.6913039684295654,525532000
2017-03-31,2.681709521178416,2.7033581071155948,2.6667031976639244,2.679741382598877,440808000
2017-04-03,2.680233259600404,2.697453590242617,2.6425941682390675,2.666210889816284,445232000
2017-04-04,2.5437004050494108,2.5687930587341223,2.468422678604726,2.4792468547821045,1271280000
2017-04-05,2.4605504892940138,2.5183620145054917,2.4477581737638494,2.460796594619751,747048000
2017-04-06,2.4659629189797956,2.4908094709294026,2.420943705208998,2.478755235671997,635120000
2017-04-07,2.4851508263648068,2.5026172638052584,2.453170041939292,2.4681763648986816,429068000
2017-04-10,2.4689140268028047,2.475556053242162,2.4010164270806094,2.405198574066162,756332000
2017-04-11,2.3751857812463943,2.4329972906952393,2.370265787558275,2.413808822631836,618148000
2017-04-12,2.413808823867799,2.4280770636409903,2.3887161756782853,2.3938822746276855,414092000
2017-04-13,2.369774043659178,2.391422393381388,2.349109411239624,2.349109411239624,506892000
2017-04-17,2.361901857551798,2.4413617268578096,2.3567357578083206,2.4411158561706543,497292000
2017-04-18,2.4268475002838685,2.448742192220133,2.4010170002819105,2.442591905593872,370116000
2017-04-19,2.460058910052098,2.484167382265553,2.4455445587290385,2.4521868228912354,380828000
2017-04-20,2.4667006774932543,2.4957293742938464,2.445544066268318,2.4910552501678467,404016000
2017-04-21,2.4807227232754077,2.504093343038812,2.4689145953497746,2.501387357711792,341896000
2017-04-24,2.532876314307273,2.54566863077395,2.5119660406388946,2.532630443572998,371820000
2017-04-25,2.547144019013375,2.591179031833609,2.52574154116613,2.576664686203003,388440000
2017-04-26,2.59019599651629,2.5926558770287973,2.5569851461977886,2.558953285217285,327004000
2017-04-27,2.5663321970248534,2.6071690097680644,2.5483737873212298,2.5988049507141113,319700000
2017-04-28,2.5919173243375804,2.598805457115776,2.560182410968773,2.565840721130371,348248000
2017-05-01,2.5766649312045447,2.6285722676432535,2.5695306930406367,2.623405933380127,307732000
2017-05-02,2.596590780606935,2.597820837516825,2.5230348788954906,2.5456674098968506,629972000
2017-05-03,2.538779750574116,2.5742045984887425,2.5240195341318445,2.564610481262207,336904000
2017-05-04,2.5707607445662517,2.581831025116534,2.546898150251618,2.5547704696655273,209788000
2017-05-05,2.5432086269297973,2.5621509953665464,2.52771009087208,2.5550167560577393,228428000
2017-05-08,2.566825113467588,2.568301041626392,2.516885907647979,2.5282022953033447,365240000
2017-05-09,2.5338607970339306,2.5813398959468756,2.5254964989020254,2.5323846340179443,847672000
2017-05-10,2.811600215784396,2.9968426438346047,2.804958188802224,2.983804225921631,2129096000
2017-05-11,2.9532996661865973,3.2086537136439213,2.949855599991065,3.111973285675049,1939792000
2017-05-12,3.1151716346772402,3.188235344208412,3.0942611311987243,3.1461682319641113,962620000
2017-05-15,3.1872521566212915,3.306564920017627,3.1828239026544836,3.304104804992676,1087540000
2017-05-16,3.3550272879459686,3.3811041265648143,3.2807337530058756,3.365605592727661,1120700000
2017-05-17,3.298937966763882,3.3176344613989373,3.137804222401024,3.14198637008667,1271368000
2017-05-18,3.1857749927978256,3.2824554183381407,3.1255036012805815,3.273599147796631,1156032000
2017-05-19,3.3745683202543884,3.4038737188806705,3.329994428476225,3.349203109741211,1018372000
2017-05-22,3.3927920481578564,3.4349032347279596,3.381956237164519,3.4206199645996094,836608000
2017-05-23,3.440320763540692,3.4425371044559427,3.34206102582695,3.374567985534668,681248000
2017-05-24,3.4713511189586894,3.4740601897071843,3.400426777793716,3.412493944168091,815996000
2017-05-25,3.4477083881124697,3.448447246648032,3.360038102252431,3.404858350753784,608228000
2017-05-26,3.3967319590813596,3.5777365834344166,3.3765382909423374,3.4930214881896973,779140000
2017-05-30,3.5388276367450304,3.6026102215910094,3.522820516823727,3.567640781402588,989652000
2017-05-31,3.6124594484536714,3.6200936935625676,3.4981926059926756,3.5548336505889893,887316000
2017-06-01,3.5705947969452563,3.5715800200361327,3.509767428628041,3.5550801753997803,503340000
2017-06-02,3.5521254659077153,3.578229536571795,3.5314393009931218,3.5373497009277344,487456000
2017-06-05,3.521095992436869,3.6577728665797804,3.5095215578317074,3.6449670791625977,817376000
2017-06-06,3.640288124366664,3.686339734302007,3.615169277907878,3.628467559814453,758728000
2017-06-07,3.652847673825219,3.6910186714007622,3.6373330512050077,3.672302484512329,612612000
2017-06-08,3.779181389644678,3.9402387167076354,3.738055193131496,3.9387612342834473,1161744000
2017-06-09,4.056968592955185,4.149564069233269,3.515431701147838,3.6841232776641846,3692928000
2017-06-12,3.5925127059467448,3.7358388340906044,3.4996708673292556,3.693234920501709,1697532000
2017-06-13,3.8023303024767348,3.8114422661963125,3.586848495152453,3.7284510135650635,1672504000
2017-06-14,3.73140604833155,3.7939572645243587,3.6570340337043596,3.7363312244415283,1184640000
2017-06-15,3.619109697719191,3.782629514104166,3.607781391751356,3.7523391246795654,963824000
2017-06-16,3.761943358815148,3.8097188189460622,3.699884627493116,3.7338690757751465,924960000
2017-06-19,3.7779499184033978,3.879411223758541,3.7742560950304846,3.874239683151245,778176000
2017-06-20,3.9163503039125853,3.983088062948895,3.864388540814429,3.868574857711792,1095444000
2017-06-21,3.8961570085542068,3.9308803087361546,3.834344419055546,3.9271862506866455,682652000
2017-06-22,3.935313406573407,3.9486119230150276,3.876209880671573,3.900097608566284,469132000
2017-06-23,3.9077327472227124,3.923493738032711,3.7732719484995476,3.7882943153381348,1088588000
2017-06-26,3.8210464772321058,3.8565086391354506,3.6528476314064036,3.7469208240509033,1063960000
2017-06-27,3.729434760013499,3.7380539918593505,3.604085999334289,3.6097500324249268,999492000
2017-06-28,3.677226764131088,3.7417481752260553,3.5893101266250826,3.7370691299438477,994948000
2017-06-29,3.7087495013575937,3.71170446597166,3.5481846811678057,3.612213611602783,1064424000
2017-06-30,3.629452025797201,3.642996670265678,3.5339013605165364,3.5600054264068604,731060000
2017-07-03,3.572072251372009,3.586848013226471,3.41273879078834,3.431208610534668,709072000
2017-07-05,3.4944991131568592,3.551632661051754,3.475536796977167,3.522819757461548,820188000
2017-07-06,3.493761109170984,3.5802000701325434,3.4417990928342226,3.533409595489502,746284000
2017-07-07,3.5900500456284203,3.632407595253228,3.5671473064511754,3.6141839027404785,654972000
2017-07-10,3.6875707567500564,3.7924795201053314,3.6614666894416916,3.7850916385650635,958492000
2017-07-11,3.788786453741613,3.84641250492471,3.7469213918881596,3.838778257369995,757956000
2017-07-12,3.898373931530037,4.014118282752321,3.8555238851261895,4.00205135345459,1145208000
2017-07-13,4.014118233911097,4.095385643293909,3.9094558249090023,3.9557535648345947,1369132000
2017-07-14,3.9720067508002272,4.063617235487492,3.965111363227694,4.062139987945557,941948000
2017-07-17,4.096123073966858,4.124936203975414,3.9833337284910897,4.044899940490723,930792000
2017-07-18,3.9840746717912823,4.1015433588590735,3.9722538702320267,4.0870137214660645,776640000
2017-07-19,4.096123952213072,4.122474383025865,4.053766641041658,4.065833568572998,687044000
2017-07-20,4.0862740421849155,4.125183663982333,4.036528609515007,4.124937534332275,699596000
2017-07-21,4.104497016472931,4.169264804997599,4.090213513330912,4.139712810516357,648332000
2017-07-24,4.146854097469605,4.156458317913628,4.081101331838637,4.091690540313721,652524000
2017-07-25,4.0687884492316915,4.086273516109263,4.028401115307334,4.071990013122559,496556000
2017-07-26,4.129369741588707,4.184779437827564,4.084303126019368,4.1190266609191895,640404000
2017-07-27,4.1438984529622385,4.155473118592795,3.880148780253958,3.9830875396728516,782856000
2017-07-28,3.9473812517599205,4.072730319895715,3.9225087646393355,4.048349857330322,513348000
2017-07-31,4.061893740624289,4.097848398858005,3.955507483306197,4.00205135345459,559672000
2017-08-01,3.9926932279115017,4.052535614606998,3.964865545792006,4.050811767578125,431384000
2017-08-02,4.081842285858648,4.085782240005619,3.9715155846194223,4.048349857330322,478444000
2017-08-03,4.047857168416192,4.103513007398751,4.030864826249129,4.099819183349609,442420000
2017-08-04,4.122475710805803,4.188228509347416,4.0998195656127026,4.117796897888184,589096000
2017-08-07,4.146855759537585,4.24486891874967,4.137251065531045,4.2443766593933105,717412000
2017-08-08,4.28229995565336,4.298799563471838,4.154734835063791,4.1938910484313965,755336000
2017-08-09,4.147839818293603,4.240928014512272,4.129123633258059,4.238465309143066,530784000
2017-08-10,4.239695943607912,4.252009469050086,4.046870785341834,4.056967735290527,1328088000
2017-08-11,3.869806382252238,3.915611619411367,3.7656364869707755,3.840747117996216,1497196000
2017-08-14,3.9321120856232357,4.1507952258742105,3.9205376509805805,4.147101402282715,1279020000
2017-08-15,4.152271840625495,4.178375667909927,4.0778998412538385,4.112130641937256,764532000
2017-08-16,4.127154224862567,4.150549224520308,4.034804874516045,4.067065238952637,596632000
2017-08-17,4.058693311614248,4.075685185453998,3.9742243229625256,3.9764404296875,525444000
2017-08-18,4.030618059177319,4.0476103986572545,3.9313730923427754,3.9771783351898193,601204000
2017-08-21,4.001558664559352,4.012886733949462,3.8754710097611156,3.9193060398101807,623672000
2017-08-22,3.9557866556831405,4.012477361154019,3.936561056899875,4.006561756134033,450456000
2017-08-23,3.973286154424343,4.097759235628306,3.9646588603591386,4.086667537689209,579520000
2017-08-24,4.118710402436434,4.123147458190623,4.045259217877505,4.071632385253906,469700000
2017-08-25,4.095786907874357,4.105892748717175,4.0312084411115725,4.037617206573486,357200000
2017-08-28,4.0565971129000955,4.069414176529954,4.001138619297182,4.06620979309082,389496000
2017-08-29,4.007546813806758,4.081244801621028,3.9994126831809527,4.059554100036621,324096000
2017-08-30,4.0792736144342046,4.094802370310207,4.048956552275148,4.083710670471191,384400000
2017-08-31,4.103920107344961,4.180329300780093,4.096525957412655,4.176385879516602,612684000
2017-09-01,4.188957350310685,4.237021214070935,4.180330056951551,4.2015275955200195,445432000
2017-09-05,4.150259281382599,4.155189028900126,4.031455469045745,4.089378356933594,695364000
2017-09-06,4.122160858183123,4.135963775477058,4.052159946083931,4.086913585662842,397672000
2017-09-07,4.103675084137066,4.138182381950914,4.065717056541833,4.105893611907959,352868000
2017-09-08,4.094307624484429,4.109096395176757,4.010503807016998,4.034658908843994,498856000
2017-09-11,4.0802587974948095,4.176140176089492,4.074835887232931,4.165541172027588,567444000
2017-09-12,4.190189957794529,4.190189957794529,4.115506107954333,4.180577278137207,411488000
2017-09-13,4.155433840028939,4.2281459436061635,4.123145087009269,4.199307918548584,580960000
2017-09-14,4.160364669856896,4.253288472927514,4.135963221516704,4.175400257110596,513712000
2017-09-15,4.2606836546972495,4.439383029937744,4.255507560152269,4.439383029937744,1364792000
2017-09-18,4.5633640950803915,4.712732289905315,4.5564626346703125,4.622766017913818,1684460000
2017-09-19,4.572481461586319,4.679454506728905,4.550544420646694,4.617834091186523,874280000
2017-09-20,4.621533975725847,4.668858344479763,4.540441342973678,4.580617904663086,724920000
2017-09-21,4.477093076981558,4.503220356672574,4.377760991127212,4.455402851104736,1075600000
2017-09-22,4.444064996457335,4.493607868316694,4.402163090762314,4.412022113800049,491232000
2017-09-25,4.381212525846245,4.382445197730314,4.194133176679744,4.214837551116943,874580000
2017-09-26,4.349171240810446,4.4041365739571265,4.198817200425565,4.238500595092773,1125620000
2017-09-27,4.32871110958944,4.344732549602197,4.257970709338273,4.331422328948975,713720000
2017-09-28,4.338572574986505,4.342516468174495,4.282867728169017,4.330192565917969,435244000
2017-09-29,4.413994440079661,4.430015411810157,4.368888150606031,4.40635347366333,619092000
2017-10-02,4.456388892786132,4.485473739443541,4.362726058358353,4.412022113800049,503480000
2017-10-03,4.418185494840109,4.450967897129129,4.377023084795545,4.421143531799316,390332000
2017-10-04,4.427304884080673,4.480298494552268,4.390825410645643,4.458115100860596,427848000
2017-10-05,4.482517125076886,4.485967854391558,4.425825967601629,4.455650329589844,437364000
2017-10-06,4.428043572555369,4.482023028500472,4.412022131163673,4.46871280670166,318800000
2017-10-09,4.50544133825388,4.602555430371248,4.4867086659659945,4.569526672363281,563492000
2017-10-10,4.7184011718591865,4.755866512045658,4.61561830288504,4.65678071975708,974876000
2017-10-11,4.673292502010669,4.707800257449538,4.627447175828024,4.7063212394714355,529508000
2017-10-12,4.709773595269849,4.759316483515241,4.681428248237344,4.708541393280029,528292000
2017-10-13,4.770652941755351,4.806392899220946,4.723821759689926,4.7962870597839355,628728000
2017-10-16,4.826112073513968,4.881570554708424,4.763012625127096,4.878612518310547,576640000
2017-10-17,4.857910136259237,4.90252328583494,4.839670628123082,4.874177932739258,478596000
2017-10-18,4.883049457348174,4.8837884963035805,4.764984693336063,4.869985580444336,567316000
2017-10-19,4.792590681459801,4.880337926607632,4.743540965269748,4.87540864944458,570772000
2017-10-20,4.8924164033890305,4.919529075749701,4.844352068036117,4.8532257080078125,451620000
2017-10-23,4.8749156560253,4.901289287801833,4.8261122844662685,4.8463239669799805,428696000
2017-10-24,4.855442978753363,4.898823905679364,4.82956251245939,4.897098541259766,407244000
2017-10-25,4.857662009874665,4.910409273425949,4.711991404334285,4.773365020751953,828160000
2017-10-26,4.800971234910292,4.834985363451072,4.77706247731095,4.823400974273682,322744000
2017-10-27,4.875408469962976,4.975726425968318,4.849527532708483,4.975480079650879,572192000
2017-10-30,4.975481458042875,5.079742864517744,4.95970635695183,5.024284839630127,504056000
2017-10-31,5.056079654790002,5.124108380250737,5.050410398448869,5.0974884033203125,411908000
2017-11-01,5.160094569907296,5.175376503929651,5.04301566130196,5.107100963592529,502576000
2017-11-02,5.077524531640426,5.122137671619957,5.019601165528071,5.076045513153076,342308000
2017-11-03,5.1071006699001265,5.143826484680176,5.061255340596038,5.143826484680176,353640000
2017-11-06,5.107102352179651,5.175624257465878,5.094778451134223,5.16699743270874,389944000
2017-11-07,5.189673413754283,5.247596776474812,5.1775958604437,5.226152420043945,427700000
2017-11-08,5.221716529637249,5.22541407613101,5.108088786807525,5.1554131507873535,522988000
2017-11-09,5.059530203692128,5.085657016917476,4.938754221318985,5.060762405395508,978564000
2017-11-10,5.252032651006033,5.389815936826523,5.216292688625344,5.327455997467041,1253256000
2017-11-13,5.327457546040661,5.352844858522917,5.225660539335314,5.240942478179932,582376000
2017-11-14,5.25006039061927,5.2944271749550404,5.206433115372637,5.279145240783691,529292000
2017-11-15,5.2241794815450895,5.225412153298314,5.121889821974195,5.175622463226318,501948000
2017-11-16,5.2495680618630285,5.279638769521863,5.206926639070606,5.215799808502197,441768000
2017-11-17,5.2727375737671665,5.307984377038409,5.194602999228636,5.2096381187438965,515664000
2017-11-20,5.225166830869757,5.288759453950723,5.188441006223227,5.276681900024414,396100000
2017-11-21,5.316364105545761,5.336822132770991,5.284568036161533,5.325237274169922,399176000
2017-11-22,5.352369793529708,5.352369793529708,5.26875426113043,5.301312446594238,356640000
2017-11-24,5.317591963184642,5.3523702201603385,5.293173086913779,5.351383209228516,180752000
2017-11-27,5.360018236897197,5.361251295282365,5.278622269873849,5.281828880310059,422896000
2017-11-28,5.287005893719938,5.296378732240122,5.136300925012625,5.197224140167236,512752000
2017-11-29,5.179958749819488,5.1826718533812475,4.716744420488004,4.844757556915283,1396788000
2017-11-30,4.913327168227459,4.999162296178996,4.850430868043166,4.950571537017822,823768000
2017-12-01,4.916040837349313,4.936266563816445,4.7473301831448635,4.875836372375488,811548000
2017-12-04,4.934293460538836,4.9404601624045235,4.550748409430079,4.604025363922119,1240844000
2017-12-05,4.498950133747102,4.753002863192906,4.454059488742002,4.63066291809082,981488000
2017-12-06,4.580347432078045,4.689861455315125,4.559135158924664,4.668156147003174,467032000
2017-12-07,4.734751252731392,4.775202710101896,4.689367092409994,4.7354912757873535,542600000
2017-12-08,4.785315127936834,4.8043077985927285,4.714772535626296,4.723158836364746,466876000
2017-12-11,4.737217418510287,4.804307347667616,4.721431829563426,4.801347255706787,372748000
2017-12-12,4.757936496844971,4.781121844490045,4.683693798607918,4.707125663757324,455016000
2017-12-13,4.7480696905522,4.749302748407478,4.584785261955489,4.592185020446777,554280000
2017-12-14,4.585771114343831,4.6701266548574125,4.553212934591881,4.599337100982666,438164000
2017-12-15,4.643243933912937,4.745111671652065,4.578374060216455,4.724885940551758,670036000
2017-12-18,4.765333248101647,4.884220014885824,4.735735167931886,4.881260395050049,477704000
2017-12-19,4.871888766195575,4.877068455030451,4.808745489534412,4.83711051940918,373100000
2017-12-20,4.876329071858899,4.885454922648854,4.798633258691984,4.854130268096924,288820000
2017-12-21,4.857582076254947,4.8824939767470115,4.823297339596785,4.83168363571167,300904000
2017-12-22,4.7949345901227485,4.825766216012639,4.717238761153306,4.8163933753967285,466276000
2017-12-26,4.761140610992311,4.877560805169616,4.731295539796443,4.869914531707764,355080000
2017-12-27,4.856597665426437,4.9323199401518965,4.842045134771584,4.863256931304932,329488000
2017-12-28,4.886936955375278,4.917768587530432,4.862765061147193,4.868931293487549,240248000
2017-12-29,4.8950735977318285,4.8950735977318285,4.772733688354492,4.772733688354492,279964000
2018-01-02,4.828972733285586,4.920728065591667,4.797401552373363,4.917027950286865,355616000
2018-01-03,5.034190099538958,5.270977337398104,5.025557278047303,5.240638732910156,914704000
2018-01-04,5.321784891005477,5.378268447512615,5.246062149382652,5.268260955810547,583268000
2018-01-05,5.2830602300766145,5.350149681258216,5.206350951554219,5.312905311584473,580124000
2018-01-08,5.436232122974697,5.549692272506155,5.391341004070175,5.475696563720703,881216000
2018-01-09,5.481122237279343,5.520586674179459,5.392820524431343,5.474215984344482,497000000
2018-01-10,5.381967800637949,5.520586839339292,5.327704315890184,5.517133712768555,582664000
2018-01-11,5.549690832571943,5.581015953632361,5.505539748074262,5.526998996734619,406032000
2018-01-12,5.5151619022263745,5.549446658347346,5.459418358837358,5.499869346618652,359916000
2018-01-16,5.5262600999504325,5.611601724843823,5.344723494451286,5.429078578948975,702348000
2018-01-17,5.4436319805253985,5.5526524741965835,5.349904041570919,5.542786598205566,538408000
2018-01-18,5.523546680544163,5.590143098878564,5.4924685401694004,5.535879611968994,408632000
2018-01-19,5.625908312293248,5.699904024526642,5.599023319560254,5.675732135772705,609380000
2018-01-22,5.683624394010229,5.76575988088546,5.62615429903697,5.764033317565918,550944000
2018-01-23,5.817310281065666,5.915478343550291,5.798811589921604,5.892786502838135,475228000
2018-01-24,5.895992167473702,5.931756959444365,5.76057974564734,5.816076755523682,579972000
2018-01-25,5.870342187149201,5.913506751592753,5.8148456292913115,5.829644680023193,409884000
2018-01-26,5.873299628552618,6.002052299757263,5.860473664919984,6.001805782318115,516356000
2018-01-29,5.987251752392459,6.119704504192991,5.9347148534043095,6.088625907897949,455116000
2018-01-30,5.947050135686135,6.078022904578278,5.880453716835236,5.986761093139648,570832000
2018-01-31,6.061989812636716,6.148318444116083,6.029431628920219,6.062729835510254,478576000
2018-02-01,5.883166696214036,6.089862201865626,5.871820775817728,5.932003974914551,519224000
2018-02-02,5.84567464283447,5.869600007209351,5.701875939145112,5.759839057922363,718464000
2018-02-05,5.599024109027706,5.752688751083568,5.05638724129298,5.270975589752197,1165204000
2018-02-06,5.041587188137092,5.566957843669648,5.0317208428353695,5.563998222351074,1114800000
2018-02-07,5.662660361781737,5.7956062370715,5.591624262120467,5.643421173095703,802932000
2018-02-08,5.7687204549270295,5.801771678249629,5.364949240065885,5.365196228027344,1144000000
2018-02-09,5.8765078379370985,5.892293426499166,5.3651961867749325,5.72432279586792,1674604000
2018-02-12,5.805223889193836,5.808183980638208,5.550431618808309,5.624427318572998,1093172000
2018-02-13,5.588171749851769,5.784014433401623,5.555860071094257,5.737890243530273,625524000
2018-02-14,5.6976838233451055,5.9835547195632675,5.68658442063882,5.954696178436279,744988000
2018-02-15,6.03781761733539,6.12611932497192,5.957162185061639,6.079995155334473,698900000
2018-02-16,6.052864074029387,6.166324213744753,6.005259855390745,6.014386177062988,637656000
2018-02-20,6.0368329423039135,6.212449871542913,6.033132826983067,6.143633842468262,686240000
2018-02-21,6.2080089714626165,6.214915224753043,5.953216211274478,5.956915855407715,892292000
2018-02-22,5.99072815149534,6.0623017176335185,5.911009745796492,5.976413249969482,534364000
2018-02-23,6.036140393573747,6.069705963134766,5.985545133194119,6.069705963134766,415300000
2018-02-26,6.115858970600279,6.120301396429439,6.023553298640436,6.085748672485352,469312000
2018-02-27,6.059093040358581,6.143254341538218,6.049961518232413,6.0729146003723145,455436000
2018-02-28,6.0837750668917785,6.123264036362615,5.9611124025141065,5.972712516784668,523116000
2018-03-01,5.970489560439261,6.024293420749403,5.630143837728641,5.731087684631348,1040120000
2018-03-02,5.623728079531313,5.844373156399444,5.475397537269043,5.837955951690674,913428000
2018-03-05,5.787853976875706,5.855478937290603,5.6646975107328945,5.815989971160889,620776000
2018-03-06,5.901136655228082,5.995910435333606,5.858192425870338,5.976659297943115,636808000
2018-03-07,5.873989074269071,6.020839107110441,5.872755250039455,5.9687628746032715,581208000
2018-03-08,5.9961593222988165,5.9961593222988165,5.9082960537172715,5.952474594116211,411912000
2018-03-09,5.999861045278651,6.067732683902001,5.983818974651122,6.054899215698242,505524000
2018-03-12,6.09611538013624,6.2441987733819575,6.087970539305087,6.164233684539795,605060000
2018-03-13,6.206930755721556,6.281219587830296,6.072421323424346,6.113637924194336,619772000
2018-03-14,6.156582578593625,6.183731420029194,6.076864161460417,6.139059543609619,505496000
2018-03-15,6.152632467074606,6.23481851275129,6.1119092148313205,6.153866291046143,401952000
2018-03-16,6.170157190258023,6.201007976209314,6.132642529094232,6.182003974914551,399456000
2018-03-19,6.125238926743748,6.154114936098762,5.849309476824786,5.948031902313232,713772000
2018-03-20,5.9509927205505395,6.198539475828768,5.9509927205505395,6.159790992736816,554696000
2018-03-21,6.153374188546132,6.219518657987136,6.104259884011307,6.134617328643799,438688000
2018-03-22,6.071434225556255,6.117833735683708,5.931741883046754,5.9690093994140625,551196000
2018-03-23,5.9825850152516145,5.985053134889505,5.7387406322745536,5.749846935272217,735620000
2018-03-26,5.873989631946145,6.035154112432693,5.822160535960724,6.0339202880859375,611424000
2018-03-27,6.114624915566505,6.170156417472876,5.426035704164232,5.565974712371826,1409000000
2018-03-28,5.531669156590106,5.661489029596808,5.355696441631368,5.463057041168213,945904000
2018-03-29,5.531176481803723,5.81228887627484,5.447015621289132,5.715787887573242,916628000
2018-04-02,5.645447978756446,5.79131041801544,5.36803753559507,5.455653667449951,922092000
2018-04-03,5.622246762944575,5.685182152012148,5.463056612529633,5.561779022216797,667432000
2018-04-04,5.306582659089686,5.594112253718109,5.281655261686364,5.583746433258057,789168000
2018-04-05,5.6419902571185485,5.6550708623099535,5.392469251442145,5.463796138763428,701240000
2018-04-06,5.361371538375999,5.469225926853435,5.258700058045322,5.28782320022583,662988000
2018-04-09,5.35076046997515,5.478359371517432,5.296462784619328,5.3164544105529785,499524000
2018-04-10,5.546230121596091,5.651863073109065,5.489217655227911,5.6249613761901855,761676000
2018-04-11,5.610154796654444,5.651371407744377,5.5511680058848345,5.583746433258057,460244000
2018-04-12,5.676542765424728,5.807843565970049,5.632364243443315,5.790073394775391,593920000
2018-04-13,5.853503883993969,5.8618953948193875,5.6654377269575935,5.713564872741699,503036000
2018-04-16,5.72022889331756,5.746637250650378,5.619285031639001,5.713318347930908,350792000
2018-04-17,5.765393233966342,5.8838601021516945,5.709861742396493,5.862634658813477,447224000
2018-04-18,5.812288139933234,5.904840501847748,5.744910314204756,5.8337602615356445,391364000
2018-04-19,5.719735104302074,5.753054007156208,5.5975662645825155,5.65285062789917,471996000
2018-04-20,5.644213390693867,5.7283742447176005,5.613609743341578,5.644707202911377,386200000
2018-04-23,5.662477398869795,5.713566015355574,5.4995852709884945,5.5254998207092285,427508000
2018-04-24,5.551166260663302,5.646926734437676,5.394197566372865,5.459354400634766,414596000
2018-04-25,5.429736089366668,5.4687317002254945,5.1903342585311325,5.3473029136657715,588492000
2018-04-26,5.508716548831038,5.566716180055462,5.442819217675992,5.5585713386535645,375824000
2018-04-27,5.664205962509277,5.6839504518248445,5.543764248162285,5.585968017578125,400848000
2018-04-30,5.60225446595979,5.651862570896132,5.531421386783354,5.5506720542907715,327844000
2018-05-01,5.5425292503028505,5.60867325197152,5.484035807069009,5.605958461761475,253788000
2018-05-02,5.602503232504488,5.6469279713493705,5.559311847293387,5.585473537445068,268248000
2018-05-03,5.617310565547473,5.776500717117908,5.572144880373844,5.750339031219482,443144000
2018-05-04,5.721709021760126,5.903358423765307,5.704432660821404,5.900149822235107,400660000
2018-05-07,6.004550013665405,6.194590959421235,5.994677536654166,6.13757848739624,687616000
2018-05-08,6.137826112103173,6.182745136293116,6.088958473091492,6.180030345916748,506616000
2018-05-09,6.2000211846200886,6.3150328234467255,6.172872340759179,6.312811374664307,596760000
2018-05-10,6.36562738531591,6.429303261016274,6.347857209278967,6.420171737670898,994080000
2018-05-11,6.238768626377314,6.411779867810766,6.1834842650152755,6.281959533691406,1214456000
2018-05-14,6.319968440415287,6.379695702732293,6.278751837226178,6.302444934844971,523140000
2018-05-15,6.239016335939232,6.241731596918744,5.960372092830068,6.060575485229492,963528000
2018-05-16,6.022072436580242,6.133628779298271,5.985298263716982,6.071680545806885,553828000
2018-05-17,6.073408476923989,6.20717742641007,6.057365938004435,6.113637924194336,519784000
2018-05-18,6.165467240974338,6.228649299168576,6.065016726733699,6.069952964782715,483716000
2018-05-21,6.167195061757378,6.170897005032129,5.935443715399001,6.027996063232422,640624000
2018-05-22,6.041326000425693,6.066500071154271,5.929522471427254,5.989990234375,518264000
2018-05-23,5.933927641549898,6.1144547961253295,5.9331867008859875,6.113219738006592,442956000
2018-05-24,6.1095167734599265,6.15915556891217,6.056420568216453,6.116925239562988,437372000
2018-05-25,6.129520311527187,6.172491110798442,6.09395844942009,6.156191825866699,292112000
2018-05-29,6.138162855583409,6.207064688405136,6.092475594627293,6.139150619506836,352684000
2018-05-30,6.172737036191554,6.256455793707795,6.148041055491183,6.247812271118164,390996000
2018-05-31,6.215954069807508,6.3023897586846,6.20533502048328,6.228055000305176,493868000
2018-06-01,6.272756429644096,6.368329787255433,6.26411290518787,6.362155437469482,421968000
2018-06-04,6.396235432700494,6.562685678984376,6.364130982871786,6.540706634521484,642024000
2018-06-05,6.54391594141346,6.583676617202164,6.499216446209698,6.546138763427734,391712000
2018-06-06,6.456246604314873,6.551325839817572,6.439947320258317,6.548115253448486,371356000
2018-06-07,6.544410560007406,6.556264669584595,6.402409010385018,6.492549419403076,369448000
2018-06-08,6.41994268162536,6.519713896588702,6.401173755259388,6.477237224578857,360456000
2018-06-11,6.464642795892608,6.506131708027877,6.423400706985754,6.436242580413818,265372000
2018-06-12,6.462668227507684,6.496748208520087,6.4125353135309435,6.484647274017334,319160000
2018-06-13,6.486129253737014,6.560957684380621,6.471064555678711,6.4802021980285645,338208000
2018-06-14,6.525148193149158,6.648133524098915,6.510330320187141,6.591579914093018,430016000
2018-06-15,6.534531559200484,6.605655741064775,6.503661700048471,6.550830841064453,432260000
2018-06-18,6.50687161768719,6.564166157059547,6.479706464728393,6.546632289886475,356268000
2018-06-19,6.443652003935613,6.510825143954485,6.2979466722976305,6.425130367279053,594932000
2018-06-20,6.466124597029383,6.530827609822944,6.427845800449018,6.477978706359863,369780000
2018-06-21,6.509836625133135,6.528111436405862,6.341904501110473,6.349560260772705,359516000
2018-06-22,6.370304401232539,6.383640391929357,6.182121947314975,6.197432994842529,434160000
2018-06-25,6.091240680979333,6.094944913252802,5.816869364654443,5.905280590057373,665816000
2018-06-26,6.0183884672763535,6.066545376346424,5.924790646805313,5.976158142089844,478884000
2018-06-27,6.019622666902509,6.085807559707858,5.815881403608061,5.821314811706543,453892000
2018-06-28,5.8114372247181025,5.960106789022831,5.803781464255762,5.9482526779174805,338012000
2018-06-29,6.01320224432875,6.0257968236493795,5.8492211795620355,5.850456237792969,392300000
2018-07-02,5.781061529063429,5.986037416403463,5.760563893225749,5.982333183288574,357572000
2018-07-03,6.016907816419056,6.02283487255158,5.840578956309271,5.848975658416748,222732000
2018-07-05,5.90404569943324,5.999371745670493,5.8652732579561455,5.9944329261779785,306216000
2018-07-06,5.969985043735303,6.116431789072338,5.9487464667498715,6.108035087585449,296352000
2018-07-09,6.182122806021269,6.191754094508613,6.076918160362605,6.155450820922852,303880000
2018-07-10,6.167798134744651,6.27621287979718,6.127543810844772,6.2542338371276855,360016000
2018-07-11,6.161624717481892,6.196198812604628,6.102354167219034,6.112973690032959,367508000
2018-07-12,6.158166704103899,6.25225769246666,6.1482881230165365,6.204347610473633,345508000
2018-07-13,6.222872056180925,6.222872056180925,6.115197742786513,6.1571807861328125,246988000
2018-07-16,6.12952184677124,6.182371242165081,6.117174086108357,6.12952184677124,197036000
2018-07-17,6.080374025258672,6.280163742219436,6.054937104989344,6.265099048614502,362136000
2018-07-18,6.257693384328493,6.27152302606882,6.165083772500083,6.215957164764404,277640000
2018-07-19,6.1971865460788935,6.257691683282383,6.18212232086535,6.224104881286621,235752000
2018-07-20,6.221635686520507,6.260408131595907,6.185085592663818,6.19595193862915,222352000
2018-07-23,6.169527776530568,6.171256481420087,6.008016338916703,6.159402370452881,301584000
2018-07-24,6.207311289424235,6.2937469886252,6.124579822562692,6.142114162445068,354620000
2018-07-25,6.151499265351744,6.232748859308306,6.093710597044604,6.22015380859375,319112000
2018-07-26,6.200149426671353,6.33029638173515,6.183356028063561,6.29349946975708,325124000
2018-07-27,6.330050277990525,6.336965096782798,6.170020739729758,6.223857879638672,295420000
2018-07-30,6.237934329160639,6.243861383529538,5.99418557247012,6.0290069580078125,340340000
2018-07-31,6.018635951492422,6.121617776607149,5.979863502534976,6.047036170959473,283988000
2018-08-01,6.078400053584766,6.1334717866964565,6.023081026177311,6.086796283721924,283556000
2018-08-02,6.0156724203761,6.193235857991941,5.956896450995273,6.189284801483154,269668000
2018-08-03,6.213732483082271,6.249541635325923,6.196939553579779,6.225833415985107,214288000
2018-08-06,6.213238787007001,6.276954037180822,6.166810583699202,6.273496627807617,207508000
2018-08-07,6.322147785866375,6.364130816722767,6.295476274280007,6.345608711242676,258132000
2018-08-08,6.346843538121106,6.426858069963295,6.312022150661158,6.381911277770996,262100000
2018-08-09,6.399693877766806,6.4024103469793685,6.325853207279617,6.3335089683532715,204280000
2018-08-10,6.2517642675789,6.324617157051541,6.240651098980135,6.29226541519165,256396000
2018-08-13,6.300910946886788,6.445629008025473,6.299182241687871,6.325112819671631,375208000
2018-08-14,6.430315804827358,6.4703233082922385,6.347337505917876,6.456246376037598,466220000
2018-08-15,6.47699095833535,6.510824584219622,6.319678352245854,6.398211479187012,591136000
2018-08-16,6.467853815635219,6.470323461195038,6.297698863546447,6.357709884643555,801260000
2018-08-17,6.2465778832406516,6.247318823920055,6.019128407167273,6.046047210693359,1143188000
2018-08-20,6.005546096413886,6.252998616949036,5.8954021785512305,6.120628833770752,854388000
2018-08-21,6.136927640222526,6.260407067707741,6.117170950666356,6.255961894989014,673988000
2018-08-22,6.22336509341703,6.495513651438657,6.219907683542983,6.490574359893799,749856000
2018-08-23,6.452048171926908,6.65504851479225,6.438218533634873,6.589851379394531,720684000
2018-08-24,6.598248160623286,6.737285957048397,6.593802986980405,6.722715377807617,531512000
2018-08-27,6.752350168671855,6.8876837319511655,6.720986658952772,6.813596248626709,505776000
2018-08-28,6.807668042003626,6.830388494896594,6.656282043562281,6.776057243347168,475384000
2018-08-29,6.7684002227847735,6.90627884129509,6.747644413207724,6.881322383880615,420108000
2018-08-30,6.850185622991453,6.961131133265249,6.8277001710694005,6.8645172119140625,346608000
2018-08-31,6.844502803952818,6.948282284843679,6.834618819442107,6.935433387756348,306592000
2018-09-04,6.92233918624667,7.047615853483395,6.893923428996472,7.0100579261779785,391720000
2018-09-05,6.992512643685579,7.027846996897987,6.798790861002018,6.8795905113220215,393156000
2018-09-06,6.863282904561591,6.865753901185525,6.705884237101798,6.738747596740723,322796000
2018-09-07,6.646828642312467,6.842774478655888,6.602104687719215,6.717497825622559,295420000
2018-09-10,6.739982363697045,6.8180640548919795,6.696246719446564,6.788412570953369,220140000
2018-09-11,6.742206307570554,6.829677600964378,6.721450503299689,6.740724086761475,243112000
2018-09-12,6.700940495678086,6.720461034008451,6.471884399764803,6.627059459686279,419092000
2018-09-13,6.692786948304712,6.795083735934499,6.675490446929424,6.704647541046143,305536000
2018-09-14,6.794838225891879,6.896393689207975,6.758021177420126,6.830419540405273,386936000
2018-09-17,6.804968893843612,6.8538934938683935,6.749372650339453,6.768645763397217,205528000
2018-09-18,6.7725997161266855,6.875143483659319,6.690070408518071,6.696741580963135,299520000
2018-09-19,6.678208419188451,6.7382522577207355,6.628295523287287,6.720461368560791,224860000
2018-09-20,6.598644607174881,6.6408975601703295,6.5257518654368365,6.579618453979492,430584000
2018-09-21,6.591479186009431,6.6369444822962675,6.476580447109337,6.509690761566162,435128000
2018-09-24,6.478803653530786,6.568745936813636,6.391826754239927,6.565286636352539,293912000
2018-09-25,6.631260097510213,6.6572048483191635,6.545765427651052,6.632248401641846,280388000
2018-09-26,6.637191318108832,6.6774676626724,6.579618470596682,6.595432281494141,268548000
2018-09-27,6.630520886744471,6.651771081947571,6.575913413356341,6.607294082641602,214428000
2018-09-28,6.738994228619711,6.966073277335361,6.711072394239323,6.9438347816467285,709396000
2018-10-01,7.021423361169476,7.216627380730317,6.982876662321223,7.149912357330322,622060000
2018-10-02,7.1224848297111265,7.233923806628516,7.056510681851803,7.078749179840088,383964000
2018-10-03,7.148921749991939,7.1563347379345865,6.981145223150392,7.084924697875977,320552000
2018-10-04,7.048850824829327,7.073065931882066,6.82424227502434,6.901088714599609,391220000
2018-10-05,6.876378757707457,6.9383992134025885,6.610752530205606,6.668078422546387,426636000
2018-10-08,6.585054928878049,6.7002006335047914,6.426420533715067,6.567017078399658,408612000
2018-10-09,6.546507678404485,6.64089756978881,6.493629865346399,6.561333656311035,273500000
2018-10-10,6.455577424705536,6.501290152029572,6.06862824147266,6.070852279663086,684940000
2018-10-11,5.983875083899575,6.117059110065572,5.788424113329541,5.8099212646484375,725436000
2018-10-12,6.066405156008104,6.165984011373858,5.921607957536885,6.091855525970459,608236000
2018-10-15,6.078511593331325,6.078511593331325,5.815109432141873,5.816097736358643,449760000
2018-10-16,5.928525772885388,6.085430504178921,5.879354218712057,6.074311256408691,408712000
2018-10-17,6.136332612764242,6.1743853960683595,5.95694240125589,6.005867004394531,329668000
2018-10-18,6.075052376213033,6.113351639433158,5.858350767531739,5.918641567230225,524020000
2018-10-19,5.973745000606559,5.993265073204709,5.626330784670169,5.66265344619751,613608000
2018-10-22,5.714790549823224,5.814616367853289,5.610764084445029,5.713307857513428,368844000
2018-10-23,5.446692445200162,5.539600117668825,5.354773548313665,5.462259769439697,626436000
2018-10-24,5.423960923945256,5.47041453216551,4.913464678805898,4.92730188369751,884288000
2018-10-25,4.829945482552465,5.182795505816304,4.785715455981453,5.135600566864014,951720000
2018-10-26,4.900120648375631,5.061472989970796,4.771879092966843,4.899626731872559,664784000
2018-10-29,5.040469938771781,5.043929239272605,4.3491009273157415,4.5865583419799805,758016000
2018-10-30,4.609539513830269,5.025892841793666,4.586559666171252,5.0160088539123535,807192000
2018-10-31,5.180325571282585,5.252971359393127,5.040964292333446,5.209482669830322,745772000
2018-11-01,5.245805645899684,5.3987571790551225,5.119540687731207,5.389367580413818,566528000
2018-11-02,5.379977940048865,5.485487091337592,5.194163048737129,5.310544490814209,452960000
2018-11-05,5.297446852435231,5.320674120491203,5.072344443286182,5.23270845413208,379332000
2018-11-06,5.224803126122223,5.308815129984394,5.1781020890035165,5.2151665687561035,299012000
2018-11-07,5.281634986514557,5.3720712108376105,5.218131827199866,5.282623291015625,483812000
2018-11-08,5.223567488669031,5.22430883483312,5.036517321039978,5.089890003204346,511352000
2018-11-09,5.001180604058578,5.172169447616001,4.967575911998681,5.081980228424072,413240000
2018-11-12,4.990805014573588,5.012796555833674,4.661675598302019,4.683420181274414,617116000
2018-11-13,4.781021556606179,5.045905951173958,4.774843830190087,4.924829959869385,644712000
2018-11-14,5.097548498019646,5.111880088075978,4.764713354751783,4.872446060180664,526580000
2018-11-15,4.866515335628465,5.072839031740589,4.830686599283498,5.000934600830078,840708000
2018-11-16,4.035538427357766,4.2169051953928856,3.993285009012846,4.0629658699035645,1963520000
2018-11-19,3.997734232135896,3.9984751069736695,3.5737207698359827,3.5754504203796387,1697820000
2018-11-20,3.31254141660486,3.811671056338729,3.2940094181054382,3.6836764812469482,1692032000
2018-11-21,3.820566870062842,3.837369220136449,3.548516455386355,3.5756967067718506,1025496000
2018-11-23,3.5411035794886003,3.6962784129623447,3.528254682411146,3.582862377166748,411968000
2018-11-26,3.7036921041454702,3.7921517085392544,3.6214097555911566,3.781773805618286,814832000
2018-11-27,3.7558282999320816,3.8796224789173923,3.7199997967894065,3.7985756397247314,738060000
2018-11-28,3.915944822493707,3.960421808996925,3.7837495966615347,3.955232858657837,804524000
2018-11-29,3.9574596773216055,3.9945607674433043,3.8619860418629024,3.8921616077423096,549172000
2018-11-30,3.9018082849210147,4.052933809984979,3.8515979921217385,4.042298316955566,729564000
2018-12-03,4.269108071615382,4.320555073285009,4.139006392302368,4.205788612365723,890804000
2018-12-04,4.16126799171103,4.166214928685318,3.8708894903957574,3.8859775066375732,812112000
2018-12-06,3.7457353951942864,3.9201109339239735,3.7301529664919557,3.9151642322540283,692308000
2018-12-07,3.9193678033834547,3.929508881139152,3.6017819037040733,3.6510026454925537,681676000
2018-12-10,3.606235013243494,3.780857997862722,3.602524809979828,3.7561237812042236,629472000
2018-12-11,3.8476403366369505,3.8558025958132554,3.5864480429952077,3.6653499603271484,671912000
2018-12-12,3.671038219727921,3.778878954591553,3.581995469554645,3.682910680770874,654136000
2018-12-13,3.729658404997222,3.7937197381178542,3.6467990861594393,3.6826634407043457,471384000
2018-12-14,3.6411100571739334,3.7247114637579677,3.5988148252338936,3.622312307357788,471820000
2018-12-17,3.5923830911398014,3.6643592242331104,3.4934464844592843,3.5513243675231934,662868000
2018-12-18,3.5951044880514167,3.7182804478027554,3.567897039578351,3.634431838989258,564372000
2018-12-19,3.600793542984009,3.6542193866108357,3.374476326159526,3.4259233474731445,745364000
2018-12-20,3.417513707699646,3.5072985491377735,3.281970637111503,3.3415799140930176,749588000
2018-12-21,3.368045546761011,3.4009420238946313,3.177345474829577,3.2048003673553467,863740000
2018-12-24,3.1286187078137417,3.2149407761930386,3.0793977230356346,3.143211841583252,463840000
2018-12-26,3.1892176004464607,3.2931009283476196,3.078408748802953,3.29211163520813,695100000
2018-12-27,3.23992198253061,3.2743023900891655,3.0962166815121286,3.2443740367889404,637044000
2018-12-28,3.264903795478063,3.3982208288197224,3.2231032137878097,3.3057150840759277,628728000
2018-12-31,3.349000259522261,3.381401853232403,3.2713350808799397,3.3020055294036865,465140000
2019-01-02,3.231265703822605,3.425181080966381,3.2166725681874238,3.3692820072174072,508752000
2019-01-03,3.309177863997585,3.3430636293693605,3.1582998159622626,3.165719985961914,705552000
2019-01-04,3.2386857717405726,3.4066304289007823,3.208015561696313,3.368540048599243,585620000
2019-01-07,3.42567572255454,3.5837267346364183,3.3744759128738573,3.546872854232788,709160000
2019-01-08,3.6282481901467687,3.630474453555184,3.3861011187874763,3.4585721492767334,786016000
2019-01-09,3.509771901302659,3.573833471465944,3.4593144099664945,3.5265913009643555,617260000
2019-01-10,3.50729894643275,3.6007937657691107,3.446947574800158,3.592136859893799,523156000
2019-01-11,3.5698760153464897,3.703935157819665,3.5421739172799653,3.6811797618865967,874764000
2019-01-14,3.6289902806288747,3.7462300105912045,3.6054927992140615,3.721001148223877,730168000
2019-01-15,3.7536497847506585,3.7929771318155847,3.6885991673420664,3.706902503967285,617012000
2019-01-16,3.7341100345948863,3.7670062699675806,3.6759849389447896,3.6814262866973877,470104000
2019-01-17,3.6485306844730516,3.792483229582444,3.6213229974567955,3.7526612281799316,493436000
2019-01-18,3.8023766394178167,3.907496705882418,3.7509296199826263,3.881525754928589,651336000
2019-01-22,3.851350737399705,3.862975759495493,3.6495202754554987,3.6796958446502686,661552000
2019-01-23,3.734852805681426,3.8234009202373347,3.6613924746342406,3.6925573348999023,591020000
2019-01-24,3.7769012197857093,3.921595632980369,3.7722017225536884,3.9040346145629883,708972000
2019-01-25,3.8446713738435534,3.979224899976783,3.742272230696433,3.9611690044403076,1154572000
2019-01-28,3.377443831559899,3.503340451934958,3.2401696336174215,3.41355562210083,2511528000
2019-01-29,3.3675506009052305,3.4157822984496677,3.240417230914424,3.2550103664398193,1153932000
2019-01-30,3.330944362099958,3.4125669495165596,3.25154780236145,3.398221254348755,974228000
2019-01-31,3.395005121130026,3.5911467388723395,3.37323902288696,3.5555295944213867,842852000
2019-02-01,3.5740805833765674,3.6307217454259466,3.526591208758648,3.5797693729400635,625048000
2019-02-04,3.5955991333519037,3.7269373511870465,3.573585827707394,3.689836263656616,528592000
2019-02-05,3.701708175377461,3.745487577613269,3.6680698525763553,3.708881139755249,542424000
2019-02-06,3.7420251267197253,3.848629364647908,3.7365837785660503,3.784320592880249,702464000
2019-02-07,3.738068038238784,3.740294065936095,3.603514488462521,3.6463043689727783,637120000
2019-02-08,3.5792738425944526,3.675489538363107,3.5649281516105686,3.664854049682617,461604000
2019-02-11,3.6208281317062947,3.674995825326401,3.5740806086947448,3.622312307357788,495180000
2019-02-12,3.6606505051856875,3.7546402074135017,3.6463045732075137,3.7390575408935547,591060000
2019-02-13,3.7684910030988537,3.8543184402777513,3.7548871599384235,3.7813527584075928,605372000
2019-02-14,3.7803632359891957,3.850360798091592,3.7373256814451947,3.8221638202667236,827264000
2019-02-15,4.030425778320329,4.053180939836472,3.8689119686286864,3.891667366027832,1516748000
2019-02-19,3.8810305343986,3.954738290641775,3.8619853461631073,3.874352216720581,551892000
2019-02-20,3.9035394354037853,3.9886247899066,3.8924092963662886,3.921595335006714,540988000
2019-02-21,3.9342098491476727,3.958696390685526,3.8382413259934585,3.852834463119507,448548000
2019-02-22,3.9045288949113806,3.9562231237306023,3.8909250511661164,3.937425136566162,401740000
2019-02-25,4.020778715727318,4.0880553642867286,3.916400509384179,3.9250576496124268,656020000
2019-02-26,3.9203586006211872,3.97625767723932,3.8523396206545732,3.885730743408203,488464000
2019-02-27,3.8713846565324657,3.897850016459146,3.7870411676496665,3.8439297676086426,500256000
2019-02-28,3.8377403961328027,3.860024087826007,3.797134736342679,3.81941819190979,324944000
2019-03-01,3.8691848495966012,3.9157328559809574,3.810999841616156,3.8736417293548584,357188000
2019-03-04,3.912018758171207,3.9347976031872425,3.8253600213897,3.88181209564209,409992000
2019-03-05,3.866213812451286,3.913504673162684,3.8119902897875693,3.8753750324249268,362924000
2019-03-06,3.866461294665398,3.8748794253731376,3.761975742505738,3.7646992206573486,403524000
2019-03-07,3.741177272800439,3.7508336480042734,3.649566737112525,3.695619583129883,450104000
2019-03-08,3.6064846975489036,3.7404342749313018,3.585191323925314,3.729787588119507,422416000
2019-03-11,3.75331059551392,4.012543543168954,3.706267189024818,3.989764928817749,859728000
2019-03-12,4.017494715873952,4.070232528479802,3.941482665201958,4.023932456970215,579576000
2019-03-13,4.0613174690723,4.204180288906277,4.053889418492266,4.17496395111084,768900000
2019-03-14,4.1841277449219305,4.196012444273688,4.091526640746061,4.0992021560668945,519384000
2019-03-15,4.142283138474759,4.247016384503142,4.138816807769409,4.204430103302002,661484000
2019-03-18,4.235874755889158,4.289603356815503,4.156148673346275,4.183136940002441,486992000
2019-03-19,4.277471608602391,4.394832434784761,4.2606353432391,4.350512504577637,854972000
2019-03-20,4.379480733777656,4.432713945030418,4.2834133044747515,4.318077087402344,719148000
2019-03-21,4.341102869772194,4.58052807605089,4.336150834187309,4.5542826652526855,824312000
2019-03-22,4.527046626037242,4.575575244016056,4.380964907475675,4.394830226898193,747644000
2019-03-25,4.354225351924067,4.4183524656052064,4.236617103821778,4.302725315093994,525212000
2019-03-26,4.4441028551164905,4.500059539757855,4.32302826643485,4.379232883453369,703508000
2019-03-27,4.404734227726822,4.4510342876834565,4.300743861425878,4.370070457458496,474372000
2019-03-28,4.396068938841398,4.454254178638991,4.335655613518798,4.388641357421875,480264000
2019-03-29,4.455245702515035,4.470101813897003,4.404983895204245,4.445837020874023,456896000
2019-04-01,4.537446476833416,4.543388825178386,4.465891308838393,4.513182163238525,483824000
2019-04-02,4.5372009110356535,4.575330562604137,4.494366681947661,4.531010627746582,440920000
2019-04-03,4.580527299193457,4.729085035779866,4.575575264448437,4.670156955718994,783504000
2019-04-04,4.654807127958316,4.7035836910063535,4.598602983135387,4.661244869232178,457376000
2019-04-05,4.7043261155742435,4.745179700627346,4.6679296458830875,4.727847576141357,481744000
2019-04-08,4.697394152141691,4.773653905545803,4.673377295551012,4.7486467361450195,424192000
2019-04-09,4.715220510599144,4.726362354526328,4.64391280391559,4.686004161834717,439972000
2019-04-10,4.685261180986691,4.782070970973484,4.680804537988265,4.756320953369141,444772000
2019-04-11,4.758797299610469,4.790242207370964,4.693184478335227,4.742455959320068,374600000
2019-04-12,4.781081803558154,4.785043527312434,4.695908756984894,4.7045745849609375,471708000
2019-04-15,4.6968976582140725,4.701849693355543,4.533484276562062,4.573099613189697,440092000
2019-04-16,4.612220746124993,4.6788238817913825,4.579538064717605,4.660006523132324,394964000
2019-04-17,4.694918827678214,4.715716816519887,4.614945271356843,4.637228965759277,351004000
2019-04-18,4.643912689874471,4.677833141029692,4.584984601333956,4.612715244293213,380988000
2019-04-22,4.589195647717693,4.682044225115141,4.5577512015230734,4.666445732116699,279936000
2019-04-23,4.6795672814140925,4.752113246455217,4.669911140835929,4.720915794372559,346856000
2019-04-24,4.731315296188058,4.773902058972395,4.670654495553224,4.7332963943481445,318204000
2019-04-25,4.693184421651426,4.715468110164845,4.548340918566325,4.627819061279297,499296000
2019-04-26,4.474309051800788,4.478766167098218,4.290840528627895,4.4094390869140625,868988000
2019-04-29,4.417361646387671,4.467871364756205,4.345311095108625,4.440140724182129,391920000
2019-04-30,4.407953864018122,4.506992223506752,4.388889044751232,4.481490135192871,362920000
2019-05-01,4.533733423610305,4.575824789086137,4.468120121036333,4.468368053436279,354280000
2019-05-02,4.4780238221047926,4.5773096421118185,4.434942147363374,4.5357136726379395,394684000
2019-05-03,4.544132641497214,4.554036242671163,4.469853507557636,4.531257629394531,336824000
2019-05-06,4.345313492255298,4.46515035042058,4.308174153533485,4.4530181884765625,422176000
2019-05-07,4.404734701033539,4.404734701033539,4.238102448089224,4.286136150360107,555220000
2019-05-08,4.258653132717726,4.386164973810182,4.246768436734894,4.306191444396973,419168000
2019-05-09,4.237360033834992,4.247016172854094,4.095240009746013,4.21383810043335,660248000
2019-05-10,4.183136205693592,4.248501560713589,4.060575928905058,4.179917335510254,569500000
2019-05-13,4.048196128778353,4.071222666943361,3.907313894413723,3.9231600761413574,656912000
2019-05-14,3.9627753423697984,4.047205985847041,3.924150553189404,4.012047290802002,524880000
2019-05-15,3.956585929261325,3.9875354446133415,3.897410612695974,3.951138973236084,502320000
2019-05-16,3.9456922618955095,4.008829309242451,3.9033534368531897,3.966242551803589,781088000
2019-05-17,3.924398594361472,4.053396150144705,3.836254388911451,3.875622034072876,1022068000
2019-05-20,3.77707848182545,3.8320448454927067,3.732511108878801,3.7572708129882812,572064000
2019-05-21,3.8179321526537056,3.855071475846897,3.779307124302193,3.8392252922058105,361848000
2019-05-22,3.800600591263355,3.826598070897786,3.757518682528197,3.7684130668640137,325868000
2019-05-23,3.70626650873821,3.70626650873821,3.587915633723811,3.6475863456726074,591844000
2019-05-24,3.666404463136927,3.7015631729376612,3.5871737540516646,3.5938589572906494,357584000
2019-05-28,3.6114363777636562,3.6441190513678157,3.5468136468637868,3.5487945079803467,428356000
2019-05-29,3.501256744741537,3.536167747284733,3.4401005662304702,3.474764108657837,559800000
2019-05-30,3.4779871353749825,3.5136816923086753,3.4100683092375648,3.448241710662842,394300000
2019-05-31,3.3994093624652377,3.4665844859095674,3.356030530779458,3.3577656745910645,389720000
2019-06-03,3.3689200673298636,3.407589187225042,3.2868723543429175,3.316122055053711,478644000
2019-06-04,3.380074213399917,3.549871243975112,3.358013069291645,3.544665813446045,641836000
2019-06-05,3.618285942697726,3.62373935243207,3.465840576664286,3.502030849456787,511616000
2019-06-06,3.5062451435420043,3.5885408363110862,3.5037662992283582,3.5640008449554443,408140000
2019-06-07,3.5699505210681837,3.6408436826410946,3.5508637006176267,3.6066365242004395,348856000
2019-06-10,3.662655860005159,3.7476783604791355,3.662655860005159,3.6792638301849365,402780000
2019-06-11,3.7390031641794126,3.776680841998807,3.697359713615589,3.736772298812866,383872000
2019-06-12,3.693392693824379,3.6995898034274575,3.6088661518402025,3.6239867210388184,358892000
2019-06-13,3.646048775351264,3.693393617134934,3.628449357911743,3.675050735473633,308080000
2019-06-14,3.5820953038139884,3.6063873115745735,3.540699604485733,3.585317611694336,394428000
2019-06-17,3.583582468395753,3.6319189777669725,3.560777625103327,3.594985008239746,276040000
2019-06-18,3.6562115384735345,3.8448471865550116,3.6453049548652916,3.7895703315734863,581920000
2019-06-19,3.824769050974875,3.8361713558137254,3.7694919612169655,3.7955193519592285,331644000
2019-06-20,3.885994531773193,3.8998756789579057,3.8054339986390553,3.8198108673095703,350168000
2019-06-21,3.8049390056086914,3.854018988032907,3.7553630652081633,3.761807918548584,434428000
2019-06-24,3.7831255402682706,3.8136146627483147,3.7360284449265437,3.7841169834136963,282948000
2019-06-25,3.789074704454762,3.863934099675752,3.7521407284212343,3.7548673152923584,311868000
2019-06-26,3.8820294672374502,4.008695675277993,3.869139759890773,3.9477171897888184,584072000
2019-06-27,4.033235703770046,4.065211995295478,3.997293166334973,4.046125411987305,445440000
2019-06-28,4.089998460579333,4.099170134918949,4.024310757808632,4.070911884307861,397668000
2019-07-01,4.277643639416192,4.311851028416398,4.081571454721185,4.119001388549805,709756000
2019-07-02,4.102393303924036,4.123463244452716,4.008199582806831,4.021337032318115,400228000
2019-07-03,4.044639191552352,4.050340583063689,3.974489712929608,4.034228324890137,246636000
2019-07-05,3.975975453073607,3.9804371836654626,3.9085521178492004,3.971761465072632,396552000
2019-07-08,3.912270157498809,3.931108994720168,3.8669084444589887,3.8969016075134277,329788000
2019-07-09,3.8547624323267926,3.9273909624271464,3.842120704699303,3.899380683898926,342860000
2019-07-10,3.942759447031385,4.024807158528224,3.9288782974941214,3.9675474166870117,452076000
2019-07-11,4.040423459528527,4.162379948970753,4.003241741369174,4.12172794342041,682560000
2019-07-12,4.149489603741981,4.22558864483207,4.149489603741981,4.1546950340271,506392000
2019-07-15,4.175764847460104,4.191876622939585,4.118009158135677,4.146266937255859,289840000
2019-07-16,4.131395050866482,4.16857676853829,4.086033099999635,4.1415581703186035,341444000
2019-07-17,4.143293304914357,4.213690967589586,4.114043605126142,4.206750392913818,348204000
2019-07-18,4.2171612926417925,4.281113866380775,4.160644778812667,4.218400478363037,442192000
2019-07-19,4.256574572737633,4.2630191902095085,4.169320948320158,4.175270080566406,344896000
2019-07-22,4.196588319411822,4.2595494651444925,4.189151784923847,4.246659755706787,315940000
2019-07-23,4.28582326101392,4.356220442472948,4.270206497071242,4.3542375564575195,428176000
2019-07-24,4.397368207185931,4.4343021761491705,4.321517383331165,4.428600788116455,366236000
2019-07-25,4.387204651746181,4.399846612057837,4.274419870179722,4.297720432281494,392700000
2019-07-26,4.324740369252087,4.386214094427422,4.324740369252087,4.33961296081543,274160000
2019-07-29,4.332424542065347,4.349528234716801,4.245419150640539,4.333415985107422,248160000
2019-07-30,4.28706459877912,4.361180319713759,4.272687485971797,4.349034309387207,197772000
2019-07-31,4.317551641140734,4.3185435570114254,4.1400705645445735,4.1822099685668945,359416000
2019-08-01,4.192620111561201,4.28284803541097,4.035960784856661,4.088015556335449,421212000
2019-08-02,3.995558500289917,4.064716996215121,3.94821388668555,3.995558500289917,428348000
2019-08-05,3.8123748120530925,3.8136142340433463,3.6909142937551334,3.7377634048461914,589156000
2019-08-06,3.81237480422896,3.857736514280389,3.728839700701017,3.7764322757720947,361272000
2019-08-07,3.715702059258234,3.8265039749923058,3.698350624022929,3.814605712890625,372560000
2019-08-08,3.87211392501999,3.9241684706234805,3.81485394849571,3.922929048538208,309300000
2019-08-09,3.88202880975371,3.8854990968057885,3.771474872818401,3.821794271469116,341816000
2019-08-12,3.769740938160594,3.8217954970300347,3.732311232670642,3.754124641418457,279200000
2019-08-13,3.7526359861963545,3.9140050411375022,3.713719128664831,3.868147373199463,351956000
2019-08-14,3.7801513712523787,3.7913059351939533,3.676290244404949,3.719916820526123,419880000
2019-08-15,3.7387555114348254,3.7585857940072143,3.6534852490944294,3.687692403793335,477200000
2019-08-16,3.9499485103601346,4.004233693390105,3.888722278874881,3.9551539421081543,1007960000
2019-08-19,4.068186165550668,4.249137537708656,4.052073914585831,4.233273029327393,815112000
2019-08-20,4.227820082206071,4.228316040190973,4.14007097821964,4.1611409187316895,463188000
2019-08-21,4.2270752941554735,4.299455828274941,4.205509873997716,4.244426727294922,427244000
2019-08-22,4.254094466555244,4.296481607546231,4.211459110233813,4.250624179840088,303488000
2019-08-23,4.1742785788354055,4.228563996129451,4.006712380628328,4.026542663574219,568056000
2019-08-26,4.105120573103637,4.129164844397191,4.0629811626875,4.101154327392578,318208000
2019-08-27,4.139326156453118,4.142052742653511,3.981427644240295,4.010677337646484,290968000
2019-08-28,3.9843768009846867,4.052858819281227,3.945172959795155,4.000256538391113,255612000
2019-08-29,4.091567103292539,4.1759293506395405,4.088093380399166,4.143673419952393,357976000
2019-08-30,4.189823101263714,4.239448106163374,4.138213247610987,4.1563262939453125,290616000
2019-09-03,4.083626605631765,4.1166269680501015,4.0506262432134275,4.073453426361084,296140000
2019-09-04,4.133995447646927,4.194786060258999,4.133995447646927,4.187342166900635,227728000
2019-09-05,4.289322200571859,4.4659865629680935,4.287585339152025,4.459783554077148,695676000
2019-09-06,4.4364590608238235,4.493279507064552,4.394774390362867,4.432737350463867,376976000
2019-09-09,4.46375276513396,4.5649876386334665,4.46226389171977,4.478640079498291,417524000
2019-09-10,4.445887854419998,4.571686777215572,4.436211123418617,4.545137882232666,352812000
2019-09-11,4.5597769283241165,4.621807955255365,4.530746263849502,4.573671817779541,361512000
2019-09-12,4.620072247467901,4.674659394421699,4.564244214640552,4.572184085845947,327840000
2019-09-13,4.505685182985416,4.542655711861558,4.470699502841421,4.514369487762451,324592000
2019-09-16,4.439438088488698,4.505935284805151,4.429016917866971,4.4714460372924805,231832000
2019-09-17,4.478142793671026,4.497000273869562,4.431743529663977,4.492782115936279,223048000
2019-09-18,4.485835233944061,4.501466982396567,4.379389794587787,4.4657368659973145,258152000
2019-09-19,4.471692874494908,4.4900543855638855,4.379638751098391,4.390308380126953,245476000
2019-09-20,4.3893154916235115,4.412887110911916,4.2746821831396336,4.284854888916016,350244000
2019-09-23,4.285104207214673,4.383609336281327,4.281382023128284,4.338202476501465,249712000
2019-09-24,4.369465124848046,4.398991761132083,4.245403086988729,4.280884742736816,317268000
2019-09-25,4.280387571560181,4.441916559901854,4.235725169746649,4.422314643859863,308432000
2019-09-26,4.412638803204647,4.4213231082739,4.349366896832507,4.400232315063477,234564000
2019-09-27,4.358549497883577,4.40916694978113,4.201238569050939,4.261781215667725,362056000
2019-09-30,4.287585073796738,4.329269745292927,4.256321096915382,4.319096565246582,186184000
2019-10-01,4.3421709941375335,4.4910455228740656,4.312644360103868,4.317358493804932,366008000
2019-10-02,4.295525327069913,4.307435369491787,4.2213362596719195,4.2935404777526855,293372000
2019-10-03,4.298006794716774,4.504942251858928,4.267735711769522,4.498739242553711,450588000
2019-10-04,4.500970957524564,4.544392958352677,4.435962660070018,4.5151143074035645,265524000
2019-10-07,4.579874825820831,4.673169354026785,4.57119051991119,4.573671817779541,480984000
2019-10-08,4.482114082791431,4.482114082791431,4.379390802700661,4.397503852844238,444436000
2019-10-09,4.4741742246574345,4.5332279835979445,4.445392018572494,4.483850955963135,292412000
2019-10-10,4.481617029796941,4.5922801532266915,4.476406447032556,4.541414737701416,309124000
2019-10-11,4.6252826576419315,4.697982854877829,4.606425168454206,4.614861488342285,446404000
2019-10-14,4.606176435689826,4.649101996183618,4.5751609174816155,4.628259658813477,200040000
2019-10-15,4.718328480278698,4.944865829725938,4.704433116791738,4.872413158416748,664124000
2019-10-16,4.838421928980553,4.943130561600063,4.80740640379478,4.818819999694824,428944000
2019-10-17,4.863232748568946,4.908143152806004,4.766464021904346,4.820803642272949,263436000
2019-10-18,4.821302083815764,4.85380648823146,4.652329535657878,4.726518630981445,307440000
2019-10-21,4.787803109175514,4.876879959848776,4.768945622235089,4.863481044769287,261868000
2019-10-22,4.920301321615547,5.025257908542597,4.845864274299775,4.853556156158447,328720000
2019-10-23,4.7716754177526095,4.854796775015168,4.739915464414268,4.840653896331787,279916000
2019-10-24,4.881840840107468,4.918066931256039,4.847848058656728,4.884570598602295,232020000
2019-10-25,4.964963301585127,5.095972796196652,4.957271420404589,5.075130462646484,423092000
2019-10-28,5.1188000557823345,5.183312379594485,5.089521403946788,5.130958557128906,330792000
2019-10-29,5.117063932573511,5.123515402514696,5.015581534253515,5.034934997558594,211236000
2019-10-30,5.061732101187581,5.067439134059727,4.968933541298537,5.036919593811035,205960000
2019-10-31,5.016076332521951,5.036918664499523,4.908142489595868,4.987790107727051,209732000
2019-11-01,4.952557217600477,5.059002677306178,4.927496723078887,5.02674674987793,283640000
2019-11-04,5.107634229366271,5.235418459130673,5.0845590597428405,5.2230119705200195,376716000
2019-11-05,5.222764879702714,5.248817800370786,5.153041963491564,5.200930118560791,300868000
2019-11-06,5.1768611240691085,5.2024175912470945,5.0644606569634405,5.151800632476807,269012000
2019-11-07,5.238148345811392,5.252787672770663,5.124755440517977,5.169417858123779,280340000
2019-11-08,5.152545073202675,5.187034306800953,5.115078093051343,5.155522346496582,189100000
2019-11-11,5.154779035818744,5.18852384014965,5.068679926912906,5.1654486656188965,243436000
2019-11-12,5.203659404546127,5.256758143748969,5.168673715892408,5.200930118560791,283504000
2019-11-13,5.169667029575882,5.197208828521388,5.108876870895727,5.175126075744629,300188000
2019-11-14,5.184056915405438,5.207629008615156,5.124259198305219,5.205395698547363,518080000
2019-11-15,5.203162361898849,5.254772221671864,4.978361886515721,5.066446304321289,1053628000
2019-11-18,5.059002242127451,5.293727427889438,5.056024968744003,5.267178535461426,574588000
2019-11-19,5.236162679329766,5.259734296826919,5.10267189625571,5.160732746124268,414564000
2019-11-20,5.13790695555133,5.323503619081088,5.1252524762450085,5.2398858070373535,472588000
2019-11-21,5.23541851257245,5.290998067686238,5.1934853851809555,5.215072154998779,288388000
2019-11-22,5.23765150302719,5.284050778422608,5.209117287982455,5.232689380645752,224100000
2019-11-25,5.360473109148967,5.493715914396623,5.347570644518459,5.488753318786621,506476000
2019-11-26,5.471136134479743,5.4758507421905955,5.377841610563299,5.384293079376221,385244000
2019-11-27,5.42973391735485,5.46399996004786,5.392736101303444,5.419056415557861,215784000
2019-11-29,5.388266417967206,5.41657304466473,5.357972530434071,5.381810188293457,141556000
2019-12-02,5.374858111815047,5.38826691399743,5.18068196625266,5.195828437805176,372036000
2019-12-03,5.012577294828823,5.1603199018521915,4.975331311183511,5.156347274780273,465232000
2019-12-04,5.239778035168698,5.262125719687644,5.171493654075639,5.200048923492432,273424000
2019-12-05,5.221901034014239,5.237544320755254,5.152623012378893,5.183165073394775,184884000
2019-12-06,5.252194759398877,5.301111409899657,5.242262242631657,5.26833438873291,232236000
2019-12-09,5.245490357941851,5.322962283735688,5.236799642574766,5.26833438873291,211880000
2019-12-10,5.298378948189027,5.3649256652269965,5.245737847541008,5.313277721405029,256388000
2019-12-11,5.3237060196867665,5.402171084009661,5.321222891078075,5.396708011627197,233796000
2019-12-12,5.367904214572435,5.5819448661305096,5.35896533106347,5.563818454742432,404348000
2019-12-13,5.566799162383771,5.6857383315718675,5.507950004779443,5.561832904815674,454704000
2019-12-16,5.609259003698203,5.662893253864731,5.581200077545262,5.590635776519775,320976000
2019-12-17,5.609259825760161,5.6912011848591,5.599824125402804,5.668605327606201,321196000
2019-12-18,5.703368234873497,5.759237451477673,5.694925691278481,5.698898792266846,343548000
2019-12-19,5.733413606342329,5.860050342253355,5.7284473483987375,5.846641540527344,445360000
2019-12-20,5.912939646392922,5.969057035341422,5.893820074180725,5.943729877471924,603044000
2019-12-23,5.972285029087965,6.00431658720451,5.919395756254453,5.930072784423828,355060000
2019-12-24,5.9146767160689135,5.94223882710578,5.880410205351006,5.925105571746826,138864000
2019-12-26,5.928581076787429,5.967317024325704,5.9097096812989145,5.939258575439453,182852000
2019-12-27,5.95440666121821,5.9678154624624895,5.855332044762571,5.88165283203125,254644000
2019-12-30,5.859801829264254,5.8650162577180085,5.737386372392708,5.768672943115234,258056000
2019-12-31,5.733412765788655,5.852103755754159,5.714293196478144,5.842668056488037,231004000
2020-01-02,5.9283346184940875,5.9571380615234375,5.87792847479062,5.9571380615234375,237536000
2020-01-03,5.837701968795054,5.905490008291012,5.812871155604805,5.861787796020508,205384000
2020-01-06,5.768672347337643,5.891584133115414,5.742600207761552,5.886369705200195,262636000
2020-01-07,5.91467674815212,6.003322495503562,5.86973321074161,5.957633972167969,314856000
2020-01-08,5.953414011589043,6.0100282182750675,5.913436722472884,5.968809127807617,277108000
2020-01-09,6.05497138322673,6.106619328463074,5.980727580351589,6.034361839294434,255112000
2020-01-10,6.141382911321963,6.171676330159924,6.052488968749053,6.0666422843933105,316296000
2020-01-13,6.149576480886754,6.281923983662668,6.126980149927382,6.256844997406006,319840000
2020-01-14,6.214136170566636,6.2394638021876485,6.126980379230819,6.140141010284424,359088000
2020-01-15,6.152803361694652,6.175151045475262,6.071855169086371,6.097679138183594,263104000
2020-01-16,6.151065142101568,6.187069795920927,6.127724301895055,6.181110382080078,284192000
2020-01-17,6.200231027429631,6.207680414425977,6.142375495222458,6.189802169799805,253792000
2020-01-21,6.15330178802738,6.19005143786,6.12251155367055,6.156529903411865,217916000
2020-01-22,6.201719881814991,6.296821384646895,6.182848483712182,6.2104105949401855,239240000
2020-01-23,6.250389431731005,6.2871386039958095,6.161743668888831,6.278696060180664,244516000
2020-01-24,6.393909849337127,6.443571474503476,6.165467226066961,6.219598293304443,373512000
2020-01-27,5.915671254980269,6.015242695944172,5.766438652557308,5.964339733123779,470536000
2020-01-28,6.030139760177138,6.1895530171885635,5.977001849970545,6.157273292541504,310976000
2020-01-29,6.142872452573034,6.178877113475648,6.0572061577627805,6.096935749053955,258848000
2020-01-30,5.9993496142246245,6.117047448911372,5.944474034228208,6.103638648986816,290504000
2020-01-31,6.057950619667328,6.0698694486625415,5.8290116343504925,5.870727062225342,370420000
2020-02-03,5.852600426682379,5.986934708189254,5.846392841617823,5.967566967010498,255564000
2020-02-04,6.109102012462837,6.155535525631463,6.059192213756811,6.136415481567383,271544000
2020-02-05,6.257093597361398,6.267274284490505,6.143368843165741,6.2265520095825195,208220000
2020-02-06,6.260818503807543,6.313210964202881,6.17987029595165,6.313210964202881,218284000
2020-02-07,6.273234011415952,6.295333529765175,6.221834231565014,6.247161865234375,189752000
2020-02-10,6.269756755214002,6.530479123908256,6.264790497583461,6.5297346115112305,529608000
2020-02-11,6.637748883863904,6.766371940394232,6.575920247899234,6.651902198791504,638556000
2020-02-12,6.704542242184371,6.773820254487021,6.66580628678317,6.767364025115967,374644000
2020-02-13,6.709509538364573,6.790705918000455,6.682195591919942,6.723662853240967,528016000
2020-02-14,7.132872659897927,7.324317490360946,7.101586088770916,7.195694446563721,1041924000
2020-02-18,7.0926467000611995,7.382421632395123,7.073278958095728,7.364046573638916,620164000
2020-02-19,7.486213974968702,7.831857654033963,7.486213974968702,7.81422758102417,694332000
2020-02-20,7.766305038885918,7.8544539884658295,7.358584533715632,7.665244102478027,810052000
2020-02-21,7.553256665361849,7.578335650197736,7.21729687382683,7.301969528198242,768180000
2020-02-24,6.709012959273748,6.999036101511777,6.654633708905705,6.785739898681641,856916000
2020-02-25,6.860727875099218,6.9225565056275835,6.4053325514422745,6.506890296936035,1055496000
2020-02-26,6.50713847933115,6.839622002158671,6.505648980883391,6.645942211151123,747732000
2020-02-27,6.333136140736128,6.633767803366144,6.183814297198913,6.275991439819336,906416000
2020-02-28,6.02405771475287,6.7694249063788705,6.007411321078499,6.710043907165527,1133252000
2020-03-02,6.879739659159656,6.896883166091774,6.484694989717539,6.8680620193481445,890744000
2020-03-03,6.92371612752799,6.983345447200676,6.520969308117952,6.606189727783203,652792000
2020-03-04,6.7132732703781945,7.078254667313152,6.6387362744594425,7.068813323974609,597408000
2020-03-05,6.869801250527407,7.036266618537501,6.745573378098731,6.7900471687316895,540328000
2020-03-06,6.610909484146133,6.668302976848197,6.410157130141035,6.609915733337402,515412000
2020-03-09,5.960452643701263,6.444941485450852,5.917718514026595,6.098097324371338,614160000
2020-03-10,6.373882454356786,6.4866814613342285,6.111762085086141,6.4866814613342285,580648000
2020-03-11,6.347048481366431,6.375372507597052,6.026789230001396,6.123686790466309,499964000
2020-03-12,5.601681521561961,5.86653526687341,5.361673438486858,5.374344825744629,816540000
2020-03-13,5.72690287758895,5.9882782480355425,5.4563349584280525,5.983806133270264,634836000
2020-03-16,5.2774471896853195,5.617583378912327,4.820040356746659,4.879669666290283,726972000
2020-03-17,4.991723260570334,5.48739257970352,4.745503860622238,5.398196697235107,833632000
2020-03-18,4.971599521592483,5.2160797892647,4.489098604368338,5.03917932510376,874268000
2020-03-19,5.017811622661303,5.38478102513556,4.8048854524860145,5.2913618087768555,765512000
2020-03-20,5.44118067542152,5.722432568837711,5.096572776070153,5.1119771003723145,804636000
2020-03-23,5.110982203414798,5.37856939384944,4.932342581859462,5.284404277801514,643876000
2020-03-24,5.689635534109391,6.277482011070205,5.666032412800152,6.191019058227539,1101644000
2020-03-25,6.305805593471,6.505067080541429,6.053871523402629,6.102569103240967,793432000
2020-03-26,6.309285501794354,6.515007130167915,6.211394153610367,6.3912763595581055,696108000
2020-03-27,6.211392473893671,6.537366419164007,6.178596329213779,6.279221057891846,638828000
2020-03-30,6.344564958091358,6.607928356954407,6.300588285202859,6.598735332489014,602252000
2020-03-31,6.6387362963410945,6.84247037341055,6.403945729901024,6.54929256439209,949960000
2020-04-01,6.351770816048918,6.497862621026077,5.994739866838938,6.039213180541992,656912000
2020-04-02,6.0682825701850485,6.36046665043996,6.020330892045501,6.347298622131348,675764000
2020-04-03,6.309780672048575,6.351272726729449,5.922935360375219,6.060082912445068,663212000
2020-04-06,6.3415828201352085,6.705322110168501,6.284189334359252,6.668550491333008,727884000
2020-04-07,6.889675569253382,6.913279161036016,6.3927642325792124,6.435747146606445,784520000
2020-04-08,6.54457209541664,6.657371111088002,6.474756003192719,6.632525444030762,542444000
2020-04-09,6.757996129395736,6.780853821789025,6.470284155436127,6.533143520355225,525564000
2020-04-13,6.473514021643792,6.71327383532628,6.385312352581156,6.704577922821045,398408000
2020-04-14,6.832532189824277,7.088938386369082,6.804953590184453,7.054900169372559,530948000
2020-04-15,6.887190767469019,7.060364488674328,6.841972034206441,6.977628707885742,366148000
2020-04-16,7.132667896610643,7.4288270178174205,7.119499866635537,7.321990966796875,745620000
2020-04-17,7.403980004345366,7.425347305451841,7.129188237967692,7.262857437133789,539120000
2020-04-20,7.136641723005758,7.2921748539610265,7.087695825238775,7.13192081451416,449388000
2020-04-21,7.014152274839149,7.075271968072633,6.636499541014959,6.696128845214844,735160000
2020-04-22,6.8879379344289635,7.152295094093899,6.842470870529456,7.109560489654541,483356000
2020-04-23,7.151550117397166,7.283231356281936,7.031297251133406,7.05639123916626,424160000
2020-04-24,7.0462045218903055,7.1970167604675614,6.971667519957497,7.195029258728027,352328000
2020-04-27,7.32919543452104,7.540631210935533,7.30459808693572,7.381122589111328,479388000
2020-04-28,7.528207409397369,7.558022301469902,7.233539222714368,7.239005088806152,442904000
2020-04-29,7.3734203929741255,7.468082150925123,7.298386754372791,7.415409564971924,379160000
2020-04-30,7.361495184492748,7.415410319910699,7.247951201131384,7.26186466217041,375916000
2020-05-01,7.064837711480267,7.177885036259341,6.977629802301647,7.025830268859863,342096000
2020-05-04,6.978623127404894,7.250930725370548,6.978623127404894,7.237265586853027,317556000
2020-05-05,7.3411215423924565,7.460380176917266,7.237266757199791,7.298138618469238,368896000
2020-05-06,7.37739587501728,7.503362917200423,7.339630499507867,7.3987627029418945,323464000
2020-05-07,7.537648468378695,7.637776079899891,7.486466752298635,7.5746684074401855,373732000
2020-05-08,7.64622512685557,7.770452993982035,7.6124352266109785,7.764241695404053,339216000
2020-05-11,7.7592735868249,8.062389929650758,7.730701230129176,8.015680313110352,469060000
2020-05-12,8.073319236258097,8.122016340245983,7.744612362664973,7.754302024841309,493060000
2020-05-13,7.868592632588932,8.02859789180375,7.547836208662022,7.731942176818848,625852000
2020-05-14,7.79331117418389,7.986361386192228,7.640013841815122,7.980895519256592,602312000
2020-05-15,7.8410132881203465,8.44799027470349,7.825360647564114,8.438301086425781,987660000
2020-05-18,8.706383329298868,8.861419800060519,8.626877592669787,8.696196556091309,774460000
2020-05-19,8.735950260536658,9.031363868480941,8.708619983245251,8.751106262207031,717320000
2020-05-20,8.935461023510964,8.987139854918718,8.833842543023762,8.914590835571289,587536000
2020-05-21,8.995586026116163,8.996579302842104,8.683525585423418,8.72104263305664,761068000
2020-05-22,8.770736577917994,9.03683343600463,8.659428881177773,8.970495223999023,1038764000
2020-05-26,9.100186813930394,9.125032953045377,8.61843140772294,8.663898468017578,770780000
2020-05-27,8.57172096969217,8.579422656009472,7.947351723829937,8.472587585449219,1175892000
2020-05-28,8.360286872605021,8.706386109655163,8.327490722077602,8.434576034545898,734896000
2020-05-29,8.501658565221103,8.82067584991455,8.432587896373802,8.82067584991455,745256000
2020-06-01,8.778686633499351,8.786140002346322,8.63582439463739,8.751852989196777,389876000
2020-06-02,8.741912690475665,8.78265883465834,8.604516362463158,8.770732879638672,391320000
2020-06-03,8.767752949429001,8.811480823540192,8.646257567101596,8.715328216552734,365440000
2020-06-04,8.678043432788487,8.892061426403298,8.627832561939305,8.716323852539062,424280000
2020-06-05,8.744165593384547,8.945505990790243,8.658160503689484,8.86894702911377,481748000
2020-06-08,8.826439266640982,8.838867531118344,8.636035637772176,8.754603385925293,387736000
2020-06-09,8.749632267006549,9.057608978908226,8.701161369707968,8.994223594665527,468488000
2020-06-10,9.115281334667717,9.445629439318802,9.101112139521485,9.313141822814941,632180000
2020-06-11,9.097630502445824,9.208243698238016,8.735714449990189,8.745905876159668,583652000
2020-06-12,9.110059416078007,9.134667518345411,8.653437455543614,8.881375312805176,570908000
2020-06-15,8.764794008236555,9.129693016162985,8.69370248342079,9.121241569519043,400004000
2020-06-16,9.172198011090448,9.213708995508652,8.788158348881796,9.016592979431152,535716000
2020-06-17,9.06158986706663,9.245778960988224,9.018337934845245,9.18313980102539,408304000
2020-06-18,9.174188600931451,9.229370971612544,9.062332316008169,9.165240287780762,254408000
2020-06-19,9.18959858782948,9.390938922555518,9.174435670130153,9.208240509033203,524160000
2020-06-22,9.24677073049293,9.476696958868198,9.220173275389165,9.472222328186035,398468000
2020-06-23,9.496332960119092,9.587309525836865,9.353654927459205,9.39591121673584,375108000
2020-06-24,9.422013440147458,9.501804874068604,9.092162257590573,9.182641983032227,449372000
2020-06-25,9.30220288867256,9.450598693665341,9.129695847070474,9.435684204101562,376072000
2020-06-26,9.445626707798452,9.445626707798452,9.072773021964302,9.102601051330566,592084000
2020-06-29,9.117267173394785,9.151818266693523,8.849060495094076,9.147343635559082,342248000
2020-06-30,9.260688628625926,9.471723508714437,9.213460850621935,9.443387031555176,367892000
2020-07-01,9.466258537018712,9.520944050860118,9.35912529912411,9.475455284118652,326648000
2020-07-02,9.583830317693366,9.681766795044908,9.52342801780693,9.557233810424805,364056000
2020-07-06,9.685989553860882,9.852033490649278,9.65690683203007,9.782931327819824,315892000
2020-07-07,9.88931928622742,10.012360696370052,9.794365919882578,9.815245628356934,357800000
2020-07-08,9.936550928389142,10.16647813998509,9.908462873664314,10.1575288772583,365480000
2020-07-09,10.320836753485086,10.50950040463489,10.174926255888597,10.44884967803955,494548000
2020-07-10,10.528143708751548,10.594262798531828,10.319345634913779,10.419270515441895,497676000
2020-07-13,10.534358603416077,10.730479036979467,9.96762041708971,9.994714736938477,457076000
2020-07-14,10.017337234248702,10.34321161679843,9.72949390388349,10.317608833312988,542676000
2020-07-15,10.354646445772193,10.373288375236228,9.99819777260471,10.168716430664062,403984000
2020-07-16,9.957678504058652,10.148330579277705,9.838862314759108,10.076743125915527,344964000
2020-07-17,10.166974030828735,10.189842154212721,10.03001277488039,10.143111228942871,266284000
2020-07-20,10.215443053252137,10.47097202569656,10.098615287459245,10.450589179992676,284852000
2020-07-21,10.452827165470543,10.499559035477194,10.227872436950578,10.269383430480957,277036000
2020-07-22,10.308161365872728,10.541815989518545,10.23259614351377,10.379003524780273,367292000
2020-07-23,10.390187215275384,10.486632138396008,9.97383420149178,10.071770668029785,411660000
2020-07-24,9.81848093979742,10.305427789555091,9.721042262613368,10.136152267456055,473292000
2020-07-27,10.17368489136173,10.381985159654809,10.15926726913902,10.361851692199707,292132000
2020-07-28,10.314874915334691,10.322580119377093,10.15081930649934,10.15703296661377,271636000
2020-07-29,10.33127653908729,10.456057943379921,10.287777140002785,10.405598640441895,284508000
2020-07-30,10.31561979259606,10.562200535140692,10.236326172540638,10.553252220153809,308880000
2020-07-31,10.50279052923152,10.704878102033073,10.37328604155994,10.553996086120605,386080000
2020-08-03,10.671071950475074,11.0352257339503,10.653920621227677,10.947232246398926,412720000
2020-08-04,10.986752340660678,11.163484573364258,10.843576512922905,11.163484573364258,310336000
2020-08-05,11.179645121303212,11.30666338727199,11.102339920529543,11.222149848937988,249924000
2020-08-06,11.28478763323173,11.29299064832197,11.114766846759562,11.27061939239502,244316000
2020-08-07,11.247750090326356,11.438899949925162,10.974324500566038,11.135396957397461,342516000
2020-08-10,11.269376954121983,11.342952810941906,10.794360663161397,11.101095199584961,427796000
2020-08-11,11.010369467859205,11.073009565510656,10.733960708897198,10.787900924682617,354512000
2020-08-12,10.927842871271675,11.40136666941188,10.895528625086735,11.374770164489746,464412000
2020-08-13,11.479914503905402,11.654659304257047,11.290753978168782,11.377504348754883,374460000
2020-08-14,11.464007430364193,11.637757569633939,11.375020209739501,11.49781322479248,366436000
2020-08-17,11.783417060907157,12.338720679866736,11.749612219421017,12.266386985778809,621300000
2020-08-18,12.378741454160556,12.424478648175024,12.017073893181932,12.190574645996094,503448000
2020-08-19,12.226118780820213,12.244512270420488,12.028754304798474,12.069023132324219,622624000
2020-08-20,11.906460065788977,12.30417023970523,11.810760432923727,12.07150936126709,921388000
2020-08-21,12.13191156434554,12.73543767305914,12.125448525163229,12.610904693603516,999868000
2020-08-24,12.810006820500528,12.838592680399442,12.435910109440096,12.647442817687988,490564000
2020-08-25,12.558458022586445,12.688210950834806,12.501784100908587,12.67702579498291,289076000
2020-08-26,12.725993596684159,12.794847352960309,12.605188982462465,12.699893951416016,321244000
2020-08-27,12.708342781689355,12.776451226157715,12.494573218918223,12.555970191955566,317604000
2020-08-28,12.602454409975303,13.07274675410688,12.570140159294503,13.072498321533203,537160000
2020-08-31,13.107298650622763,13.497303679460021,12.96312904711902,13.297951698303223,500840000
2020-09-01,13.406855757117219,13.917818175661797,13.363591845452834,13.74600601196289,511316000
2020-09-02,14.6239656123547,14.646841525282102,13.82457680383725,14.268654823303223,874012000
2020-09-03,13.753713485703926,13.809160874427366,12.80886846988595,12.944876670837402,945128000
2020-09-04,12.714382677983597,13.1035102928297,11.64123800223023,12.554008483886719,1463684000
2020-09-08,11.670826550949025,12.481901768077714,11.64074109472669,11.848358154296875,795728000
2020-09-09,12.332718082144563,12.739747778070935,12.165380911486679,12.64600944519043,736200000
2020-09-10,12.918770116551691,12.994357950704119,12.100981305836067,12.244946479797363,698684000
2020-09-11,12.417751873748696,12.583845521051666,11.83120166985141,12.098493576049805,636928000
2020-09-14,13.010022440993444,13.242752006584764,12.562712850650161,12.802404403686523,1201744000
2020-09-15,13.207941722010666,13.226590173176504,12.758146125908663,12.920510292053223,727556000
2020-09-16,12.88694376690276,13.021708500069288,12.44585062487237,12.446596145629883,556384000
2020-09-17,12.066418385960583,12.521436376153515,11.969447587657047,12.39587116241455,792512000
2020-09-18,12.525414964806158,12.563954399639542,11.923698214828766,12.123109817504883,698460000
2020-09-21,11.860293152414322,12.454550866081808,11.839904206718712,12.449329376220703,721044000
2020-09-22,12.506766345855947,12.579370193536365,12.089543202829288,12.569175720214844,646452000
2020-09-23,12.507264838221865,12.657943496885007,12.013708288878673,12.057966232299805,647012000
2020-09-24,12.006744330754543,12.50129577509505,11.948809980000965,12.280997276306152,731240000
2020-09-25,12.379956536780353,12.813590547232938,12.179301487201863,12.803893089294434,588016000
2020-09-28,12.969490173812693,12.980928128577803,12.680815317290046,12.964268684387207,573808000
2020-09-29,12.867299142520546,13.369807555834509,12.863072628599586,13.153985023498535,621460000
2020-09-30,13.086106534449147,13.548583556057018,13.078896040511102,13.457082748413086,689184000
2020-10-01,13.683347244338666,13.688070771976735,13.387709427168113,13.54062557220459,525004000
2020-10-02,13.153239241621401,13.446140634224474,12.98018265968585,12.991372108459473,552496000
2020-10-05,13.164182453985084,13.570217173975786,13.151003998506914,13.568476676940918,479820000
2020-10-06,13.754958174616215,14.065265531960174,13.590853504578481,13.661965370178223,784420000
2020-10-07,13.923785773213117,14.042637510880455,13.788274589231673,13.888229370117188,418084000
2020-10-08,13.998627485782533,14.008076438662577,13.683348120251452,13.763659477233887,378900000
2020-10-09,13.692299667418414,13.749239048406054,13.586626375698904,13.688072204589844,346892000
2020-10-12,13.91359008305016,14.269150288914334,13.837008235079223,14.14880657196045,434744000
2020-10-13,14.218925925974037,14.27064381415561,13.94268301085505,14.170937538146973,344604000
2020-10-14,14.212956496432877,14.264922886129455,13.884250206462303,14.018766403198242,276100000
2020-10-15,13.7358113145266,13.929752918930133,13.693044417342875,13.894197463989258,267224000
2020-10-16,13.96058695890525,14.044877283091475,13.71766195435964,13.73655891418457,242392000
2020-10-19,13.827559686516892,13.907622529912283,13.334002276993704,13.424509048461914,298068000
2020-10-20,13.509793060688235,13.724870061313956,13.433708226033241,13.571456909179688,229212000
2020-10-21,13.551068882438022,13.716665521672029,13.404369199715683,13.451362609863281,219596000
2020-10-22,13.449124433979557,13.537889759866344,13.159951596832498,13.288500785827637,290480000
2020-10-23,13.37701607509531,13.519489220485832,13.21912791756246,13.516505241394043,233484000
2020-10-26,13.35414524503633,13.618453219253427,12.967753030635334,13.069945335388184,336896000
2020-10-27,13.233797417851585,13.369060070941728,13.119918683600751,13.324055671691895,250520000
2020-10-28,13.126386851090986,13.188050708710339,12.540583049206013,12.55848503112793,376520000
2020-10-29,12.768837386000987,13.121165154152697,12.68081757068752,12.953330993652344,320080000
2020-10-30,12.78027345863708,12.866303309085502,12.23325768967022,12.465988159179688,416820000
2020-11-02,12.589068316716522,12.767096951899822,12.32774434236848,12.512486457824707,299652000
2020-11-03,12.639543959659182,13.033892198032655,12.53436767259809,12.948856353759766,272900000
2020-11-04,13.316597320732134,13.75246983604854,13.264630929698608,13.719399452209473,410228000
2020-11-05,14.085654042162565,14.261195715728805,13.915084403700495,14.08316707611084,319028000
2020-11-06,14.033188045302696,14.50958900610018,13.819603973147315,14.48298454284668,383348000
2020-11-09,14.473533988039739,14.611779675899903,13.536894602102251,13.556785583496094,582976000
2020-11-10,13.532671673129697,13.532671673129697,12.559730042886295,12.700711250305176,644068000
2020-11-11,12.982917325795599,13.362098953188866,12.877989573512085,13.34519100189209,404744000
2020-11-12,13.405863195675428,13.69130564112091,13.243747525525295,13.383733749389648,365812000
2020-11-13,13.55330655700008,13.59458146386751,12.988388755362086,13.224848747253418,346312000
2020-11-16,13.101026610225086,13.575438677372077,13.084616616095657,13.441917419433594,413776000
2020-11-17,13.478960898278817,13.522473311365049,13.231560936588995,13.349417686462402,312028000
2020-11-18,13.392186477279536,13.531924181183586,13.11345753865842,13.355884552001953,510924000
2020-11-19,13.141055511077486,13.414314421945354,13.028917261135884,13.367321014404297,565936000
2020-11-20,13.38099780808852,13.421277740192645,12.994107670676497,13.016735076904297,341088000
2020-11-23,13.099781223360337,13.309884305156885,12.94487607234443,13.068700790405273,361356000
2020-11-24,13.071186853481274,13.090580823661265,12.815084388554446,12.887439727783203,346500000
2020-11-25,12.961785056669386,13.197498593327106,12.949353072197923,13.16293716430664,259916000
2020-11-27,13.30242518425179,13.334749099812084,13.099034635548598,13.189291954040527,167276000
2020-11-30,13.193022390006243,13.339722070023917,12.901860540365371,13.328781127929688,286952000
2020-12-01,13.419039943942463,13.455341867991653,13.156471550429629,13.317344665527344,296948000
2020-12-02,13.278056936052282,13.599304211301206,13.162437699845077,13.471004486083984,283360000
2020-12-03,13.517764495771466,13.589892631736793,13.260592045398973,13.327247619628906,199520000
2020-12-04,13.379478105518432,13.490406591655205,13.320035154421149,13.488665580749512,202244000
2020-12-07,13.531442259514337,13.660775157722723,13.430712221462855,13.536913871765137,223244000
2020-12-08,13.515278179379305,13.528957686598924,13.213335648092489,13.281484603881836,271920000
2020-12-09,13.232238946348641,13.345156083678086,12.802207321709657,12.864386558532715,401300000
2020-12-10,12.802952434607922,13.001677197887197,12.78355178644564,12.905672073364258,207764000
2020-12-11,12.900697287883272,12.95317714039091,12.75718771417098,12.94646167755127,209264000
2020-12-14,13.020829182897314,13.320035433419807,13.010383117244352,13.240446090698242,270156000
2020-12-15,13.370770930178752,13.394896498728071,13.119070129687927,13.2919282913208,193016000
2020-12-16,13.353610324590434,13.368285100210734,13.144688085865043,13.174534797668457,223116000
2020-12-17,13.29814602797572,13.31083121205672,13.110862615374025,13.272777557373047,231384000
2020-12-18,13.310334366601626,13.336200948982984,13.003418348495277,13.20388412475586,342064000
2020-12-21,13.007645399918461,13.30138000486994,12.900945634831366,13.263823509216309,302332000
2020-12-22,13.250892022262283,13.268799292120496,12.98700315387117,13.210102081298828,185580000
2020-12-23,13.187964500320144,13.206867037891026,12.938253278699113,12.94248104095459,179144000
2020-12-24,12.970337770352513,13.0650990425598,12.872344005635338,12.927061080932617,97884000
2020-12-28,12.995460029586082,12.995460029586082,12.697746203513814,12.833793640136719,212564000
2020-12-29,12.858662810562713,13.005405806855793,12.77633720497418,12.876818656921387,170372000
2020-12-30,12.923579073766286,13.145932243119045,12.830559761023274,13.07828140258789,225396000
2020-12-31,13.069078819042725,13.083504065531555,12.848715246989599,12.987997055053711,192424000
2021-01-04,13.036994722740106,13.582431124501683,12.895971895425573,13.046196937561035,560640000
2021-01-05,13.03251966866756,13.374505491666145,13.01983542997663,13.335954666137695,322760000
2021-01-06,13.154640287388144,13.177024852462187,12.521407478818293,12.549760818481445,580424000
2021-01-07,12.900946780331147,13.309091919233424,12.820363118117218,13.275514602661133,461480000
2021-01-08,13.293920064625954,13.35211916574799,12.975064589250893,13.208609580993652,292528000
2021-01-11,13.349880341033488,13.889347964433247,13.293919414175052,13.551589965820312,518344000
2021-01-12,13.681917255790076,13.683907795701348,13.276509362154492,13.415541648864746,291476000
2021-01-13,13.420766522441607,13.555073904431215,13.316305857858495,13.462302207946777,210028000
2021-01-14,13.505326435713277,13.529949164021305,13.112851417985018,13.132499694824219,283120000
2021-01-15,13.160108417536335,13.256859277308203,12.782556721687804,12.793499946594238,277780000
2021-01-19,12.94944518994785,13.026796351578763,12.7780794490241,12.958399772644043,226188000
2021-01-20,13.044457348491646,13.361571834901874,12.989740265412832,13.297154426574707,258572000
2021-01-21,13.349630731667151,13.927400548792576,13.184980456371806,13.796326637268066,337780000
2021-01-22,13.66948319202541,13.770711361469516,13.55731179569324,13.64212417602539,246820000
2021-01-25,13.711018054558481,13.757528189213795,13.168566485898285,13.58317756652832,251112000
2021-01-26,13.510799710027586,13.574719948658196,13.31879041384867,13.36629581451416,163980000
2021-01-27,13.162098483674535,13.164834764389763,12.728087739342117,12.851451873779297,371272000
2021-01-28,12.929550776066513,13.271288001422864,12.893983865173437,12.98401927947998,228316000
2021-01-29,13.00789280284213,13.266310008842897,12.84523212819906,12.923080444335938,271552000
2021-02-01,12.986256485316742,13.202639933895902,12.836528607721643,13.169063568115234,217204000
2021-02-02,13.329984932916615,13.502345023877039,13.217315428489607,13.487174034118652,220440000
2021-02-03,13.566016436499996,13.860249190894029,13.447130528740699,13.461058616638184,245408000
2021-02-04,13.46155273777146,13.603321285449274,13.26929488286529,13.59411907196045,201340000
2021-02-05,13.654558996907936,13.666746072596897,13.476228255580894,13.521245956420898,169152000
2021-02-08,13.65679743774099,14.399466174887932,13.65679743774099,14.364645957946777,434624000
2021-02-09,14.267147945822208,14.50840365374763,14.149504952867572,14.190046310424805,287560000
2021-02-10,14.389018911932702,14.828501247250246,14.267893903608194,14.68847370147705,485352000
2021-02-11,14.90336584704324,15.193867006521918,14.848399244695507,15.172476768493652,450828000
2021-02-12,14.972762493293835,15.212774418668856,14.699173244060864,14.884468078613281,374756000
2021-02-16,14.986937966408655,15.293606405500935,14.873274132648616,15.251572608947754,321960000
2021-02-17,15.093136657546811,15.14536793027898,14.704143611075722,14.829497337341309,274756000
2021-02-18,14.653404404862458,14.796913967120595,14.500194519548021,14.752891540527344,233868000
2021-02-19,14.94738826308237,15.099105725035558,14.77055091017518,14.849891662597656,271724000
2021-02-22,14.698921307165705,15.055581855788054,14.251479612238253,14.282072067260742,325884000
2021-02-23,14.003010965897,14.165672613131727,13.320780447752483,14.069418907165527,391780000
2021-02-24,14.050267080329668,14.432296075073527,13.685398664118521,14.424585342407227,448320000
2021-02-25,13.973416830192615,14.300977418786859,13.148423242582279,13.239204406738281,824436000
2021-02-26,13.68191671453805,13.78339344846942,13.292426514142514,13.644112586975098,500932000
2021-03-01,13.80379015389627,13.853533731594203,13.483691763689485,13.770710945129395,353184000
2021-03-02,13.828658834605728,13.84905380194332,13.327245868076808,13.337443351745605,264116000
2021-03-03,13.357340042201141,13.38245993009197,12.733060163285007,12.739029884338379,377592000
2021-03-04,12.735051323937004,12.908407604408795,12.02173124079755,12.306760787963867,573344000
2021-03-05,12.485586839310546,12.485586839310546,11.619305571619883,12.397541046142578,542840000
2021-03-08,12.38610197088301,12.407242680598653,11.507136309244094,11.5337495803833,543112000
2021-03-09,12.072160122978335,12.556330138602013,12.001500032074086,12.46029281616211,521824000
2021-03-10,12.779010598988949,12.917842241501093,12.39784524746548,12.408543586730957,384376000
2021-03-11,12.887982786943063,12.983772381108242,12.673514929162938,12.9312744140625,299916000
2021-03-12,12.587678172940858,12.82702688570475,12.529707651427094,12.79443359375,243964000
2021-03-15,12.803143022661203,13.143505256096866,12.706110083817578,13.128079414367676,221988000
2021-03-16,13.292539944375276,13.447793050182042,13.053938116578156,13.2276029586792,272128000
2021-03-17,12.977303509185077,13.388823115161827,12.92729410030536,13.277359962463379,243864000
2021-03-18,13.07359132528923,13.120863512138007,12.656099908286295,12.66157341003418,293896000
2021-03-19,12.688941772839797,12.85962068483066,12.552100433738472,12.784233093261719,299208000
2021-03-22,12.850911525294125,13.330353977872695,12.844939742774393,13.123101234436035,297804000
2021-03-23,13.190778334583692,13.280596165418768,12.958894309878364,13.008157730102539,222048000
2021-03-24,13.088270010291474,13.096232071229919,12.576234227742477,12.582453727722168,245840000
2021-03-25,12.439643393307525,12.653862631787966,12.213232870066019,12.475221633911133,295144000
2021-03-26,12.494377961706281,12.794683107271615,12.31424498723302,12.777764320373535,363968000
2021-03-29,12.758854634186175,12.999944962976231,12.639180750258788,12.886241912841797,273520000
2021-03-30,12.780503638471643,12.913115780781816,12.64415960560971,12.810111045837402,200204000
2021-03-31,12.953171610679242,13.405992636649641,12.92032964824426,13.28432846069336,314776000
2021-04-01,13.507253333989027,13.803576941304831,13.446544640826513,13.745606422424316,308276000
2021-04-05,13.801091736654401,13.946889814232557,13.667235327991516,13.920516967773438,255672000
2021-04-06,13.932705651391382,13.98694428007725,13.707539461225052,13.795117378234863,191744000
2021-04-07,13.814276132527263,14.175289010956332,13.645837117597932,14.07576847076416,251284000
2021-04-08,14.184494625705307,14.40219704194107,14.180761787034063,14.24843692779541,244416000
2021-04-09,14.14593123495432,14.339002443747564,14.10711843994296,14.331040382385254,195172000
2021-04-12,14.221317360385132,15.278977778996202,14.071537799554179,15.136164665222168,869324000
2021-04-13,15.158558477798532,15.624815043568274,15.053314813963015,15.604413032531738,676212000
2021-04-14,15.550173290053323,15.645215941609269,15.154576843590075,15.203840255737305,385500000
2021-04-15,15.587497582844618,16.136605607490903,15.55664589544374,16.059974670410156,598480000
2021-04-16,15.976123314232588,16.08833436820493,15.789272566562536,15.836297035217285,335208000
2021-04-19,15.46209667219749,15.731798779412195,15.160049939654558,15.288183212280273,404420000
2021-04-20,15.24986717123968,15.422785011070824,14.891342877489341,15.09859561920166,334132000
2021-04-21,15.046349452634415,15.288932760196749,15.029928945636374,15.286942481994629,216776000
2021-04-22,15.301369588101839,15.364565890935939,14.712701982849865,14.779132843017578,277788000
2021-04-23,14.862728304899372,15.261559233679847,14.828891688479873,15.192143440246582,227500000
2021-04-26,15.11228113181427,15.404872871832849,15.05256804757207,15.403877258300781,197796000
2021-04-27,15.503898671043746,15.5954581161047,15.280971367813056,15.308091163635254,164572000
2021-04-28,15.290920597634818,15.457867612223833,15.14263398051159,15.203590393066406,209416000
2021-04-29,15.326252116986469,15.362577303047306,14.999325442438934,15.251362800598145,173196000
2021-04-30,15.10182993711183,15.29141694360073,14.92517926148376,14.93761920928955,201912000
2021-05-03,15.0525689765553,15.173735815261006,14.716685585647,14.76569938659668,203912000
2021-05-04,14.567151838206913,14.567400504280046,13.94315469910986,14.28252124786377,405324000
2021-05-05,14.638561381478151,14.742561720214292,14.318601150830188,14.389261245727539,292024000
2021-05-06,14.42583403228446,14.501470291554716,14.1499124041879,14.453451156616211,193380000
2021-05-07,14.737334332362575,14.899055557162523,14.601487668316276,14.741314888000488,229328000
2021-05-10,14.716432759148066,14.73509315437272,14.18175610645374,14.197430610656738,268904000
2021-05-11,13.75879621566367,14.28600927977173,13.684155556992478,14.237741470336914,285584000
2021-05-12,13.94241106998926,14.191960821269014,13.643599798612323,13.69261360168457,303408000
2021-05-13,13.96654570942918,14.01332151977926,13.39454808651156,13.599810600280762,285404000
2021-05-14,13.823483998849241,14.259386233918178,13.682661142383589,14.174793243408203,258616000
2021-05-17,14.089201626218934,14.101392907740392,13.787155864136253,14.097661018371582,216980000
2021-05-18,14.19867642444646,14.335269089608653,13.936935429096572,13.948629379272461,186256000
2021-05-19,13.501529742338581,14.012073471257523,13.478391458639676,13.99838924407959,344000000
2021-05-20,14.23400657092492,14.613431183534683,14.202160225647615,14.542522430419922,321592000
2021-05-21,15.091132453121565,15.149103926583816,14.79829204158811,14.91995620727539,672992000
2021-05-24,15.139646676419222,15.669596789817742,15.10332149837306,15.53723430633545,554816000
2021-05-25,15.690499512719473,15.742747872729003,15.408357419560648,15.572815895080566,435408000
2021-05-26,15.658902183248264,15.718116992592673,15.511611158286742,15.624815940856934,370440000
2021-05-27,15.624565789324397,15.67457520145046,15.385964013483283,15.413829803466797,581476000
2021-05-28,15.426767817068965,16.199548993346383,15.426767817068965,16.166706085205078,644536000
2021-06-01,16.192089442425804,16.309773080606124,15.827094958818103,16.186614990234375,472804000
2021-06-02,16.17441879999118,16.837727029046853,16.157748681493572,16.697898864746094,594168000
2021-06-03,16.620770279953966,17.17634723996849,16.503584018913063,16.88848114013672,580008000
2021-06-04,17.030548852392332,17.576422190681168,17.013631964827372,17.494070053100586,617120000
2021-06-07,17.48709848996061,17.727192181699888,17.110411221453777,17.534618377685547,575756000
2021-06-08,17.443307124117386,17.537105459755146,17.168379331546557,17.373394012451172,323848000
2021-06-09,17.435866151003694,17.494845805819946,17.177051714798523,17.279083251953125,381656000
2021-06-10,17.27086894747683,17.412221498632054,17.09766275489283,17.34552574157715,287772000
2021-06-11,17.399774175994814,17.85742833705059,17.364187797103718,17.743947982788086,416308000
2021-06-14,17.82433623634231,17.957226532251276,17.582195733025387,17.93657112121582,321376000
2021-06-15,17.83328913764329,17.934077024365276,17.647141786464086,17.707365036010742,243032000
2021-06-16,17.709614987278727,17.872866617430287,17.50430446047181,17.72902488708496,307124000
2021-06-17,17.693435236474446,18.749097779560163,17.675268955812072,18.572158813476562,809656000
2021-06-18,18.698331232193887,19.286635432932194,18.499242623103743,18.553743362426758,968856000
2021-06-21,18.3511693418325,18.451959152942997,17.741463607959098,18.34320640563965,672384000
2021-06-22,18.38725647206684,18.877261882587188,18.302145702434846,18.80061149597168,580144000
2021-06-23,18.92105744176349,19.065396569450836,18.821513150301545,18.9703311920166,332356000
2021-06-24,19.14005621589849,19.331428697030866,19.001190887629537,19.11790657043457,320924000
2021-06-25,19.192568626811074,19.257272715606643,18.80832936010716,18.94420623779297,278364000
2021-06-28,19.2729482217132,19.987176571497116,19.23089123211505,19.89385414123535,495436000
2021-06-29,19.79181849083902,20.007081674259897,19.567346857383377,19.93541145324707,367632000
2021-06-30,19.90803865725093,20.070544083019442,19.77315668561849,19.911273956298828,326568000
2021-07-01,20.033214626548176,20.36270439094077,19.927697171358744,20.11981773376465,480136000
2021-07-02,20.34702451247123,20.411728585764077,20.195219897428057,20.3935604095459,342764000
2021-07-06,20.642922875408352,20.746946105788652,20.257439987474626,20.604101181030273,446708000
2021-07-07,20.758388543871092,20.779790118854034,20.23926744508326,20.27883529663086,418428000
2021-07-08,19.76593893142942,20.041176667969573,19.61089900392695,19.81197738647461,503300000
2021-07-09,19.87145390678074,19.988667035276382,19.664153655569276,19.958803176879883,296624000
2021-07-12,20.147681524231835,20.439095646918524,20.095669936930932,20.4189395904541,321984000
2021-07-13,20.307455300297775,20.36792918431061,20.02226296191594,20.157642364501953,290708000
2021-07-14,20.264907111014647,20.324632945533605,19.662666708102567,19.75101089477539,380100000
2021-07-15,19.721394132584212,19.75648307783893,18.772490778787795,18.879749298095703,550564000
2021-07-16,18.943704278756737,19.069626505196034,17.99057088100206,18.078168869018555,688224000
2021-07-19,17.833544044539046,18.955154278049445,17.78401966527489,18.694101333618164,749060000
2021-07-20,18.644574810811843,18.752082041477266,18.081156267494258,18.52711296081543,434687000
2021-07-21,18.795878605842763,19.43793719732847,18.656517757575788,19.321470260620117,371017000
2021-07-22,19.552420095289794,19.796301675105028,19.188088165739423,19.504638671875,323826000
2021-07-23,19.566352203135214,19.610152148792288,19.162203768763973,19.468799591064453,195672000
2021-07-26,19.222927760778727,19.35332891748849,18.827737126381447,19.206005096435547,203943000
2021-07-27,19.17713490295772,19.532507034154946,18.655524613503584,19.12039566040039,248863000
2021-07-28,19.23089211651724,19.556400434077595,18.908370375078967,19.414052963256836,202191000
2021-07-29,19.429975408460677,19.762453610725807,19.239846550542488,19.572324752807617,190781000
2021-07-30,19.329440463856944,19.540473498582248,19.17514858058389,19.410072326660156,183497000
2021-08-02,19.610156159603356,19.86996551369806,19.27270151772006,19.659927368164062,217444000
2021-08-03,19.649969748387328,20.129771796246487,19.132340904279957,19.724628448486328,301811000
2021-08-04,19.89882869548474,20.225333759526567,19.737566897497963,20.181533813476562,231309000
2021-08-05,20.406499107972277,20.638436193057032,20.249218807263766,20.54287338256836,211435000
2021-08-06,20.4303935804627,20.47618331116727,20.11782460435866,20.273113250732422,178497000
2021-08-09,20.352744901947933,20.414462393227705,20.0511273868057,20.202434539794922,146443000
2021-08-10,20.229312853870223,20.336820073696575,19.744532624439724,19.845073699951172,179238000
2021-08-11,19.951588533994844,19.957561686039927,19.34138529513122,19.60915756225586,185925000
2021-08-12,19.779374492032925,19.937647795117172,19.53051473289066,19.8142147064209,151652000
2021-08-13,19.814214187047156,20.12180485647357,19.760459629886572,20.095922470092773,183063000
2021-08-16,20.043168322323123,20.194475504529578,19.364277685801866,19.859012603759766,210876000
2021-08-17,19.595219037943533,19.679832352567306,19.179126204409833,19.36925506591797,204585000
2021-08-18,19.41106426442262,19.54445389093999,18.913344667898965,18.953163146972656,285913000
2021-08-19,19.405092071189426,20.4015281044792,18.676430196540903,19.707706451416016,766555000
2021-08-20,19.899818138193634,20.76983227761244,19.842084019040186,20.72105598449707,675741000
2021-08-23,20.875356807002596,21.896676532709122,20.854452674261367,21.85785484313965,575807000
2021-08-24,21.653788842883614,21.858848692173698,21.43678269051183,21.693605422973633,297299000
2021-08-25,21.637867223733537,22.36752415611128,21.6229362392858,22.111696243286133,347701000
2021-08-26,22.098749850642953,22.23811072383032,21.6906199517518,21.96735191345215,237940000
2021-08-27,22.08282432095886,22.61837074338963,22.06590165626173,22.53276252746582,304722000
2021-08-30,22.72587287906404,22.937900738386737,22.448146059239313,22.58452033996582,262580000
2021-08-31,22.59547086665431,22.59547086665431,22.02299366618865,22.28683090209961,259850000
2021-09-01,22.386394181216367,22.59746436340298,22.25895525818187,22.342586517333984,201767000
2021-09-02,22.41925336542852,22.493925233851396,22.197231693882596,22.297788619995117,187834000
2021-09-03,22.227096544764898,22.885197091806518,22.102644720659796,22.74282455444336,280532000
2021-09-07,22.73286979951559,22.798580352130667,22.423232818730735,22.562620162963867,198107000
2021-09-08,22.41427219080018,22.510846929460918,21.880621559926695,22.24103546142578,254434000
2021-09-09,22.214158290540535,22.43916707430214,22.033952249947387,22.079750061035156,196856000
2021-09-10,22.24999788331724,22.526778660735864,22.172340814379883,22.37942886352539,248376000
2021-09-13,22.58452386410975,22.86329666367151,21.762145909437695,22.05485725402832,297500000
2021-09-14,22.17732073359658,22.311728968222578,21.989150344510975,22.144466400146484,199755000
2021-09-15,22.21116747444568,22.268913686849235,21.86967123574188,22.243026733398438,166538000
2021-09-16,22.085725107931477,22.17931276849567,21.830847186019156,22.144466400146484,156033000
2021-09-17,22.202208228860844,22.223116047519348,21.734269978657856,21.80396270751953,294503000
2021-09-20,21.053270591267214,21.339012693768538,20.57139376968549,21.020416259765625,349440000
2021-09-21,21.32307976600177,21.331044106280054,20.8581286447772,21.152830123901367,204688000
2021-09-22,21.272302669855954,21.86369765838028,21.103048096770816,21.84478187561035,268726000
2021-09-23,22.04291020210144,22.43617848847477,21.794006511837477,22.383411407470703,248555000
2021-09-24,21.973213750163456,22.051867773910164,21.76513066495934,21.98416519165039,217655000
2021-09-27,21.614795771814215,21.703406185279654,21.231485755998357,21.56501579284668,245215000
2021-09-28,21.12097351503002,21.325074477409554,20.560440745183087,20.608230590820312,343069000
2021-09-29,20.848174042522803,20.92483604642628,20.377246777573124,20.42702865600586,218394000
2021-09-30,20.676926507135207,20.973620032961403,20.59727740414024,20.625154495239258,221009000
2021-10-01,20.659001555157612,20.767522794828754,20.11439952459909,20.651037216186523,240978000
2021-10-04,20.414085560020563,20.451919028744175,19.46924770779128,19.645471572875977,345635000
2021-10-05,19.86251425727249,20.557453280437706,19.766934576510337,20.361316680908203,279282000
2021-10-06,20.03176974378131,20.629137078715868,19.99194424199397,20.60922622680664,297202000
2021-10-07,20.999505841929384,21.228498682857182,20.880033132647856,20.982582092285156,256919000
2021-10-08,21.00846717095083,21.113006266424186,20.683896542065902,20.73965072631836,151258000
2021-10-11,20.484775333931104,20.970634324809474,20.421054907907763,20.604248046875,163388000
2021-10-12,20.73666581635653,20.964661714773214,20.437982112283912,20.580354690551758,162134000
2021-10-13,20.826273496687154,20.897958276834757,20.622172501018817,20.84718132019043,180652000
2021-10-14,21.194646843821843,21.6595979888479,21.029374431188767,21.650638580322266,243589000
2021-10-15,21.71435462616983,21.834824285475865,21.56700484536949,21.76612663269043,226994000
2021-10-18,21.653624540532604,22.19324752272249,21.5490835543678,22.124549865722656,189494000
2021-10-19,22.178314574588498,22.28086353804833,21.94036421502088,22.1922550201416,161473000
2021-10-20,22.207188763908334,22.334627718556206,21.885605224072492,22.006074905395508,146276000
2021-10-21,22.000101009958392,22.61140883432753,21.98616246311229,22.592491149902344,187590000
2021-10-22,22.722917534822606,23.02857050189633,22.462067311679963,22.6263427734375,249384000
2021-10-25,22.872258622224397,23.25258344955109,22.67014969676888,23.06441307067871,230235000
2021-10-26,23.88380013492317,25.148231194964065,23.819084651019782,24.608606338500977,485898000
2021-10-27,24.36667273808714,24.979970559191603,24.17551339728853,24.343772888183594,245990000
2021-10-28,24.768903437739628,24.840588199418896,24.41546066539416,24.831626892089844,234204000
2021-10-29,24.89136000637363,25.596255323739626,24.89036493868352,25.454877853393555,292503000
2021-11-01,25.536524276050844,25.780448839610433,25.116373947615195,25.713743209838867,265740000
2021-11-02,25.708759787654955,26.56100485226317,25.686855006308992,26.285219192504883,294112000
2021-11-03,26.553042329347175,26.666542716501237,26.119950495850016,26.48135757446289,239910000
2021-11-04,27.109593234066324,31.227455386633288,26.999079939655886,29.67031478881836,1153631000
2021-11-05,30.054622412775466,31.26230243845938,29.28102933486203,29.621530532836914,851260000
2021-11-08,30.016786509890455,30.963616262925747,29.775847185212836,30.668914794921875,503101000
2021-11-09,32.14043594172841,32.16831303240709,29.832600226347303,30.522560119628906,646746000
2021-11-10,29.22726595064239,30.714713791904344,28.65179963773985,29.32981300354004,636206000
2021-11-11,30.334390000111334,30.455854738894605,29.646420236957336,30.256731033325195,332172000
2021-11-12,29.878398271524592,30.5454602165024,29.500063610739595,30.256731033325195,413054000
2021-11-15,30.41802479111372,30.509620414960658,29.118747114504277,29.893335342407227,384909000
2021-11-16,29.628503391382946,30.256734985536692,29.575734406154066,30.070554733276367,264484000
2021-11-17,30.284610635448647,30.37521308737603,28.673705838544485,29.1326847076416,428508000
2021-11-18,32.225063319518526,32.616337669436994,31.183648858814088,31.536096572875977,781711000
2021-11-19,32.101608157533384,32.94290388231008,31.76509100701343,32.840354919433594,533867000
2021-11-22,33.37001211902883,34.49505765592671,31.760104667628156,31.815858840942383,754335000
2021-11-23,31.39670967652622,32.21809257052514,30.744581358909567,31.60678482055664,532163000
2021-11-24,31.323035910804574,32.71092196803006,30.792372310199486,32.53071594238281,435162000
2021-11-26,32.45703660205331,32.5665548230208,31.212520168167917,31.364849090576172,283069000
2021-11-29,32.22406052722856,33.265470940327184,31.895505914146472,33.22962951660156,454964000
2021-11-30,33.02354533082021,33.20674036434526,31.72426963928221,32.53270721435547,622066000
2021-12-01,33.077378025602634,33.14707928825368,31.24621570117578,31.300981521606445,484368000
2021-12-02,31.080925938871122,32.33953706228623,30.892730624505155,31.989036560058594,472890000
2021-12-03,31.863572220980746,31.99202385703251,30.001543883661746,30.562145233154297,544325000
2021-12-06,29.752603439708803,30.112064348656634,27.91845789325899,29.908935546875,658938000
2021-12-07,30.825023080342124,32.310662878163335,30.52032598088665,32.288753509521484,593053000
2021-12-08,31.862576105811538,32.15233582192908,31.28703933130742,31.6903133392334,475551000
2021-12-09,31.598708004869856,32.067702562935565,30.29827610494739,30.36001205444336,488507000
2021-12-10,31.017194834238797,31.171534691574287,29.733690792322534,30.06925392150879,488825000
2021-12-13,30.12003667037444,30.16484489291169,27.9961292011688,28.040937423706055,598344000
2021-12-14,27.580907982463,28.555734222401295,27.13382283364954,28.216188430786133,667035000
2021-12-15,28.27891988260038,30.369967183258264,27.71931562363803,30.32914161682129,698297000
2021-12-16,31.01918913294205,31.027154448930762,27.97323064778504,28.265975952148438,707366000
2021-12-17,27.865685848167104,28.7986911983122,27.64164476154894,27.682470321655273,713758000
2021-12-20,27.188586061521594,28.024007803925517,27.029268369795737,27.600820541381836,461847000
2021-12-21,28.25303247287371,28.995852308207283,27.284179231128302,28.9510440826416,524385000
2021-12-22,28.767827479708327,29.428996155845503,28.327710555903725,29.274656295776367,395184000
2021-12-23,29.628137470740068,29.93084220480684,29.305519450918823,29.513628005981445,343022000
2021-12-27,29.53354519901358,30.954461266705604,29.51363001268846,30.813066482543945,403686000
2021-12-28,31.17850318637374,31.19642609485194,29.884044529382255,30.192724227905273,420591000
2021-12-29,30.143934262767104,30.41776144298987,29.240799693853926,29.873092651367188,343139000
2021-12-30,29.699833486975336,30.32714857163771,29.414058345471055,29.459861755371094,308864000
2021-12-31,29.547489426670328,29.901972573947273,29.205951342168785,29.28561019897461,266530000
2022-01-03,29.687885277671324,30.580065120512547,29.65801249794872,29.99258041381836,391547000
2022-01-04,30.14791442477698,30.338100081012925,28.22813495488004,29.165122985839844,527154000
2022-01-05,28.82558189391546,29.29059190225155,27.415620224197976,27.486316680908203,498064000
2022-01-06,27.522162492695948,28.31676073412731,26.949615014905067,28.05786895751953,454186000
2022-01-07,28.021022122800325,28.30082422135425,26.941642201747857,27.13083267211914,409939000
2022-01-10,26.467677335784416,27.351892036172703,25.534671748451636,27.283185958862305,594681000
2022-01-11,27.20651282406831,27.94535000609593,26.724577023199927,27.698406219482422,404089000
2022-01-12,27.94734193759673,28.473090803821655,27.490299148101247,27.8796329498291,383413000
2022-01-13,28.258008185903833,28.358577413604603,26.38502715764647,26.461700439453125,540171000
2022-01-14,26.187873849164077,27.081050909641085,26.09825739628388,26.827136993408203,395832000
2022-01-18,26.14804463261415,26.524433344257982,25.660133902473458,25.792566299438477,424270000
2022-01-19,25.967821209372843,26.429841897276514,24.945199061554565,24.960134506225586,488315000
2022-01-20,25.196118325519468,25.469945494898944,23.97534359217132,24.04703712463379,435181000
2022-01-21,23.40678161092132,24.717171038870582,23.163822382731063,23.274349212646484,718958000
2022-01-24,22.234800479522537,23.280323256927787,20.79894871741768,23.272357940673828,913982000
2022-01-25,22.449878275649777,22.845186990931126,21.906206530046255,22.228824615478516,664616000
2022-01-26,23.140918549293506,23.954434796117226,22.204925605698346,22.67491340637207,755959000
2022-01-27,23.4675154779795,23.892694952096658,21.582584986255025,21.850439071655273,573353000
2022-01-28,21.918151515078176,22.76054528347654,21.205204558448763,22.74262237548828,543774000
2022-01-31,23.08316203452803,24.40450589385948,22.953717129211963,24.381603240966797,564680000
2022-02-01,24.996969904301384,25.037795466622228,23.788145059709638,24.532957077026367,518925000
2022-02-02,25.684030811068062,25.70693156804896,24.448320550364187,25.134384155273438,543419000
2022-02-03,24.353725465820713,24.97008589250318,23.678616565700732,23.84589958190918,410178000
2022-02-04,23.869799837318162,24.529973363145128,23.531249213857308,24.215320587158203,354829000
2022-02-07,24.268092626990843,25.074638756833302,24.098817325743227,24.622575759887695,376868000
2022-02-08,24.25515013515638,25.122437111146983,23.877766205134343,25.000957489013672,410359000
2022-02-09,25.51276352295215,26.611061657409135,25.244911267514784,26.59114646911621,524282000
2022-02-10,25.884171987627038,26.81020536713915,25.49085560163504,25.713899612426758,513200000
2022-02-11,25.805512129420663,26.040506046365,23.671648776457072,23.84689712524414,605472000
2022-02-14,23.831961302784133,24.768949487290513,23.653723589292724,24.163541793823242,440424000
2022-02-15,24.8426335224846,26.431829912184345,24.67833795995591,26.382043838500977,699869000
2022-02-16,26.147047583163317,26.468670452357063,25.443061093040882,26.397972106933594,732676000
2022-02-17,25.52072674309447,25.675066590866578,24.06197445592718,24.402515411376953,810595000
2022-02-18,24.562827267983952,24.8794722652551,23.001513544155017,23.541202545166016,761255000
2022-02-22,22.936797094043573,23.96140959530918,22.90194645789285,23.290283203125,633422000
2022-02-23,23.700523668904758,24.052019342712313,22.205923511795177,22.291555404663086,566511000
2022-02-24,20.925408602396242,23.698535485921912,20.800941500265946,23.646757125854492,735801000
2022-02-25,23.619868407786754,24.11375214772827,23.281317813989904,24.05400848388672,528866000
2022-02-28,23.889712256178317,24.559843299003468,23.605927486955995,24.281036376953125,477319000
2022-03-01,24.18744196343962,24.273075765282154,23.033382665393212,23.376911163330078,412056000
2022-03-02,23.658752163102065,24.309078898961875,23.31914848717471,24.120851516723633,389642000
2022-03-03,24.162677458354135,24.226416539633046,23.372924502534758,23.61692237854004,365095000
2022-03-04,23.288273750720784,23.583061545150027,22.389965840443992,22.84210777282715,431415000
2022-03-07,22.723594140609173,22.938711412053266,21.24268191605436,21.264591217041016,450821000
2022-03-08,21.22176739996016,22.281410884459255,20.565464751978574,21.425928115844727,557467000
2022-03-09,22.295350571622645,23.12494059396146,22.15592431561285,22.919784545898438,492742000
2022-03-10,22.438767569291258,22.6947154875098,21.792424138907304,22.565248489379883,428066000
2022-03-11,22.927753683517206,23.050251249791206,21.955749323787682,22.00952911376953,367209000
2022-03-14,21.7794765189099,22.170867384126904,21.072383887534045,21.24268341064453,385354000
2022-03-15,21.429910411009644,22.943688372057732,21.234713636338597,22.87895393371582,491996000
2022-03-16,23.403800284654025,24.496309721640184,23.077143868450847,24.395723342895508,671422000
2022-03-17,24.02125840895199,24.74030090825493,23.80813378286248,24.664613723754883,471941000
2022-03-18,24.69748098703601,26.460235655741535,24.523198138240513,26.344709396362305,730719000
2022-03-21,26.398491268211867,27.04085136071084,25.860700893224614,26.624561309814453,591727000
2022-03-22,26.6175847985813,27.126494456861913,25.965267440901066,26.415416717529297,547007000
2022-03-23,26.019044893201844,26.503055368285953,25.470301882639813,25.52906036376953,502120000
2022-03-24,26.058885884967737,28.20406749144338,25.800945365640167,28.03476333618164,877379000
2022-03-25,27.771842231076484,28.241910117249173,27.159360096245305,27.578636169433594,579016000
2022-03-28,27.642375427784486,28.134352617050098,27.094625830029123,28.103479385375977,425494000
2022-03-29,28.57753047133925,28.827502401169717,27.865457327415218,28.5386905670166,488984000
2022-03-30,28.188135560089133,28.37934902637745,27.390413942065525,27.576648712158203,463487000
2022-03-31,27.668267123207887,28.13235904221387,27.15836398762896,27.174297332763672,523440000
2022-04-01,27.26292982553601,27.383434753860264,26.159466050606216,26.602643966674805,517235000
2022-04-04,26.618580799031673,27.445182845672498,26.504051817215565,27.24799346923828,397120000
2022-04-05,27.142426260215576,27.207160692640215,25.714296808195737,25.82484245300293,436615000
2022-04-06,24.831926142575206,25.19642705051053,23.904737678545857,24.307083129882812,703833000
2022-04-07,24.340947967952697,24.620797799219233,23.381890771561523,24.108901977539062,557992000
2022-04-08,23.819090390264524,23.825066344638063,22.967590974113833,23.024356842041016,524781000
2022-04-11,22.12306512210957,22.22863019589857,21.57133213415732,21.827280044555664,575207000
2022-04-12,22.44473805178245,22.631968138584455,21.1948747421812,21.415966033935547,662258000
2022-04-13,21.639052358381548,22.40789137072251,21.367169228856223,22.112106323242188,516943000
2022-04-14,22.412867562077835,22.683755302120506,21.076362421603775,21.17097282409668,569097000
2022-04-18,21.113215008567124,21.997578418558497,20.99271005360588,21.693828582763672,525701000
2022-04-19,21.631080558064472,22.281407142339205,21.22674253068013,22.10712432861328,512781000
2022-04-20,22.424823034682213,22.577196581632325,21.11321496007185,21.394060134887695,468974000
2022-04-21,21.620126067181815,22.300330524281193,19.918122835592186,20.100374221801758,656209000
2022-04-22,20.219882348509838,20.402133738806455,19.42017020020564,19.435108184814453,624713000
2022-04-25,19.12339100546342,19.863349361314793,19.017825948530263,19.820526123046875,641566000
2022-04-26,19.637279366940014,19.706992498806468,18.593569308178367,18.71108627319336,653143000
2022-04-27,18.521866304544144,19.088537274074934,18.215128478854176,18.339616775512695,499460000
2022-04-28,18.889349582079028,19.954970677927243,18.414303098537996,19.701013565063477,570327000
2022-04-29,19.322576485275174,20.045604367770206,18.441199089362883,18.47107696533203,500435000
2022-05-02,18.46509770793821,19.493867882415657,18.315712153889976,19.45303726196289,572049000
2022-05-03,19.320580585935083,19.743841875684236,19.0546734235437,19.521753311157227,475751000
2022-05-04,19.84144231861461,20.316488927908352,18.67423920836695,20.25075912475586,648855000
2022-05-05,19.785669950252917,19.843431175196322,18.424265535645223,18.766857147216797,626331000
2022-05-06,18.659298078838052,19.43212034048371,17.916351786613728,18.598546981811523,633297000
2022-05-09,17.960173412210224,18.180267458938104,16.75811385880719,16.880611419677734,644455000
2022-05-10,17.6165833349949,18.1235003480761,16.955302082018957,17.522968292236328,761474000
2022-05-11,17.275985907406866,17.680323983243905,16.50017560428246,16.561920166015625,670167000
2022-05-12,16.15260804746301,16.719279112284188,15.50327750717513,16.108787536621094,708728000
2022-05-13,16.719273249889806,17.854605700388568,16.525071846466627,17.633514404296875,670437000
2022-05-16,17.437324838562272,17.71518203809066,17.035974706114335,17.193326950073242,521446000
2022-05-17,18.00000966759252,18.295794716695035,17.561812268275418,18.102588653564453,585830000
2022-05-18,17.63252027278685,18.043829664901942,16.794963502496497,16.86865997314453,545161000
2022-05-19,16.86766690277533,17.614596699783718,16.665496886231242,17.05390167236328,621310000
2022-05-20,17.26104864553038,17.33872845520384,15.69050380184821,16.625659942626953,739105000
2022-05-23,16.207375258686408,16.845751782688478,16.112764867573357,16.828821182250977,639889000
2022-05-24,16.44241318228326,16.529056923699873,15.715401091996485,16.08786964416504,588550000
2022-05-25,15.954417701062567,17.040950964789868,15.934499121271301,16.905508041381836,781132000
2022-05-26,15.970354791394591,18.017938165633957,15.956412162178278,17.777925491333008,996575000
2022-05-27,18.111553959995266,18.80370857918977,18.02590557198039,18.73399543762207,738379000
2022-05-31,18.902301701134324,19.121402309598214,18.27488154857996,18.595563888549805,664100000
2022-06-01,18.647352064034678,18.975003835969552,18.047815235455463,18.245004653930664,544514000
2022-06-02,18.21711762991746,19.53868493920684,18.123502575652576,19.511795043945312,648656000
2022-06-03,19.003885365597327,19.252861948714582,18.446176451745462,18.64336585998535,598779000
2022-06-06,19.06065056239769,19.25783996366541,18.488003681659272,18.709095001220703,422406000
2022-06-07,18.396384003134806,18.92222248536811,18.113546177196397,18.848526000976562,388914000
2022-06-08,18.72599902469666,19.105520032436974,18.46302425711577,18.575586318969727,363252000
2022-06-09,18.40923976956871,18.859484333750544,17.970947743399975,17.977920532226562,395574000
2022-06-10,17.531655320031188,17.628278767149297,16.803493073192044,16.9080867767334,465248000
2022-06-13,15.937868732069086,16.248657445936082,15.545398661343508,15.5862398147583,604153000
2022-06-14,15.669914755070089,16.00361395146763,15.352153223730667,15.774507522583008,469680000
2022-06-15,16.032502129668625,16.802501270573813,15.864158686622957,16.462825775146484,563936000
2022-06-16,15.79841077215222,15.880093072433525,15.34119356434389,15.540416717529297,545749000
2022-06-17,15.58723513693202,15.932887781168011,15.26847807134145,15.818334579467773,630334000
2022-06-21,16.411024604098987,16.94195389912008,16.343287871553795,16.501670837402344,483089000
2022-06-22,16.16299022237989,16.59729794626429,16.117169323053933,16.296470642089844,437135000
2022-06-23,16.454851986991518,16.5205956784527,15.79143880496092,16.16199493408203,463680000
2022-06-24,16.435923675313703,17.073437682617282,16.24666099191735,17.059492111206055,472153000
2022-06-27,17.24477402510874,17.2627037776178,16.561437091028537,16.80349349975586,427968000
2022-06-28,16.834373533612357,17.135200852696613,15.883082065971653,15.919939041137695,461149000
2022-06-29,15.752590608725741,15.758566876112974,15.111091360585093,15.481646537780762,482352000
2022-06-30,15.301352039966417,15.506552451888224,14.804290100614665,15.100136756896973,686070000
2022-07-01,14.841143578722336,15.004506284421517,14.336112418461335,14.46660327911377,577610000
2022-07-05,14.119955710684517,14.91286420559904,14.000421809691066,14.905891418457031,651397000
2022-07-06,14.951716038721823,15.259516199525306,14.731573518231853,15.071249961853027,529066000
2022-07-07,15.39598259559198,15.883083111902556,15.329242378034209,15.79642105102539,492903000
2022-07-08,15.370084060896657,15.974727368388931,15.329242903234574,15.77649974822998,467972000
2022-07-11,15.465710803070031,15.466707322744304,14.97960584604066,15.09316349029541,437321000
2022-07-12,15.208711284952944,15.371078433295626,14.819229812840817,15.023433685302734,458483000
2022-07-13,14.533344477991491,15.315296025509971,14.408829876158077,15.105114936828613,521918000
2022-07-14,15.049332580525368,15.412914988487683,14.67080807841094,15.312307357788086,456235000
2022-07-15,15.59819449374581,15.720716063425629,15.38502478396033,15.700794219970703,385935000
2022-07-18,16.23869663998441,16.83138547101321,15.939862350377403,16.038476943969727,670517000
2022-07-19,16.42198027766924,17.043557657032984,16.109200448917402,16.926015853881836,702366000
2022-07-20,16.881194706038162,17.863366094244768,16.73576172035747,17.73785400390625,760538000
2022-07-21,17.815547810901403,18.07354091727774,17.476867973237123,17.97990608215332,557049000
2022-07-22,17.823517582725398,17.897229633267205,17.07045276387724,17.251747131347656,536671000
2022-07-25,16.95291553695578,17.057509273381786,16.584353284601864,16.957897186279297,480748000
2022-07-26,16.823416159959134,16.853300347202065,16.414012864423395,16.468799591064453,397865000
2022-07-27,16.965857151954715,17.866347769939157,16.847319795915983,17.720914840698242,569776000
2022-07-28,17.90520156953599,18.069559869258693,17.372279182649145,17.914165496826172,474646000
2022-07-29,17.743827026455214,18.173153093615777,17.623296613411778,18.09246826171875,435460000
2022-08-01,18.111397333511174,18.772820437934747,17.920143444250357,18.36939239501953,476469000
2022-08-02,18.05163093309131,18.864462341148062,18.021746740904135,18.45406150817871,489527000
2022-08-03,18.113388905855146,18.89434491533446,18.066570532098716,18.81963539123535,418146000
2022-08-04,18.77580856746541,19.19915749432203,18.687153463279184,19.1403865814209,409652000
2022-08-05,18.736954574661173,19.154328094688672,18.59351466678954,18.915260314941406,386068000
2022-08-08,17.434035232399516,18.168172751532033,17.175044663246958,17.72390365600586,981859000
2022-08-09,17.185009085897445,17.379251571998445,16.659059498937633,17.0196533203125,668263000
2022-08-10,17.629275000459376,18.04764413055042,17.24975398460474,18.02672576904297,597422000
2022-08-11,18.06059303930121,18.634356491462075,17.80658220790549,17.872325897216797,509327000
2022-08-12,18.089480817540075,18.645314550682862,17.883283911712684,18.636348724365234,478094000
2022-08-15,18.628381495120706,19.089582944835495,18.540723865569156,18.95809555053711,457666000
2022-08-16,18.846530011794016,19.067668063926604,18.42915644764587,18.805688858032227,451240000
2022-08-17,18.451069315475372,18.61542757380385,18.074536965563848,18.263797760009766,446799000
2022-08-18,18.229932730472253,18.79174174116326,18.112390926823224,18.70009994506836,415447000
2022-08-19,18.334526059114626,18.448083694133654,17.70099608999701,17.77968978881836,441588000
2022-08-22,17.422076297286857,17.489813005542324,16.900111115841213,16.96784782409668,409593000
2022-08-23,16.92302497151342,17.397176298491605,16.90409775324071,17.11427879333496,369986000
2022-08-24,16.945939135983163,17.338410181530257,16.829394785860185,17.15512466430664,522661000
2022-08-25,16.778593660983034,17.87731128814007,16.767636693793882,17.843442916870117,770691000
2022-08-26,17.787658007376972,17.85439727044476,16.173947959014292,16.19685935974121,769127000
2022-08-29,15.957791581811284,16.274555614443177,15.705773773179859,15.739641189575195,496132000
2022-08-30,15.898025221954772,15.9767179755962,15.123046421676525,15.407936096191406,530181000
2022-08-31,15.324261848963653,15.479656218449705,14.900911986576217,15.035387992858887,573710000
2022-09-01,14.153823343963365,14.32415979672276,13.218470483091595,13.882880210876465,1178865000
2022-09-02,14.045246540395883,14.115969978398423,13.53822233999636,13.594005584716797,743157000
2022-09-06,13.67767894562563,13.72549288368182,13.299154469269991,13.412712097167969,535751000
2022-09-07,13.514346107743526,13.788360189278626,13.298124529340985,13.664804458618164,512657000
2022-09-08,13.410719244419383,13.957750598170398,13.321042892410091,13.939814567565918,624873000
2022-09-09,14.106216544794995,14.422079811274344,14.075328559341035,14.335391998291016,486612000
2022-09-12,14.317454878749421,14.494815842064591,14.14706782384788,14.452966690063477,484159000
2022-09-13,13.752489132610048,13.87205855128794,13.052010885075777,13.083895683288574,714956000
2022-09-14,13.206455290226598,13.242326402784114,12.866678912295647,13.080907821655273,588507000
2022-09-15,12.968313711994472,13.185531175680374,12.74412043844494,12.882621765136719,523625000
2022-09-16,12.696288432427938,13.164602600422807,12.571736862767297,13.150652885437012,670751000
2022-09-19,12.96532505837295,13.414707500219304,12.963332376962292,13.33399772644043,569685000
2022-09-20,13.167595196842449,13.434633475375263,13.010161983326146,13.128734588623047,524818000
2022-09-21,13.16560415413887,13.980669759694642,13.06297298523187,13.213431358337402,807679000
2022-09-22,13.0231145909362,13.101831671038127,12.383418345633107,12.51594066619873,759162000
2022-09-23,12.375445471878537,12.5657602771744,12.213030099787952,12.471100807189941,663309000
2022-09-26,12.446192490592988,12.613590061867972,12.170185718593245,12.184135437011719,547343000
2022-09-27,12.462135725855696,12.690314364148412,12.21402932430884,12.368473052978516,553854000
2022-09-28,12.365484415747904,12.777003065810181,12.309685534452253,12.690315246582031,542414000
2022-09-29,12.403346432766009,12.455159943744142,11.903147353863744,12.176164627075195,532763000
2022-09-30,12.043641657389104,12.587683536419725,12.031684619918396,12.095455169677734,565638000
2022-10-03,12.302711114184682,12.632524135534883,12.061578596672122,12.467119216918945,547478000
2022-10-04,12.832797397012417,13.172574643542509,12.832797397012417,13.11976432800293,584182000
2022-10-05,12.864684994243332,13.273214061069236,12.575725340860139,13.161615371704102,507131000
2022-10-06,13.172575430024056,13.60701121391244,13.05599457283122,13.082898139953613,644157000
2022-10-07,12.460143455005138,12.62455154584433,11.97887622093527,12.032682418823242,672478000
2022-10-10,11.993821701559334,12.080509516858074,11.367078280478221,11.628138542175293,698699000
2022-10-11,11.519526522035383,11.803503975358765,11.242523926856697,11.544437408447266,667482000
2022-10-12,11.537463990629318,11.692903570079896,11.304303196073544,11.458746910095215,492590000
2022-10-13,10.931643641216205,12.034672869060671,10.774210439470531,11.917096138000488,850103000
2022-10-14,12.013750129635845,12.067556325773387,11.163810263463406,11.186727523803711,713432000
2022-10-17,11.476680559836852,11.905138303672846,11.475684694532076,11.845353126525879,580774000
2022-10-18,12.299718771902551,12.447187622313416,11.57632328719115,11.924071311950684,659362000
2022-10-19,11.836385721556873,12.305696754279046,11.791547075752167,12.007768630981445,523131000
2022-10-20,12.069549247006899,12.723196239361652,12.061577571391497,12.150259017944336,652398000
2022-10-21,12.054604643096935,12.453170432915464,11.8443619990588,12.421284675598145,609494000
2022-10-24,12.46313123131559,12.664406275262714,12.02072372059677,12.553804397583008,517457000
2022-10-25,12.648465797577563,13.252291971392953,12.6185727259184,13.213431358337402,505482000
2022-10-26,12.822835502603272,13.33997279819463,12.662412806623726,12.849738121032715,532953000
2022-10-27,13.581106467465899,13.788360510627266,13.07492839668743,13.128734588623047,583113000
2022-10-28,13.056992449696667,13.800316631997058,13.014146482029867,13.78437328338623,521040000
2022-10-31,13.728575742782882,13.788360930226967,13.24930122851385,13.448583602905273,486341000
2022-11-01,13.761457385078938,13.875048766316969,13.470505022876246,13.49441909790039,432817000
2022-11-02,13.800318290781895,14.159026573083835,13.163610543300285,13.171581268310547,672628000
2022-11-03,12.99621185480263,13.731564388380816,12.909524051073214,13.372855186462402,500065000
2022-11-04,13.93582958769378,14.177957930344933,13.647865776966073,14.105219841003418,612576000
2022-11-07,14.176959603652595,14.360299555911872,13.903943306481167,14.2496976852417,410061000
2022-11-08,14.747906191962752,14.837583500238217,14.165004638425565,14.549620628356934,595292000
2022-11-09,14.111198522670565,14.160023489846735,13.709644264687311,13.726583480834961,454414000
2022-11-10,14.746910406367014,15.716419686091069,14.49481769622729,15.693502426147461,700819000
2022-11-11,15.750296571579392,16.330208574296904,15.426462616385566,16.268430709838867,655487000
2022-11-14,16.159822116780518,16.480667518589406,15.864883468839679,16.23654556274414,527852000
2022-11-15,16.66201530534491,16.93702431634431,16.323234794348377,16.606216430664062,545876000
2022-11-16,16.104025972359103,16.303307412411236,15.816062134408572,15.85292911529541,649547000
2022-11-17,15.65862661617727,16.20765063781741,15.479272015975031,15.620762825012207,710894000
2022-11-18,15.90872657967121,15.944598642065296,15.065761621009438,15.35372543334961,492072000
2022-11-21,15.092666086419097,15.421482258214427,15.025906036280436,15.262056350708008,404739000
2022-11-22,15.273013794121328,16.000395552590362,15.067752452914368,15.980466842651367,472866000
2022-11-23,16.04025043030733,16.467712309019095,15.990430557959163,16.459739685058594,427241000
2022-11-25,16.259467561128588,16.42786007515215,16.113991359394493,16.211639404296875,167934000
2022-11-28,15.968511085101463,16.29832500895063,15.668592130839407,15.770225524902344,303741000
2022-11-29,15.770227314260568,15.874851167406616,15.464329331372582,15.582901954650879,298384000
2022-11-30,15.644688755545094,16.87358049316019,15.545022579304094,16.86660385131836,565298000
2022-12-01,16.942355347832123,17.20746780911725,16.57956797350174,17.07790184020996,470977000
2022-12-02,16.603489123219873,16.876576265200864,16.390201516412013,16.819765090942383,371389000
2022-12-05,16.62342349091921,16.9383705081479,16.41711252133541,16.55465316772461,352255000
2022-12-06,16.474919041618143,16.51777502605684,15.766287810992363,15.933728218078613,352694000
2022-12-07,15.719441428825348,16.1320623176005,15.614790838365689,16.066282272338867,372388000
2022-12-08,16.218773657752436,17.121754700808335,15.905818930591325,17.111787796020508,515456000
2022-12-09,17.102821795051945,17.524412670631218,16.918438757387204,16.944351196289062,465338000
2022-12-12,16.9802285062354,17.47955848372448,16.741028482869503,17.4765682220459,457328000
2022-12-13,18.46924599834615,18.727383662306895,17.651978933965236,18.011775970458984,656589000
2022-12-14,17.927063332040404,18.19118159319031,17.361953248979066,17.6151065826416,496888000
2022-12-15,17.088863487866476,17.262283446585172,16.64435056625301,16.895509719848633,478542000
2022-12-16,16.80780430040909,16.98421452775994,16.355316696171542,16.515779495239258,478232000
2022-12-19,16.516777854754576,16.55365331311345,16.091200695343332,16.19983673095703,354039000
2022-12-20,16.010468843091985,16.255649382131462,15.799176351187127,16.03139877319336,403260000
2022-12-21,16.060304842306547,16.571595897427166,16.048343794868938,16.446014404296875,325025000
2022-12-22,16.040370897342594,16.084224902594713,14.832409670787916,15.287886619567871,565045000
2022-12-23,15.145361845900647,15.287884971363319,14.833405142358366,15.155328750610352,349326000
2022-12-27,15.023768425094323,15.049681806653775,14.009160162650081,14.073944091796875,464902000
2022-12-28,13.880591262742838,14.214474984092547,13.837734330636081,13.989228248596191,351066000
2022-12-29,14.354008980352377,14.634071797044276,14.179591938632296,14.554338455200195,354923000
2022-12-30,14.286235193865508,14.580252256779966,14.185571918188986,14.565302848815918,310490000
2023-01-03,14.801512873667992,14.946030156445817,14.049028593833635,14.267298698425293,401277000
2023-01-04,14.518460195074866,14.803506485615852,14.193546280154266,14.69985294342041,431324000
2023-01-05,14.442710201080088,14.515466889422989,14.100852807580955,14.217463493347168,389168000
2023-01-06,14.42576814608272,14.959982279736408,13.987234779976571,14.80948543548584,405044000
2023-01-09,15.233072214501851,16.00249917615691,15.090548107498403,15.575925827026367,504231000
2023-01-10,15.455325759984621,15.908809480593666,15.42044254309106,15.855986595153809,384101000
2023-01-11,15.787216717511937,15.97458997371224,15.511139335336974,15.94767951965332,353285000
2023-01-12,16.046352430023713,16.581561807242853,15.440377637088012,16.455982208251953,551409000
2023-01-13,16.22375300248187,16.865607858764474,16.111130612182066,16.842683792114258,447287000
2023-01-17,16.842685620041838,17.66892351620741,16.842685620041838,17.643009185791016,511102000
2023-01-18,17.60812825910423,17.81344118394388,17.224410962438323,17.319095611572266,439624000
2023-01-19,16.97923193804357,17.139696655240964,16.67524985593479,16.709135055541992,452932000
2023-01-20,16.954314377855656,17.796499823469546,16.768935260471654,17.779556274414062,564967000
2023-01-23,18.00380415598392,19.180870344101777,17.75862551866824,19.129043579101562,655163000
2023-01-24,18.764259824321872,19.430034925653693,18.757283181815232,19.2007999420166,496204000
2023-01-25,18.84997990374146,19.30545785930098,18.518089313986763,19.25861358642578,449537000
2023-01-26,19.635350144248754,20.0988007667648,19.213759381728458,19.736013412475586,489535000
2023-01-27,19.39714737022937,20.559262315315294,19.34033810009434,20.297138214111328,542142000
2023-01-30,19.883520664577752,20.072886152093297,19.08618539248616,19.098146438598633,488611000
2023-01-31,19.106119508648174,19.621396897100432,18.88685330332513,19.47189712524414,498017000
2023-02-01,19.62538402504865,21.1213817226709,19.545650683627567,20.873212814331055,660477000
2023-02-02,20.930020713829347,21.875857723454107,20.631021178314572,21.63665771484375,564276000
2023-02-03,20.93002263417135,21.672540940249053,20.71972529905481,21.02968978881836,429366000
2023-02-06,20.736666558099405,21.498120569952917,20.716732749173072,21.01872444152832,452197000
2023-02-07,21.31075078020512,22.184829243176587,21.07952350178786,22.0991153717041,664150000
2023-02-08,22.31240089472821,22.801765903840348,21.934664092168923,22.13100814819336,559651000
2023-02-09,22.530668289120996,22.94328822764602,22.046287782724328,22.262563705444336,523876000
2023-02-10,21.6177263681031,22.004432082593212,20.741655610042052,21.194141387939453,550737000
2023-02-13,21.466229945466377,21.974530722285284,20.89214911284721,21.715396881103516,474919000
2023-02-14,21.506095265379177,22.972194156462287,21.294801814356916,22.894454956054688,675474000
2023-02-15,22.473860964718224,22.778841054015846,22.032338260019806,22.68814468383789,420575000
2023-02-16,22.059248242228534,22.47485853992091,21.85393529520588,21.928686141967773,412026000
2023-02-17,21.5589207949287,21.66755683538447,20.905106608670902,21.316730499267578,465888000
2023-02-21,20.930021777294268,21.422375105842487,20.549294744904135,20.586172103881836,410015000
2023-02-22,20.637996890010594,21.03367329167558,20.352948752679065,20.684839248657227,513184000
2023-02-23,23.361891451181727,23.80839853574855,22.94827344265805,23.58514404296875,1117995000
2023-02-24,23.14760888799269,23.395779705379205,22.870535374988126,23.208404541015625,589716000
2023-02-27,23.591126919718125,23.800426245398345,23.37584707016334,23.42268943786621,452994000
2023-02-28,23.294117844928124,23.745609343959064,23.128670637340598,23.13863754272461,455963000
2023-03-01,23.11471543588402,23.178503244860902,22.432994752211638,22.62236213684082,460026000
2023-03-02,22.413061410979573,23.302087189252028,22.357246368821404,23.23630714416504,389415000
2023-03-03,23.242295779588783,23.820363101858387,23.05292834096797,23.810396194458008,412393000
2023-03-06,23.81139038959998,24.167199231552658,23.408735379499408,23.475513458251953,437429000
2023-03-07,23.52534589677749,24.04868477058948,23.16748037465807,23.214332580566406,515154000
2023-03-08,23.412708106815042,24.123454073591056,23.34990765503741,24.10451316833496,513573000
2023-03-09,24.098534615353046,24.37665338080257,23.309039864365545,23.361873626708984,501257000
2023-03-10,23.334952647556875,23.55226347692414,22.654112562012507,22.892356872558594,474866000
2023-03-13,22.68003442386319,23.22430691098968,22.22647370103853,22.893356323242188,421890000
2023-03-14,23.421679134384615,24.142391757741457,23.385791805819586,23.98688507080078,474910000
2023-03-15,23.68584148519149,24.20918048237132,23.286110812358,24.151365280151367,524486000
2023-03-16,23.950999843481604,25.507061113842557,23.81841921677658,25.4602108001709,583253000
2023-03-17,25.899816121394398,26.31549691711218,25.586808261666317,25.64362907409668,848547000
2023-03-20,25.533976817306044,25.941683502515943,25.050510315188035,25.81807518005371,432747000
2023-03-21,26.097193730071265,26.30852307379936,25.300721156644958,26.116132736206055,547408000
2023-03-22,26.341415997809847,27.501735683439474,26.1540109224766,26.384281158447266,797295000
2023-03-23,27.02923780216144,27.412024025202122,26.60558279418749,27.104997634887695,564889000
2023-03-24,26.94549959949804,27.081069104608634,26.271637231409848,26.69429588317871,454920000
2023-03-27,26.752116326767855,26.914600875564393,26.281609108296,26.447084426879883,361026000
2023-03-28,26.363351140587802,26.42914237361527,25.768239273478084,26.326467514038086,356104000
2023-03-29,26.74015174035028,26.99234984404029,26.51287227864152,26.89864730834961,393694000
2023-03-30,27.142878284799256,27.41202476602436,27.016279163221007,27.296390533447266,364516000
2023-03-31,27.05415228626913,27.745957323628478,27.01926314761113,27.689138412475586,433933000
2023-04-03,27.421991687577037,27.911437912375046,27.24953854012971,27.876548767089844,398716000
2023-04-04,27.877543026671038,27.911435879998983,27.220627051021687,27.366165161132812,368592000
2023-04-05,26.744141067760594,26.91260524763218,26.31151378285065,26.795976638793945,515015000
2023-04-06,26.49991083942992,26.994342213196017,26.343407862395736,26.951478958129883,397654000
2023-04-10,26.738156744869016,27.533632944199486,26.58464452796212,27.49176597595215,395279000
2023-04-11,27.636309871277366,27.702101097960746,27.04019987081764,27.083065032958984,314378000
2023-04-12,27.2834300542219,27.381119656216434,26.364345440236946,26.411197662353516,446259000
2023-04-13,26.649438069211914,26.801953999694348,26.24572032443633,26.379295349121094,353615000
2023-04-14,26.420166433717664,26.79796735162646,26.137064342301827,26.673362731933594,395660000
2023-04-17,26.480973631209377,26.920578703015185,26.34939118660513,26.91659164428711,321471000
2023-04-18,27.445913723508724,28.0210883307405,27.270469820475103,27.57948875427246,604812000
2023-04-19,27.274456503625604,27.911435269103396,27.145864822992923,27.842653274536133,358660000
2023-04-20,27.583476516154896,27.94134215983428,26.914599351934957,27.01827049255371,427713000
2023-04-21,26.86674870571586,27.09701893484949,26.63747666725273,27.033220291137695,345103000
2023-04-24,26.92755907031357,27.27944127802104,26.586639849155418,26.956466674804688,339282000
2023-04-25,26.99235347251706,27.160819562060055,26.14205270882257,26.158000946044922,378527000
2023-04-26,26.91659491739221,27.243556588640125,26.62053343037328,26.870738983154297,406337000
2023-04-27,27.276452656846956,27.408035115051412,26.54078605798617,27.13988494873047,377161000
2023-04-28,27.13889108167587,27.67020431051468,26.98537693252425,27.66123390197754,292216000
2023-05-01,27.751944282030347,28.966092248398787,27.69213458998084,28.818559646606445,570329000
2023-05-02,28.589287963225,28.74479468571271,27.994176100521553,28.120773315429688,402730000
2023-05-03,27.75193973878234,28.27727321647942,27.38510372531901,27.714059829711914,383387000
2023-05-04,27.563538380203276,27.77088065437449,27.153839081492926,27.474821090698242,321850000
2023-05-05,27.737986024481625,28.66404652957751,27.64328719583459,28.589284896850586,361494000
2023-05-08,28.431785713240817,29.127577928802488,28.260330759673817,29.058795928955078,344979000
2023-05-09,28.807590591905967,28.881355931475877,28.360011403786928,28.480627059936523,314869000
2023-05-10,28.9132576098521,29.020917714127965,28.37097953587767,28.793638229370117,369350000
2023-05-11,28.80460099601504,28.858431044188475,28.15665734572962,28.487606048583984,322149000
2023-05-12,28.438763778969957,28.688971234445617,27.957291677344866,28.250362396240234,274222000
2023-05-15,28.417829411901007,28.877371722844355,28.062956433881705,28.861421585083008,293926000
2023-05-16,28.749776627024,29.775523171518977,28.740806219257955,29.1205997467041,449405000
2023-05-17,29.49042332813896,30.103477811017896,29.336911110410703,30.082544326782227,432535000
2023-05-18,30.31381366494329,31.727327831009532,30.224098180923058,31.577802658081055,748725000
2023-05-19,31.436246715841435,31.480108161589943,30.818208923474266,31.16510772705078,473908000
2023-05-22,30.803257086267713,31.42030053090031,30.582957356502835,31.077388763427734,372000000
2023-05-23,30.901948183114918,31.18903735658012,30.534115833189922,30.59093475341797,356253000
2023-05-24,30.114446491845936,30.510192064798854,29.71172499125114,30.441410064697266,721419000
2023-05-25,38.40114883242656,39.3551225285011,36.51912017458201,37.859867095947266,1543911000
2023-05-26,37.77015525878446,39.04610546738504,37.431230509295986,38.82281494140625,714397000
2023-05-30,40.46659728547173,41.80534782144874,39.822640705708025,39.984127044677734,923401000
2023-05-31,39.36310437329028,40.16755116297335,37.70237331513915,37.71433639526367,1002580000
2023-06-01,38.367260487804366,39.92332397878751,38.218733498055144,39.64421081542969,635873000
2023-06-02,39.97017888390724,40.37190412923741,38.934463636282324,39.202613830566406,482731000
2023-06-05,38.78593155134608,39.439854864368684,38.58457081030142,39.04710388183594,396094000
2023-06-06,38.70718409484521,39.03613834073106,38.02733822176895,38.53173828125,388729000
2023-06-07,38.795932772814304,39.378145544208294,37.241700924960675,37.36033630371094,511998000
2023-06-08,37.60856808894223,38.745079216522015,37.39024024122493,38.39216232299805,417772000
2023-06-09,38.917552324899084,39.58948978920315,38.44899302917782,38.651371002197266,427717000
2023-06-12,39.08005218877828,39.4090404400651,38.49983232769968,39.36118698120117,388701000
2023-06-13,40.06303253313572,40.97523356570902,39.61839813533891,40.8964729309082,613208000
2023-06-14,40.699085309650826,42.868425731448234,40.427914429279454,42.86543655395508,740465000
2023-06-15,42.47164881165265,43.15654702262012,42.018039182120376,42.522491455078125,568622000
2023-06-16,43.31705479881207,43.58722551638536,42.53046747800974,42.56137466430664,655709000
2023-06-20,42.86642741086615,43.85539247343839,42.54341754115194,43.673946380615234,451153000
2023-06-21,43.36789797033513,43.481551381643484,41.9512482252179,42.913291931152344,551603000
2023-06-22,42.12371527633215,43.293126539128146,42.104776210367746,42.89335632324219,417737000
2023-06-23,42.33407006327904,42.678011851996246,41.886442597723466,42.07984924316406,358140000
2023-06-26,42.33106545231296,42.63313965450452,39.977290186433514,40.50766372680664,594322000
2023-06-27,40.6741670319384,41.811674756586335,40.32424305595563,41.74787139892578,462175000
2023-06-28,40.535589450400664,41.71696498768914,40.39402564201727,40.99119186401367,582639000
2023-06-29,41.430842057083,41.4727133655292,40.475773103828736,40.69709396362305,380514000
2023-06-30,41.55247077216965,42.41980774252162,41.37401761190044,42.17256546020508,501148000
2023-07-03,42.38689642071777,42.76673107922371,42.072861688736154,42.2832145690918,198209000
2023-07-05,42.00607294813804,43.04488443654503,41.95622669958026,42.18751907348633,323618000
2023-07-06,41.71596810959315,42.04994216880029,41.21949078738844,41.97417449951172,303582000
2023-07-07,42.19249036464313,43.08176288245658,42.05092659818121,42.3729362487793,355881000
2023-07-10,42.52647545344216,42.680003559932054,41.521556604913506,42.050933837890625,353908000
2023-07-11,42.35100950902143,42.6271623304336,41.938278668558176,42.27524185180664,298244000
2023-07-12,42.90132541025079,43.80056583036438,42.64610822063504,43.76766586303711,481277000
2023-07-13,44.38177994624532,46.01376808541058,44.35585853064173,45.8363151550293,478204000
2023-07-14,46.44046184420574,47.94085779132301,44.92212322629915,45.329872131347656,772075000
2023-07-17,46.147361621458764,46.353725148743315,45.123503715655524,46.31883239746094,510488000
2023-07-18,46.5581057196224,47.74944898576326,45.594065463977465,47.34867858886719,569164000
2023-07-19,47.31876592185892,47.67168281088611,46.59897504315981,46.93294906616211,427502000
2023-07-20,46.36469771901338,46.942924858819666,44.92411943835553,45.38071823120117,537865000
2023-07-21,45.6478906079313,45.72565485492813,43.965056025974754,44.17341613769531,963769000
2023-07-24,44.59413357267698,44.970979149441135,43.9052497727291,44.47549819946289,382516000
2023-07-25,44.803489544215395,46.04168599596265,44.78554306973034,45.53923034667969,348081000
2023-07-26,45.88017875854229,45.91208233149028,44.49343628066657,45.31291961669922,364237000
2023-07-27,46.376665137451575,47.24998426093751,45.61001707056192,45.759559631347656,455976000
2023-07-28,46.525202843607126,46.883105518604516,46.23908226392985,46.60695266723633,331194000
2023-07-31,46.61094263427025,46.98579159307672,46.363700375175576,46.58601760864258,251055000
2023-08-01,46.31783943234634,46.75649554152621,45.886165676964275,46.36469650268555,237858000
2023-08-02,45.69076572472491,45.69973706046443,43.25424373168055,44.133544921875,530142000
2023-08-03,43.665975669938696,44.97994351428875,43.665975669938696,44.378787994384766,324176000
2023-08-04,44.84735241415571,45.50233976816819,44.25716479958756,44.54328536987305,362666000
2023-08-07,44.97296316545108,45.4006513036196,44.42663967720104,45.27802658081055,322154000
2023-08-08,44.71576081749796,45.10357050648728,43.92119857113271,44.527339935302734,353843000
2023-08-09,44.138528337331145,44.17641407263371,42.005076934408166,42.42379379272461,586449000
2023-08-10,42.03100157577808,43.44067657606507,41.70699522784932,42.258304595947266,492705000
2023-08-11,41.62323855662076,41.889423617755284,40.5146418389353,40.72998046875,533085000
2023-08-14,40.362116194769875,43.66597480294201,40.18765244113688,43.619117736816406,690286000
2023-08-15,44.42365526404346,45.12948908567366,43.576253839259216,43.80554962158203,676512000
2023-08-16,44.38377612065419,44.53830062758481,43.27318256792619,43.35293960571289,527451000
2023-08-17,43.83546018459533,43.927177736442225,42.86942340203336,43.21137619018555,452395000
2023-08-18,42.504541812711565,43.44465716941068,41.53252668330837,43.16651153564453,583768000
2023-08-21,44.35784812474036,46.92098002915495,44.08668108192482,46.823280334472656,692573000
2023-08-22,47.98770551423466,48.03954834169377,45.194281473370985,45.528255462646484,755293000
2023-08-23,45.725664540283454,47.055582524189234,45.06967688525946,46.971839904785156,779046000
2023-08-24,50.062352051208165,50.112198303952155,47.01470644607622,47.01869201660156,1156044000
2023-08-25,46.8681514444708,47.65872425455991,44.88623165435981,45.877193450927734,925341000
2023-08-28,46.339768044393274,46.836245308048305,44.75064756794707,46.691688537597656,685192000
2023-08-29,46.5232082617889,48.93081957760332,46.249048206065815,48.634727478027344,701397000
2023-08-30,48.893934114542816,49.77423173710802,48.27682864513261,49.11326217651367,735206000
2023-08-31,49.22891214982183,49.59179683011506,48.80820246885937,49.20398712158203,528570000
2023-09-01,49.60973326514342,49.64761519313272,47.994687598350154,48.360565185546875,463830000
2023-09-05,48.07544589025944,48.70152648362675,47.71355763922135,48.399452209472656,382653000
2023-09-06,48.29675192445169,48.404428217365016,46.44129363976494,46.920860290527344,468670000
2023-09-07,45.38944205496558,46.206003567946354,45.01755163903208,46.103309631347656,433330000
2023-09-08,45.80519551015305,46.46721591183993,45.136192180115536,45.43629455566406,473069000
2023-09-11,46.0105773827957,46.025532106638835,44.180046160311996,45.0434684753418,473966000
2023-09-12,44.60477844461375,45.53699557699163,44.39839411760551,44.736385345458984,349256000
2023-09-13,44.46719292129203,45.79323440179784,44.37048163678398,45.34955978393555,398355000
2023-09-14,45.813171215808374,45.85005979000756,44.99660978408658,45.44527053833008,370097000
2023-09-15,45.20598666420072,45.4632178335496,43.67755057038964,43.76927947998047,506831000
2023-09-18,42.62071131068282,44.11026214230338,41.87493751856223,43.8350830078125,500271000
2023-09-19,43.70248677033201,43.83509018273788,42.87395980732267,43.390419006347656,373064000
2023-09-20,43.470167525058194,43.772266659114486,42.097269015445136,42.11322021484375,367108000
2023-09-21,41.45917578549763,41.97463457715853,40.85797073876032,40.894859313964844,450736000
2023-09-22,41.448210386933276,41.98959657847822,41.10822617218465,41.48609924316406,479236000
2023-09-25,41.46715374615769,42.40933950772004,41.05438505683627,42.096275329589844,419091000
2023-09-26,41.875929814501234,42.69249125804407,41.53095945617028,41.786197662353516,402282000
2023-09-27,42.20395553022343,42.744341431006085,41.50504268914909,42.3415412902832,444935000
2023-09-28,42.33356473794384,43.31662875856255,41.98959464052307,42.960693359375,424663000
2023-09-29,43.696494927606466,44.01255232767132,43.178042888017536,43.36947250366211,397830000
2023-10-02,43.89888769595612,45.04047860898654,43.73039221652358,44.648651123046875,433298000
2023-10-03,44.674580823479765,44.995624457689956,43.11723147497765,43.38742446899414,470850000
2023-10-04,43.61174925416727,44.011556163058,43.16308846642664,43.90985870361328,361821000
2023-10-05,43.918830935362585,44.7663021604217,43.75731457253386,44.554931640625,393483000
2023-10-06,44.06141166404006,45.65266008201276,43.89490910599022,45.62574005126953,434436000
2023-10-09,44.70847483791379,45.46920337034592,44.235887222293606,45.13819122314453,409675000
2023-10-10,45.17507908955567,46.12125070086953,44.95374003044169,45.661624908447266,368582000
2023-10-11,46.05843799423147,46.71946573957931,45.91287284021887,46.666622161865234,378137000
2023-10-12,46.63771490362162,47.46723822927066,46.19204731268838,46.805213928222656,481325000
2023-10-13,46.82016719199545,46.97570471236393,45.145169391645375,45.32563018798828,474115000
2023-10-16,44.928816083518186,46.08735476029038,44.77826474104746,45.95774459838867,375099000
2023-10-17,43.86897889171314,44.62073527897283,42.353504619053396,43.80716323852539,812333000
2023-10-18,42.46417874850183,43.09031094806606,41.70046078038666,42.07035446166992,627294000
2023-10-19,42.68352817211386,43.168081135080946,41.75729348052896,41.975643157958984,501233000
2023-10-20,41.76527172933952,42.343546602351324,40.95568918912639,41.263771057128906,477266000
2023-10-23,41.10623502417962,43.119224175669935,40.82308027803106,42.8470344543457,478530000
2023-10-24,42.94872451539136,43.566877207845934,42.563876171456435,43.53297805786133,401463000
2023-10-25,43.26877302407248,43.52002535417708,41.43126239759443,41.65459442138672,398379000
2023-10-26,41.728382557734925,42.130182496077914,39.76125762768324,40.205928802490234,541001000
2023-10-27,41.00752725918924,41.08330116511961,39.895845748458264,40.37940216064453,416784000
2023-10-30,40.96465972958588,41.64163496442114,40.36046137678986,41.03843688964844,388028000
2023-10-31,40.329553945294535,40.75727737613491,39.11318548755272,40.6585693359375,517969000
2023-11-01,40.762256048704266,42.25479998188949,40.747301323669774,42.19896697998047,437593000
2023-11-02,43.19898202777144,43.75332619208585,42.76627622905822,43.3764533996582,409172000
2023-11-03,43.888915693159674,45.174074907327345,43.59279923092805,44.8709831237793,424610000
2023-11-06,45.15015318659169,45.798219181155844,44.765301009531704,45.61476516723633,400733000
2023-11-07,45.582867485335434,46.08037839216094,45.02353711440928,45.81816482543945,343165000
2023-11-08,45.962719040672205,46.72743711996402,45.83111214888231,46.43531036376953,346719000
2023-11-09,47.32565472798377,48.08638320008785,46.610790709948866,46.81019592285156,540496000
2023-11-10,47.35855787314543,48.32766364227746,47.14220498356334,48.191070556640625,421245000
2023-11-13,48.17611002726251,48.96974108943456,47.95576746252599,48.475215911865234,384136000
2023-11-14,49.53206353654858,49.68560428700353,48.89396993275051,49.50813293457031,416954000
2023-11-15,49.786303287958084,49.81122656013526,48.0564692193451,48.7424201965332,475497000
2023-11-16,48.53404340494231,49.37752483605111,48.1860836388323,49.33265686035156,339756000
2023-11-17,49.37653194691317,49.56895804695832,48.861073108178935,49.151206970214844,325205000
2023-11-20,49.16516232495467,50.39748190834169,49.0345518906684,50.25889587402344,414120000
2023-11-21,49.97673388984551,50.366568411025234,49.07542649691953,49.7952766418457,565747000
2023-11-22,49.70355312493224,50.18511275994757,47.54798851961098,48.5709342956543,899420000
2023-11-24,48.325669336815935,48.77532658141017,47.60282592861512,47.63373565673828,294645000
2023-11-27,47.65766910789753,48.385494990493825,47.51011098197541,48.09835433959961,395662000
2023-11-28,48.09236930689928,48.17911204503058,47.33164078012809,47.67860412597656,401491000
2023-11-29,48.23494506927642,48.616804044774916,47.71748947427739,47.99665451049805,382005000
2023-11-30,47.88100118212253,47.96674744990859,46.283773941411816,46.6307373046875,526247000
2023-12-01,46.38646825144851,47.05945760454386,46.04947343587655,46.62575149536133,369317000
2023-12-04,45.93979802137365,45.93979802137365,44.87597384591377,45.37448501586914,437543000
2023-12-05,45.334592525789944,46.465313882039936,45.140156424425236,46.43141555786133,371718000
2023-12-06,47.078540477295284,47.25004424942053,45.2807500654452,45.37148666381836,380590000
2023-12-07,45.56793131942615,46.49424743379082,45.4722080825041,46.461341857910156,350823000
2023-12-08,46.46033928594401,47.60302719608969,46.41546736033398,47.36870574951172,359224000
2023-12-11,47.353746056504626,47.393627560593224,45.69754725900702,46.49224090576172,509728000
2023-12-12,45.91292392475919,47.5282408991093,45.91292392475919,47.51926803588867,372387000
2023-12-13,47.49135487990882,48.45356620387965,47.47041566072205,47.94902801513672,447792000
2023-12-14,48.25014760759364,48.52933716331639,47.28494671232897,48.210262298583984,391232000
2023-12-15,48.05471535600333,49.2612174369844,47.98092791403106,48.74870300292969,479948000
2023-12-18,49.25723605827901,50.28724783914224,49.00795855556237,49.93227767944336,412587000
2023-12-19,49.281156065075976,49.556359352120325,48.75368563402241,49.460636138916016,464444000
2023-12-20,49.51148681248871,49.85449435490147,47.95898761649741,47.97195053100586,397894000
2023-12-21,48.669928050969844,48.953107634299236,48.27905890346602,48.848411560058594,300425000
2023-12-22,49.05281623744541,49.24027260571634,48.32691966505345,48.688873291015625,252507000
2023-12-26,48.82647939940057,49.45665286845571,48.81850309781851,49.13658142089844,244200000
2023-12-27,49.36791146455285,49.53642176515991,48.943140137976336,49.2741813659668,233648000
2023-12-28,49.49952822100173,49.73982902864742,49.26919303504833,49.378875732421875,246587000
2023-12-29,49.66903507790819,49.85250521620105,48.610104092310245,49.378875732421875,389293000
2024-01-02,49.10167999879026,49.15253129584884,47.457447488056715,48.02878952026367,411254000
2024-01-03,47.34776550065434,48.04474284454288,47.183241449788504,47.431522369384766,320896000
2024-01-04,47.62894445792347,48.35982768135906,47.3706941328935,47.85927963256836,306535000
2024-01-05,48.321941715696894,49.40380504311915,48.166390532700504,48.95510482788086,415039000
2024-01-08,49.36891016503661,52.1239255155236,49.336004592518634,52.101985931396484,642510000
2024-01-09,52.24955327952862,54.16799238326001,51.54060584592602,52.98641586303711,773100000
2024-01-10,53.46104844034716,54.442201988108685,53.334412767924995,54.19292449951172,533796000
2024-01-11,54.840045537318446,55.18604277919064,53.40520527561887,54.66355514526367,596759000
2024-01-12,54.4621436511034,54.81113441098262,54.172984660391826,54.551883697509766,352994000
2024-01-16,54.8589987377964,56.670745116790805,54.74133972907017,56.21905517578125,449580000
2024-01-17,56.18415552246115,56.3077977062965,54.581801354818275,55.89100646972656,474394000
2024-01-18,57.094517089822695,57.43353464294008,55.94484937824919,56.941959381103516,491650000
2024-01-19,57.8214070619552,59.3280417723161,57.05961512425851,59.319068908691406,543501000
2024-01-22,59.87545679775879,60.15664330232137,58.89928603895681,59.481597900390625,452955000
2024-01-23,59.39783691409728,59.73685443495751,58.41568304614902,59.6999626159668,294654000
2024-01-24,60.12972459836109,62.66736781993211,59.764781198476165,61.18466567993164,560271000
2024-01-25,62.169802358134476,62.53773920716308,60.67413746929077,61.43892288208008,482777000
2024-01-26,60.78382030493906,61.60444363196895,60.39794153183259,60.8546142578125,390309000
2024-01-29,61.05502766325368,62.30839469128142,60.73097001088626,62.28446578979492,348733000
2024-01-30,62.71821799882993,63.309502714007664,62.08006442941247,62.59257888793945,410735000
2024-01-31,61.262435580323725,62.08904212424609,60.52457632784889,61.349185943603516,453795000
2024-02-01,61.92052952927185,63.00837994825412,61.471833071842404,62.844852447509766,369146000
2024-02-02,63.78911624931711,66.40752664709339,63.5059366044878,65.96880340576172,476578000
2024-02-05,68.02784195808994,69.29616929872287,67.01079290005846,69.13164520263672,680078000
2024-02-06,69.42876454653677,69.55240673067756,66.10839412447636,68.02583312988281,683111000
2024-02-07,68.12154618534456,70.01705293105977,67.40462245828914,69.89640045166016,495575000
2024-02-08,69.87147502102263,70.58939534958982,69.2542683281726,69.43972778320312,414422000
2024-02-09,70.32914067903327,71.97636644817582,70.00906929428511,71.92452239990234,436637000
2024-02-12,72.39016457689355,74.39535381795112,71.04406796843402,72.0391845703125,613710000
2024-02-13,70.19652278911506,73.2377027398558,69.41877845815411,71.91952514648438,602580000
2024-02-14,72.99044348203591,74.0214517262709,71.73009661007124,73.6864242553711,504917000
2024-02-15,73.65552738205378,73.76121624211152,72.19077091766044,72.4480209350586,420122000
2024-02-16,73.8858468671519,74.18697602398943,72.29146900724291,72.40314483642578,495327000
2024-02-20,71.73906612377016,71.74804279084927,67.53824458047887,69.25128173828125,704833000
2024-02-21,67.80946909427277,68.6889240135881,66.05655384481933,67.27701568603516,673755000
2024-02-22,74.80818688297568,78.34792317872578,74.0055129470122,78.31103515625,865100000
2024-02-23,80.556523512217,82.15588435298636,77.34582786788651,78.58922576904297,829388000
2024-02-26,79.46967086730548,80.41294376465017,78.27812461798902,78.86343383789062,503973000
2024-02-27,79.1515839793688,79.25030450092336,76.93900277777333,78.47354888916016,391705000
2024-02-28,77.39567785845682,78.7048791588161,76.90210568945557,77.43855285644531,393110000
2024-02-29,78.86540846143546,79.7588149945745,78.12355544458728,78.88335418701172,507289000
2024-03-01,79.76879352380037,82.06214938054762,79.20542398518815,82.04120635986328,479135000
2024-03-04,83.88685110747949,87.44155024884783,83.47704345209779,84.99065399169922,615616000
2024-03-05,85.02755456111447,85.85220668028344,83.17982622827054,85.7195816040039,520639000
2024-03-06,87.7717411927185,89.46889796984821,86.78255724053227,88.44780731201172,582520000
2024-03-07,89.90166281939615,92.50324615104638,89.34724386412462,92.40552520751953,608119000
2024-03-08,94.86750020038097,97.12306982330983,86.26003928547323,87.27913665771484,1142269000
2024-03-11,86.18325727083518,88.54452056286361,83.92669117198699,85.53012084960938,678364000
2024-03-12,87.79866017993605,91.69853581019218,85.90505740123257,91.65167236328125,668075000
2024-03-13,90.7961026211969,91.24382347923168,88.18354935724443,90.62957763671875,635713000
2024-03-14,89.32231468480107,90.3882755061813,86.35377401546849,87.69395446777344,602318000
2024-03-15,86.68284605628648,89.29140572149215,86.01176295929899,87.58726501464844,642086000
2024-03-18,90.13100142686399,92.14226481208601,86.83739140527486,88.20349884033203,668976000
2024-03-19,86.4534797466604,90.28655172899164,84.7682901573293,89.14381408691406,672171000
2024-03-20,89.54168915568671,90.15295286698971,87.97216679685033,90.11505889892578,479063000
2024-03-21,92.03756431354115,92.38457441104313,90.14794815065484,91.17501831054688,480372000
2024-03-22,90.88186017417289,94.50852022791372,90.57573384993215,94.02091217041016,586719000
2024-03-25,93.67389236206901,96.49085678359809,93.24411810029538,94.73187255859375,552136000
2024-03-26,95.57845969689596,96.1009718491892,92.23898306006764,92.29781341552734,513648000
2024-03-27,92.8472628285773,92.97489725482532,88.8696059634602,89.99340057373047,586067000
2024-03-28,89.74410000319172,91.04040671298513,88.93939536436407,90.09909057617188,435212000
2024-04-01,90.04225806770008,91.96277679415357,88.9503702442798,90.10607147216797,452441000
2024-04-02,88.19651917898095,89.83784291883602,87.3708780678764,89.19766998291016,433064000
2024-04-03,88.23240577431382,90.1170311402006,88.14864498506111,88.7110366821289,370067000
2024-04-04,90.14893737073052,90.3762935173085,85.63580564756691,85.66073608398438,434965000
2024-04-05,86.61901544259366,88.22942906906539,85.68169327218381,87.75777435302734,399678000
2024-04-08,88.44779211337963,88.57742734725042,86.48539311445134,86.88525390625,283220000
2024-04-09,87.19337337953033,87.38582540473588,82.7859427996773,85.1113052368164,501700000
2024-04-10,83.68738625967652,87.15150809881327,83.4710003679758,86.79153442382812,431929000
2024-04-11,87.1714479258609,90.48101167566662,86.67885677486333,90.35836029052734,431637000
2024-04-12,89.44395551817271,89.91860764142923,87.28112393379013,87.93525695800781,426805000
2024-04-15,88.84465613304712,90.35534773623158,85.68466822355283,85.75646209716797,443077000
2024-04-16,86.18724795044986,87.86745463811035,85.81930143123056,87.16645812988281,370453000
2024-04-17,88.08881854088399,88.5225868752461,83.71130127056159,83.79606628417969,495400000
2024-04-18,84.7283978612392,85.94493013538192,82.167698910902,84.43024444580078,447260000
2024-04-19,82.91358934859076,84.08424741361141,75.3910397359179,75.98334503173828,875198000
2024-04-22,77.88192715774476,79.8453305652036,76.18277728835372,79.29190826416016,596341000
2024-04-23,80.53934787289336,82.53366130187051,80.03578647084935,82.18864440917969,438559000
2024-04-24,83.71130021339918,83.84292866853282,78.95785602564062,79.45045471191406,512208000
2024-04-25,78.64376576074403,83.08610152779464,78.00060291462616,82.3970718383789,424641000
2024-04-26,83.5796943254643,88.0798637130723,83.14991996305922,87.48555755615234,551011000
2024-04-29,87.34594249418755,87.74180926182623,85.0235621625501,87.50748443603516,388971000
2024-04-30,86.99194868469957,88.5664614931565,86.05462655663052,86.15633392333984,363709000
2024-05-01,84.83510772715242,85.75547993219622,81.02396844600167,82.80489349365234,559863000
2024-05-02,84.20889135183461,85.99180970266082,82.96344197206183,85.57300567626953,377898000
2024-05-03,87.53939567590184,89.02715032615576,86.79252471992756,88.53655242919922,398341000
2024-05-06,89.13582540707296,91.95778033309345,88.80177886820988,91.87800598144531,376203000
2024-05-07,90.83898366205493,91.52004037192769,88.75791956813879,90.2965316772461,437342000
2024-05-08,89.22858583150523,90.93471969755814,89.16576142158716,90.15494537353516,325721000
2024-05-09,90.27159019237384,90.81304550195526,87.9801277687823,88.49465942382812,378013000
2024-05-10,90.04823965753017,91.14112411341107,88.973301771079,89.62245178222656,335325000
2024-05-13,90.22074555223655,90.73927132421963,88.27728953555432,90.14197540283203,289680000
2024-05-14,89.34425178727211,91.39041950305226,88.68114159761363,91.09626007080078,296507000
2024-05-15,92.20908510921412,94.5922892882104,91.33856611429667,94.36094665527344,417735000
2024-05-16,94.64014935721045,95.54656142094716,93.83543705567772,94.09071350097656,323952000
2024-05-17,94.10068232469492,94.47062203748345,91.5449662156453,92.21604919433594,359691000
2024-05-20,93.48344309476195,94.9293173048801,93.17432694405993,94.51051330566406,318764000
2024-05-21,93.33286278018406,95.1287443727323,92.91505542877422,95.11478424072266,328946000
2024-05-22,95.18757861855156,95.74698053068366,92.98386328100148,94.68002319335938,548648000
2024-05-23,101.73789993945216,106.01769615650826,101.23134112874065,103.50386810302734,835065000
2024-05-24,104.15201429523188,106.1722546778935,102.70713677897801,106.16627502441406,429494000
2024-05-28,109.93055601288341,114.61220681929554,109.57058235224117,113.57715606689453,652728000
2024-05-29,112.7285727659483,115.16362326202471,110.58568085733936,114.49851989746094,557442000
2024-05-30,114.32403150789189,115.48970655822384,109.35121090850546,110.18582916259766,484553000
2024-05-31,112.20006619281486,112.39651226649593,106.6359377048998,109.32128143310547,613263000
2024-06-03,113.29794252397816,114.67301940917969,111.68453916444382,114.67301940917969,438392000
2024-06-04,115.3869834998919,116.2684650577176,113.72072948659991,116.10592651367188,403324000
2024-06-05,118.03444216742467,122.10084264977675,117.13400975669744,122.09187316894531,528402000
2024-06-06,123.69528439320365,125.2299099350453,117.98357427866928,120.65396118164062,664696000
2024-06-07,119.42946352714927,121.34600353396539,117.68643999762348,120.5442886352539,412386000
2024-06-10,120.02774969821236,122.74998311505551,116.6773027177119,121.44371032714844,313434100
2024-06-11,121.43374431859081,122.53071289546243,118.41211249470811,120.57612609863281,222551200
2024-06-12,122.72017341922755,126.52962437250758,122.23152866049337,124.85426330566406,299595000
2024-06-13,129.0327119863157,129.4415834964467,126.80887399420205,129.25210571289062,260704500
2024-06-14,129.60114223243076,132.4731792100278,127.9656714477386,131.51583862304688,309320400
2024-06-17,132.62277611443673,133.36072299109455,129.2221885999668,130.61831665039062,288504400
2024-06-18,130.7778703322321,135.95354113797538,130.3291160023479,135.2056121826172,294335100
2024-06-20,139.41396587386305,140.3713064535189,129.16235380151105,130.4188690185547,517768400
2024-06-21,126.76897377617152,130.2692833981682,123.95676122395307,126.22048950195312,649445800
2024-06-24,122.89968290118539,124.1163152101961,117.71404522588668,117.78385162353516,476060900
2024-06-25,120.86531742755339,126.15068514494095,118.9905115651875,125.74181365966797,414192600
2024-06-26,125.7817056647018,127.76620840809865,122.26145451808375,126.05096435546875,362975900
2024-06-27,123.75731038151326,126.06093675176166,122.58056851355609,123.64761352539062,252571700
2024-06-28,124.23599694106169,127.35735127952529,122.41104832536521,123.19886779785156,315516700
2024-07-01,123.12905433583957,124.49526638375627,118.50186772113265,123.9567642211914,284885500
2024-07-02,120.79551981451768,123.0692304193492,120.69579746715523,122.33126831054688,218374000
2024-07-03,121.324065820501,127.92578125,121.02489116241942,127.92578125,215749000
2024-07-05,127.02825159880693,128.49420118342798,125.3329490025218,125.48253631591797,214176700
2024-07-08,127.1379469199517,130.40889591730686,126.6891925935073,127.84598541259766,237677300
2024-07-09,129.99007251430768,133.45049207075732,128.29475452643044,131.01722717285156,285366600
2024-07-10,133.65988550841513,134.72693809179796,132.0543307877707,134.53746032714844,248978600
2024-07-11,135.37514352274295,135.7740328866088,126.69917051710233,127.04820251464844,374782700
2024-07-12,127.90582806874107,131.5557253023775,126.86870653322082,128.8831329345703,252680500
2024-07-15,130.19946809344353,131.02717795052595,126.828804392605,128.0853271484375,208326200
2024-07-16,128.0853361228611,128.68367018979245,124.23599428065054,126.01107788085938,214769500
2024-07-17,121.01489130373585,121.51351055723977,116.39767975528693,117.66416931152344,390086200
2024-07-18,121.51351100342063,122.0619952276193,116.23811836897953,120.75560760498047,320979500
2024-07-19,120.0176783628371,121.26422676213605,117.04591123957188,117.60436248779297,217223800
2024-07-22,120.01767396475167,123.72740308245356,119.52902914046476,123.19886779785156,258068900
2024-07-23,122.44095787706307,124.34568731396223,121.76283530375956,122.25148010253906,173911000
2024-07-24,118.84092133007209,119.6187662154648,113.1267484514862,113.93450927734375,327776900
2024-07-25,112.72785895570485,116.30794209044977,106.00647252262672,111.96995544433594,460067000
2024-07-26,115.8691646723326,115.87913158113766,111.27189374853045,112.747802734375,293399100
2024-07-29,113.3760676606231,115.95891218291776,110.99266783046404,111.2818603515625,248152100
2024-07-30,111.21204752075072,111.68075088933978,102.2568489765504,103.44356536865234,486833300
2024-07-31,112.58823561538453,118.01320824039244,110.57380945153913,116.69685363769531,473174200
2024-08-01,117.20544905631927,119.82819139029307,106.51505026446524,108.9084243774414,523462300
2024-08-02,103.47347587762454,108.4197782586363,101.09007631034588,106.9737777709961,482027500
2024-08-05,91.80578374541406,103.12444802394918,90.43957172286065,100.17261505126953,552842400
2024-08-06,103.55325619325184,107.41257244920943,100.27234777984627,103.96212768554688,409012100
2024-08-07,107.51229690555586,108.4995686514933,98.41748524596572,98.63687896728516,411440400
2024-08-08,101.71833775867768,105.208672877848,97.2507054584759,104.68013763427734,391910000
2024-08-09,105.34829623370402,106.30564447792429,103.14439960768745,104.46075439453125,290844200
2024-08-12,106.02639975853843,110.76328275608019,105.9665678816549,108.71894073486328,325559900
2024-08-13,112.12952516459809,115.90906086189524,111.27189924867696,115.81930541992188,312646700
2024-08-14,118.20269875673235,118.27250515954668,113.75501518576698,117.75394439697266,339246400
2024-08-15,118.4320598996148,122.89968462856436,117.14562117487446,122.52073669433594,318086700
2024-08-16,121.60328301302395,124.6548308372553,120.84537951120186,124.23599243164062,302589900
2024-08-19,123.93680096772643,129.64100646972656,123.07917523933753,129.64100646972656,318333600
2024-08-20,128.04543898793298,129.52136317375601,125.54237540722741,126.89862060546875,300087400
2024-08-21,126.96843015643721,128.99283109530663,126.31025657503493,128.14517211914062,257883600
2024-08-22,129.66096486520394,130.3889447703718,122.7600680862335,123.39830017089844,376189100
2024-08-23,125.51245424374224,129.2421321879317,124.87422213092064,129.01275634765625,323230300
2024-08-26,129.2122143703238,130.89753484404284,124.02656901853358,126.11079406738281,331964700
2024-08-27,124.70469880770285,128.84323320422493,123.53792378071748,127.94572448730469,303134600
2024-08-28,127.76620894054898,127.97563574905244,122.30134548595971,125.26314544677734,448101100
2024-08-29,121.02487540717718,124.08639756190335,116.38771446055243,117.2652816772461,453023300
2024-08-30,119.19992897597831,121.41379989153823,116.89631023816276,119.04037475585938,333751600
2024-09-03,115.68965834345619,115.88910303086084,106.99373606605621,107.70177459716797,477155100
2024-09-04,105.11893116355375,112.95722005840781,103.83249237473713,105.91671752929688,372470300
2024-09-05,104.70008464878364,109.34722045042044,104.47072401794104,106.91395568847656,306850700
2024-09-06,107.74167945099285,107.85137632621944,100.67125249545475,102.54606628417969,413638100
2024-09-09,104.59038154400555,106.25577578698045,103.4036727846321,106.17599487304688,273912000
2024-09-10,107.51228306871653,109.09789628161208,104.660180275284,107.80148315429688,268283700
2024-09-11,109.08792746358935,116.86639141709085,107.12336624714985,116.58716583251953,441422400
2024-09-12,116.52732649632485,120.46676065848584,115.07123444451854,118.82117462158203,366052700
2024-09-13,118.76132975848293,119.63897203588232,117.28528706438033,118.7812728881836,238358300
2024-09-16,116.47746652004345,117.8637462195167,114.05396898625607,116.46749114990234,248772300
2024-09-17,117.85377554798693,118.48209453930119,114.52271703198278,115.28067779541016,231925900
2024-09-18,115.57987289959789,117.38502682895009,112.91701975753097,113.06661987304688,310318900
2024-09-19,117.0359679559666,119.33979153223306,116.93623707940027,117.55458068847656,293506400
2024-09-20,116.74674381909426,118.30257441739377,115.0812145821692,115.68958282470703,382462400
2024-09-23,116.23810791147417,116.67692526968904,114.55262802291854,115.94888305664062,206228500
2024-09-24,116.20818172536411,121.47405850127808,115.07123304654733,120.54654693603516,354966800
2024-09-25,121.69346336275538,124.60565503965537,121.28456450552947,123.17948150634766,284692900
2024-09-26,126.46068519535362,127.3283521984154,121.4740652366879,123.70806884765625,302582900
2024-09-27,123.63824105329503,123.69807805046355,118.9408465511356,121.07511901855469,271009200
2024-09-30,117.99339940741461,121.1748653861715,117.83383152489164,121.11502838134766,226553700
2024-10-01,121.44412897274735,122.11234177416986,115.48013626179672,116.68689727783203,302094500
2024-10-02,116.12840510154699,119.06053238913914,114.831880901423,118.53195190429688,221845900
2024-10-03,120.59641230247804,124.0272091849403,120.01796257527629,122.52124786376953,277118000
2024-10-04,124.60565935860969,124.70539023390367,121.50398120040512,124.58570861816406,243678100
2024-10-07,124.65551433206126,130.29039598837593,124.61562046227938,127.37821197509766,346250200
2024-10-08,129.91139625758697,133.12278019873037,129.07364789501582,132.53436279296875,285722500
2024-10-09,133.75109763690637,134.16000405397224,131.0284078789419,132.2949981689453,246191600
2024-10-10,131.55700075403345,134.63872798675436,130.64943234270237,134.44923400878906,242311300
2024-10-11,133.6513755856735,135.4166432187145,133.30232133780012,134.43927001953125,170209500
2024-10-14,136.10479144805439,139.22642006970023,135.9352482142016,137.7005157470703,232347700
2024-10-15,137.50104323972985,138.1991821543322,128.3954862474048,131.24783325195312,377831000
2024-10-16,133.62146232310147,136.25439701653355,131.22789086287455,135.3568115234375,264879700
2024-10-17,138.96710708195366,140.51296215395072,136.50371585796043,136.5635528564453,306435900
2024-10-18,138.2988966827743,138.52827690762766,136.91261713769273,137.6306915283203,176090200
2024-10-21,137.76035501280404,143.32542419433594,137.63069803621275,143.32542419433594,264554500
2024-10-22,142.52756130979012,144.03351491090646,141.40058044009385,143.2057342529297,226311600
2024-10-23,141.64993025905358,142.04885378245024,137.09216737152124,139.18653869628906,285930000
2024-10-24,140.44319304975355,140.97177362783538,138.08950746476395,140.03428649902344,172354900
2024-10-25,140.55284095753052,143.74428940833508,140.42319920700885,141.1612091064453,205122100
2024-10-28,142.617310298629,142.75693502866474,139.67520798990546,140.14395141601562,173586700
2024-10-29,139.91457158033694,141.8793009979601,138.52829188537018,140.87200927734375,157593600
2024-10-30,139.16654849713757,139.95444277669785,136.4438589379193,138.9670867919922,179418100
2024-10-31,137.2317836775648,137.24175143875112,131.756469630996,132.40472412109375,270039600
2024-11-01,134.3395349599235,136.94255111570317,134.2098931927627,135.03765869140625,207127800
2024-11-04,136.84282779526694,138.58814473225323,135.207217103038,135.68592834472656,187528200
2024-11-05,137.0821601293647,139.99434394500742,136.9624861371184,139.53558349609375,160537400
2024-11-06,142.577419626437,146.09797148430005,141.58009580907174,145.22032165527344,242043900
2024-11-07,145.9982407267333,148.53143666074,145.77882825788768,148.48158264160156,207323300
2024-11-08,148.37188826922187,149.369212218998,145.8685954157921,147.2349395751953,175665800
2024-11-11,148.28213868247923,148.45169716990912,143.18582718199275,144.8712921142578,182325600
2024-11-12,146.38720431256547,149.2495191040209,145.6192606302401,147.89315795898438,198634700
2024-11-13,148.67109606044525,148.93039482211316,145.50956558703103,145.8785858154297,191903300
2024-11-14,147.24489842760545,148.60125952595652,145.16049515099348,146.36724853515625,194463300
2024-11-15,144.4823175216733,144.85133773586546,139.70514243904907,141.6000518798828,250132900
2024-11-18,139.12669362767247,141.17121080701085,136.78297621414575,139.7749481201172,221205300
2024-11-19,140.94181709193657,146.7362663614533,140.61269838756368,146.6165771484375,227834900
2024-11-20,147.0155246522584,147.16511715506326,142.34804073132528,145.4995880126953,309871700
2024-11-21,148.95031679761973,152.48083638169973,140.32345672847936,146.27748107910156,400946600
2024-11-22,145.53949007763015,146.7662096056562,140.72242834878378,141.5701446533203,236406200
2024-11-25,141.61003096699034,141.66986796819967,135.45654411602544,135.656005859375,344941900
2024-11-26,137.33150030488406,138.9272246590056,135.30693397114106,136.5535888671875,190287700
2024-11-27,134.64871022731037,136.85280300357402,131.44730865073987,134.9778289794922,226370900
2024-11-29,136.41395288721657,138.977082446908,135.68591074894266,137.88002014160156,141863200
2024-12-02,138.45851024352928,140.07417045795853,137.45121835469945,138.25904846191406,171682800
2024-12-03,137.8899957715255,140.1638930268938,137.58082780000817,139.8846435546875,164414000
2024-12-04,141.61999054867616,145.39984134699782,139.91456002292938,144.7515869140625,231224300
2024-12-05,144.73165063129176,146.1579148411047,143.57467148409813,144.68177795410156,172621200
2024-12-06,144.2229906612707,145.3201135010368,140.94156015213164,142.06861877441406,188505600
2024-12-09,138.6076455444956,139.58508599383495,136.77244688316378,138.44805908203125,189308600
2024-12-10,138.6475487860502,141.4502349567079,133.44115786086326,134.71783447265625,210020900
2024-12-11,137.00186458417264,139.80453569143606,134.85747632446007,138.94677734375,184905200
2024-12-12,136.72260169557995,138.0790564611993,135.445940177233,136.98191833496094,159211400
2024-12-13,138.57773734651352,139.2360201486468,132.19441524956173,133.89996337890625,231514900
2024-12-16,133.83011579862796,134.0495433619733,130.07992554881972,131.6558074951172,237951100
2024-12-17,128.75340490862754,131.24688636654815,126.52922370948323,130.05001831054688,259410300
2024-12-18,133.51097335742298,136.34356467427952,127.94552085179448,128.57388305664062,277444500
2024-12-19,131.41644980197495,133.68053537391728,129.212220572867,130.33926391601562,209719200
2024-12-20,129.4715360054975,134.92727495716574,127.88568536239204,134.34878540039062,306528600
2024-12-23,135.9246564899382,139.42549888718457,134.76767747092137,139.30581665039062,176053500
2024-12-24,139.63497303105362,141.53001300601622,138.28848684636677,139.85440063476562,105157000
2024-12-26,139.3357437329122,140.482754358897,137.37087908554133,139.5651397705078,116205600
2024-12-27,138.1887488761999,138.65752461945982,134.35876491420703,136.6527557373047,170582600
2024-12-30,134.47843254273522,139.90425017541338,133.67054705312722,137.13150024414062,167734700
2024-12-31,137.67011945974758,137.71002369221526,133.48107297196478,133.9398651123047,155659200
2025-01-02,135.64538180842524,138.51787711680194,134.27895893528864,137.94935607910156,198247200
2025-01-03,139.6449446721197,144.52219430432945,139.36567593719187,144.09332275390625,229322500
2025-01-06,148.20258376458906,151.76328315584956,147.43460231153736,149.04039001464844,265377400
2025-01-07,152.63098706400407,152.73073241075815,139.6449312609891,139.77459716796875,351782200
2025-01-08,142.2082666228464,143.57468988273558,137.20135052761552,139.7447052001953,227349900
2025-01-10,137.09162690267476,139.55518814906236,133.87005266470834,135.55564880371094,207602500
2025-01-13,129.65105690827988,133.1419306678232,129.17229754928977,132.88259887695312,204808900
2025-01-14,135.6952813829554,136.02442280388445,129.71092511662002,131.4164581298828,195590500
2025-01-15,133.30153730793728,136.09424010113995,130.94768976753863,135.88479614257812,185217300
2025-01-16,138.27852927433761,138.38824308482273,133.14196273572836,133.2217559814453,209235600
2025-01-17,136.33359221153037,138.13887032002236,135.1068036173015,137.35093688964844,201188800
2025-01-21,138.79717036536638,141.4602070208564,136.7325601923546,140.4628143310547,197749000
2025-01-22,144.28284886721386,147.40467804215123,143.29542449743752,146.6865692138672,237651400
2025-01-23,144.67182587415004,146.84613483080005,143.34529164963172,146.83616638183594,155915500
2025-01-24,147.98313043457708,148.58157206293976,141.5100624088345,142.2481231689453,234657600
2025-01-27,124.47461463210544,128.06521929651885,116.39572750391632,118.11124420166016,818830900
2025-01-28,121.49239920882492,128.66365497133788,115.94689837533355,128.6536865234375,579666400
2025-01-29,126.17017448185184,126.55915701971556,119.7369947161038,123.37747192382812,467120600
2025-01-30,122.77903527699785,124.67408285834512,117.79207196266405,124.32499694824219,392925500
2025-01-31,123.45726093608867,127.51664871512425,118.8792323275003,119.7569351196289,388161100
2025-02-03,114.45081126895413,118.26085104341853,112.71535011762803,116.3558349609375,371235700
2025-02-04,116.65503370463425,120.88397605738155,116.39570950659508,118.34062957763672,256550000
2025-02-05,121.44253659311748,124.67408679210826,120.44514389878061,124.50453186035156,262230800
2025-02-06,127.08777312720079,128.43425932928383,124.88353622330139,128.344482421875,251483600
2025-02-07,128.88307105233656,130.03006643749526,124.67407312607986,129.50144958496094,228186300
2025-02-10,129.75081827828257,134.64802029874645,129.6211675706223,133.2217559814453,216989100
2025-02-11,132.23432300379022,134.12936300336048,130.67839286199495,132.45375061035156,178902400
2025-02-12,129.68100547013307,131.89521852186024,128.7434538800678,130.79808044433594,160278600
2025-02-13,131.21697039655388,136.14409236479662,130.82798788427175,134.93724060058594,197430000
2025-02-14,136.12414513567924,138.8869270481558,135.1467045962306,138.48797607421875,195479600
2025-02-18,140.90166414837108,143.06600437599374,137.57036112568994,139.03652954101562,219176600
2025-02-19,139.14625788985987,140.99144057578553,136.86223517532474,138.8669891357422,167536000
2025-02-20,139.6649119502666,140.29327428157626,136.4333538136822,139.7447052001953,143903600
2025-02-21,139.67487215272783,141.09118323158302,133.68054728393315,134.07949829101562,228217600
2025-02-24,136.20396396001723,138.22867021014434,129.74086261032588,129.94033813476562,251381100
2025-02-25,129.6410992372649,129.8605268493821,124.11555036059914,126.29983520507812,271428700
2025-02-26,129.6510837247691,133.38132271635274,128.1549946612343,130.93771362304688,322553800
2025-02-27,134.64801060127058,134.6579790491402,119.69709659183455,119.83673095703125,443175800
2025-02-28,117.71228067710521,124.76384661623277,116.09650940652436,124.59429168701172,389091100
2025-03-03,123.18796891235903,123.37746834229016,111.98724605192426,113.76260375976562,411381400
2025-03-04,110.36150296756519,118.9989197292815,109.82291000037466,115.68757629394531,398163300
2025-03-05,117.27343224392774,117.97160407078815,114.21143704412195,116.9941635131836,284337900
2025-03-06,113.2339891683523,115.04924353236196,109.93262184934352,110.28170776367188,321181900
2025-03-07,110.9599388924034,113.18412798197828,107.27955736061682,112.39618682861328,341755500
2025-03-10,109.61344966651625,111.5583622176382,105.18502403072868,106.70106506347656,366487400
2025-03-11,106.71102843945867,111.94733940770921,104.4968157267925,108.4764175415039,354865700
2025-03-12,113.83292501602207,116.46628328215824,112.59603885298675,115.44884490966797,323857500
2025-03-13,116.73559490158165,117.46376184203,113.50374766538481,115.28924560546875,299033100
2025-03-14,118.31162236591584,121.57339292473429,117.85278046649132,121.36392211914062,277593500
2025-03-17,122.43122525765534,122.58084943008083,117.73307494878493,119.22930145263672,255501500
2025-03-18,117.70316017412442,118.7205909220559,114.25186503478537,115.1396255493164,299686900
2025-03-19,116.97498651717953,120.14698705841565,115.3889900516623,117.22435760498047,273426200
2025-03-20,116.25681189739694,119.89762393291265,116.17701131755277,118.23182678222656,248829700
2025-03-21,116.64582513098318,117.6931791575635,115.1296446207881,117.4039077758789,266498500
2025-03-24,119.57842622721644,121.91254366285413,119.03978374206928,121.10458374023438,228452500
2025-03-25,120.24674348347415,120.98487978418257,118.62083909476823,120.38639068603516,167447200
2025-03-26,118.43133002412056,118.54104631031402,112.42646947850851,113.47383117675781,293463300
2025-03-27,111.0698805170997,114.16208047077859,110.38162149260253,111.1496810913086,236902100
2025-03-28,111.20953292547101,112.58606625933987,108.79562251910656,109.39411163330078,229872500
2025-03-31,104.86553641067388,110.68087252083329,103.38926370156523,108.10736083984375,299212700
2025-04-01,108.2470125996811,109.92278683325367,106.20217397842941,109.87291717529297,222614000
2025-04-02,107.0200962834212,111.69830029652357,106.5213541109438,110.14221954345703,220601200
2025-04-03,103.24961220285616,105.36427425680411,101.344413349133,101.54391479492188,338769400
2025-04-04,98.66119636165205,99.87812106911886,91.87829866162578,94.07276153564453,532273800
2025-04-07,87.23998007579976,101.49403230771996,86.40209687721266,97.39437103271484,611041300
2025-04-08,103.54885717389794,105.58372634261488,94.2223791915971,96.05775451660156,476243400
2025-04-09,98.6412345329499,114.8104562069238,97.28465510127192,114.04239654541016,612918300
2025-04-10,109.09486759895934,110.58111717003517,98.9005761841806,107.29939270019531,437812400
2025-04-11,108.22706011361765,111.26939065397997,107.20962934859612,110.65094757080078,313417300
2025-04-14,113.82295197096049,114.00249947758738,108.7956293956101,110.43150329589844,264705000
2025-04-15,110.69084593782598,113.33418114021705,110.22202704858428,111.9177474975586,228966900
2025-04-16,104.2869965726397,106.52135948725393,100.1973044637503,104.22714233398438,397016900
2025-04-17,104.1872406628714,104.20719461222582,99.79831546993584,101.23468780517578,292517500
2025-04-21,98.52153569265882,99.18985605733366,94.80092295909544,96.66622161865234,288501100
2025-04-22,98.53150383378456,99.55891150664588,97.03527729423074,98.64122772216797,241004800
2025-04-23,104.25705857766793,104.53636058197965,101.76334775853866,102.45161437988281,247526000
2025-04-24,103.21968611105362,106.2719858525715,102.85061415392688,106.16226196289062,220815000
2025-04-25,106.58121206849437,111.63845793071249,105.46403435389149,110.73075103759766,251064700
2025-04-28,109.4140660423662,110.09235573735528,105.75329251827114,108.45648193359375,207708500
2025-04-29,107.39914041879526,109.92277466025524,107.16972327513623,108.74574279785156,170444300
2025-04-30,104.20719367744803,108.64599609375,103.81817538074749,108.64599609375,235044600
2025-05-01,112.79553450528941,114.6508560442669,111.02001354244473,111.32923126220703,236121500
2025-05-02,113.89276514634567,115.10969728977199,113.08480524563223,114.21195983886719,190194800
2025-05-05,112.62596928442517,114.38153638068397,112.3765981799359,113.53367614746094,133163200
2025-05-06,111.19956385128708,114.45135750397539,110.54122049681273,113.25437927246094,158525600
2025-05-07,112.7656187028628,117.38396890879066,111.99755142427854,116.7655258178711,206758800
2025-05-08,117.95252869863282,118.38144728921775,115.55856464909375,117.07474517822266,198428100
2025-05-09,117.05480348234514,117.93259470484641,114.92018728068513,116.3565673828125,132972200
2025-05-12,121.66318211752383,122.69058990478516,119.97743092665668,122.69058990478516,225023300
2025-05-13,124.66559728217729,130.88989748886456,124.1568781333485,129.60313415527344,330430100
2025-05-14,132.86494113292153,135.09931203986915,131.3487603310497,134.9995574951172,281180800
2025-05-15,133.9521641466833,135.9571173935552,132.32627503661865,134.49081420898438,226632600
2025-05-16,135.87733175434735,136.0070096021913,133.1242801768634,135.05938720703125,226542500
2025-05-19,132.05696494191162,135.5282065455698,132.05696494191162,135.22897338867188,193154600
2025-05-20,133.95217650431997,134.24145551049554,132.286379343903,134.04196166992188,161514200
2025-05-21,132.72528507307794,137.05436414816955,130.26149714159004,131.4684600830078,270608700
2025-05-22,131.89733771424724,133.91226015482565,131.21905573210503,132.49583435058594,187344000
2025-05-23,129.67296865108418,132.3462194682512,128.8350854296202,130.959716796875,198821300
2025-05-27,133.81252390577552,135.31873506532702,132.9746406768617,135.1591339111328,192953600
2025-05-28,135.68778777349254,136.9047198340945,134.4509017652276,134.47085571289062,304021100
2025-05-29,141.8921589021039,143.12904506361895,137.56308016740775,138.83985900878906,369241900
2025-05-30,138.37105052724368,139.26878048564038,132.5856374053386,134.7900848388672,333170900
2025-06-02,135.14916370580715,137.7725372671851,135.05937854437917,137.03440856933594,197663100
2025-06-03,138.43088175862894,141.64278269656361,137.60296789247522,140.86474609375,225578800
2025-06-04,141.83231333868676,142.03180718032695,139.18897047063936,141.56298828125,167120800
2025-06-05,141.81237210270294,143.63777059715719,138.48077746536075,139.6378631591797,231397900
2025-06-06,142.1515162209299,142.90961421188257,141.1540316815974,141.36351013183594,153986200
2025-06-09,142.82978324597119,144.6352274429253,141.58292783698045,142.2711944580078,185114500
2025-06-10,142.3310452201821,143.92701105784593,141.17395971410352,143.5978546142578,155881900
2025-06-11,144.25623511410478,144.6353103750697,141.52293261104455,142.4805908203125,167694000
2025-06-12,141.62269259555393,144.64527893066406,141.50299102868564,144.64527893066406,162365000
2025-06-13,142.13145812905782,143.2287733742275,140.50545582034982,141.62271118164062,180820600
2025-06-16,142.9993260342438,145.82238955213242,142.84968384945327,144.33604431152344,183133700
2025-06-17,144.1365460319819,144.86475600350525,143.4282761758971,143.76744079589844,139108000
2025-06-18,143.65770976302605,145.29369730081095,142.76988753620614,145.12411499023438,161494100
2025-06-20,145.09416929186932,145.84233449814036,142.30101614416546,143.4980926513672,242956200
2025-06-23,142.15140884759998,144.4258301714446,141.6825573691225,143.81732177734375,154308900
2025-06-24,145.20390562225958,147.59804349475166,145.1440548392029,147.53817749023438,187566100
2025-06-25,148.90483162044157,154.0721520137232,148.8948463426075,153.9324951171875,269146500
2025-06-26,155.59842060814296,156.33661581991106,153.6232685600938,154.64077758789062,198145700
2025-06-27,155.65826650868465,158.32174817747665,154.880175871103,157.3640899658203,263234500
2025-06-30,158.01248577811177,158.27185945851633,155.57846775508057,157.60350036621094,194580300
2025-07-01,155.90764810734902,156.81542555199195,151.1194029227986,152.9249725341797,213143600
2025-07-02,152.6057523429847,157.21446053326332,152.59578228626097,156.8653106689453,171224100
2025-07-03,157.98256705200242,160.58618269349765,157.3840439934681,158.9501953125,143716100
2025-07-07,157.81297934590498,158.92026447090194,156.95508262544374,157.85289001464844,140139000
2025-07-08,158.94022243433284,159.82804456030718,158.0025195823342,159.60858154296875,138133000
2025-07-09,160.82559421950873,164.01776272716893,160.76574343834326,162.48153686523438,183656400
2025-07-10,163.91802564623063,164.0975779997467,161.214648514871,163.6985626220703,167704100
2025-07-11,163.319494380175,167.4792915182188,163.07010595303956,164.5165557861328,193633300
2025-07-14,164.96544774793,165.08516454052796,161.62365204151925,163.66864013671875,136975800
2025-07-15,170.77121644956358,171.97824787505814,168.78607915204378,170.28240966796875,230627400
2025-07-16,170.64152069930245,171.32983513615645,168.48680121561864,170.9507598876953,158831500
2025-07-17,171.59918390717252,173.7339481189201,170.4120926228971,172.5767822265625,160841100
2025-07-18,173.21520688358655,173.82371518980958,170.8410244393951,171.98822021484375,146456400
2025-07-21,172.32738268326037,172.95584631586675,170.58166390065136,170.9607391357422,123126100
2025-07-22,170.9208374301641,170.97071815657463,164.17738028748298,166.6213836669922,193114300
2025-07-23,169.1152710575868,170.84103463039327,167.55908978070133,170.36221313476562,154082200
2025-07-24,172.01817945898665,173.40477863012546,170.88096873748768,173.31500244140625,128984600
2025-07-25,173.1852777673922,174.29256285091202,172.5368740284716,173.07554626464844,122316800
2025-07-28,173.594294429185,176.56700011257405,173.54441370124516,176.31761169433594,140023500
2025-07-29,177.52464594674228,178.94117023690123,174.59183591750704,175.08062744140625,154077500
2025-07-30,176.07819353379378,179.4499298230835,175.60934208925488,178.83145141601562,174312200
2025-07-31,182.45256948733228,182.85160010862035,175.49961883405416,177.43487548828125,221685400
2025-08-01,173.6641186818972,176.1081221843386,170.47194991004753,173.29502868652344,204529000
2025-08-04,174.7314908730668,179.75915428060495,174.09305718288007,179.5596466064453,148174600
2025-08-05,179.18058718831315,179.81902093485988,175.46968627980374,177.82391357421875,156407600
2025-08-06,175.898641889325,179.4599006050506,175.81883576850015,178.9810791015625,137192300
2025-08-07,181.12583532286254,183.43018196887525,178.3626072705472,180.32778930664062,151878400
2025-08-08,181.10585596760288,182.85157473717487,179.9586602147226,182.25303649902344,123396700
2025-08-11,181.6046539661726,183.39026839012567,179.80905426349312,181.6146240234375,138323200
2025-08-12,182.51243687865426,184.02870758664506,179.02099882862018,182.71194458007812,145485700
2025-08-13,182.1732462738988,183.51994981646104,178.9112567337155,181.14576721191406,179871700
2025-08-14,179.3102712094187,182.57227595462552,179.02098734413144,181.57472229003906,129554000
2025-08-15,181.43506987144983,181.45500998578265,177.6044521364236,180.00856018066406,156602200
2025-08-18,180.15820389652,182.49247589603021,180.14821861780752,181.5647430419922,132008000
2025-08-19,181.9837257637527,182.05356183349764,175.06071543129087,175.21034240722656,185229200
2025-08-20,174.74146841521826,175.56943975883806,168.38705663117767,174.9709014892578,215142700
2025-08-21,174.42225404103465,176.46722675550242,173.38478976711397,174.5519256591797,140040900
2025-08-22,172.1877371490149,178.15310374912357,170.78118284108405,177.55458068847656,172789400
2025-08-25,177.91371253514103,181.46500135257926,176.13806812642193,179.37013244628906,163012800
2025-08-26,179.61950918930867,181.94381103857447,178.37256711704984,181.32533264160156,168688200
2025-08-27,181.53482178191953,182.0435839210746,178.66187741767394,181.15576171875,235518900
2025-08-28,180.3776517699909,184.01871637210735,175.9784366795831,179.72923278808594,281787800
2025-08-29,177.67428483075477,177.714180280125,172.72641192849127,173.75389099121094,243257900
2025-09-02,169.58412249632292,171.9583050821389,166.81092453439402,170.36221313476562,231164900
2025-09-03,170.64153226145447,171.9882358353705,168.46687251736884,170.20260620117188,164424900
2025-09-04,170.15273668191406,171.43957421789176,168.99557077235426,171.2400665283203,141670100
2025-09-05,167.61892806242963,168.6164816497661,163.66862438059468,166.6114044189453,224441400
2025-09-08,167.140134281122,170.54179623040895,166.94062657490792,167.8982696533203,163769100
2025-09-09,168.6763418810487,170.5617176578999,166.3320999523285,170.34225463867188,157548400
2025-09-10,176.2078799889887,178.85139113084074,175.04074401948455,176.8961944580078,226852000
2025-09-11,179.25053151190707,179.84910351407555,176.05818301908454,176.7465362548828,151159300
2025-09-12,177.3451207317183,178.1731387966239,176.02826832324598,177.39500427246094,124911000
2025-09-15,175.25011923668302,178.4225264520066,174.0928881658194,177.3251495361328,147061600
2025-09-16,176.5769489507663,177.0757538913052,173.96321593348455,174.46202087402344,140737800
2025-09-17,172.22736966160153,172.78602876073558,168.00748411706098,169.8829803466797,211843800
2025-09-18,173.56417834624654,176.67673180432445,172.54662713675344,175.81878662109375,191763300
2025-09-19,175.34988368438943,177.65435995090164,174.76128231706025,176.2477264404297,237182100
2025-09-22,174.8810364137678,184.1089289332547,174.29245016588177,183.17117309570312,269637000
2025-09-23,181.53508786527138,181.98400930831284,175.78885990523673,178.0035400390625,192559600
2025-09-24,179.34032288959435,179.35029350783142,174.9807575937583,176.54701232910156,143564100
2025-09-25,174.06298508983102,179.82916955782613,172.71622074990066,177.26531982421875,191586700
2025-09-26,177.74415791919978,179.3403398828169,174.51189629291883,177.7641143798828,148573700
2025-09-29,179.99874009736317,183.56021461148362,179.8890176259668,181.4153594970703,193063500
2025-09-30,181.64480411708308,186.9022123120565,181.04623211551163,186.13404846191406,236981000
2025-10-01,184.7972757932568,187.69033860903804,183.46046686832446,186.79249572753906,173844900
2025-10-02,189.146847340247,190.59337868298996,187.6105195355423,188.43853759765625,136805800
2025-10-03,188.7378093314507,189.90501102540352,184.93691825112066,187.1715545654297,137596900
2025-10-06,185.05665991394912,186.78252099752746,182.8918479831437,185.0965576171875,157678100
2025-10-07,185.78489078203316,188.6081286768816,183.56022492696124,184.5977325439453,140088000
2025-10-08,186.12408236678675,189.14683908131633,186.09414006589398,188.6580047607422,130168900
2025-10-09,191.77054228398893,194.83321191134357,190.60334055524348,192.1097412109375,182997200
2025-10-10,193.04749823427522,195.15245586263575,181.61489659616785,182.7222442626953,268774400
2025-10-13,187.52074924115996,189.6556339904095,185.51555866051012,187.8699188232422,153482800
2025-10-14,184.32839277968645,184.35831986008523,179.2705030798172,179.59971618652344,205641400
2025-10-15,184.35831474003746,184.42813951825556,176.86625456034105,179.4001922607422,214450500
2025-10-16,181.79443681084305,182.84193018690272,179.34032512988762,181.3754425048828,179723300
2025-10-17,179.74934657743225,183.65999082680747,179.3203816221287,182.78208923339844,173135200
2025-10-20,182.69231029505525,184.75735492260156,181.2956472677441,182.20347595214844,128544700
2025-10-21,182.35311411361405,182.35311411361405,179.37027013728058,180.72702026367188,124240200
2025-10-22,180.7070509305708,183.00155667206866,176.33751483638122,179.84910583496094,162249600
2025-10-23,179.988777912505,182.59254038327154,179.3602787988416,181.72462463378906,111363700
2025-10-24,183.40060514170608,187.02193404421294,183.06142142022418,185.8148193359375,131296700
2025-10-27,189.5359184602369,191.54110896467577,187.9796341631504,191.03233337402344,153452700
2025-10-28,192.58859211843296,202.66444286407344,191.45131745385083,200.5495147705078,297986200
2025-10-29,207.482921843539,211.6828666070652,204.29057291407037,206.545166015625,308829600
2025-10-30,204.65966800141675,205.66726375798942,200.9286166610889,202.4050750732422,178864400
2025-10-31,205.95656932325562,207.4729406961805,201.5870481318289,202.00604248046875,179802200
2025-11-03,207.58267267525224,210.83487551397138,205.06869143040765,206.3855438232422,180267300
2025-11-04,202.51479915904252,203.48248192945988,197.4569099225941,198.21510314941406,188919300
2025-11-05,198.29492759193732,202.43500266122365,194.18476438007542,194.74343872070312,171350300
2025-11-06,195.9505570232203,197.14768599494536,185.93455918559198,187.6304931640625,223029800
2025-11-07,184.45805485831954,187.86989393508227,178.48238160939712,187.70028686523438,264942300
2025-11-10,194.6436788693004,199.46213677715232,193.32682642239038,198.5742645263672,198897100
2025-11-11,194.69355355890158,194.9529266552934,190.84277869998112,192.69833374023438,176483300
2025-11-12,195.2522010776849,195.42179292552225,190.67317551912151,193.3367919921875,154935300
2025-11-13,190.59337913278358,190.9824463944715,183.41059072037282,186.41339111328125,207423100
2025-11-14,182.42294356130517,190.55345800755302,180.14839424900484,189.71546936035156,186591900
2025-11-17,185.52552307898492,188.54828000089623,183.87947275520656,186.15402221679688,173628900
2025-11-18,182.94172058465782,184.3583249108488,179.22062444838815,180.92654418945312,213598900
2025-11-19,184.3483273978252,187.41099710874653,182.39302051116815,186.07420349121094,247246400
2025-11-20,195.4816571057099,195.53154064523628,179.42014682895694,180.208251953125,343504800
2025-11-21,180.80682891210233,184.11888595894638,172.51667761994415,178.4524688720703,346926200
2025-11-24,179.0610093294625,183.06141961318156,176.0581937395723,182.1136932373047,256618300
2025-11-25,174.49195573568102,177.73418799379976,169.1447659257062,177.39500427246094,320600300
2025-11-26,181.1958831941039,182.4728225932506,177.81398638784032,179.8291473388672,183852000
2025-11-28,178.5821404669205,178.86147001761242,176.07814512953246,176.5769500732422,121332800
2025-12-01,174.3423041351479,179.8690716163194,173.2648835948944,179.48997497558594,188131000
2025-12-02,181.32557695606172,185.2162648499111,179.56978894419797,181.02630615234375,182632200
2025-12-03,180.64722628696225,182.01394715864362,178.68193330759738,179.16078186035156,165138000
2025-12-04,181.19598816136636,184.08922700452197,179.53987513877786,182.95188903808594,167364900
2025-12-05,183.46070200471706,184.22890867632069,180.48766317737477,181.98416137695312,143971100
2025-12-08,182.213626289633,187.56111397793046,181.9741810893209,185.11683654785156,204378100
2025-12-09,185.12679644575,185.2864265695677,182.89203560496765,184.53817749023438,144719700
2025-12-10,184.53819180758595,185.0469957406681,181.61502392815055,183.35096740722656,162785400
2025-12-11,179.85912243695617,180.89670300875093,176.20766331092784,180.50759887695312,182136600
2025-12-12,180.68718311570447,182.39319766595756,174.21232912082112,174.6114044189453,204274900
2025-12-15,177.52457493122958,178.00345003705766,174.62136510726435,175.87841796875,164775600
2025-12-16,175.84850127733236,178.0733061224419,174.4916756985292,177.3050994873047,148588100
2025-12-17,175.68888113429998,175.71880987812392,169.91239000563186,170.54092407226562,222775500
2025-12-18,174.1225483861358,175.7387615308714,171.41888356310693,173.73345947265625,176096000
2025-12-19,176.25756723043006,181.02640724251643,175.9283357789888,180.56748962402344,324925900
2025-12-22,183.49062822521734,183.73007341419415,181.9243013805983,183.26116943359375,129064400
2025-12-23,182.54285710968043,188.88801027625055,182.47301321780614,188.76829528808594,174873600
2025-12-24,187.50124372172942,188.4689804086018,186.154389299292,188.169677734375,65528500
2025-12-26,189.47662851874142,192.240166195598,187.5611125998212,190.085205078125,139740300
2025-12-29,187.2717899684254,188.31932652162573,185.47598909796272,187.7805938720703,120006100
2025-12-30,187.8005508490403,188.5487999407664,186.49359631469858,187.1021728515625,97687300
2025-12-31,189.12744593978846,190.11512498868174,186.05463453876877,186.06460571289062,120100500
2026-01-02,189.39681300359115,192.47959571470966,187.8204997023152,188.4091339111328,148240500
2026-01-05,191.31233377676458,193.1779786425506,185.7154296257417,187.6808319091797,183529700
2026-01-06,190.07522846701318,191.72137039337454,186.3838692947835,186.80288696289062,176862600
2026-01-07,188.12978540958392,190.9232365533545,186.12446806753155,188.66851806640625,153543200
2026-01-08,188.66850725549676,189.10748247384038,183.2811201033086,184.60800170898438,172457000
2026-01-09,184.64792389684447,185.9049768874807,183.2412119543349,184.42843627929688,131327500
2026-01-12,182.79226917353867,186.6831584288149,182.59273912358015,184.5082550048828,137968500
2026-01-13,184.5681140987238,187.6708543554723,182.97184323887342,185.376220703125,160128900
2026-01-14,183.88970125566945,184.02937380837906,180.37791464347094,182.7124481201172,159586100
2026-01-15,186.06459276572707,189.25711892672572,185.89499147845774,186.61331176757812,206188600
2026-01-16,188.63857958929228,189.99540517049002,185.6455833269296,185.79522705078125,187967200
2026-01-20,181.4753422141945,181.95423259865512,177.1953640623503,177.654296875,223345300
2026-01-21,178.6320081827799,184.94723253133864,177.9835164834521,182.8920440673828,200381000
2026-01-22,184.31869154642928,185.7353746560278,183.5005985718231,184.40847778320312,139636600
2026-01-23,187.06227125943187,189.15737478680413,186.38386606278428,187.23187255859375,142748100
2026-01-26,186.7230748442759,188.6784906596197,185.55580805974404,186.03468322753906,124799600
2026-01-27,186.80288446054914,189.55643562401056,185.2664711415707,188.07989501953125,143711600
2026-01-28,190.82345963399504,191.9009400606663,189.39679023846315,191.0728759765625,148552700
2026-01-29,190.89331059974717,193.0283141326731,185.62563804704834,192.06057739257812,171764400
2026-01-30,190.76362243793778,194.0359639826301,189.0276790286862,190.68380737304688,179489500
2026-02-02,186.7629659025267,189.8557348322644,184.44839001538193,185.1766815185547,165794100
2026-02-03,185.8052108647954,185.8351396091497,175.81857039871747,179.91897583007812,204019600
2026-02-04,179.04105715530034,179.16077214377114,171.50867959294058,173.78335571289062,207014100
2026-02-05,174.52161198787914,176.40721432559468,170.63072277473634,171.47874450683594,206312900
2026-02-06,176.27751351666032,186.56344202919422,174.19239634754115,184.97715759277344,231346200
2026-02-09,183.82983865020864,193.20790343822367,183.52056478242866,189.59634399414062,196387400
2026-02-10,190.93321971968697,192.0306425866914,187.6808205923615,188.09983825683594,136764800
2026-02-11,192.0007297023972,192.80883635229745,188.32932783046314,189.60633850097656,144192700
2026-02-12,192.5793648877844,193.1580126884611,186.07458174632154,186.5035858154297,189932500
2026-02-13,187.04230481693136,187.0622623874058,181.16605622339495,182.38320922851562,161888000
2026-02-17,181.3256935584433,186.71308084037668,178.76168607280786,184.53817749023438,162276900
2026-02-18,188.3093443160685,189.92555739322245,186.3239846890322,187.5411376953125,164749100
2026-02-19,186.62329889395997,187.9900957055448,185.22657333636724,187.46133422851562,126554500
2026-02-20,186.13446388219373,189.88568076730476,185.50592973146237,189.3768768310547,178422300
2026-02-23,190.9531547742145,193.49720463285962,189.13741163084848,191.10281372070312,171584800
2026-02-24,191.04296985904048,193.31764595479845,186.96250644177093,192.39979553222656,175123600
2026-02-25,193.9960453222018,197.16862939564908,193.33758246616242,195.10345458984375,250637100
2026-02-26,193.81646526905493,193.8364076167612,183.88969739169633,184.45835876464844,360807900
2026-02-27,180.82687141264745,182.16373952566906,175.96824531148394,176.77635192871094,311636500
2026-03-02,174.60143816018197,183.0317240302905,174.23230678711255,182.0540008544922,209095300
2026-03-03,178.0732983803544,180.47766036606842,176.50695643346228,179.62965393066406,178099400
2026-03-04,180.01876499488523,184.26881453838726,179.63964723402094,182.61268615722656,177731200
2026-03-05,180.74703993972415,183.63029235671348,177.46472744924466,182.91197204589844,198779700
2026-03-06,179.4201653790109,182.33334690173646,176.40722643712078,177.40489196777344,189021900
2026-03-09,176.4171820751478,182.48298979408452,175.1501427003192,182.2235870361328,177213600
2026-03-10,181.97416098047233,186.00473767957752,181.58507208744064,184.33863830566406,179118500
2026-03-11,185.4860219488843,187.1921136401388,184.02934488988058,185.60574340820312,145280400
2026-03-12,183.63027948516628,184.51824924312825,181.33552155955923,182.72235107421875,155762700
2026-03-13,184.49827615888313,185.6656060713691,179.5296376335348,179.83892822265625,160988400
2026-03-16,182.55273992235968,188.44926587891726,180.9962999229416,182.8021697998047,217307400
2026-03-17,184.63795767039014,184.97717862722422,181.26566108165355,181.5150909423828,182497800
2026-03-18,182.06384475172882,182.96180140975886,179.91875397930713,179.98858642578125,156683100
2026-03-19,177.60403750119184,179.56954607641802,175.38909905828712,178.1527862548828,170968500
2026-03-20,177.59405294207926,177.85345450506617,171.32837633709812,172.30613708496094,241323500
2026-03-23,176.85574153065542,177.96321071223454,174.36144294367455,175.23944091796875,182836300
2026-03-24,174.4312942297872,175.81812366395545,173.58322660302642,174.80044555664062,147667800
2026-03-25,176.69612335614488,180.8067226806179,176.44669348987364,178.2725067138672,162602100
2026-03-26,175.66847416549638,176.10745794358192,170.74970926821888,170.8494873046875,186152200
2026-03-27,169.61229451028825,170.58008352629554,166.62910808502988,167.13795471191406,196212700
2026-03-30,168.3950875250076,169.0635577295173,163.89537828689438,164.79331970214844,185627000
2026-03-31,166.58922503111532,174.22177306603788,166.57925331681818,174.0022735595703,226181300
2026-04-01,175.59862725595661,176.96549806235143,174.3514779146501,175.3491973876953,168132000
2026-04-02,171.7873183615289,177.0852211444685,170.9791680862979,176.98544311523438,143143200
2026-04-06,176.75597747742694,177.3845303646084,175.35916114415525,177.23487854003906,107564300
2026-04-07,175.32922705160684,177.8235255680002,173.26395579650787,177.69383239746094,132534900
2026-04-08,184.079243714486,184.83750503722598,179.8888249511496,181.66476440429688,147732700
2026-04-09,181.42529878487736,183.6601958045732,180.20807985372045,183.49058532714844,116428500
2026-04-10,183.88967366981893,189.56669990817062,183.87970195572368,188.1998291015625,160459500
2026-04-13,185.605746824658,189.2274732756209,185.3164148846483,188.87826538085938,133648200
2026-04-14,190.40477641072036,196.0618438720703,190.33494396561244,196.0618438720703,161307000
2026-04-15,196.09178511161633,199.94298301571828,195.2936216855987,198.41647338867188,185338400
2026-04-16,196.97974400923295,199.39423847906178,195.36344336942167,197.8976593017578,134012900
2026-04-17,199.44410763257105,201.2400056483541,198.8155547450397,201.2200469970703,160324400
2026-04-20,199.52392392325544,201.70893187328167,197.38880498867078,201.59918212890625,119381400
2026-04-21,201.66904795828867,202.28762917830338,198.54618104306965,199.42417907714844,107945300
2026-04-22,200.53164182940822,202.03819274902344,198.54617460274403,202.03819274902344,107501000
2026-04-23,201.99828375930824,203.3651545152774,196.77022843278436,199.18470764160156,113561800
2026-04-24,199.50398270942756,210.46890943516505,199.35431566144254,207.79502868652344,214134400
2026-04-27,209.17187844164343,216.33551207209098,206.90706623150768,216.1160125732422,187172400
2026-04-28,209.01225288404052,214.2402930542568,207.72518626919629,212.68385314941406,180275400
2026-04-29,212.2149257168926,212.23488436877426,207.10660696252424,208.77279663085938,123711800
2026-04-30,209.45124259423534,209.82040915320695,198.24685712515335,199.11488342285156,225239200
2026-05-01,200.8209691272831,202.5370477944956,196.67045257290908,197.99742126464844,128647000
2026-05-04,199.04502180842945,201.2699318245734,194.29588290907526,198.02734375,125368100
2026-05-05,198.84548202478717,199.7833407086998,195.58293528206713,196.05186462402344,113406600
2026-05-06,199.43413852494058,207.7950323152332,198.15705885791613,207.3560333251953,188362800
2026-05-07,207.86487247229027,213.7115092245668,206.02907228582575,211.01766967773438,168307900
2026-05-08,212.5441790763045,217.30330524675068,212.40449895841255,214.709228515625,136421400
2026-05-11,213.55186573785767,221.79303819063418,213.40221390900197,218.93955993652344,160685800
2026-05-12,218.05159434962442,223.23973257586303,214.42986778297353,220.27650451660156,159176600
2026-05-13,224.41703053540263,227.32039781394542,221.0647077692387,225.3149871826172,150405400
2026-05-14,229.32582552778115,236.00055597235212,228.77707677625682,235.202392578125,180782900
2026-05-15,229.23602944473367,230.9720668751014,223.7286287034134,224.80616760253906,180977600
2026-05-18,229.34577348371204,229.4754818886306,217.8719993892805,221.81300354003906,146280900
2026-05-19,219.11914008419038,223.96805720569674,217.41304835521052,220.1068878173828,140948200
2026-05-20,222.6710257508039,225.61431038954527,219.9971448577806,222.9603729248047,184201600
2026-05-21,221.78305837384474,226.8814055684356,217.43300079554024,219.0093994140625,203381800
2026-05-22,220.39621757095847,220.50596731800164,214.3101381389001,214.83892822265625,169275700
2026-05-26,216.04617181279934,217.68243116855118,211.5165320236786,214.37001037597656,187202600
2026-05-27,213.63168066177133,213.66161102691768,208.30386252985457,212.1151580810547,167601200
2026-05-28,210.79815519844968,215.02849096688144,210.73829446983814,213.76138305664062,143996000
2026-05-29,214.09065053210412,217.36316924965476,210.64852132770383,210.6584930419922,289410600
2026-06-01,215.23801892090273,224.35717434911126,215.20808855445495,223.8483428955078,212850700
2026-06-02,226.66188583823322,231.75026086454594,220.84519513709748,222.3118438720703,193362900
2026-06-03,221.2143597561905,222.31185725112735,214.02079575535723,214.26025390625,160907000
2026-06-04,213.67091279390368,221.35231998810906,210.73419644348996,218.4156036376953,169022200
2026-06-05,214.2902104723603,214.62982678346356,204.10161444712602,204.87075805664062,219655500
2026-06-08,209.94507132882276,210.23475572682116,205.76975069388217,208.40679931640625,138372800
2026-06-09,210.3845825512031,211.16370951624515,199.11719156565087,207.95730590820312,180962500
2026-06-10,204.20149632565034,206.98838641050182,199.696542748819,200.19598388671875,161746600
2026-06-11,201.26479475008583,205.43013200106668,199.31696212361035,204.64100646972656,158643200
2026-06-12,204.6310298517525,206.83856645475237,203.21261880599855,204.96066284179688,112001800
2026-06-15,208.68648640498938,212.47225882321928,208.10713284720606,212.21253967285156,149936700
2026-06-16,210.94395209283806,211.25361840198772,207.05830064217733,207.1781768798828,125694100
2026-06-17,208.29691745433288,208.9761653200819,202.8530121596522,204.42124938964844,128363500
2026-06-18,207.09826842291386,211.1537281092123,206.26919428756833,210.4545135498047,241272000
2026-06-22,211.2036686200953,213.7508214450341,207.48782537372824,208.41677856445312,122041400
2026-06-23,201.94403040148535,203.54224815949766,199.77645766483005,199.81640625,153496200
2026-06-24,199.89631590195674,201.44458647582786,196.36027935647695,198.77757263183594,151810700
2026-06-25,199.85637045714446,200.5755669254449,191.9152592982058,195.52122497558594,149550000
2026-06-26,192.90414096411192,195.33143282930595,191.0062707295152,192.31480407714844,179304100
2026-06-29,193.63333194293918,195.96071419295149,189.58785574691487,194.7520751953125,148835700
2026-06-30,197.0195429632178,200.4057532237791,194.89191886651452,199.86634826660156,166476700
2026-07-01,195.98069896251877,199.62662840490702,193.23377271109229,197.35916137695312,146147600
2026-07-02,196.9196593659626,199.8363939026278,192.1350197738411,194.61224365234375,142068700
2026-07-06,194.20269428466304,197.32920075051607,193.77318221313826,195.33143615722656,108999000
2026-07-07,192.15498377986222,198.18824142626735,190.92636281467173,196.7098846435547,124154600
2026-07-08,194.9618356993413,204.93069180759116,194.84197470333905,203.891845703125,147419100
2026-07-09,204.23147485952867,204.36131918975943,198.73762239526957,202.5533447265625,132037400
2026-07-10,201.7742207048944,210.7641612313501,201.69430829342895,210.72421264648438,148421000
2026-07-13,208.3069001369788,210.33464515051216,202.77309911383117,203.30250549316406,121411000
2026-07-14,207.96729575339148,212.31243993744155,203.57221964678251,211.5632781982422,124379600
2026-07-15,211.7230919717581,213.57101502024952,205.80969553973085,212.26248168945312,124797200
2026-07-16,209.93509060438328,210.84407715298516,205.61992700554663,207.16818237304688,122986100
2026-07-17,202.41350482950477,206.41901728963356,197.74872640584337,202.58331298828125,144281900
2026-07-20,205.63989694335598,207.50781723343968,202.05391309694542,203.05279541015625,88701500
2026-07-21,207.30802440628602,208.4167843613107,203.78197113093626,207.0583038330078,108685600
2026-07-22,205.57996827489498,214.15038042761168,204.72092886821054,211.82298278808594,137645600
2026-07-23,209.22588688656515,210.63429930291466,205.72979894313582,208.5266571044922,110505300
2026-07-24,207.21812923496972,211.6731509810223,204.5810805834776,206.6088104248047,114836800
2026-07-27,207.96729627325774,208.51668459839084,195.22156333884286,196.2903594970703,154353700
2026-07-28,194.78204700134697,198.47790843456414,192.52457850774027,196.789794921875,134111500
2026-07-29,195.63110696844683,196.84974460884015,189.79762268066406,189.79762268066406,147680800
2026-07-30,193.23377181769484,197.02952748682713,191.3059363552755,194.82199096679688,129010200
2026-07-31,198.2182038580375,201.77422236802423,194.73209918257555,200.52561950683594,139961200
2026-08-03,197.46904862701152,208.50670133078404,196.62999113475112,206.40904235839844,128406900
2026-08-04,211.06382570110384,212.82185300096492,208.8163406042335,211.70310974121094,134922000
2026-08-05,216.6176127852948,221.9716224388697,216.15812022814887,218.9749755859375,158187400
2026-08-06,221.28239358061882,223.38005249670454,216.75745800384053,218.7452392578125,113940600
2026-08-07,221.29237770419127,224.50877992471257,220.41337164588714,223.70968627929688,105669400
2026-08-10,223.15029107269072,223.88946943306019,216.5277120448001,217.3068389892578,115846600
2026-08-11,221.92167541427946,221.9516406634887,215.95834695389817,217.25689697265625,101273100
2026-08-12,220.7929293559802,224.84840415873398,219.95387191061064,223.8395233154297,108783600
2026-08-13,224.80845001468583,226.97602279610956,223.45996804263754,225.04818725585938,98867200
2026-08-14,226.51654155338588,227.23573802273873,224.24907448357243,224.90834045410156,75680900
2026-08-17,225.72741618855906,227.66525027466162,224.60867289832842,224.7584991455078,93678700
2026-08-18,220.20359791537197,221.39227027986857,218.44557057093272,219.49440002441406,103128200
2026-08-19,221.4222404106533,222.62089613745684,216.51772459764655,217.31683349609375,96797300
2026-08-20,218.1159423024499,219.6142657707553,215.41896310784705,216.60763549804688,92457000
2026-08-21,218.17587248780362,218.49552214328025,214.26025565862156,214.48001098632812,98869300
2026-08-24,215.28910206110334,215.34903256074918,207.01835779182306,208.24697875976562,135187300
2026-08-25,210.79412790131315,214.48998931653267,209.87515802586688,212.81187438964844,122309000
2026-08-26,212.40232405945306,213.3612577394914,208.99613188036045,209.4256591796875,179900000
2026-08-27,222.61090164325523,230.21239627098788,220.6530857022795,227.7251739501953,298909800
2026-08-28,227.10587153371227,229.00374173344596,216.56766062888835,217.3068389892578,195116400
2026-08-31,218.62536478578363,221.05265670783686,215.96834944345454,220.53323364257812,124702700
2026-09-01,216.50774446342592,220.1636574397174,214.8595947199138,217.1969757080078,109756200
2026-09-02,218.5454508199983,227.6952163087265,218.23579974693772,224.1591796875,157104700
2026-09-03,225.76737972053164,230.14247379152744,224.49879494304554,228.1946563720703,134681600
2026-09-04,230.83170360414334,234.49759976142684,229.37334400327853,230.10252380371094,135352400
2026-09-08,232.84944771666764,233.44878317831424,224.59868561283858,225.47769165039062,122965600
2026-09-09,225.0281992525124,225.92718720955042,223.21024142511232,223.4199981689453,82955500
2026-09-10,220.52999877929688,220.99000549316406,217.1999969482422,218.36000061035156,105768000
2026-09-11,221.24000549316406,222.0,218.14999389648438,218.2899932861328,89060100
2026-09-14,211.24000549316406,212.77000427246094,208.92999267578125,210.9600067138672,132267200
2026-09-15,213.3800048828125,213.94000244140625,211.16000366210938,212.1699981689453,88059700
2026-09-16,214.13999938964844,216.75999450683594,212.5,213.89999389648438,96563600
2026-09-17,218.3800048828125,219.91000366210938,217.14999389648438,219.33999633789062,94191300
2026-09-18,219.35000610351562,222.72999572753906,218.02999877929688,222.27000427246094,190287400
2026-09-21,222.94000244140625,228.5,221.55999755859375,227.3800048828125,109806100
2026-09-22,226.85000610351562,229.97999572753906,226.5,228.8699951171875,95746700
2026-09-23,228.02999877929688,228.9499969482422,224.02000427246094,225.50999450683594,89547300
2026-09-24,222.0800018310547,224.94000244140625,221.08999633789062,224.5800018310547,77469900
2026-09-25,225.1300048828125,226.94000244140625,223.1300048828125,225.07000732421875,89947700
2026-09-28,229.75,233.2100067138672,228.0399932861328,228.86000061035156,142344300
2026-09-29,230.97000122070312,232.82000732421875,227.02999877929688,227.2100067138672,101494900
2026-09-30,229.27000427246094,232.3699951171875,228.1699981689453,228.3800048828125,121732200
2026-10-01,229.97999572753906,232.2899932861328,228.16000366210938,230.86000061035156,98591400
2026-10-02,236.05999755859375,237.8800048828125,233.60000610351562,233.9499969482422,135167800
2026-10-05,236.08999633789062,240.10000610351562,235.14999389648438,238.89999389648438,127171500
2026-10-06,242.10000610351562,243.3699951171875,238.92999267578125,239.24000549316406,101701900
2026-10-07,237.69000244140625,239.0800018310547,236.3800048828125,237.47000122070312,81772400
2026-10-08,234.9199981689453,237.07000732421875,229.85000610351562,230.47999572753906,118697400
2026-10-09,233.83999633789062,233.9199981689453,229.11000061035156,229.27999877929688,84470000
