timestamp,open,high,low,close,volume
2000-01-03,14.450965243116135,14.583057347642622,13.843336241168737,14.120731353759766,25109700
2000-01-04,13.843335249068545,13.909382505945144,13.565940156357387,13.59235954284668,20235300
2000-01-05,13.499907730267644,13.605580535996047,13.143256568869436,13.314976692199707,21056100
2000-01-06,13.314969733692068,13.645201311728817,13.24892245060703,13.460272789001465,19633500
2000-01-07,13.631990607156718,14.569851232291217,13.631990607156718,14.477384567260742,23930700
2000-01-10,14.213193893432617,14.266030236224761,13.86975161855185,14.213193893432617,20142900
2000-01-11,14.173567727130708,14.318868291863378,13.86975327767445,14.001845359802246,14829900
2000-01-12,13.988643742432169,14.107527400299864,13.750876426696777,13.750876426696777,12255000
2000-01-13,13.949008023429066,13.975427405461966,13.737660223244426,13.764077186584473,15063000
2000-01-14,13.526320959756768,13.935810828807515,13.526320959756768,13.631996154785156,18936600
2000-01-18,13.354590723517916,14.041472921859558,13.328171340187977,13.856544494628906,19326600
2000-01-19,13.790504657845569,13.909388318689064,13.526317938628596,13.539528846740723,14459700
2000-01-20,13.61877618431332,13.631984665549014,13.209286660386336,13.394217491149902,17214300
2000-01-21,13.513105108931258,13.513105108931258,13.11682636673386,13.19608211517334,20857500
2000-01-24,13.407427430202913,13.407427430202913,12.152546596890334,12.54882526397705,23399700
2000-01-25,12.641288017202738,12.931891533206366,12.575240774100333,12.918683052062988,19211400
2000-01-26,12.91868550197231,13.11682485016207,12.6809182841446,13.090405464172363,13615200
2000-01-27,12.95832276226618,12.997950660621735,12.231812098646012,12.495996475219727,21969900
2000-01-28,12.443150137557463,12.443150137557463,11.307150486496365,11.650592803955078,42088200
2000-01-31,11.531709831054895,11.729849175231097,11.439245610003724,11.571337699890137,23918100
2000-02-01,11.624169157894391,12.575237609504628,11.610960680074966,12.403517723083496,25077000
2000-02-02,12.4431528242158,12.707339465356025,12.245013448034019,12.337477684020996,18103800
2000-02-03,12.337477684020996,12.429944338701532,11.888362570906814,12.337477684020996,20997000
2000-02-04,12.245018577661618,12.245018577661618,11.835531168243184,11.901576042175293,19649100
2000-02-07,11.967616136755572,11.967616136755572,11.544918071831178,11.782685279846191,18131100
2000-02-08,12.112925899172266,12.614877562098327,12.020459209663937,12.575249671936035,25728300
2000-02-09,12.680923556332056,12.70734295330582,12.112924661602756,12.218597412109375,24649800
2000-02-10,12.178965193137914,12.337476681199117,12.007245220636065,12.046873092651367,13774800
2000-02-11,12.139340425872854,12.152551332385674,11.75627251088064,11.848736763000488,14450100
2000-02-14,11.98082642508489,12.44315242767334,11.941198551111409,12.44315242767334,17410800
2000-02-15,12.033661539883736,12.258217811584473,11.624172021007816,12.258217811584473,29136300
2000-02-16,11.941199102360693,11.941199102360693,11.135433100600624,11.148641586303711,40757400
2000-02-17,11.188265715045503,11.30714930263876,10.14473280795785,10.22398853302002,74300100
2000-02-18,10.250411020991633,10.461758878982327,9.98622438448313,10.091898918151855,58183200
2000-02-22,10.408924168156826,10.422132655532032,9.880551416107522,10.171156883239746,37027800
2000-02-23,10.237203412192612,10.250414320421182,9.880553031192056,9.933390617370605,38623200
2000-02-24,9.933387916738356,10.118317604064941,9.180458262795149,10.118317604064941,58295700
2000-02-25,9.365389967722777,9.576739091160741,9.22008812561691,9.405017852783203,50725500
2000-02-28,9.418230639908655,9.920183612188803,9.418230639908655,9.761672019958496,53508300
2000-02-29,10.13152592469722,10.514594337991841,10.13152592469722,10.30324649810791,51591600
2000-03-01,10.541017671781088,10.567437068668584,10.03906424775747,10.356086730957031,30497400
2000-03-02,11.148635056243876,11.17505443086909,10.659892347176543,10.686311721801758,46628100
2000-03-03,11.016547774975137,11.267523476807048,10.884455682225694,11.122222900390625,32372400
2000-03-06,11.122225682217723,11.135434169188333,10.276829304834589,10.673108100891113,31480800
2000-03-07,10.488179102250413,10.488179102250413,9.959806391891133,10.052271842956543,29174100
2000-03-08,9.999435203551739,10.422132806646562,9.642784271004897,10.210784912109375,30056100
2000-03-09,10.356083966222267,10.448550621295835,9.906968851199096,10.342875480651855,23834700
2000-03-10,10.514597378434345,10.514597378434345,10.025854299197553,10.131528854370117,21016500
2000-03-13,9.774875337964458,10.131526187536053,9.695619593615215,10.078688621520996,23183700
2000-03-14,9.933387419985458,10.316455866098623,9.788085011775133,10.091898918151855,29955000
2000-03-15,10.03846989504102,10.990735813938192,9.853306875666226,10.898155212402344,44010000
2000-03-16,11.070089309096298,11.757835985808816,10.924603457167159,11.559447288513184,59148000
2000-03-17,11.546215880566987,11.903315340790709,11.453635346272739,11.797507286071777,37911900
2000-03-20,11.81073946917812,11.81073946917812,11.294928934110516,11.665253639221191,20307300
2000-03-21,11.731386847729103,11.982678413391115,11.532998132275608,11.982678413391113,23563800
2000-03-22,11.956223222241983,11.956223222241983,11.42718756800581,11.718156814575195,29890500
2000-03-23,11.506541470686596,11.546219199895859,11.321377927131229,11.427186012268066,21076500
2000-03-24,11.51976571571199,11.784284697996604,11.427185161693677,11.744606971740723,23858700
2000-03-27,11.572673339755049,11.744609381563903,11.480090345003827,11.73138427734375,17324700
2000-03-28,11.546224146853517,11.837193478474573,11.532999038696289,11.532999038696289,17392800
2000-03-29,11.744608395814833,12.564615645110472,11.73138329270469,12.432354927062988,40790100
2000-03-30,12.643969966034264,12.855583705379441,12.458806430522051,12.485259056091309,34712400
2000-03-31,12.538158415104581,12.551383513360538,11.744604085034672,11.956217765808105,27162000
2000-04-03,11.982682270844613,13.120112079517375,11.982682270844613,12.948173522949219,35807100
2000-04-04,13.053968334197998,13.397842674056301,12.167833499709376,12.696868896484375,41027400
2000-04-05,12.55139033867231,12.72332881817618,12.181065590506257,12.32655143737793,21198000
2000-04-06,12.511706709290392,12.961389143614133,12.432351270496298,12.9349365234375,21762600
2000-04-07,12.961398443473339,13.12010943493735,12.829137669428302,13.014301300048828,12039300
2000-04-10,13.014298093002454,13.477205844613026,12.90848998418768,13.450753211975098,16563000
2000-04-11,13.30526653614385,13.437527269356611,13.014297282202005,13.4110746383667,16066200
2000-04-12,13.424295485927408,13.741717270199473,13.133326324256691,13.212681770324707,21729900
2000-04-13,13.186230020862954,13.186230020862954,12.59106413594332,12.710097312927246,23653500
2000-04-14,12.273643329609516,12.472031974062991,11.638799667358397,11.638799667358398,28118100
2000-04-17,11.665252387523651,11.929771389497546,10.951053261756897,11.427186012268066,28981500
2000-04-18,11.427189443437932,11.916547443376485,11.242025844284662,11.400736808776855,22983600
2000-04-19,11.453627765421245,11.744596696144079,11.374272382339191,11.625563621520996,18765900
2000-04-20,11.665250777603049,12.260416633603205,11.665250777603049,12.207513809204102,18271200
2000-04-24,12.260416468237615,12.829129693499517,12.167835921353873,12.458805084228516,16901100
2000-04-25,12.286871914816071,12.855585270784246,12.181063821391247,12.630743980407715,18114900
2000-04-26,12.736551672488382,12.855584865689208,12.339774361818963,12.432354927062988,15606000
2000-04-27,12.194286286802276,12.366224704137476,11.956219944402214,12.207513809204102,16545000
2000-04-28,12.022353587172779,12.128161686714707,11.718156814575195,11.718156814575195,15037800
2000-05-01,11.92977565229086,12.445586316322744,11.890097908903792,12.260422706604004,15327000
2000-05-02,12.128160318052648,12.233965983917683,11.99589960311667,12.19428825378418,14464500
2000-05-03,11.480092081301967,11.532997349657633,11.162670158116319,11.30815601348877,31371900
2000-05-04,11.41396074167642,11.41396074167642,10.673309000099406,10.792342185974121,32300700
2000-05-05,10.620406446138919,11.189119764014759,10.620406446138919,10.85847282409668,25920000
2000-05-08,10.84524378260309,11.0833101272583,10.474919164829238,11.0833101272583,22878300
2000-05-09,11.506541566557862,11.612349652576283,11.109764271159316,11.215572357177734,26664600
2000-05-10,11.30815900144627,12.088488909376776,11.215578389966888,11.995905876159668,33735900
2000-05-11,12.048801924823788,12.075252123983217,11.638797198758091,11.85041332244873,18315900
2000-05-12,11.797511876685808,12.101708638786091,11.704931306366873,12.022353172302246,13113000
2000-05-15,11.903322684137445,12.128164030972442,11.744611715015614,12.062033653259277,12816900
2000-05-16,12.154613138665283,12.49848768105097,12.101710294350939,12.273646354675293,19136100
2000-05-17,11.995899357718606,12.009126881983486,11.731382776730735,11.929771423339844,13776900
2000-05-18,11.903323016120392,12.260422706604004,11.890097908903792,12.260422706604004,14663700
2000-05-19,11.876862985858656,12.432351047451489,11.876862985858656,12.075251579284668,19073100
2000-05-22,12.207516392901788,12.207516392901788,11.890094535853303,12.141386032104492,13884300
2000-05-23,12.18106387716825,12.352999910751366,12.022352947172571,12.10170841217041,12873000
2000-05-24,11.691707567640853,12.06203231389189,11.162669448154308,12.035579681396484,31024500
2000-05-25,11.810738107042331,11.995899227374652,11.440411022904923,11.638799667358398,13857600
2000-05-26,11.480088843968286,11.638799760805341,11.242022468712701,11.427186012268066,11989200
2000-05-30,11.22879724185079,11.453638512125062,11.149441784311207,11.294927597045898,13058100
2000-05-31,11.612349826317121,12.696873642720695,11.532994366050117,12.19428825378418,22976700
2000-06-01,12.088486288691984,12.207519515533358,11.903322684137445,12.062033653259277,14359200
2000-06-02,12.458803079998681,12.710094479250255,12.286867114377673,12.498480796813965,21264300
2000-06-05,12.551387786865234,12.643970771386522,12.432354596826249,12.551387786865234,13081200
2000-06-06,12.445584651617406,12.445584651617406,12.220743328586082,12.32655143737793,13320300
2000-06-07,12.220746419210649,12.49849065601089,12.220746419210649,12.247199058532715,10273800
2000-06-08,12.233968370769706,12.27364610864435,11.91654646777255,12.035579681396484,11979300
2000-06-09,12.154610240525775,12.273643428153568,11.413960909777114,11.427186012268066,21849300
2000-06-12,11.427184330162614,11.506539776899855,10.964276750283364,11.162665367126465,24267600
2000-06-13,11.017183529228431,11.638799667358397,10.924600547325888,11.638799667358398,23135100
2000-06-14,11.63827555844573,11.79715986641086,11.466151699610887,11.677996635437012,20060400
2000-06-15,11.664754117368462,11.903080518692347,11.611791078597692,11.75743579864502,17046900
2000-06-16,11.598549927256993,11.889836902691178,11.280781436099266,11.41318416595459,28709100
2000-06-19,11.373468768214886,11.651516336437458,11.188105338988104,11.519113540649414,18005100
2000-06-20,11.492630212190718,11.585314336673767,11.25430376246062,11.54559326171875,18191400
2000-06-21,11.558833484975274,11.558833484975274,11.307267470405604,11.426430702209473,12861900
2000-06-22,11.241064742633275,11.32050689629146,10.989498730843064,11.121901512145996,17003400
2000-06-23,11.37346247556522,11.532346712357196,11.201338693834265,11.386704444885254,18808800
2000-06-26,11.479386108220222,11.585309740875223,11.386704444885254,11.386704444885254,11774100
2000-06-27,11.466146146263098,12.167883216985118,11.38670403075638,12.035480499267578,19663200
2000-06-28,11.96928027059155,12.114924985650008,11.797156461436238,11.860047340393066,14472300
2000-06-29,11.717713341775003,11.730952887706428,11.346984236264003,11.466147422790527,15872700
2000-06-30,11.466148063180016,12.230778552763509,11.452906092127787,12.207606315612793,22866600
2000-07-03,12.128159597506151,12.154641105208587,11.889833301325591,12.048717498779297,7731900
2000-07-05,12.141405520536384,12.27380825343885,11.98252127130093,12.075202941894531,15419400
2000-07-06,12.273810187087006,12.379733844725214,12.035483775687258,12.18112850189209,17273400
2000-07-07,12.273802928172646,13.14766591982248,12.14140025271607,13.041742324829102,31540200
2000-07-10,13.002026882400534,13.333037350246535,12.85638460395428,12.975547790527344,24701100
2000-07-11,12.935827470316754,13.293317050541033,12.882864434770017,13.134432792663574,17692800
2000-07-12,13.14767038670808,13.174151900548496,12.84314146287686,12.92258358001709,17500800
2000-07-13,12.81667163144351,12.962314001816923,12.525382041931152,12.525382041931152,12907800
2000-07-14,12.671023809554722,12.909350276192114,12.578342102878688,12.60482120513916,12552300
2000-07-17,12.776952514764087,12.97555798170662,12.63130769754518,12.86301326751709,13832100
2000-07-18,12.909350560134145,12.949071638780712,12.657784536833303,12.723984718322754,10776300
2000-07-19,12.75046115219593,12.816663731622066,12.578337354945505,12.710740089416504,11209200
2000-07-20,12.697500543283786,12.882863886666927,12.618058417724933,12.710740089416504,14960400
2000-07-21,12.776944052586288,12.816665119667508,12.55185719766553,12.644538879394531,11733000
2000-07-24,12.498900199402971,12.53862127797694,12.114928965060525,12.167889595031738,15137400
2000-07-25,12.181131251011218,12.565100050890818,12.141410173480075,12.538620948791504,12366000
2000-07-26,12.326766364496878,12.73721887479082,12.326766364496878,12.445929527282715,21966300
2000-07-27,12.578342379540171,12.776947772773003,12.498900222247038,12.723984718322754,14234400
2000-07-28,12.67101695819404,12.69749847051785,12.128161714031599,12.432690620422363,15742800
2000-07-31,12.472412186796978,12.472412186796978,11.492625283316507,11.704472541809082,22602900
2000-08-01,11.439669587044701,11.638274961819784,11.22782466207862,11.54559326171875,27165900
2000-08-02,11.545590712601138,11.664753911156488,11.39994599512855,11.452906608581543,20204400
2000-08-03,11.96927902548061,11.96927902548061,11.320502497493981,11.41318416595459,24687300
2000-08-04,11.452901096245904,11.452901096245904,11.174853766775586,11.214574813842773,17527200
2000-08-07,11.254304339402621,11.850120494271856,11.227825237663193,11.677996635437012,16815600
2000-08-08,11.956040382578248,12.207606315612793,11.664753385149755,12.207606315612793,17579400
2000-08-09,11.452902555961277,11.598547221897364,11.214576243182563,11.360220909118652,53252100
2000-08-10,11.25430284590766,11.280784368515015,10.737928913546057,10.804131507873535,37141800
2000-08-11,10.896810024228197,11.09541532493941,10.830609873578533,11.042454719543457,22602300
2000-08-14,11.068937929398967,11.241061741578664,11.042456410455365,11.201340675354004,18098400
2000-08-15,10.989488982102749,11.135131185022605,10.857083893873813,10.923286437988281,23859000
2000-08-16,10.751167690211913,10.777646780563968,10.327475576386954,10.579041481018066,41433000
2000-08-17,10.499600106620077,10.684965874150018,10.300994792974166,10.592284202575684,20399400
2000-08-18,10.526082971077656,10.77764892578125,10.499601451073538,10.77764892578125,22047900
2000-08-21,10.43340184747662,10.53932308441351,9.983228711254275,10.380438804626465,42446100
2000-08-22,10.38044081384228,10.592288177484203,10.287759107487801,10.406922340393066,22832700
2000-08-23,10.539325124382632,10.632009255119291,10.393682789308762,10.406922340393066,20627100
2000-08-24,10.539318922894024,10.618761031419307,10.380434705843458,10.473118782043457,14901900
2000-08-25,10.512836972683232,10.698200225830078,10.433394885797414,10.698200225830078,14631300
2000-08-28,10.605523737994108,10.724686926061457,10.300994782583793,10.486360549926758,21009600
2000-08-29,10.48635832533742,10.579039977156667,10.353955619255531,10.473118782043457,16995300
2000-08-30,10.353960363788165,10.380439462509704,10.168594550828074,10.261276245117188,24466500
2000-08-31,10.234794173285174,10.327475840651143,9.98322644393101,10.089149475097656,36708600
2000-09-01,10.0759062464293,10.406914784358097,10.03618519763404,10.327472686767578,22984500
2000-09-05,10.367197152358944,10.632005039728902,10.340715636307582,10.539320945739746,24093000
2000-09-06,10.645244811420836,10.830610578950775,10.56580268596247,10.592284202575684,24931200
2000-09-07,10.843852579593658,11.029218389081507,10.698207841825933,10.804131507873535,25201800
2000-09-08,10.91005199386302,11.148378354716474,10.80412835869,11.042454719543457,22141800
2000-09-11,11.174863362341622,11.59855570299872,11.161623810077536,11.519113540649414,29533800
2000-09-12,11.346986962842493,11.572071419668646,11.214581774187536,11.439668655395508,19053300
2000-09-13,11.505409967694593,11.545175212314595,11.240309954946527,11.42587947845459,14944800
2000-09-14,11.3728641305651,11.3728641305651,11.001722520412088,11.134272575378418,14134800
2000-09-15,11.094505946279009,11.227055984878634,10.908933950576726,11.028229713439941,24327300
2000-09-18,10.81614611815316,11.174033305886168,10.736615631990269,10.842657089233398,15634800
2000-09-19,10.736613739702038,10.7896332454402,10.445002817526055,10.577552795410156,25721100
2000-09-20,10.590807275536186,10.60406397254221,10.19315490690432,10.285942077636719,29648100
2000-09-21,10.325708257931264,10.89567589602082,10.312451559714011,10.60406494140625,25936500
2000-09-22,11.014965757235217,11.014965757235217,10.511272169900566,10.710098266601562,20178900
2000-09-25,10.736616943738271,10.749871217358821,10.378729712280329,10.391983985900879,16398000
2000-09-26,10.484770127241337,10.484770127241337,9.941310984401431,10.047351837158203,28227300
2000-09-27,10.100373698613653,10.259434701741428,9.99433282760528,10.206415176391602,22748400
2000-09-28,10.272690032717357,10.577557795756572,10.17990524704392,10.299201011657715,24413400
2000-09-29,10.285945677955489,10.498026206433089,10.17990420017754,10.206415176391602,22598700
2000-10-02,10.219666979100676,10.312451732790345,9.636443239774902,9.808759689331055,33523800
2000-10-03,9.795504337472757,9.835269579176664,9.358086678729773,9.715973854064941,49645200
2000-10-04,9.689466922930633,10.153394473579793,9.649701669631014,9.782252311706543,33255600
2000-10-05,9.83527028813841,9.91480077727907,9.70271967516047,9.76899528503418,26197500
2000-10-06,9.72922873592313,9.72922873592313,9.464126938743865,9.649698257446289,33481500
2000-10-09,9.689463256259069,9.848524209265952,9.570167541503906,9.570167541503906,18101400
2000-10-10,9.742484562968635,9.901545535425264,9.62318883362616,9.835269927978516,20049600
2000-10-11,9.782249702564114,9.835269823898765,9.517147882351964,9.609933853149414,25172700
2000-10-12,8.907413145663192,9.477381344096495,8.788117433890918,9.358085632324219,58319700
2000-10-13,9.252045754192295,9.57016766428751,9.252045754192295,9.543657302856445,28074600
2000-10-16,9.596679018543849,10.113627208614586,9.583424139003661,10.034096717834473,21294900
2000-10-17,10.087118606833991,10.166649106738676,9.68946610731057,9.755741119384766,18806700
2000-10-18,9.74248572579013,9.967822332588725,9.517149118991536,9.914801597595215,18445200
2000-10-19,9.875037689156335,10.166649950865493,9.782252300486844,10.14013957977295,18908700
2000-10-20,9.941311854242146,10.034097229291898,9.768995984358456,9.875036239624023,21459600
2000-10-23,9.875035736274247,10.140137574464456,9.662954629783775,10.034096717834473,18093900
2000-10-24,10.087122566202218,10.285949500776464,10.020846921344136,10.259438514709473,17741400
2000-10-25,10.272689516341066,10.272689516341066,9.676211330024834,9.742486953735352,25172100
2000-10-26,9.729229370952618,9.742484249307443,9.199025741987555,9.212281227111816,44886300
2000-10-27,9.212280152662304,9.358085617868047,9.172514915466309,9.172514915466309,37664400
2000-10-30,9.19902538943633,9.318321110366064,9.146005271279586,9.278555870056152,39616800
2000-10-31,9.371343560088816,9.715975301691273,9.331578312460108,9.623189926147461,44089800
2000-11-01,9.861782181215094,10.193158461611548,9.782251679753681,9.9015474319458,69816600
2000-11-02,9.755741217834,10.604067569994049,9.649700954737366,10.272688865661621,62551500
2000-11-03,10.272687208188854,10.418493911652702,9.928056105345387,10.047351837158203,24775500
2000-11-06,10.246179694840464,10.47151448178042,9.981077232882615,10.391983985900879,21829500
2000-11-07,10.391986003794333,10.604068985373678,10.179905449293582,10.378731727600098,21412500
2000-11-08,10.391979191005632,10.789631486925197,10.31244873182172,10.338959693908691,22868700
2000-11-09,10.193157950450962,10.206414651415269,9.79550606985469,9.994332313537598,24182400
2000-11-10,9.543655460996177,9.543655460996177,9.159258024894074,9.265298843383789,44743800
2000-11-13,9.119495455418463,9.636443610432014,9.026710091390463,9.609933853149414,32979000
2000-11-14,10.020841369628906,10.272687102961353,9.914800517958355,9.94131088256836,25599600
2000-11-15,9.888291856612993,10.47151448178042,9.83527112151361,10.391983985900879,25938600
2000-11-16,10.338964983210984,10.431749757367564,10.206414959118975,10.23292350769043,16589100
2000-11-17,10.285946735726808,10.51128156194495,10.100374737301388,10.299201011657715,18420600
2000-11-20,10.312451234601127,10.312451234601127,10.087115890174383,10.153390884399414,13137300
2000-11-21,10.206414651415269,10.285945148888432,9.861781686672174,9.994332313537598,13167000
2000-11-22,10.00758369293303,10.034093443362359,9.729227066040039,9.729227066040039,14837700
2000-11-24,9.7424884653685,9.795508608501693,9.47738653616313,9.583427429199219,10447500
2000-11-27,9.954564454338398,10.564299119686435,9.941309577158648,10.458257675170898,31951200
2000-11-28,10.338964464340558,10.789636465298592,10.193157746202022,10.391983985900879,29361300
2000-11-29,10.445006905555342,11.001720428466797,10.431750203624265,11.001720428466797,29709000
2000-11-30,10.922187932375982,11.067992210388184,10.68359646608921,11.067992210388184,34821300
2000-12-01,11.160781865915832,11.187290416644748,10.749872631754773,10.855914115905762,32171100
2000-12-04,10.802889657112322,11.412622451782227,10.683593952041429,11.412622451782227,40212300
2000-12-05,11.412621653017647,11.730743510941483,11.293325956296208,11.717489242553711,31141800
2000-12-06,11.584941021751812,11.850043474502717,11.306584295840675,11.624706268310547,32109300
2000-12-07,11.677730236162967,11.863299800834744,11.571688751294483,11.664473533630371,22938600
2000-12-08,11.67772606047706,11.743999841128234,11.399369385924874,11.545173645019531,20631000
2000-12-11,11.372859530205274,11.41262477331788,10.776380883516186,10.895676612854004,34788300
2000-12-12,10.710106965079994,11.054739954956059,10.56430266046494,11.001720428466797,25034400
2000-12-13,11.014970536508162,11.187285752722554,10.61731817056924,10.670337677001953,19675500
2000-12-14,10.670332517378894,10.8824152947123,10.59080208264793,10.82939338684082,21738600
2000-12-15,10.498022323264216,10.7896332454402,10.498022323264216,10.577552795410156,39428100
2000-12-18,10.710104316666888,10.855911012304958,10.431747624043684,10.723361015319824,20894400
2000-12-19,10.736616477370262,10.869166489052532,10.100372537970543,10.179903030395508,27385500
2000-12-20,10.19264566121887,10.564251724245443,9.967027000062425,10.39172077178955,24849600
2000-12-21,10.511165701824686,11.095120161964745,10.471350680226864,10.988945960998535,28140600
2000-12-22,10.988948495047433,11.20129451583073,10.803144208039157,11.148208618164062,22452600
2000-12-26,11.095115689881991,11.148201553909868,10.40498730694418,10.750051498413086,18063000
2000-12-27,10.76332318799067,11.347277457848183,10.657151451736775,11.161473274230957,24672900
2000-12-28,11.148202296536194,11.466722362151513,11.148202296536194,11.241103172302246,12288900
2000-12-29,11.188017246059085,11.67906820126882,11.188017246059085,11.28091812133789,19746900
2001-01-02,11.280923531179752,11.692347097819441,11.188022611349695,11.440183639526367,26440800
2001-01-03,11.360550072356766,12.475370486049764,11.241105028032516,12.409013748168945,59871300
2001-01-04,12.103761421941165,12.355922308193263,11.864871393876538,11.931230545043945,41436900
2001-01-05,12.130313345820985,12.130313345820985,11.307468578212656,11.453457832336426,29427600
2001-01-08,11.254382681311554,11.639259686548577,11.227838517802708,11.453457832336426,25326300
2001-01-09,11.360548256915488,11.625982456368718,11.14820235542206,11.201288223266602,21632400
2001-01-10,10.81641454961037,11.055304669011955,10.723511216432447,10.975674629211426,29944200
2001-01-11,11.028759002685547,11.254378227941483,10.789868915984776,11.028759002685547,20107200
2001-01-12,11.042028131292671,11.413636494587376,10.962398114888842,11.241103172302246,21966000
2001-01-16,11.3472749042777,11.639250758443096,11.294189048097099,11.612709045410156,24994800
2001-01-17,11.586173789647475,11.599444656343604,11.373827771926477,11.453457832336426,23444100
2001-01-18,11.347283525096232,11.57290283797326,11.241109301957058,11.267653465270996,20633700
2001-01-19,11.055304534968059,11.188020456321125,10.71024022331097,10.789870262145996,26889900
2001-01-22,11.0818432569829,11.40036332597513,11.042028248358871,11.161473274230957,23417100
2001-01-23,11.2543791352126,11.453454223511669,11.161475807262486,11.334009170532227,14753400
2001-01-24,11.347275255133745,11.38709025602895,11.108385249762508,11.360546112060547,23368200
2001-01-25,11.453455439177358,11.91796240776724,11.241107035709218,11.466726303100586,27171000
2001-01-26,11.665797653731767,11.665797653731767,11.267647563160716,11.387092590332031,15692700
2001-01-29,11.403023024071606,11.60475305299314,11.403023024071606,11.509197235107422,15342600
2001-01-30,11.511316960087486,11.519810214337909,11.28835263273315,11.41788387298584,15372600
2001-01-31,11.509198702513238,12.103769256876452,11.475222027205609,12.061299324035645,32544300
2001-02-01,12.061293273439226,12.061293273439226,11.566526641171524,11.827713012695312,31155900
2001-02-02,11.885047084976325,11.8871697908299,11.498574887986718,11.628106117248535,15195000
2001-02-05,11.679068228117275,11.72578597853981,11.318079469514101,11.432746887207031,16812600
2001-02-06,11.339311259422603,11.570769963333069,11.222521162404513,11.296842575073242,16182000
2001-02-07,11.298968048539823,11.615364164642783,11.29684412800745,11.6068696975708,14785200
2001-02-08,11.58351303902519,11.636600124182145,10.948596798199507,11.105732917785645,23903400
2001-02-09,11.10785891452643,11.328699334561568,10.666178074456155,10.702276229858398,23734200
2001-02-12,10.82968719305561,11.356307989003035,10.82119393637681,11.349937438964844,21862500
2001-02-13,11.264996446791137,11.566530114612116,11.048402627548894,11.487960815429688,22269600
2001-02-14,11.541043740174917,11.541043740174917,11.254376411437988,11.254376411437988,15285000
2001-02-15,11.328702850480386,11.349938424136992,10.9677138940758,11.042034149169922,22909800
2001-02-16,10.999562787037462,11.3180829496546,10.94859960962104,11.118476867675781,19978200
2001-02-20,11.084500502033118,11.528305257751585,11.04203058349252,11.339316368103027,28009500
2001-02-21,11.158821660148693,11.245884201121987,10.62795437491264,10.661931037902832,24492600
2001-02-22,10.82968584588125,10.82968584588125,10.394375511260163,10.553635597229004,27462900
2001-02-23,10.61734047525353,10.787216532831122,10.203263256263675,10.676796913146973,24244800
2001-02-26,10.81482347275426,10.908255372258537,10.712897101445126,10.844551086425781,18180600
2001-02-27,10.957089723336845,11.010175585959908,10.515407812956388,10.827558517456055,21142200
2001-02-28,10.880651446703398,10.893392548030862,10.41348826186829,10.636452674865723,23244600
2001-03-01,10.458079739789577,10.589733706725761,10.192645454376507,10.264842987060547,26078400
2001-03-02,10.190522477137433,10.551511975070403,10.086472194936222,10.388005256652832,19417200
2001-03-05,10.392252501337355,10.5196598522526,10.192646396010066,10.271214485168457,13704300
2001-03-06,10.5111666506919,10.608846389773053,10.383758084054195,10.521783828735352,15290400
2001-03-07,10.627954058088523,10.819066858304117,10.600349159348653,10.765979766845703,16259700
2001-03-08,11.020791583587258,11.020791583587258,10.782963542229115,10.967705726623535,18103200
2001-03-09,10.99956426536095,10.99956426536095,10.638575347242801,10.782970428466797,16699500
2001-03-12,10.670423731082069,10.670423731082069,10.213877914094986,10.25847053527832,17220600
2001-03-13,10.40499083084951,10.468695104315517,9.982421620809497,10.36252212524414,23877300
2001-03-14,10.00153366569166,10.186275348287776,9.880496262968288,10.022768020629883,25646700
2001-03-15,10.054619711902872,10.296695721605627,9.88686637128358,10.16079330444336,22529100
2001-03-16,10.160790001216453,10.160790001216453,9.886863157109053,9.965431213378906,41579400
2001-03-19,9.978172178360358,10.128938358517038,9.916591839820603,10.06098747253418,17567400
2001-03-20,10.056744571918754,10.506919965872692,10.056744571918754,10.16716480255127,30106800
2001-03-21,10.165034173062223,10.583969736982388,10.05445231724733,10.273488998413086,24980700
2001-03-22,10.048075140303562,10.079973913226317,9.763113823452315,9.9757719039917,35741700
2001-03-23,9.75035274250435,10.188427988016707,9.612125556562793,10.116124153137207,24846000
2001-03-26,10.39895673958658,10.59034932047974,10.271362902494426,10.54781723022461,20525400
2001-03-27,10.547821759354402,10.7179477597521,10.452126036235338,10.694555282592773,29354400
2001-03-28,10.632887588382573,10.660531698696385,10.271368870101794,10.560583114624023,20627700
2001-03-29,10.600983425431894,10.771109375031475,10.296882529999658,10.764729499816895,23262000
2001-03-30,10.866807130955031,10.896579481991816,10.526555167211791,10.739212036132812,24925200
2001-04-02,10.63288616242873,10.841290212352968,10.526556497691917,10.768985748291016,22313700
2001-04-03,10.813642086599614,10.845540247652089,10.37131337561687,10.460630416870117,26076300
2001-04-04,10.360679853805186,10.717944340671089,10.356427009361207,10.605236053466797,23886300
2001-04-05,10.749840118917861,10.779612453736615,10.635004839500064,10.747713088989258,23370000
2001-04-06,10.632886933837794,10.913594251351956,10.528683076060013,10.896581649780273,22903200
2001-04-09,10.962504668819578,11.013542471878436,10.590354477829358,10.696682929992676,21861900
2001-04-10,10.877440125091903,10.981642747911414,10.79662997747012,10.811516761779785,20959500
2001-04-11,10.654148850278641,10.781742711356701,10.475515984565146,10.681794166564941,20850900
2001-04-12,10.367063540035035,10.56908893585205,10.082102171306106,10.56908893585205,29618400
2001-04-16,10.569083518544387,10.679664759080561,10.35855253862267,10.430855751037598,20263500
2001-04-17,10.401085518680626,10.513793812392771,10.31602254070572,10.47126293182373,19352400
2001-04-18,10.622251549749983,11.258098816033373,10.554201152710071,11.213440895080566,38990700
2001-04-19,11.000778033484988,11.211309010289343,10.994398159419818,11.16452407836914,21129000
2001-04-20,11.162400784438928,11.164526598382778,10.930603102818017,10.996527671813965,21800700
2001-04-23,11.068834642583955,11.207062485988214,10.983771635143775,11.066707611083984,16448400
2001-04-24,10.792379754553702,10.86468300386777,10.643517976253218,10.654151916503906,24526500
2001-04-25,10.866805824814431,10.866805824814431,10.639262199306222,10.775362968444824,16225200
2001-04-26,10.84554384506522,10.973138965271476,10.749848113329154,10.896581649780273,15568200
2001-04-27,11.079467387153475,11.313390962261257,11.03693527493513,11.234707832336426,23292600
2001-04-30,11.334651785176721,11.334651785176721,10.89232432613847,11.002906799316406,19793400
2001-05-01,10.998657635181736,11.387821669960235,10.930607226568807,11.377187728881836,22857000
2001-05-02,11.366553786263871,11.366553786263871,11.117743468346296,11.287869453430176,23069400
2001-05-03,11.121990952595768,11.366548307210751,11.064573308202538,11.292118072509766,22772100
2001-05-04,11.121994969335224,11.419716015661951,11.060324459301691,11.275108337402344,22336200
2001-05-07,11.143264586153084,11.258099946902343,11.02630219396876,11.06883430480957,14151000
2001-05-08,11.005032617751066,11.056070401507746,10.875311736140766,11.05394458770752,13312800
2001-05-09,11.068832955989828,11.100731122605502,10.909339689237344,10.971010208129883,16332900
2001-05-10,11.33465752688691,11.419720542868598,11.315519108814382,11.360177040100098,24645600
2001-05-11,11.477132593813701,11.581335193526597,11.345284679589312,11.504777908325195,19588800
2001-05-14,11.504782323220885,11.643010165659282,11.449491672980422,11.557947158813477,14400900
2001-05-15,11.557942396036442,11.557942396036442,11.058196067810059,11.058196067810059,40235100
2001-05-16,10.888076540967086,11.083720861108521,10.845544426339712,10.983772277832031,28813200
2001-05-17,11.04756455994253,11.104982217979805,10.90933677453155,11.007158279418945,19618500
2001-05-18,11.04756919493322,11.066707611083984,10.932733830679666,11.066707611083984,17582700
2001-05-21,11.066704607739716,11.334653312668173,10.964629026513343,11.313387870788574,23258700
2001-05-22,11.31551774321708,11.419719164695895,11.249593153263936,11.381441116333008,20381100
2001-05-23,11.33465248475522,11.457993498852039,11.102856021422637,11.168779373168945,16698300
2001-05-24,11.132630054729512,11.321895666085831,11.090097950795855,11.247464179992676,13573500
2001-05-25,11.266602944344967,11.270857006197652,10.888072967529297,10.888072967529297,15528600
2001-05-29,11.04757097773966,11.04757097773966,10.85192542063624,10.890203475952148,15001800
2001-05-30,10.892327912569373,11.100731960565072,10.871062466553662,10.9454927444458,17909400
2001-05-31,11.07946183212967,11.1857902341087,10.9029560277527,11.00503158569336,17642100
2001-06-01,10.960376326283265,11.153894770352448,10.941236698236658,10.99865436553955,12465300
2001-06-04,10.962498367465443,11.015663171406045,10.73920765111873,10.843411445617676,16859700
2001-06-05,10.790246993842569,10.981638347336832,10.779614276074726,10.909335136413574,15492000
2001-06-06,10.909337657562054,10.996527666979144,10.781742581187617,10.792376518249512,12581100
2001-06-07,10.647769307113487,10.919970850537215,10.647769307113487,10.866806030273438,18330900
2001-06-08,10.84554154253666,10.902959212755873,10.79237793443516,10.849794387817383,11362500
2001-06-11,10.83490752996072,10.866805691021023,10.666907384600657,10.681794166564941,9700500
2001-06-12,10.637135575065338,10.839160922500646,10.549946777026278,10.754097938537598,13407600
2001-06-13,10.7604830438407,10.7604830438407,10.645647655473423,10.664787292480469,10570500
2001-06-14,10.61161516727831,10.709437883492544,10.505286762786316,10.526552200317383,13663800
2001-06-15,10.505288596382771,10.575466012688073,10.207567551636862,10.239465713500977,43183200
2001-06-18,10.377690429934246,10.545690529580865,10.281994755955635,10.318145751953125,21368700
2001-06-19,10.520174234672927,10.52442829642041,10.341541363222072,10.390453338623047,15530400
2001-06-20,10.477765023948297,10.626839082510612,10.430914186654126,10.60554313659668,17739000
2001-06-21,10.499060717177544,10.897301963961347,10.499060717177544,10.743968963623047,26831400
2001-06-22,10.792954969361483,10.807863113035774,10.531010817985143,10.643880844116211,14501100
2001-06-25,10.765269276235312,10.765269276235312,10.392583987609616,10.435175895690918,17122200
2001-06-26,10.339341276991265,10.605545535457548,10.33508233056163,10.45647144317627,18060300
2001-06-27,10.439436188137988,10.588510305398566,10.307399078033392,10.328696250915527,15381300
2001-06-28,10.424527362129153,10.603415295341549,10.424527362129153,10.513971328735352,15041100
2001-06-29,10.462859076358802,10.752488110842686,10.349989090243042,10.39258098602295,27919500
2001-07-02,10.424527492500568,10.603415427950175,10.360638421875993,10.59489631652832,16473600
2001-07-03,10.584249074714618,10.584249074714618,10.422396932360762,10.482027053833008,11411100
2001-07-05,10.509714854924608,10.5161026666856,10.318047600355548,10.349992752075195,15396300
2001-07-06,10.33934294258646,10.341473025435754,9.947491780534113,10.081658363342285,19992600
2001-07-09,10.11147032563038,10.307395846498384,10.019896288554046,10.275450706481934,18245400
2001-07-10,10.328697943268512,10.36490082779251,10.09017858542056,10.115734100341797,19384800
2001-07-11,10.254156570256855,10.520360836894806,10.141286565619387,10.403230667114258,23731500
2001-07-12,10.765269860236865,11.042120933532715,10.637491691895443,11.042120933532715,35115300
2001-07-13,11.04211689333712,11.336006085558227,10.88878387858012,11.265727996826172,29536500
2001-07-16,11.372209672985402,11.510635777046968,11.310450690451297,11.38924789428711,34206900
2001-07-17,11.465916761834793,11.468046844693895,11.27425073633322,11.361564636230469,26356200
2001-07-18,11.259337457750023,11.495726585388184,11.186930515144944,11.495726585388184,21540900
2001-07-19,11.495732927849268,11.60647409403401,11.459528827280932,11.54897403717041,24692100
2001-07-20,11.49998719180883,11.625635232511163,11.478691244186736,11.559616088867188,17684700
2001-07-23,11.478696166395844,11.557492181252302,11.255084964729104,11.293417930603027,16083300
2001-07-24,11.297673712518101,11.329618857280872,11.180544764608403,11.30832290649414,18225900
2001-07-25,11.308320290187494,11.734245300292969,11.229524315640779,11.734245300292969,28537200
2001-07-26,11.734245348883485,11.821559214702674,11.538319234132459,11.819430351257324,25277700
2001-07-27,11.872675150683945,11.925917474847124,11.715083135439073,11.800268173217773,15507900
2001-07-30,11.925918136814103,11.93656489622164,11.540454753209687,11.900362014770508,21504600
2001-07-31,11.823693133756063,12.032396152654686,11.79813823404203,11.904619216918945,23176800
2001-08-01,11.798139295608483,12.089897288057836,11.702306280538169,11.715083122253418,18505500
2001-08-02,11.806655042532771,11.957859218531054,11.723600102867751,11.923785209655762,17238900
2001-08-03,11.904614362986159,11.919522498774995,11.723596400327999,11.796003341674805,12510000
2001-08-06,11.836473900778996,11.836473900778996,11.51277071265546,11.606474876403809,17137800
2001-08-07,11.644812550949105,11.772589567565209,11.531941248469856,11.729997634887695,15466500
2001-08-08,11.627765957629274,11.898227919415222,11.585172841447537,11.612857818603516,19161000
2001-08-09,11.58943851894998,11.66823455014137,11.350920341825613,11.536198616027832,25617600
2001-08-10,11.48934054883748,11.499988523881909,11.180544398218522,11.414803504943848,24736800
2001-08-13,11.404159464141552,11.451010326783267,11.031474116103249,11.116659164428711,30421200
2001-08-14,10.914344660840078,11.223142157728903,10.888789753883065,11.150733947753906,30202800
2001-08-15,11.142214460616614,11.269991414322496,11.03573224418159,11.074065208435059,18099000
2001-08-16,10.971842054032571,11.116657220149525,10.79082401032351,11.00804615020752,18615600
2001-08-17,10.967582501450106,10.967582501450106,10.669434324753253,10.818507194519043,17705100
2001-08-20,10.924987810273127,10.993135815872668,10.818505637586995,10.986746788024902,13047000
2001-08-21,10.946285745137287,10.993137812140557,10.622582659757512,10.635360717773438,19628100
2001-08-22,10.650268069741303,10.763138076746172,10.543785873419623,10.699250221252441,17454300
2001-08-23,10.658783732399364,10.73970979472138,10.541654803257217,10.592765808105469,16635600
2001-08-24,10.573602053087813,10.861102307483764,10.573602053087813,10.850454330444336,21805200
2001-08-27,10.903695605171107,10.96758468699217,10.7311954498291,10.731195449829102,14025000
2001-08-28,10.626844277216266,10.69073336477127,10.584252364568256,10.669437408447266,18449100
2001-08-29,10.6587881203818,10.737585351554895,10.441565955705652,10.467122077941895,16321500
2001-08-30,10.456467954495823,10.535263920776728,10.060357432004688,10.13702392578125,28917000
2001-08-31,10.158322570420236,10.435173566913514,10.158322570420236,10.23285961151123,22665300
2001-09-04,10.271195716286273,10.622583820026362,10.266935550760518,10.318046569824219,21974100
2001-09-05,10.29036296108448,10.509715208807973,10.009252318692193,10.467122077941895,29499600
2001-09-06,10.424529803963946,10.575732793338902,10.009251971406037,10.088047981262207,31150500
2001-09-07,9.987955166964783,9.987955166964783,9.608881442556878,9.843140602111816,31295100
2001-09-10,9.689805736050264,10.00924987449927,9.591842655704905,9.845268249511719,20180700
2001-09-17,9.370360374450684,9.817581988043399,8.944434709019342,9.370360374450684,52505400
2001-09-18,9.583326551415706,9.870826226099878,9.40443795972423,9.65786361694336,31530900
2001-09-19,9.657861907150728,9.828495348027953,9.425373386280521,9.694121360778809,35149800
2001-09-20,9.672783945700232,9.798625539566853,9.600264492238063,9.664252281188965,37969200
2001-09-21,9.416841498928958,9.800766707245355,9.363518095654507,9.525620460510254,49330800
2001-09-24,9.918077108198101,10.233748938765464,9.813564289825328,10.084444999694824,41705100
2001-09-25,10.280676936662058,10.472639285205604,10.248682398260236,10.323334693908691,47921400
2001-09-26,10.525957415915135,10.553685188293457,10.370253995134776,10.553685188293457,36348900
2001-09-27,10.553689213397455,10.598480341281324,10.261478973789949,10.534492492675781,27741000
2001-09-28,10.547285586585614,10.65393113955989,10.410778888229371,10.557950019836426,28680600
2001-10-01,10.557952534385748,10.675262548550139,10.267875731292191,10.613408088684082,35965800
2001-10-02,10.6752624421701,11.091181536195815,10.621940263747849,11.005866050720215,34212600
2001-10-03,11.067724313766362,11.404725723175895,10.984540954559028,11.2468900680542,41855400
2001-10-04,11.261819045690366,11.293812360917297,10.967475419642284,10.984539985656738,30597000
2001-10-05,10.988799519514304,11.17649745941162,10.877888431901757,11.176497459411621,28389600
2001-10-08,11.178632855975135,11.178632855975135,10.869360525461586,10.90135383605957,20106000
2001-10-09,10.984537876928174,11.133841206458467,10.877891072378166,11.108246803283691,24205200
2001-10-10,11.161569216147534,11.453779416279856,11.133841436939823,11.438849449157715,28445700
2001-10-11,11.507100597881749,11.677733991188541,11.272479376968336,11.40898609161377,36781800
2001-10-12,11.27247860972054,11.304473131579332,11.048521838573865,11.283143043518066,32220300
2001-10-15,11.223424353797316,11.406855583190918,11.178632013681979,11.406855583190918,18779100
2001-10-16,11.40685544423601,11.517766554307537,11.19782859446566,11.334335327148438,20302800
2001-10-17,11.357798333396705,11.462311765266222,11.123177065802476,11.138108253479004,19915500
2001-10-18,11.161567480209845,11.261815365333396,10.967471835476665,11.069851875305176,23487300
2001-10-19,11.123172271349228,11.319401238346252,11.005862298349843,11.30660343170166,18133500
2001-10-22,11.261815427192262,11.432448827843704,11.108245366605965,11.313005447387695,19632600
2001-10-23,11.31300908429505,11.421788064738916,11.123178907368816,11.221293449401855,18565200
2001-10-24,11.298077852475442,11.345001132147805,11.182899977758554,11.193564414978027,15692400
2001-10-25,11.048524587177642,11.368462562561035,10.986670123484384,11.368462562561035,20678400
2001-10-26,11.336470242979045,11.479375900733386,11.197830116084047,11.394059181213379,15371100
2001-10-29,11.283144235181082,11.317270915123919,11.02932751078111,11.069851875305176,18074400
2001-10-30,10.984536466419033,11.0378586413805,10.74138295491587,10.792572975158691,21284700
2001-10-31,10.81390552427444,11.159439193821484,10.803241085653868,10.963210105895996,21103800
2001-11-01,10.92054683943938,11.293806884629358,10.848026740676037,11.142370223999023,25805700
2001-11-02,11.048525120549467,11.342868706754329,11.039992838697193,11.298077583312988,17382900
2001-11-05,11.336468101316576,11.581753776156058,11.174365754619291,11.496437072753906,20523600
2001-11-06,11.52843439096384,11.75239127301053,11.443117657869884,11.71826457977295,26343600
2001-11-07,11.69906593314546,11.72892708993414,11.389792368867358,11.479375839233398,24667200
2001-11-08,11.645745228681973,11.816378688524429,11.515637368110447,11.62441635131836,25752300
2001-11-09,11.63507581820351,11.784381573010625,11.494303564337349,11.752387046813965,15137100
2001-11-12,11.635078386720819,11.876098581921411,11.517768352679813,11.854769706726074,19502100
2001-11-13,11.923015379619573,11.933679810326376,11.571083063965752,11.573216438293457,31566000
2001-11-14,11.859026719697766,11.901685659914488,11.74171676991689,11.790773391723633,28767900
2001-11-15,11.854769631545429,11.995543136061858,11.790781785898565,11.944353103637695,25356000
2001-11-16,11.944350542594783,11.944350542594783,11.656405909156746,11.752387046813965,31675200
2001-11-19,11.645741099565885,11.91448900864714,11.645741099565885,11.89102554321289,23891700
2001-11-20,11.88036823272705,11.940089341942208,11.754525885616207,11.88036823272705,19009200
2001-11-21,11.841966654512026,11.861163365975155,11.696928902788748,11.7566499710083,14968500
2001-11-23,11.745987999076453,11.912355871881628,11.743854623867097,11.901691436767578,6921000
2001-11-26,11.88036232877861,11.948614468049326,11.797177783807607,11.89102554321289,23107200
2001-11-27,11.84837562157638,11.903831207837658,11.69480546083712,11.748128890991211,28992300
2001-11-28,11.709731152003558,11.893162415348122,11.620148896125217,11.731060028076172,22408200
2001-11-29,11.752391390416351,11.792916991599181,11.624416899730369,11.656410217285156,17183100
2001-11-30,11.731056508044704,11.923019996497596,11.70972763837205,11.76305103302002,25242900
2001-12-03,11.743849956409097,11.78010999775882,11.556153287973704,11.641469955444336,22846500
2001-12-04,11.603081380990183,11.767315864562988,11.560423644176279,11.767315864562988,20596500
2001-12-05,11.7673184015518,12.065927505493164,11.71826174954613,12.065927505493164,27095100
2001-12-06,11.933689683172243,11.942221967076037,11.818511783505704,11.863304138183594,21132900
2001-12-07,11.77584869510194,11.859032018060285,11.677734187187209,11.803576469421387,13807200
2001-12-10,11.752392693279296,11.816380555949358,11.575360298156738,11.575360298156738,15880200
2001-12-11,11.54336142017603,11.688399203910077,11.413252381209102,11.534829139709473,18292800
2001-12-12,11.522033572810455,11.667072605252848,11.41112122794667,11.588154792785645,17316900
2001-12-13,11.534830960326776,11.536964335896734,11.325805311734005,11.381260871887207,23541300
2001-12-14,11.453780555828766,11.60521849948615,11.31087489456616,11.530566215515137,18047700
2001-12-17,11.549765937593818,11.912363052368164,11.492176976891615,11.912363052368164,25389600
2001-12-18,11.925153693759011,11.965679279511482,11.820640276793881,11.897424697875977,26395500
2001-12-19,11.89102091593157,12.066139650171158,11.820546944176701,12.019157409667969,24636300
2001-12-20,12.02983394350541,12.202817824703704,12.002071324671123,12.014883995056152,23535000
2001-12-21,12.138749078291172,12.296783004446269,12.072544785064046,12.294648170471191,39380400
2001-12-24,12.283970502527398,12.322412182428303,12.200682640075685,12.200682640075684,6094200
2001-12-26,12.333088436655379,12.508207141950583,12.324546656884865,12.418512344360352,19916700
2001-12-27,12.407836670085635,12.514616267817807,12.337361475702302,12.465497970581055,14466600
2001-12-28,12.461223602294922,12.544511445322158,12.416374986203508,12.461223602294922,13030200
2001-12-31,12.407838195981387,12.488991237917988,12.290379524230957,12.290379524230957,15404100
2002-01-02,12.3117318602926,12.418511431575318,12.170782728439422,12.39715576171875,20033700
2002-01-03,12.375801877876151,12.450546733160943,12.279700127652792,12.382208824157715,17871900
2002-01-04,12.31387239754891,12.44200892003763,12.215635781908057,12.30105972290039,20039100
2002-01-07,12.269022313662681,12.407836645843421,12.217767960211356,12.256208419799805,16081200
2002-01-08,12.320277351575793,12.386480436878315,12.24339642812772,12.352312088012695,13110600
2002-01-09,12.204951660589257,12.286104676390888,11.999934287195623,12.044781684875488,22727400
2002-01-10,12.044783735860715,12.24766630991163,12.014885058316347,12.172920227050781,19399200
2002-01-11,12.098171643724333,12.117392480030299,11.85898471680514,11.916646003723145,21813900
2002-01-14,11.916647899151297,12.15156397381199,11.90810489654541,11.90810489654541,20141400
2002-01-15,11.908102862678502,12.151561898363036,11.81200112627666,12.14515495300293,24258300
2002-01-16,12.145156499370446,12.145156499370446,11.852579141339536,11.957223892211914,16519200
2002-01-17,11.927324505506018,12.219901846074379,11.895290998538663,12.121664047241211,23389500
2002-01-18,12.076819783963714,12.149429818473402,11.952955391800081,12.034107208251953,21022200
2002-01-22,12.19854533047446,12.535970046243188,12.196409274691158,12.388612747192383,29970000
2002-01-23,12.471901163873289,12.802918917017214,12.433460715779107,12.783698081970215,32046600
2002-01-24,12.783698606260225,12.802919442095517,12.664105145729213,12.743122100830078,23952300
2002-01-25,12.676918288762396,12.702546068364915,12.399289712400797,12.471900939941406,21966300
2002-01-28,12.535974655960223,12.638483375255271,12.454821614351562,12.521024703979492,15428100
2002-01-29,12.617121877702314,12.70254700131833,12.367257118225098,12.367257118225098,22121700
2002-01-30,12.343761549702894,12.802915641696897,12.333083718075056,12.760204315185547,30018300
2002-01-31,12.728180743438775,12.809333801269531,12.621401111661795,12.809333801269531,20583600
2002-02-01,12.749528343381455,12.792240902216808,12.546645827413169,12.655561447143555,20091000
2002-02-04,12.723906089585784,12.792245229238466,12.525294395719996,12.57868480682373,19543800
2002-02-05,12.608582575219602,12.706819164874668,12.482582142835799,12.557328224182129,19880400
2002-02-06,12.535975693167432,12.653433152161133,12.474042267552113,12.574416160583496,19263600
2002-02-07,12.632072651521465,12.76020912333739,12.459088781169955,12.469766616821289,25257900
2002-02-08,12.469763592373448,12.63206958770752,12.40783142741692,12.63206958770752,19136400
2002-02-11,12.704685243799096,12.877669149233625,12.681193511801798,12.866990089416504,25503000
2002-02-12,12.781563182906767,12.888342747955344,12.770884126602084,12.834952354431152,15970800
2002-02-13,12.877668133901725,12.96736294209205,12.78797210371129,12.839227676391602,19198800
2002-02-14,12.888346637275685,12.93960099060602,12.798651824447642,12.918245315551758,17958000
2002-02-15,12.918254748747247,12.939610439395908,12.792254218718442,12.820016860961914,21772800
2002-02-19,12.685462821293187,12.852039758873811,12.642751475349469,12.661971092224121,27181800
2002-02-20,12.679054214296087,12.856308948062063,12.55732470643277,12.817867279052734,24582300
2002-02-21,12.845635978052302,12.999400282941023,12.683331112670317,12.717500686645508,22018800
2002-02-22,12.738854004010411,12.80292224884033,12.51461575810576,12.802922248840332,22809600
2002-02-25,12.856312755648561,12.973770187075518,12.826414078230743,12.952414512634277,25027500
2002-02-26,12.984443059907125,13.300512053194256,12.909697005940577,13.26207160949707,34951200
2002-02-27,13.368850627081718,13.42224101263224,13.187323805009799,13.29410457611084,38931900
2002-02-28,13.390206350892347,13.428646793216544,13.142476476137197,13.242850303649902,35987100
2002-03-01,13.283434480068095,13.413705825805664,13.253535797865936,13.413705825805664,22558800
2002-03-04,13.443599539595565,13.47136215495138,13.279158681257353,13.450006484985352,24502800
2002-03-05,13.309061282994254,13.366722591825933,12.931059912653403,12.975907325744629,37070100
2002-03-06,13.020755921557162,13.129671591021735,12.877670678221365,13.005805969238281,30588600
2002-03-07,13.13394318871149,13.230044967643442,13.0250275133885,13.176655769348145,27877200
2002-03-08,13.27915753516042,13.432920545244647,13.240717088139307,13.351767539978027,31383600
2002-03-11,13.413701113845505,13.413701113845505,13.24712419666323,13.353903770446777,20094600
2002-03-12,13.219360755692332,13.326140322811067,13.217224699990021,13.289835929870605,20942700
2002-03-13,13.187333696151754,13.259944968242358,13.091231907679498,13.2385892868042,18534900
2002-03-14,13.23004646098509,13.366724779249285,13.221504677093856,13.298385620117188,15060600
2002-03-15,13.385939436918123,13.614448547363281,13.336821147252339,13.614448547363281,39907500
2002-03-18,13.650755482505254,13.655026372887738,13.390211617172023,13.571737289428711,19076400
2002-03-19,13.603768413225291,13.633667081970792,13.462818069996406,13.55251407623291,16634700
2002-03-20,13.45950965028392,13.564278232333914,13.455233706216555,13.508686065673828,21306300
2002-03-21,13.459504205263887,13.510819183651131,13.245691183594237,13.299144744873047,17407200
2002-03-22,13.29914530510891,13.307698413589884,13.164442716514456,13.267072677612305,16497600
2002-03-25,13.224313442266595,13.294872013381765,13.102439880371094,13.102439880371094,17753700
2002-03-26,13.117411988417407,13.339777024258849,13.117411988417407,13.29273796081543,18550500
2002-03-27,13.267074095261881,13.320527664504228,13.175135815802621,13.25638484954834,20792400
2002-03-28,13.25852473695331,13.29273473416331,13.102441165890427,13.106717109680176,17490000
2002-04-01,12.903593729406534,12.90573231269615,12.533698344281081,12.734681129455566,39746700
2002-04-02,12.721854617700904,12.723993201417684,12.561495095432019,12.599982261657715,23366400
2002-04-03,12.70047854156848,12.786003571324885,12.347687946754117,12.529428482055664,26798400
2002-04-04,12.572184248617374,12.74323420799369,12.555079252679743,12.674814224243164,20559900
2002-04-05,12.664125784454718,12.775308887592095,12.567909096369329,12.644882202148438,15964800
2002-04-08,12.614944544696748,12.818065867490985,12.512313368449698,12.781717300415039,18417900
2002-04-09,12.850139617919922,12.924974125114591,12.807377741491978,12.850139617919922,18689400
2002-04-10,12.882211840195676,12.978428515136946,12.800964025153528,12.95063304901123,21348000
2002-04-11,12.96773943269892,13.215761294475659,12.830898223873785,12.86510944366455,25701000
2002-04-12,12.978431577728424,13.224316111104272,12.890767991994835,13.091752052307129,19466700
2002-04-15,13.053270905088628,13.100308755834611,12.726137193812942,12.813800811767578,17310000
2002-04-16,12.871523251859799,12.98056776204794,12.743235161010489,12.828760147094727,21041400
2002-04-17,12.946355396531592,12.946355396531592,12.540111442781702,12.67695140838623,27423600
2002-04-18,12.518731543834146,12.704749152182208,12.13173113689498,12.433206558227539,35181900
2002-04-19,12.572186790569864,12.63633084416663,12.431069627967764,12.599982261657715,17544600
2002-04-22,12.599981379364339,12.636329959328004,12.187322839037698,12.304919242858887,19316700
2002-04-23,12.36906587858955,12.495215419613343,12.319889457277831,12.411828994750977,20753700
2002-04-24,12.37974755633647,12.53796962793095,12.255736687432858,12.28353214263916,19582500
2002-04-25,12.144561410795035,12.210844052630772,12.022689046437002,12.187324523925781,21992400
2002-04-26,12.240775316643077,12.251467011139592,11.926470818662843,11.930747985839844,30108300
2002-04-29,11.952124703088142,12.272843615019749,11.93074376854485,12.016268730163574,30160200
2002-04-30,11.994888933560615,12.099656256829226,11.858048981988818,11.943573951721191,31233000
2002-05-01,11.887987685120697,12.144562721252441,11.721213605773492,12.144562721252441,25767300
2002-05-02,12.133870912730382,12.240775625936863,12.011997337472161,12.112488746643066,22977000
2002-05-03,12.069721458364715,12.076135982974852,11.776798026210896,11.813146591186523,23464800
2002-05-06,11.890126770457664,12.001308679078631,11.535197649651355,11.543750762939453,23941500
2002-05-07,11.678448691876659,11.866603669723625,11.545884651622988,11.761835098266602,26895300
2002-05-08,12.026964062528696,12.078279060257644,11.905090484130179,12.05689811706543,24952800
2002-05-09,11.898673781050407,11.92005472033355,11.486016514413313,11.75755786895752,35520600
2002-05-10,11.811010443547552,11.815286386354048,11.462496024180822,11.473186492919922,22308000
2002-05-13,11.511679208816952,11.819569294345007,11.511679208816952,11.768254280090332,19265100
2002-05-14,12.294230741782505,12.454590262558398,12.198014050560129,12.270709991455078,37517100
2002-05-15,12.324161133970875,12.441758745105762,12.110348074100232,12.138143539428711,31401000
2002-05-16,12.326302172546072,12.54866716291306,12.281401702421956,12.475971221923828,24048000
2002-05-17,12.475969251990044,12.67909062732588,12.392581629115401,12.471692085266113,22641300
2002-05-20,12.561492142227044,12.576459777833502,12.336989842587911,12.358370780944824,15095700
2002-05-21,12.379755928386272,12.426794987521255,12.101799964904785,12.101799964904785,19130400
2002-05-22,12.123181774103033,12.144562721252441,11.909369855716383,12.144562721252441,18080700
2002-05-23,12.080415359972529,12.136007520216339,11.928608963810376,12.03979206085205,17747700
2002-05-24,12.09324608193142,12.174495138269403,11.86874249682261,11.870881080627441,15033300
2002-05-28,11.845225639523662,11.894402062028432,11.530921071346079,11.714798927307129,20760900
2002-05-29,11.738313981385415,11.900812051941436,11.65920352935791,11.65920352935791,16282200
2002-05-30,11.567269071727482,11.727628629000769,11.492435753549854,11.543750762939453,24588900
2002-05-31,11.73831355364387,11.883706623235154,11.545882665267708,11.56726360321045,35121600
2002-06-03,11.584367801477029,11.68913634770364,11.321378367843428,11.364141464233398,24540000
2002-06-04,11.332076022952606,11.54588794708252,11.118261651930071,11.54588794708252,41345700
2002-06-05,11.749008002625711,11.924333937093687,11.657067256320042,11.751145362854004,30242700
2002-06-06,11.753281188960388,11.755419772132964,11.545882665267708,11.56726360321045,22663800
2002-06-07,11.513815960705616,11.69983239898069,11.494572374630435,11.637826919555664,23786700
2002-06-10,11.781078441738272,12.097521509809656,11.772525331195075,12.05903434753418,25677300
2002-06-11,12.155255780294157,12.322028654882317,12.054763115228228,12.069730758666992,34271100
2002-06-12,12.09110540245127,12.46527671813965,12.024824004049739,12.465276718139648,31685400
2002-06-13,12.347680444476403,12.349817804267602,12.031237414920785,12.080413818359375,28569000
2002-06-14,12.069721271973377,12.193732149999715,11.813146408757444,12.176627159118652,31534200
2002-06-17,12.208703218678377,12.495212231167121,12.123178231625461,12.467416763305664,25895400
2002-06-18,12.467419926693774,12.589293522959675,12.381894917940395,12.5187349319458,20991300
2002-06-19,12.417038640122689,12.577603805512336,12.198671142206564,12.290728569030762,22786200
2002-06-20,12.277880979215341,12.395628175521743,12.031681182379423,12.095906257629395,21491700
2002-06-21,11.88182178044913,12.09590784269951,11.753369163086944,11.77049732208252,45270600
2002-06-24,11.785483975506228,12.063796371128706,11.60993319288421,11.935343742370605,32966700
2002-06-25,11.988867300854084,12.25005276534778,11.779061418705469,11.796188354492188,25939500
2002-06-26,11.624917644671722,12.095907711523811,11.507170434212433,11.907512664794922,32736300
2002-06-27,11.946046866685295,12.352811813354494,11.785481723920746,12.352811813354492,25657200
2002-06-28,12.202958560986026,12.369946561980338,11.776925086975098,11.776925086975098,46196700
2002-07-01,11.83900279553306,11.95246979509964,11.64632511138916,11.64632511138916,30549600
2002-07-02,11.648470405948272,11.759794892487578,11.410833371194318,11.436524391174316,30577500
2002-07-03,11.41083306421705,11.796189778443253,11.41083306421705,11.783344268798828,21729600
2002-07-05,11.871122138953345,11.991010722659079,11.824022746243667,11.988870620727539,9653100
2002-07-08,12.020980072171373,12.138727298539074,11.81331551247087,11.903231620788574,22919400
2002-07-09,11.916078475754928,12.00385449261299,11.663455833346797,11.699851036071777,24106500
2002-07-10,11.72125765587067,11.903231192350493,11.464353623484735,11.50931167602539,26892600
2002-07-11,11.511451900554645,11.772638588370906,11.346606522817646,11.599227905273438,38614800
2002-07-12,11.54570451267888,11.582098477524656,11.258828095582581,11.31449031829834,26757900
2002-07-15,11.21815524456604,11.449369516558065,10.725755478299126,11.440805435180664,38111100
2002-07-16,11.186044202509756,11.254550737681111,10.678657531738281,10.678657531738281,43493100
2002-07-17,10.918434690045348,11.023337657189511,10.169130144402418,10.329694747924805,56253300
2002-07-18,10.361806374222684,10.60586491289609,10.147719668146204,10.149860382080078,36059100
2002-07-19,10.104903249820703,10.21194692537756,9.76450518231016,9.955042839050293,39537900
2002-07-22,9.901521437642163,10.107044709404772,9.417684483272863,9.548277854919434,50502600
2002-07-23,9.633910849760639,10.040675892860635,9.58038932698671,9.655319213867188,45862200
2002-07-24,9.484055406039069,10.30186795876201,9.359884134476875,10.263331413269043,56964300
2002-07-25,10.21194360638794,10.291155520800558,9.633909293765022,10.06208324432373,43355700
2002-07-26,10.062085730428997,10.329693367196276,9.847998395999957,10.31470775604248,27248700
2002-07-29,10.31685170774875,10.629418095032252,10.190540356548484,10.603728294372559,32956500
2002-07-30,10.494539932271554,10.640119497892309,10.383215462986625,10.515948295593262,30306600
2002-07-31,10.554480256796813,10.554480256796813,10.137011178969786,10.528790473937988,38168100
2002-08-01,10.490254533240185,10.526649721370859,10.02354596493321,10.147716522216797,38488500
2002-08-02,10.104900795474167,10.147718745303122,9.674586096012991,9.869405746459961,29656200
2002-08-05,9.869410954579836,10.044962436490605,9.751663061683038,9.762367248535156,25266000
2002-08-06,10.25476336906439,10.383216005739257,9.933633002392353,10.122029304504395,30930900
2002-08-07,10.38321588887805,10.38321588887805,10.04067593660534,10.357524871826172,29048700
2002-08-08,10.393917633861511,10.565188202532466,9.95504009386993,10.53093433380127,40549800
2002-08-09,10.415326222197,10.61442666198502,10.30400054698448,10.533073425292969,29975700
2002-08-12,10.318991711545292,10.475274272636986,10.20124323399361,10.3639497756958,21719700
2002-08-13,10.363947700782404,10.843501922399193,10.158423850439073,10.428174018859863,43350300
2002-08-14,10.565192396019357,11.325200563278539,10.522374430602767,11.265256881713867,44871300
2002-08-15,11.357311518761364,11.729822742849482,11.348748661893506,11.71269702911377,41868600
2002-08-16,11.614210749451352,11.723395091516004,11.477196521681437,11.515731811523438,27729000
2002-08-19,11.346603650461653,11.729817667308652,11.286658778263897,11.708409309387207,33150000
2002-08-20,11.582103337765261,11.67844221751259,11.368017210552381,11.513595581054688,25199100
2002-08-21,11.560688752768591,11.624915046398016,11.293079400148434,11.579957008361816,26762100
2002-08-22,11.560689236034568,11.650605315865684,11.421532464856154,11.61421012878418,22626600
2002-08-23,11.496471557971734,11.539289529284336,11.31877936580492,11.387287139892578,19775400
2002-08-26,11.368018238207425,11.483624169345662,11.15607219359751,11.432243347167969,24121200
2002-08-27,11.432239037072097,11.432239037072097,11.143222480666182,11.372295379638672,25555500
2002-08-28,11.30379190423145,11.45793437076453,11.295227821360786,11.432243347167969,22674000
2002-08-29,11.2738171910637,11.496467375854207,11.243844744549644,11.389424324035645,25347000
2002-08-30,11.389420741671335,11.560690060717022,11.346604024417314,11.449365615844727,19780200
2002-09-03,11.314497197294871,11.378723537561712,11.023339176436151,11.104692459106445,27823200
2002-09-04,11.104687676605339,11.286661208143812,10.918431492548768,11.205307960510254,25869000
2002-09-05,10.918433660098783,11.001927025551645,10.708627745601655,10.905588150024414,34718100
2002-09-06,11.046882934262895,11.357307832741705,11.046882934262895,11.299504280090332,22242900
2002-09-09,11.271675020701052,11.496466515205352,11.186041565669044,11.406550407409668,19897800
2002-09-10,11.485763655289935,11.734104868517113,11.406551720256289,11.727682113647461,26544000
2002-09-11,11.860413923588306,12.202952617767247,11.52001533061361,11.603509902954102,22077600
2002-09-12,11.603509604775377,11.605649705924627,11.340182837265226,11.372295379638672,19825200
2002-09-13,11.372294191712557,11.768354964688212,11.27167269775953,11.64632511138916,25065600
2002-09-16,11.667731557436898,11.82829665937397,11.560687339469178,11.72125244140625,17999400
2002-09-17,11.967451844251872,11.971733269845434,11.61420789497186,11.616349220275879,24504600
2002-09-18,11.501660141884848,11.81894763123543,11.495228497816381,11.658160209655762,24581400
2002-09-19,11.660307649965425,11.771787477812307,11.480226455296563,11.512383460998535,21488700
2002-09-20,11.51452623353737,11.769641634577575,11.482368005365263,11.726765632629395,51448200
2002-09-23,11.5123776172583,11.514521907234434,11.162933180489834,11.276556015014648,30937800
2002-09-24,11.126491491895,11.233683947299397,10.905677389046947,11.038595199584961,34100100
2002-09-25,11.21224583565167,11.278705360887928,10.96356206220546,11.156506538391113,29759400
2002-09-26,11.255120517193676,11.516668750290359,11.165079945603578,11.514524459838867,24527700
2002-09-27,11.415908133580068,11.512380351338585,10.980710395068655,10.984997749328613,33439500
2002-09-30,10.987139657252829,10.987139657252829,10.311832977274877,10.556230545043945,51008100
2002-10-01,10.556231332917827,11.100764562035117,10.408305961717826,11.085758209228516,42431100
2002-10-02,11.085756863157139,11.257262047886053,10.864941591734606,11.00214672088623,34469400
2002-10-03,11.004291620281268,11.177941104783494,10.76203834069447,10.95498275756836,33891900
2002-10-04,10.9571275519472,11.207955550765146,10.665565396233696,11.094332695007324,44235300
2002-10-07,10.976419878546043,11.263692158574214,10.719160296401855,10.794193267822266,43292400
2002-10-08,10.922824225004428,11.458782634960093,10.882091302431483,11.276556015014648,49668600
2002-10-09,11.278705096992423,11.278705096992423,10.869232634024122,10.877808570861816,39925200
2002-10-10,10.879947292373604,11.188658779704506,10.504775088671224,11.070747375488281,50764800
2002-10-11,11.072895095863844,11.572408047778104,11.072895095863844,11.540249824523926,34439100
2002-10-14,11.540246020396955,11.791073945542706,11.484506754077984,11.608848571777344,30562800
2002-10-15,11.885409116012244,12.067634582519531,11.818950820555566,12.067634582519531,41558100
2002-10-16,12.06763044693773,12.176965934714989,11.973302536463786,12.168391227722168,38783400
2002-10-17,12.316314695951338,12.327034919188613,11.791075279166689,11.861822128295898,44777400
2002-10-18,11.791077304894127,12.112652162785981,11.748201311420937,12.065488815307617,34002600
2002-10-21,12.067628085613723,12.161957204340473,11.829663452533621,12.09121036529541,28638000
2002-10-22,12.093359531593542,12.093359531593542,11.7482023559202,12.026901245117188,30916500
2002-10-23,12.026901238639578,12.288448256728621,11.988311369050697,12.26915454864502,30641400
2002-10-24,12.271295007862234,12.438514060455446,12.044049326500772,12.106220245361328,29442900
2002-10-25,12.108364877992202,12.324891568438696,12.03976108691396,12.290590286254883,21375600
2002-10-28,12.312026712244185,12.324889998101833,11.93685571946582,12.020465850830078,23602800
2002-10-29,11.791075844163355,12.219843086042058,11.722474508447034,12.106220245361328,31259400
2002-10-30,11.810367950219886,11.812512239799352,11.486650146206822,11.5338134765625,50916300
2002-10-31,11.480224609374998,11.66459435652796,11.287278926053768,11.480224609375,34521000
2002-11-01,11.488796227846892,11.746055843016913,11.293707533004133,11.69460391998291,26288400
2002-11-04,11.696746852439238,11.741767126529489,11.405185989089142,11.458782196044922,31148700
2002-11-05,11.460926059148692,11.705323602282835,11.415905781916232,11.666733741760254,22693800
2002-11-06,11.66673445779856,11.748200310509857,11.46950146983549,11.64958381652832,25432500
2002-11-07,11.651730620961342,11.767497781193825,11.480224171250585,11.576696395874023,22366800
2002-11-08,11.576692517718168,11.748198909974818,11.473788682364178,11.583124160766602,22359000
2002-11-11,11.585271387594677,11.585271387594677,11.362314224243164,11.362314224243164,17775600
2002-11-12,11.490944175039274,11.737484871378825,11.433060589865457,11.544540405273438,28113900
2002-11-13,11.546678761052718,11.786788940429688,11.415905288385684,11.786788940429688,34965000
2002-11-14,11.801801881557054,11.919712133795162,11.692466340490975,11.913280487060547,32213700
2002-11-15,11.91326852285815,12.04833051522325,11.791069811044004,11.896119117736816,34617900
2002-11-18,11.844675333810375,11.898270328292789,11.475934656848784,11.508092880249023,27120600
2002-11-19,11.510233589729792,11.510233589729792,11.270123427648956,11.345157623291016,31044900
2002-11-20,11.37302728075078,11.68388428623771,11.36230951187723,11.662445068359375,22390200
2002-11-21,11.662449318682514,11.74820254131696,11.535963161957847,11.565977096557617,25324200
2002-11-22,11.568119067882972,11.746055895803432,11.473789928541413,11.52524185180664,24373200
2002-11-25,11.458786291527527,11.598134516680235,11.366600193794346,11.538107872009277,28079700
2002-11-26,11.44806118789359,11.555253594451239,11.37731557348117,11.413761138916016,23690700
2002-11-27,11.415904253293386,11.7932182875578,11.415904253293386,11.756773948669434,24864000
2002-11-29,11.735343079066784,11.82538367611253,11.540253074282449,11.55526065826416,13260600
2002-12-02,11.996885694760786,12.164104760408922,11.630289343122177,11.658160209655762,41329800
2002-12-03,11.658162557539967,11.658162557539967,11.480224458178942,11.561690330505371,23556000
2002-12-04,11.555259062947442,11.818950397928639,11.450210896422913,11.671026229858398,25349400
2002-12-05,11.671021600355653,11.671021600355653,11.366596221923828,11.366596221923828,24774000
2002-12-06,11.308712754495835,11.46735708804017,11.154357000808997,11.370884895324707,26821200
2002-12-09,11.370888862583442,11.370888862583442,11.107197538028744,11.115772247314453,24263400
2002-12-10,11.117917172562908,11.274417279713244,11.051457651606281,11.252979278564453,19239000
2002-12-11,11.105054141959272,11.252979542808085,11.068608557781722,11.147930145263672,17484600
2002-12-12,11.201528716140176,11.237973077228931,10.989288062529077,11.0150146484375,26004900
2002-12-13,11.015009902534612,11.015009902534612,10.796338923373638,10.834927558898926,30021900
2002-12-16,10.837071591784449,11.162933762651644,10.796338667087229,11.135064125061035,27415200
2002-12-17,11.115774552001513,11.117918843122983,10.901392054878881,10.920685768127441,21729600
2002-12-18,10.938932089817014,10.938932089817014,10.72423232945644,10.816553115844727,23215800
2002-12-19,10.76287459361648,10.992603992125039,10.73496509520037,10.769315719604492,23252400
2002-12-20,10.771471050067822,11.003345612648717,10.771471050067822,10.904584884643555,39010200
2002-12-23,10.848759403192343,10.850906855719547,10.60615009396757,10.646943092346191,25618200
2002-12-24,10.58467992950159,10.70705893244459,10.571798899075878,10.670560836791992,12646800
2002-12-26,10.573942822158386,10.874520983262492,10.573942822158386,10.683438301086426,21927900
2002-12-27,10.634061197087195,10.730675679272377,10.50953597369472,10.554622650146484,17068800
2002-12-30,10.554622265764802,10.895994734141347,10.552474813242528,10.872376441955566,23658000
2002-12-31,10.86378386521559,10.86807753967584,10.681288572684599,10.844460487365723,23478900
2003-01-02,10.874522432241351,11.08063361995417,10.846611695803523,11.078487396240234,22636500
2003-01-03,11.080634021528358,11.080634021528358,10.702763497027087,10.734969139099121,25167900
2003-01-06,10.777907149031078,10.853052000749706,10.664116759677563,10.77575969696045,22315200
2003-01-07,10.803672505469637,10.898140758402338,10.756439607523014,10.833730697631836,20007000
2003-01-08,10.820846389670946,11.026958790790726,10.704909776472906,10.732820510864258,23390700
2003-01-09,10.89599412514543,11.164366706482053,10.89599412514543,11.147192001342773,29654400
2003-01-10,11.147192808375502,11.164367514758194,10.994755618291299,11.082782745361328,22279800
2003-01-13,11.082784307173075,11.203015868433617,10.949670485790346,11.009785652160645,20762400
2003-01-14,10.949665920904879,11.06560375663051,10.885255875666259,11.03769302368164,20278800
2003-01-15,11.046281552568118,11.095663124875932,10.848757720375987,10.861639976501465,19510500
2003-01-16,10.97113579353625,10.99904775568398,10.730672765410208,10.799376487731934,24260700
2003-01-17,10.799376058420576,10.827286790939299,10.67055719844805,10.72852611541748,25983600
2003-01-21,10.749994261757449,10.797227141176311,10.515972402226707,10.522412300109863,23482200
2003-01-22,10.524559694160095,10.646938638097557,10.25189169196661,10.320594787597656,33292800
2003-01-23,10.320600333292257,10.468742633782218,10.163870064451286,10.427950859069824,32689500
2003-01-24,10.391447899491851,10.453710494701452,10.131661487013648,10.155279159545898,25276500
2003-01-27,10.101607074321103,10.372127760255038,10.073696331776318,10.11234188079834,33767400
2003-01-28,10.11233936027555,10.369978951331479,10.11233936027555,10.34421443939209,28970700
2003-01-29,10.344213741907577,10.419358591971235,10.163866470310635,10.327037811279297,26901900
2003-01-30,10.329187065643737,10.539591945423876,10.198220111055862,10.213249206542969,24751200
2003-01-31,10.133807517403993,10.402181873848457,10.123073329398611,10.262627601623535,26233500
2003-02-03,10.256185366704967,10.410769328218585,10.243303113970658,10.320594787597656,22222800
2003-02-04,10.322744580139668,10.565355071403152,10.090869506675812,10.123074531555176,24055200
2003-02-05,10.21968424634932,10.2561829299923,10.015720002505295,10.035042762756348,22228800
2003-02-06,10.412920339645336,10.412920339645336,9.970638520375092,10.045783996582031,25090800
2003-02-07,10.198219944319526,10.219690168130056,10.037195415649956,10.045783996582031,24579300
2003-02-10,10.047927942018745,10.112337366388049,9.929843280705427,10.095161437988281,23274900
2003-02-11,10.123073090069246,10.223981211790704,10.095161744876393,10.144542694091797,22929900
2003-02-12,10.181042947584231,10.32918519470437,10.16386640281029,10.27336311340332,23217000
2003-02-13,10.230421182705685,10.294830601755006,10.125218783511356,10.22827434539795,24066900
2003-02-14,10.228277202350101,10.554620520404468,10.159572860975675,10.552473068237305,26207700
2003-02-18,10.65981992577932,10.68987810672921,10.470884718910293,10.537442207336426,27398700
2003-02-19,10.535297236051825,10.588972484062385,10.372125268352244,10.470887184143066,16569600
2003-02-20,10.470884686244352,10.494501740594211,10.299125407808344,10.322742462158203,18372300
2003-02-21,10.402183902613386,10.548179944634896,10.284099826148038,10.498798370361328,23510400
2003-02-24,10.455855685027307,10.507383465970605,10.22827434539795,10.22827434539795,20684400
2003-02-25,10.150988701440253,10.415068889145164,10.039345109771345,10.397892951965332,30217500
2003-02-26,10.397885912834067,10.425796638291377,10.26262534554621,10.269065856933594,20824800
2003-02-27,10.316305840305922,10.41292155156815,10.230426163588232,10.339922904968262,22133400
2003-02-28,10.369982555700764,10.466597052015372,10.245456699837057,10.31845474243164,23551500
2003-03-03,10.434387627856097,10.451563557379457,10.25618659122662,10.260480880737305,19990200
2003-03-04,10.305573114143591,10.305573114143591,10.069403648376465,10.069403648376465,19404300
2003-03-05,10.071548094750597,10.279806137084961,10.047931032372311,10.279806137084961,23835300
2003-03-06,10.187480214319406,10.417207751043366,10.112335388701707,10.176745414733887,27481200
2003-03-07,10.069401144636354,10.348511002288227,10.004991082984404,10.331335067749023,27548400
2003-03-10,10.260482842574106,10.357097311051078,10.101605156975262,10.118781089782715,19052400
2003-03-11,10.176749250148276,10.286245967114397,10.047929763793945,10.047929763793945,20966400
2003-03-12,10.05007985661753,10.198222160339355,9.9835229468802,10.198222160339355,25397400
2003-03-13,10.41292279825226,10.642649886021262,10.350658950222588,10.63835620880127,32435700
2003-03-14,10.627616204426355,10.780053342131566,10.528854305542877,10.59755802154541,26460000
2003-03-17,10.627619759984569,11.160074965660842,10.597561567047407,11.157927513122559,37141200
2003-03-18,11.102100747476864,11.254536635098553,11.054866642277208,11.218038558959961,32295300
2003-03-19,11.304071939470488,11.41805870074268,11.190083947558707,11.409455299377441,26828400
2003-03-20,11.338479926432159,11.471823380666722,11.226643123662743,11.422356605529785,23738100
2003-03-21,11.467521185398702,11.798729282355005,11.3771922637921,11.757865905761719,38313600
2003-03-24,11.691195737664588,11.691195737664588,11.295466423034668,11.295466423034668,25334100
2003-03-25,11.316977312992528,11.560006499309857,11.30622275278336,11.499786376953125,22386300
2003-03-26,11.465369212272975,11.607314810983063,11.4352591668984,11.469670295715332,19914300
2003-03-27,11.398699658799499,11.59226197700676,11.370739536031618,11.514836311340332,20917800
2003-03-28,11.405151025256092,11.510535586338236,11.329876514574455,11.426657676696777,18396000
2003-03-31,11.112657153553204,11.39009740671477,11.112657153553204,11.190081596374512,25554000
2003-04-01,11.20513499239158,11.31266946615503,11.08039372296133,11.273957252502441,26118600
2003-04-02,11.405153713982259,11.693347341529373,11.3556881578795,11.628826141357422,24999000
2003-04-03,11.570754350419469,11.736359010784359,11.570754350419469,11.62452220916748,21043500
2003-04-04,11.57075618126119,11.766470922718495,11.57075618126119,11.742813110351562,18418200
2003-04-07,11.981534415892664,11.981534415892664,11.673984227313692,11.682587623596191,25653000
2003-04-08,11.699796021128032,11.796577176588928,11.654631563955558,11.734207153320312,19868700
2003-04-09,11.732056739220617,11.841742383861304,11.508384365802552,11.549247741699219,22557300
2003-04-10,11.514833058972064,11.738505363464355,11.448161968161049,11.738505363464355,26255700
2003-04-11,11.63527275677849,11.71054724879765,11.392244948345255,11.394394874572754,32407800
2003-04-14,11.394396806579422,11.65678261002224,11.314821217973677,11.323423385620117,22876500
2003-04-15,11.678287736860133,11.93207010892265,11.628820972106835,11.891206741333008,26547600
2003-04-16,11.891209385097786,11.934223919201482,11.717002552532602,11.729907035827637,22386300
2003-04-17,11.729909716080062,11.936376573420688,11.693347415269498,11.917019844055176,21677400
2003-04-21,11.919171120487865,11.925623363673857,11.779375389617,11.824541091918945,20014800
2003-04-22,11.717002677849878,12.043909694744412,11.699797110152234,12.04175853729248,26414400
2003-04-23,11.914873599878696,12.039613723754883,11.914873599878696,12.039613723754883,19563900
2003-04-24,12.039608153754115,12.039608153754115,11.781524621699663,11.852498054504395,19478700
2003-04-25,11.852498344215551,11.93207394804749,11.669688094399108,11.828839302062988,22233900
2003-04-28,11.82883604648402,12.132085197408339,11.721302806727806,12.063262939453125,27560400
2003-04-29,12.063264165096825,12.263278718771026,12.052510840028653,12.168648719787598,25303500
2003-04-30,12.368667495223011,12.368667495223011,12.020253737023124,12.112733840942383,37640400
2003-05-01,12.112727546751438,12.112727546751438,11.856795256101645,12.031002044677734,24271500
2003-05-02,11.861102560927657,12.1320906306454,11.85895140291354,12.076172828674316,21553800
2003-05-05,12.076173891508615,12.076173891508615,11.936378143637766,11.953583717346191,21947100
2003-05-06,11.953581764854448,12.09552864774321,11.94712952193773,12.024555206298828,22686600
2003-05-07,12.024554387496032,12.035307714745153,11.824539793255665,11.846046447753906,24627300
2003-05-08,11.749263080468847,11.925621078723605,11.749263080468847,11.830989837646484,27484200
2003-05-09,11.925620037850882,12.00304447321151,11.710549837308404,12.000894546508789,19495800
2003-05-12,11.981536133599095,12.248222997006609,11.921317273543906,12.19445514678955,22657500
2003-05-13,11.99228992666262,12.112728882123704,11.93207106425162,11.934222221374512,27647100
2003-05-14,12.018103329447454,12.039609986065257,11.592265129089355,11.592265129089355,36225900
2003-05-15,11.581505767106945,11.69764239072254,11.491175641220728,11.562149047851562,34739400
2003-05-16,11.420207018978058,11.624522675262083,11.38149356842041,11.38149356842041,31444800
2003-05-19,11.321279869612814,11.506238885134348,11.228799746532125,11.284717559814453,25887600
2003-05-20,11.28686357150868,11.452467008031885,11.28686357150868,11.35783576965332,28671900
2003-05-21,11.355687501459846,11.441715353169728,11.306220717576997,11.31052303314209,20813100
2003-05-22,11.323422737952876,11.450315163912759,11.308368330113101,11.377190589904785,22377600
2003-05-23,11.344934291935143,11.344934291935143,11.183631896972656,11.183631896972656,21462000
2003-05-27,11.183623011186969,11.312665316884106,11.104047455950473,11.291158676147461,47660400
2003-05-28,11.312670927430563,11.570754436183346,11.312670927430563,11.473973274230957,32211900
2003-05-29,11.473973660158183,11.600864876726193,11.304069139337576,11.35783576965332,24998400
2003-05-30,11.336328848576509,11.510535680200805,11.306218797930471,11.31482219696045,33368100
2003-06-02,11.390097707688945,11.493331121271433,11.26965872517604,11.282563209533691,28615800
2003-06-03,11.327724745886648,11.366436958312988,11.209435720918602,11.366436958312988,22188900
2003-06-04,11.392251753034657,11.61162312016415,11.392251753034657,11.583662986755371,27131100
2003-06-05,11.420209281976076,11.884759704968365,11.420209281976076,11.747115135192871,31813200
2003-06-06,11.820235092093071,11.895509598283216,11.532041549682617,11.532041549682617,28415100
2003-06-09,11.603013690658234,11.669684791039474,11.527739192780588,11.568602561950684,17940000
2003-06-10,11.699800081726032,11.80733459948865,11.678293424301424,11.77722454071045,24820500
2003-06-11,11.77722035713996,11.912714958190918,11.504082459082197,11.912714958190918,27555900
2003-06-12,11.953579960027417,11.955731117554695,11.712702003823614,11.835290908813477,21414900
2003-06-13,11.830991279196462,11.869704735611965,11.60516893663672,11.630976676940918,24796500
2003-06-16,11.714855686300615,11.882610321044922,11.65678672694145,11.882610321044922,26111100
2003-06-17,11.697645734948638,11.910564785073419,11.697645734948638,11.841742515563965,20163600
2003-06-18,11.815893767696158,11.899909019470215,11.766347228110808,11.899909019470215,17116800
2003-06-19,11.902061491555711,11.921448674788886,11.701718225349735,11.738340377807617,18525300
2003-06-20,11.79434451251985,11.807270117411512,11.589693210580279,11.688787460327148,38785500
2003-06-23,11.643551990378619,11.675866010696357,11.34627039937844,11.57677173614502,18756900
2003-06-24,11.63278363268575,11.84389783658416,11.62201270108344,11.76203727722168,22227600
2003-06-25,11.794350173905633,11.925757266304624,11.652172149811294,11.67155933380127,25632900
2003-06-26,11.589697918131304,11.718951554241649,11.589697918131304,11.716796875,17044800
2003-06-27,11.740495533432352,11.798658318145588,11.527226647982628,11.589698791503906,17120400
2003-06-30,11.632780895210754,11.755571705358825,11.561691284179688,11.561691284179688,23685900
2003-07-01,11.525072784866738,11.738341685421691,11.417363460119363,11.708182334899902,22321500
2003-07-02,11.79650098060001,12.009768585339373,11.79650098060001,12.005461692810059,30133800
2003-07-03,11.955916195763937,12.095940768205862,11.837434718612052,11.839588165283203,14606700
2003-07-07,11.977457495699964,12.205805419937287,11.964531885663998,12.182108879089355,32310900
2003-07-08,12.171332516542888,12.229496508984278,12.117477881062783,12.214417457580566,21525900
2003-07-09,12.214423383549146,12.214423383549146,11.99038478635765,12.011926651000977,21921900
2003-07-10,11.89775520693184,12.061476362980383,11.787889953826506,11.98392391204834,22558200
2003-07-11,12.009771877460341,12.283358240374836,11.949454410400364,12.177801132202148,21379800
2003-07-14,12.343676001974716,12.429844685978885,12.03777686559639,12.203651428222656,27064800
2003-07-15,12.296286901508818,12.429848713151777,12.266127544172443,12.34798812866211,23279400
2003-07-16,12.328596944519267,12.386760960303844,12.136871160364707,12.203651428222656,19446900
2003-07-17,12.192880466022983,12.296282886566948,12.001154682352432,12.020543098449707,18882900
2003-07-18,12.14979811099999,12.294130841348881,12.05501315485325,12.279051780700684,19905600
2003-07-21,12.246735613978677,12.270432154666711,12.005463313987423,12.055009841918945,18455700
2003-07-22,12.07439685261643,12.30489945124707,12.070088726912733,12.257506370544434,19610700
2003-07-23,12.261819972164648,12.274745587702085,12.05716973432491,12.171341896057129,15607800
2003-07-24,12.279052189317742,12.279052189317742,11.977461105082803,11.98392391204834,22257000
2003-07-25,11.960220569499203,12.126095078533924,11.848200700158664,12.10455322265625,18654300
2003-07-28,12.104556791710841,12.162720805853294,11.95591597008193,12.09809398651123,18539700
2003-07-29,12.098091581462052,12.123942797121387,11.902058948429865,11.953760147094727,22660800
2003-07-30,12.009773521142854,12.06793754930832,11.927914178404745,12.04208755493164,16079700
2003-07-31,12.117484032565411,12.33290514915265,12.044240951538088,12.044240951538086,26763900
2003-08-01,12.00331583141839,12.063634558907566,11.891295865790529,11.90637493133545,19120200
2003-08-04,11.80081101601317,12.08516824954409,11.80081101601317,12.02700424194336,19786800
2003-08-05,11.934377268068458,12.052858774357697,11.89990978631293,11.912834167480469,22274100
2003-08-06,11.850360575407985,12.115330696043104,11.850360575407985,12.00761890411377,19028400
2003-08-07,12.167033084104142,12.386763583002713,12.12394811665246,12.279051780700684,40163700
2003-08-08,12.347984734369987,12.449232480801463,12.313517259075764,12.444924354553223,19867800
2003-08-11,12.468623326379841,12.559100158485569,12.33936965252504,12.429847717285156,21129600
2003-08-12,12.505244525823136,12.666810989379883,12.47293049351921,12.666810989379883,20609700
2003-08-13,12.602183501982763,12.634496299951795,12.462158912141827,12.509552001953125,28214100
2003-08-14,12.50955140127891,12.59787477053581,12.44061644946499,12.479392051696777,20044200
2003-08-15,12.505242214221246,12.533246881938439,12.440615394213996,12.516013145446777,9706200
2003-08-18,12.602183511223059,12.742208101166664,12.576332286705492,12.692660331726074,20434800
2003-08-19,12.72066863395464,12.72066863395464,12.580645236699374,12.68404769897461,15981000
2003-08-20,12.591411982718867,12.73143656603635,12.582794497402725,12.662500381469727,11825700
2003-08-21,12.658191530523597,12.802524231909775,12.647420598985628,12.750823020935059,17719200
2003-08-22,12.804673558027416,12.813291039247542,12.578480392332352,12.580635070800781,20809500
2003-08-25,12.580643096781154,12.731438636779785,12.565562803188667,12.731438636779785,18136200
2003-08-26,12.651732739748775,12.785293306311887,12.574180289906428,12.731438636779785,20238000
2003-08-27,12.763742784399287,12.789593994370502,12.731430004588805,12.733583450317383,14978100
2003-08-28,12.76374994138039,12.806834904606811,12.679735927172075,12.774520874023438,14408400
2003-08-29,12.720666906684897,12.778830937898764,12.64742381401553,12.7465181350708,15532200
2003-09-02,12.701270584880218,12.914538135090837,12.692653104063398,12.908075332641602,20201400
2003-09-03,12.91454721040424,12.946860012703743,12.787448215779166,12.92101001739502,22884000
2003-09-04,12.936085946405107,12.968399973534847,12.869305678093804,12.942548751831055,29719200
2003-09-05,12.73143405169136,12.755130590813183,12.602180426054868,12.68619441986084,31780500
2003-09-08,12.612954055374031,12.632342473164988,12.505243499395158,12.62157154083252,25674000
2003-09-09,12.617263305137158,12.617263305137158,12.257509449116597,12.291976928710938,30322500
2003-09-10,12.184264100109463,12.382452707343987,12.184264100109463,12.246737480163574,32541600
2003-09-11,12.300593637861231,12.466469468125073,12.28120521762596,12.386763572692871,25185900
2003-09-12,12.3178251878045,12.39322294288336,12.2187321224132,12.382452011108398,23912400
2003-09-15,12.386766694015,12.505248227119376,12.386766694015,12.440621376037598,18231000
2003-09-16,12.488010815253379,12.60649231356582,12.429846789625035,12.58495044708252,18779400
2003-09-17,12.531097055002496,12.602186707803662,12.406152725219727,12.406152725219727,20104500
2003-09-18,12.410456648452461,12.60002899169922,12.410456648452461,12.600028991699219,22535700
2003-09-19,12.395381902679894,12.600033375036906,12.395381902679894,12.52463436126709,25095900
2003-09-22,12.427695008465564,12.440620624431945,12.225199444047002,12.294133186340332,27752700
2003-09-23,12.341518536169323,12.475080274383828,12.31997667819551,12.41260814666748,19807800
2003-09-24,12.326436234430092,12.386754900048977,12.182103605256493,12.197182655334473,23936400
2003-09-25,12.190728996938876,12.382454831097709,12.190728996938876,12.255355834960938,22629600
2003-09-26,12.214422911275046,12.298438152382252,12.195035726907339,12.23596477508545,19725600
2003-09-29,12.337217138310136,12.354450880617119,12.164879715240316,12.328600883483887,26007900
2003-09-30,12.253200706005993,12.354449702816076,12.020545823368934,12.031316757202148,38474100
2003-10-01,12.067937078693426,12.300593182282372,12.065783631627719,12.291976928710938,32798100
2003-10-02,12.291974691693724,12.328654700569595,12.19488193040038,12.311393737792969,18566100
2003-10-03,12.503415978730672,12.561671852454692,12.378273137034242,12.402007102966309,28898400
2003-10-06,12.421430894664343,12.611301460212712,12.404169934159947,12.51205062866211,12368100
2003-10-07,12.458107939022206,12.708391189575194,12.4516349260457,12.708391189575195,21436200
2003-10-08,12.729971763378387,12.734285460397944,12.56599201577181,12.626404762268066,16730100
2003-10-09,12.76880621479755,12.818431005604355,12.626402386689078,12.721338272094727,24380100
2003-10-10,12.611304711739862,12.727816533834686,12.594043746785134,12.60483169555664,14459700
2003-10-13,12.606983553938601,12.770962022736665,12.606983553938601,12.719179153442383,13698600
2003-10-14,12.70192331569084,12.848642121783888,12.660928373320745,12.80117416381836,15849000
2003-10-15,12.80333304255497,12.80333304255497,12.654456143814777,12.745077133178711,20181900
2003-10-16,12.766655184761023,12.868062905100253,12.719187215835523,12.814123153686523,20514000
2003-10-17,12.859419932574642,12.865892943067442,12.652288535207079,12.695440292358398,21579000
2003-10-20,12.729971885681152,12.76017764191882,12.632877898369982,12.729971885681152,20537700
2003-10-21,12.697611996717718,12.831384809686194,12.654458958669052,12.723504066467285,15818700
2003-10-22,12.723499092477635,12.723499092477635,12.524997417337216,12.56599235534668,16532400
2003-10-23,12.54657326692613,12.676029860809168,12.54657326692613,12.665243148803711,19254300
2003-10-24,12.667402365459669,12.667402365459669,12.298449090287303,12.537945747375488,25435200
2003-10-27,12.537940020432009,12.609140695745486,12.46026509737974,12.468894958496094,21044400
2003-10-28,12.468896820783318,12.680344499527893,12.466739972482603,12.678186416625977,24096600
2003-10-29,12.632878125899115,12.72134101687758,12.58325332438516,12.697607040405273,16159800
2003-10-30,12.697607023174246,12.762335937592567,12.630720025588152,12.686819076538086,18343500
2003-10-31,12.686815323108828,12.768805174808355,12.67818422759262,12.719179153442383,17739900
2003-11-03,12.6803486342578,12.930633244639726,12.626407655531956,12.738604545593262,16460400
2003-11-04,12.691138145267049,12.708399112431822,12.58973042614966,12.6566162109375,22938000
2003-11-05,12.656611824475856,12.658769907599176,12.462425085221048,12.4969482421875,23902500
2003-11-06,12.496948789972878,12.665243477530131,12.460268782876623,12.645824432373047,23989500
2003-11-07,12.676032404368899,12.686821587742003,12.559521816875675,12.60483169555664,19853100
2003-11-10,12.589724218061471,12.615615038740794,12.477527369514677,12.540098190307617,16737600
2003-11-11,12.542255460809509,12.615614221684481,12.501260532337918,12.57461929321289,14808600
2003-11-12,12.574622844390934,12.589726958125562,12.475372001883139,12.505578994750977,25839900
2003-11-13,12.15820194431059,12.168989891741019,11.953228473929544,11.979119300842285,83990700
2003-11-14,11.979122141729912,12.071899993155906,11.759045739674722,11.866925239562988,48505500
2003-11-17,11.866925239562988,11.869083323401448,11.728838738944965,11.866925239562988,31059300
2003-11-18,11.86908368524539,11.931654537849177,11.765517880673235,11.806512832641602,30298500
2003-11-19,11.780620553834554,11.9402841743158,11.769831370238427,11.912235260009766,21480600
2003-11-20,11.899288590425174,11.994224511857627,11.858293645679485,11.882027626037598,26223300
2003-11-21,11.910077339468366,11.916550355874035,11.795723597038709,11.82593059539795,25821600
2003-11-24,11.899285608292585,12.11720507474679,11.888497662579159,12.099944114685059,30434400
2003-11-25,12.082683500026437,12.1387800728472,12.03089938905093,12.091313362121582,24256800
2003-11-26,12.087005101468582,12.12584321010064,11.907923617162616,12.017962455749512,21051000
2003-11-28,11.996381412675126,12.08268746958792,11.976962364679514,12.005012512207031,9502800
2003-12-01,12.005010173207136,12.009325104831605,11.64037190701101,11.759041786193848,59235900
2003-12-02,11.722364114968086,11.769830841491181,11.43324265033803,11.439714431762695,65003100
2003-12-03,11.497966823387243,11.590745868308122,11.366352163394557,11.368510246276855,53107800
2003-12-04,11.465606495867629,11.485025543946328,11.249843821865603,11.439714431762695,52777500
2003-12-05,11.40303531557749,11.575644955819516,11.370671471007684,11.538966178894043,40616400
2003-12-08,11.538968783638134,11.564859618218128,11.435402976114535,11.521706581115723,31278900
2003-12-09,11.543281950844246,11.549754967841642,11.33830842920101,11.3512544631958,29950200
2003-12-10,11.413819332442321,11.489336178362713,11.340460569257209,11.424607276916504,29140800
2003-12-11,11.467763475811408,11.551910206851453,11.379300578101528,11.394403457641602,35053200
2003-12-12,11.43107943549008,11.435395600637795,11.22178987146243,11.327513694763184,34570500
2003-12-15,11.450504809312662,11.450504809312662,10.895994568170591,10.947778701782227,74129100
2003-12-16,11.003877384979244,11.10960127494557,10.917572546619526,11.088024139404297,50199900
2003-12-17,11.09017886507465,11.32577308717589,11.077210126161972,11.21770191192627,49095900
2003-12-18,11.43168485892634,11.500851076603563,11.353874873786514,11.369004249572754,46089300
2003-12-19,11.388457500382804,11.457622482119433,11.312808147012436,11.314970016479492,43464300
2003-12-22,11.260933788341026,11.498688709112315,11.25661128641324,11.470590591430664,34286100
2003-12-23,11.43384744163539,11.524626175550631,11.351713712489461,11.405749320983887,29736300
2003-12-24,11.418716746828572,11.444652994910149,11.295516167330877,11.334421157836914,10883700
2003-12-26,11.30848378510069,11.461943099303785,11.30848378510069,11.35171127319336,9357900
2003-12-29,11.386296190893804,11.433847427368164,11.297678089897722,11.433847427368164,23506800
2003-12-30,11.444652796947508,11.481397154258788,11.351712205792072,11.40790843963623,18420600
2003-12-31,11.444655741719682,11.492206984177159,11.390621363261317,11.466269493103027,20292600
2004-01-02,11.531111060783472,11.541917935609893,11.267419852069654,11.304162979125977,26381700
2004-01-05,11.412234051998112,11.412234051998112,11.148541609957878,11.265257835388184,40354200
2004-01-06,11.314966669306886,11.541913425515585,11.304158561936271,11.528945922851562,39943500
2004-01-07,11.528948882415943,11.565692004546829,11.414393303723518,11.559208869934082,36686700
2004-01-08,11.701859757362937,11.742926612739787,11.43384488125103,11.5116548538208,40300800
2004-01-09,11.487878767418154,11.487878767418154,11.297673892192257,11.325773239135742,33244500
2004-01-12,11.369005270957336,11.412234006293316,11.260935287768671,11.349552154541016,26848500
2004-01-13,11.323617376483497,11.403589248657227,11.263098623257846,11.403589248657227,25431300
2004-01-14,11.403585015510311,11.494364966801715,11.403585015510311,11.485718727111816,23437800
2004-01-15,11.492202070643025,11.593787648125572,11.369001514251051,11.56136703491211,30384000
2004-01-16,11.595951992064967,11.617566975587854,11.483558282755045,11.559208869934082,29158800
2004-01-20,11.515979401213366,11.552723757755464,11.405747568354373,11.444652557373047,23944500
2004-01-21,11.4338448663493,11.570012936552537,11.4338448663493,11.552722930908203,27183600
2004-01-22,11.561372634636756,11.600277636689885,11.444656391709652,11.494369506835938,22968000
2004-01-23,11.559206756943611,11.766701656108708,11.472749312190999,11.716988563537598,37678200
2004-01-26,11.719154310173424,11.818579291446351,11.621889961835574,11.803448677062988,27441900
2004-01-27,11.779679876925325,11.876943034591621,11.749419870585012,11.764549255371094,28581000
2004-01-28,11.76670916103813,11.79912979592321,11.483563507929466,11.513823509216309,30082500
2004-01-29,11.537592807280658,11.77967144801636,11.505172190179753,11.775347709655762,31503900
2004-01-30,11.72563516642952,11.822899495860401,11.637018314128243,11.639180183410645,23436000
2004-02-02,11.714832575975253,11.883422557580678,11.704024463520646,11.820740699768066,35349900
2004-02-03,11.820739038128636,11.920164011947236,11.779673410997828,11.889904022216797,24813300
2004-02-04,11.876936084083816,12.093076033128625,11.870451712465032,11.972037315368652,34924500
2004-02-05,12.069300830577074,12.220599542164516,12.054171454125317,12.157918930053711,37717200
2004-02-06,12.211951618507998,12.447545894812228,12.149272251799168,12.44538402557373,45306300
2004-02-09,12.330835406038409,12.436744785997375,12.328673535797986,12.389193534851074,25261800
2004-02-10,12.352443272987367,12.449707599154692,12.281117667036554,12.434576988220215,27599400
2004-02-11,12.47132194719552,12.60100566041026,12.300570137611356,12.335152626037598,31807500
2004-02-12,12.270312784057849,12.41728900979178,12.265991518036472,12.315703392028809,23928000
2004-02-13,12.391348164700894,12.391348164700894,12.144947045518121,12.17304515838623,21399600
2004-02-17,12.402158163185803,12.501583136165808,12.20763195627044,12.432416915893555,23084100
2004-02-18,12.449708865449503,12.460515739063451,12.253020797433862,12.363252639770508,23968200
2004-02-19,12.579392584543818,12.741498162274453,12.471322611645864,12.618297576904297,61849200
2004-02-20,12.687459757954409,12.871179024464642,12.668006649579072,12.84524154663086,50526000
2004-02-23,12.847405340531463,13.00086465148687,12.79985411522208,12.97925090789795,61199100
2004-02-24,12.957639694213865,12.968446568118306,12.849569718402028,12.957639694213867,41334900
2004-02-25,12.914415622021362,12.968450005867297,12.847411254577526,12.942512512207031,36898200
2004-02-26,12.864701682676623,12.910091056913826,12.780406070435227,12.838764190673828,31388700
2004-02-27,12.838755271532504,12.98573140498542,12.80633466581944,12.873337745666504,37901700
2004-03-01,12.897126698401287,13.080846127772627,12.871190434342893,13.065716743469238,32411700
2004-03-02,13.054896920564534,13.057058789079417,12.856048304036321,12.871177673339844,32315700
2004-03-03,12.871182703917922,13.095968883412704,12.853891459341401,13.046257019042969,30023400
2004-03-04,13.143522679489717,13.251592669985579,12.992223950734946,13.195396423339844,33478800
2004-03-05,13.14135672937939,13.143518598489749,13.01167302840405,13.020318031311035,29591400
2004-03-08,12.979252052074969,13.180263842827012,12.972767681073227,13.067870140075684,24233400
2004-03-09,13.011675940328853,13.152166544762379,12.981415949847978,13.028965950012207,29301900
2004-03-10,12.957638905692525,13.024642014529636,12.685301494864104,12.700430870056152,41255100
2004-03-11,12.60316830487582,12.715562017557497,12.449708966833684,12.51455020904541,44761800
2004-03-12,12.534005156044964,12.648559518152638,12.514552038477254,12.639914512634277,27611100
2004-03-15,12.546972066918691,12.706915776535483,12.464838342662937,12.51455020904541,32399700
2004-03-16,12.579392116197896,12.618297107109894,12.378381553590648,12.529680252075195,23958000
2004-03-17,12.557845076935758,12.809131089734576,12.557845076935758,12.64016342163086,23943000
2004-03-18,12.596834489761479,12.822125899245316,12.555675327316232,12.767970085144043,27211200
2004-03-19,12.748472962774647,12.802630015209937,12.666154639728077,12.694315910339355,26895900
2004-03-22,12.629327954728256,12.672653845475807,12.466858033632413,12.586003303527832,27231600
2004-03-23,12.599000647667733,12.737641508764812,12.549175813494049,12.609831809997559,27975000
2004-03-24,12.627161882851741,12.871950117382125,12.60116610169411,12.689983367919922,28590900
2004-03-25,12.835122568668613,12.991093529618185,12.815625733719788,12.958600044250488,33131400
2004-03-26,12.932603928288396,12.98892770349475,12.845953396678981,12.869782447814941,20602800
2004-03-29,12.921775224554343,13.095076320735743,12.917443007036612,13.025755882263184,25261200
2004-03-30,12.975928697524795,13.04958133316959,12.956431864759907,12.997591018676758,19410900
2004-03-31,12.96076575306759,13.012756074267365,12.889278596587761,12.930438995361328,25416000
2004-04-01,12.726812745039476,12.930443117420468,12.586006354953044,12.64016342163086,43483200
2004-04-02,12.780967690054663,13.027921419647267,12.629327695326428,12.694315910339355,31875300
2004-04-05,12.685651840321322,12.841622817102264,12.594667840872086,12.702981948852539,25264200
2004-04-06,12.672651377304865,12.79612884036199,12.650989055923684,12.785296440124512,20706600
2004-04-07,12.715984808782203,12.735480413780571,12.553514822875133,12.560013771057129,31155600
2004-04-08,12.562176400480768,12.586005458539931,12.163583839271917,12.280562400817871,44177700
2004-04-12,12.304385315640118,12.44086066290307,12.304385315640118,12.421363830566406,21485400
2004-04-13,12.434363918106067,12.477689806668481,12.20257357514217,12.232901573181152,39443700
2004-04-14,12.235067139607532,12.453859571271447,12.215570305673806,12.438694953918457,30210600
2004-04-15,12.440856916699149,12.585996652709202,12.371536519771748,12.518841743469238,26047800
2004-04-16,12.607666197147074,12.715980309122314,12.505852270601306,12.659656524658203,26550600
2004-04-19,12.564336473253983,12.715976431689782,12.551339824999605,12.644489288330078,21797400
2004-04-20,12.672653845475807,12.81346144097144,12.586003303527832,12.586003303527832,24492900
2004-04-21,12.391042898188799,12.6899870305003,12.391042898188799,12.64016342163086,19621800
2004-04-22,12.61849777229589,12.715979475041733,12.503684721969307,12.694315910339355,30195300
2004-04-23,12.614164938720398,12.806962864948323,12.57950472094103,12.774469375610352,19189800
2004-04-26,12.731140881674724,12.811292463965069,12.555673100197861,12.59466552734375,21051300
2004-04-27,12.596834207593513,12.798296558541201,12.596834207593513,12.694315910339355,25839300
2004-04-28,12.60983738772228,12.720317027720993,12.538350197267931,12.560013771057129,25570200
2004-04-29,12.58167100143168,12.64016027179534,12.345548431159902,12.47119140625,26069100
2004-04-30,12.514514635010384,12.57517062684536,12.319551248985208,12.347712516784668,25615200
2004-05-03,12.347716307557846,12.460361413337958,12.148419404112074,12.248067855834961,33582000
2004-05-04,12.26106344986271,12.295723666609467,12.03360531263195,12.131088256835938,38286300
2004-05-05,12.109422031386586,12.20690371462767,12.09642414307528,12.100757598876953,26296200
2004-05-06,12.087759912747183,12.087759912747183,11.788814674321227,11.823474884033203,48073800
2004-05-07,11.793148874165315,11.933955210286182,11.611182141924642,11.676170349121094,41790300
2004-05-10,11.589526389878289,11.990287064399988,11.589526389878289,11.962125778198242,42704700
2004-05-11,11.962117247368683,12.061764423004082,11.745490311735283,11.812644004821777,28943700
2004-05-12,11.719498385232626,11.933958663351671,11.578692008369734,11.927459716796875,36908700
2004-05-13,11.92745799087084,12.048769989609886,11.654508472802254,11.968618392944336,39663300
2004-05-14,11.979450049687937,12.066101844053685,11.840809161978438,11.927459716796875,25720800
2004-05-17,11.83863707283061,11.968613452370592,11.728157522085612,11.849468231201172,25296000
2004-05-18,11.925292138575541,12.053101839486496,11.91662646483809,11.959952354431152,26551800
2004-05-19,12.07720884072898,12.177091233114627,11.888298298772478,11.89481258392334,31620300
2004-05-20,11.894811206292662,11.9512666810978,11.736300265907627,11.90783977508545,22347000
2004-05-21,11.94258387325242,12.094581813953955,11.907843084271708,11.962126731872559,25756500
2004-05-24,12.001202783101833,12.090229642142335,11.82097970859633,11.940404891967773,28648500
2004-05-25,11.907840771593769,12.068522325242443,11.836184879709615,12.048980712890625,25702200
2004-05-26,11.98600500154487,12.04680414215426,11.920863420169756,12.003376007080078,20027700
2004-05-27,12.051149459482918,12.244402408117969,12.051149459482918,12.153204917907715,29602200
2004-05-28,12.153206327324725,12.170576096548093,12.094579007541183,12.101093292236328,18489300
2004-06-01,12.04029306564701,12.094577938325678,11.920866594248468,12.038121223449707,23985600
2004-06-02,12.038120482368805,12.309543586580372,11.983836855504554,12.235715866088867,30550500
2004-06-03,12.170579171766283,12.478916260373081,12.170579171766283,12.290005683898926,29258400
2004-06-04,12.387711093258938,12.45285268053829,12.242228753406438,12.287827491760254,21469800
2004-06-07,12.313888333018621,12.496283341377403,12.285660593271324,12.485427856445312,21041400
2004-06-08,12.431147381463527,12.55708821001056,12.40292087136683,12.524518013000488,20914200
2004-06-09,12.485428741791939,12.539712382665703,12.374688374947404,12.383373260498047,17322300
2004-06-10,12.470228330369638,12.509312800299599,12.300860637375948,12.420287132263184,18844500
2004-06-14,12.311713494128519,12.344284910888804,12.174917271152845,12.242229461669922,19055700
2004-06-15,12.300857121704441,12.376855439691948,12.27697182955358,12.313885688781738,26127600
2004-06-16,12.311711419126052,12.313883260701534,12.166229095376233,12.185771942138672,20578500
2004-06-17,12.159721006441414,12.222689528100526,12.090235714930248,12.12714958190918,15728400
2004-06-18,12.120633514659938,12.183603269532131,12.040292750082564,12.0772066116333,38807400
2004-06-21,11.986004999787436,12.131487326432518,11.91435037851041,11.927377700805664,24016500
2004-06-22,11.762356324293357,11.888295831141434,11.666815151875786,11.738471031188965,42725100
2004-06-23,11.738468780620273,11.740639379821955,11.419276390516668,11.627728462219238,69854400
2004-06-24,11.634246686282113,11.695044606556635,11.516992045607168,11.540877342224121,30446100
2004-06-25,11.658133847189456,11.744988920380035,11.401909828186035,11.401909828186035,40214400
2004-06-28,11.380191418482907,11.564758213390602,11.312879231978078,11.3910493850708,44419500
2004-06-29,11.33676924129179,11.401909613101191,11.27597006996881,11.28682804107666,45711900
2004-06-30,11.312879459924131,11.508304225357382,11.295508452494895,11.399734497070312,42381300
2004-07-01,11.530012856431894,11.55172629602778,11.193448330335933,11.239047050476074,50712900
2004-07-02,11.291166766223613,11.388879787462185,11.184770103442945,11.275967597961426,36544800
2004-07-06,11.247740230573253,11.382365877004641,11.199969639505225,11.308539390563965,31339500
2004-07-07,11.323738106927726,11.456191905756064,11.323738106927726,11.360651969909668,29254800
2004-07-08,11.269451591349391,11.404077212784273,11.249909984066457,11.33025074005127,35517600
2004-07-09,11.334588172653083,11.42795745388173,11.228191573150069,11.239047050476074,27537600
2004-07-12,11.230372121437528,11.360655359384218,11.182602760498577,11.336770057678223,25130400
2004-07-13,11.341109400007905,11.53001991913045,11.341109400007905,11.510477066040039,32054100
2004-07-14,11.427966217564483,11.573448610871466,11.369338891718916,11.417109489440918,27609000
2004-07-15,11.471394204594457,11.495279503105785,11.336768541381911,11.362824440002441,20363700
2004-07-16,11.454018785931762,11.497446928270747,11.345451536265625,11.432305335998535,34189200
2004-07-19,11.434476181209934,11.573444236624459,11.434476181209934,11.477904319763184,28873500
2004-07-20,11.3997315688872,11.597326882948655,11.3997315688872,11.56258487701416,26199900
2004-07-21,11.586476785337586,11.703731433018472,11.532191904103476,11.534363746643066,31221900
2004-07-22,11.454022446095722,11.540878758528862,11.325912305068218,11.488765716552734,30684900
2004-07-23,11.486592427222517,11.701558853609685,11.480078142486812,11.543047904968262,27360300
2004-07-26,11.530018345643118,11.538703228627398,11.328079285352006,11.432305335998535,23489400
2004-07-27,11.503961453338226,11.710242959453565,11.482248002948996,11.703728675842285,28904700
2004-07-28,11.69938114242123,11.738466831228818,11.456187099155139,11.70589542388916,29827800
2004-07-29,11.742808790219586,11.766694073799249,11.536527360427998,11.612526893615723,26333700
2004-07-30,11.584303551371539,11.590817835735008,11.40625100116991,11.510477066040039,26871300
2004-08-02,11.512645772075555,11.666814244214809,11.475733156718087,11.547389030456543,21395100
2004-08-03,11.510477323749523,11.532190777132103,11.406251256545865,11.480077743530273,26574900
2004-08-04,11.397568589520132,11.625562379337698,11.395396746770261,11.551735877990723,20719800
2004-08-05,11.508304427348024,11.562588049971874,11.291164966962711,11.302022933959961,29288700
2004-08-06,11.291170180402624,11.295513866196112,11.104432692893344,11.145689010620117,34180200
2004-08-09,11.117461489940574,11.236886759740232,11.091404344545404,11.154374122619629,21667200
2004-08-10,11.226023255378012,11.319392565909691,11.160881673674368,11.31505012512207,21409800
2004-08-11,11.280305446592546,11.332418451138619,11.18693491566646,11.210820198059082,25843500
2004-08-12,11.417106169539782,11.592988095932997,11.395392719606553,11.432305335998535,43057800
2004-08-13,11.503961094199592,11.616872026676694,11.475733361080318,11.595158576965332,29792700
2004-08-16,11.61687322123782,11.790584564208984,11.606017737738387,11.790584564208984,23275800
2004-08-17,11.81012398874073,11.936064720153809,11.664642893655172,11.936064720153809,34583700
2004-08-18,11.90559578959079,11.907772780254986,11.777180739599283,11.85335922241211,23047800
2004-08-19,11.80547537438234,11.960009330452777,11.759768533843138,11.940420150756836,31605600
2004-08-20,11.903417919297588,11.938242294843285,11.84029889429825,11.894712448120117,26385600
2004-08-23,11.714057425170363,11.746704800683538,11.587819412018362,11.70970344543457,33496200
2004-08-24,11.742359876505663,11.792419468005276,11.672711099418358,11.722770690917969,20029200
2004-08-25,11.742354144587628,11.816355622765183,11.659645950815074,11.775001525878906,21921600
2004-08-26,11.75324408583834,11.816363143760107,11.716242700489675,11.72712516784668,14243400
2004-08-27,11.714060291103385,11.757590135770858,11.650940023666992,11.657469749450684,13759200
2004-08-30,11.655298183210006,11.716240236677423,11.570412963006213,11.579119682312012,16520100
2004-08-31,11.58129391708691,11.668354862332489,11.41587749841131,11.463761329650879,25977000
2004-09-01,11.418051309080765,11.522524414279095,11.346225582225292,11.45505142211914,22307400
2004-09-02,11.33969798048123,11.574763133894983,11.33969798048123,11.5617036819458,36113100
2004-09-03,11.589998245239258,11.744532186187506,11.557350861025453,11.589998245239258,25120800
2004-09-07,11.568232040336362,11.629174066531572,11.450699477524058,11.598702430725098,28174800
2004-09-08,11.546472628460787,11.65747553099995,11.535591407315204,11.55300235748291,27295800
2004-09-09,11.55299752314336,11.61176381433331,11.428935214473691,11.441994667053223,27057900
2004-09-10,11.428933025622802,11.663998145363312,11.372344981257687,11.633527755737305,27536700
2004-09-13,11.670533121562592,11.733652164785052,11.57041270160843,11.611766815185547,26058300
2004-09-14,11.65529513604523,11.668354588880515,11.559527475810443,11.58346939086914,21404700
2004-09-15,11.592178003888115,11.611767188449587,11.444174983040243,11.516000747680664,20706900
2004-09-16,11.492057719807084,11.552999767989887,11.424585944065733,11.485527992248535,29202900
2004-09-17,11.487701924712148,11.529057274528546,11.34840441323036,11.422407150268555,50466300
2004-09-20,11.346227396499351,11.394111222059676,11.320108493314503,11.361462593078613,25144200
2004-09-21,11.452879594925092,11.492056711420542,11.361464662544936,11.374524116516113,30561600
2004-09-22,11.322288456194764,11.357112839305216,11.222168043397671,11.246109962463379,32281200
2004-09-23,11.37452092591927,11.51381840809013,11.122043616775725,11.435462951660156,40525500
2004-09-24,11.481171771489494,11.587823137203806,11.439818914045949,11.494231224060059,23806200
2004-09-27,11.537764335729458,11.609590092013717,11.428937205828792,11.431114196777344,26997300
2004-09-28,11.474641303775416,11.513818409285603,11.361461476790977,11.487699508666992,25408500
2004-09-29,11.448526064835935,11.542116746290315,11.381054292354,11.535588264465332,36599400
2004-09-30,11.45288159301513,11.63353325307295,11.45288159301513,11.579119682312012,37151400
2004-10-01,11.644411181818118,11.703177472914472,11.51817312819822,11.56387996673584,27504000
2004-10-04,11.65747112726787,11.748886053626181,11.600881824344626,11.603058815002441,26326500
2004-10-05,11.57911483059911,11.670528495206554,11.518171557248964,11.624821662902832,29181900
2004-10-06,11.624821906894509,11.75106119136435,11.592173279265324,11.748884201049805,23418000
2004-10-07,11.640057316388484,11.835944083127337,11.640057316388484,11.655292510986328,24112500
2004-10-08,11.62482262829915,11.65311727705513,11.457230480795035,11.502937316894531,35414100
2004-10-11,11.550823929603725,11.555176666135054,11.426761597824541,11.513822555541992,19470900
2004-10-12,11.43111132926883,11.533408706080579,11.43111132926883,11.518172264099121,22573500
2004-10-13,11.535589633347334,11.605237159563012,11.39411509893401,11.437644958496094,23986200
2004-10-14,11.45287767760225,11.4615831485136,11.330991121500368,11.33969783782959,25951500
2004-10-15,11.43546622696339,11.552998822562728,11.372348438371706,11.433290481567383,29787600
2004-10-18,11.415876132705224,11.572585815399746,11.394111210352113,11.518172264099121,23532900
2004-10-19,11.539941989515476,11.613944748985453,11.450705272559185,11.465940475463867,23050500
2004-10-20,11.457231528139001,11.520350557351938,11.363640856934925,11.422407150268555,26025900
2004-10-21,11.40934395825205,11.450698049098289,11.320106052171472,11.341872215270996,29075700
2004-10-22,11.387582542731478,11.422406919899581,11.30487433560274,11.315756797790527,25887600
2004-10-25,11.350582818061211,11.407172127796718,11.298346244747327,11.383230209350586,25035600
2004-10-26,11.383226724931106,11.52470120138251,11.367991529409872,11.496406555175781,26754600
2004-10-27,11.428939634175897,11.707536000131242,11.42676388818322,11.692300796508789,35177700
2004-10-28,11.690121009783063,11.827241545852472,11.687944018892516,11.75106430053711,25229100
2004-10-29,11.714057759981436,11.82070660362324,11.66617394485946,11.735822677612305,30020400
2004-11-01,11.73582769855547,11.73582769855547,11.642237018200706,11.720592498779297,26923800
2004-11-02,11.54646884236714,11.899066621433988,11.54646884236714,11.785886764526367,32390100
2004-11-03,11.923006852478272,11.940419039893188,11.733648535954899,11.857710838317871,33328500
2004-11-04,11.818532610326727,12.264719714961394,11.792413708965443,12.24513053894043,49765200
2004-11-05,12.297369583843281,12.395314238343266,12.26254645068024,12.290841102600098,37169100
2004-11-08,12.290840603965714,12.399666471261991,12.234251302421807,12.303898811340332,27684900
2004-11-09,12.340895469572272,12.358307651511547,12.177656108214391,12.258187294006348,23914200
2004-11-10,12.275602258909725,12.34307525760694,12.199423789978027,12.199423789978027,18916200
2004-11-11,12.284307319165043,12.364838512361835,12.214658585003752,12.323484420776367,21255000
2004-11-12,12.30172276451038,12.390960695847598,12.277780850117031,12.37354850769043,19473300
2004-11-15,12.384434623753679,12.599910671454094,12.35831571110233,12.55855655670166,30958200
2004-11-16,12.406196516119895,12.438843903521432,12.332195024092279,12.382254600524902,36696600
2004-11-17,12.482374476039803,12.482374476039803,12.155895634025542,12.2407808303833,48500100
2004-11-18,12.240780511403369,12.282133367801965,12.068834378017046,12.145012855529785,33884100
2004-11-19,12.155893655259948,12.155893655259948,12.005713711280347,12.02530288696289,29541000
2004-11-22,12.07536472786659,12.164601416811324,11.933890227261358,12.118894577026367,26823000
2004-11-23,12.068833969868399,12.177659828884316,12.047069047148788,12.112363815307617,26912700
2004-11-24,12.177661043533787,12.177661043533787,12.012245870780552,12.079717636108398,21574800
2004-11-26,12.036184807156463,12.131952455548738,12.036184807156463,12.040538787841797,10665600
2004-11-29,11.69882744845317,11.731474838522697,11.557352933982358,11.568235397338867,75474000
2004-11-30,11.579114411774384,11.585644136926986,11.330989837646484,11.330989837646484,82952700
2004-12-01,11.426757812076831,11.53340791697876,11.394110430780861,11.496406555175781,59970900
2004-12-02,11.444173328479904,11.594353318817078,11.350582647025524,11.535588264465332,48463200
2004-12-03,11.515999627024668,11.640061959671167,11.48552798025599,11.520352363586426,33860400
2004-12-06,11.520352144395531,11.520352144395531,11.431114196777344,11.431114196777344,27216300
2004-12-07,11.428935465047626,11.557351757671235,11.389758351868036,11.426759719848633,28648500
2004-12-08,11.372351741333128,11.437646539702987,11.339703096729751,11.428939819335938,31724400
2004-12-09,11.344053467789099,11.511645657064541,11.344053467789099,11.485527992248535,34659900
2004-12-10,11.415878116366974,11.552998645519517,11.411525380223576,11.472467422485352,25317000
2004-12-13,11.474641551758678,11.574761930597553,11.426757729868205,11.524701118469238,29389500
2004-12-14,11.502937139808106,11.67270627514829,11.485524952732648,11.646587371826172,30631500
2004-12-15,11.64659068668222,11.705500107181079,11.520045171474207,11.570226669311523,35152800
2004-12-16,11.520045461991733,11.552772363782534,11.46113604000727,11.509135246276855,26548800
2004-12-17,11.376043368758321,11.528771397563203,11.345497513307105,11.349862098693848,53153700
2004-12-20,11.408772250867832,11.498227530283069,11.373863056235244,11.389135360717773,28431300
2004-12-21,11.389134074362078,11.476407051086426,11.384770737638643,11.476407051086426,27883200
2004-12-22,11.421866869254243,11.618230834685166,11.417502282303426,11.557140350341797,37518000
2004-12-23,11.544047153697196,11.598591996934127,11.465500831604004,11.465500831604004,25108500
2004-12-27,11.57458561142983,11.670586481998063,11.504768498903987,11.517858505249023,29076900
2004-12-28,11.5309514560176,11.650951313426702,11.52876916374707,11.613861083984375,19853100
2004-12-29,11.613864111845956,11.670591241159572,11.609500774618281,11.659682273864746,17346600
2004-12-30,11.701137164896714,11.701137164896714,11.568044766863295,11.576772689819336,19756800
2004-12-31,11.578946757546904,11.602946968063314,11.467673621721,11.52440071105957,25220100
2005-01-03,11.727318438820207,11.84731831543917,11.629135246144235,11.640044212341309,48235200
2005-01-04,11.731678937507338,11.75786145159349,11.568041969821845,11.611679077148438,31790100
2005-01-05,11.672768410786562,11.703314258143193,11.587677745061878,11.62695026397705,24724500
2005-01-06,11.760042541258034,11.823315279227566,11.596405590307137,11.792769432067871,42086400
2005-01-07,11.79277121498197,11.853862918537635,11.727317423466534,11.779681205749512,28980900
2005-01-10,11.73822704537536,11.853864842412882,11.692408884497874,11.720773696899414,25962000
2005-01-11,11.690223703447195,11.727315176961472,11.655314521945808,11.692404747009277,19990200
2005-01-12,11.692401828050944,11.812402889785965,11.650947029310709,11.799311637878418,25010700
2005-01-13,11.803682846713883,11.82550203059908,11.677137323055856,11.70331859588623,28767300
2005-01-14,11.701134908099522,11.794953507412904,11.67058905632169,11.779681205749512,22460100
2005-01-18,11.694590122999115,11.89095525706592,11.679316571782719,11.888772964477539,29686800
2005-01-19,11.845135117757387,11.912772450842834,11.727317542760495,11.733861923217773,20841900
2005-01-20,11.720767434452956,11.818949333653103,11.629129913208981,11.644403457641602,27006000
2005-01-21,11.637862372082182,11.668408224415185,11.563680657945806,11.565861701965332,25743600
2005-01-24,11.568040670014012,11.62476902800957,11.51349585254827,11.578950881958008,25731300
2005-01-25,11.605135183338483,11.66186355618779,11.587680587488967,11.624772071838379,19257000
2005-01-26,11.640044375037515,11.714227343736338,11.611680812838447,11.624772071838379,21535800
2005-01-27,11.576775272614002,11.646593678033755,11.535320438339577,11.581138610839844,19902300
2005-01-28,11.541858179563585,11.546221514806529,11.410948134669573,11.439312934875488,33364500
2005-01-31,11.465496669452419,11.541860670714252,11.393497252826277,11.432769775390625,30694500
2005-02-01,11.432775651677144,11.552775573366311,11.42186668138282,11.478593826293945,30575100
2005-02-02,11.482954072411165,11.629136482201712,11.482954072411165,11.576772689819336,27631800
2005-02-03,11.570223482574187,11.659678735073294,11.56804119039705,11.655315399169922,23285400
2005-02-04,11.650947405811499,11.690221162803272,11.592038018774375,11.66403865814209,22341900
2005-02-07,11.716404453273528,11.72513237249282,11.661859639843287,11.674949645996094,18723000
2005-02-08,11.629137768975486,11.688047197980449,11.607319831848145,11.607319831848145,17280300
2005-02-09,11.533137792898334,11.583319296660319,11.404408721262508,11.458954811096191,25200600
2005-02-10,11.445864522238391,11.526591884298696,11.39568177123508,11.402227401733398,27395100
2005-02-11,11.369497584782513,11.482951821815611,11.367315292358398,11.367315292358398,31288800
2005-02-14,11.410953181685517,11.456771343128386,11.367317313054697,11.378226280212402,23398200
2005-02-15,11.474224037885886,11.554951371446089,11.426223596811951,11.498224258422852,28450500
2005-02-16,11.506952905052731,11.552771061776621,11.46331579246499,11.476407051086426,22716600
2005-02-17,11.539677822858424,11.572405963795617,11.417495676411727,11.498224258422852,44895900
2005-02-18,11.522222954060693,11.563679014403471,11.485132726489663,11.50258731842041,29292300
2005-02-22,11.47640432858149,11.493858919785671,11.338949891017625,11.345494270324707,34473600
2005-02-23,11.352041838670392,11.371678725301011,11.179678189233265,11.258224487304688,40937100
2005-02-24,11.290947208734693,11.304038461648325,11.186219682326824,11.22767448425293,29795400
2005-02-25,11.214583624701511,11.234220504760742,11.149128606288048,11.234220504760742,34404000
2005-02-28,11.30185844338242,11.408768282931016,11.258222589493748,11.260403633117676,32594700
2005-03-01,11.347679529222143,11.413134575463623,11.328043889265516,11.354225158691406,31388400
2005-03-02,11.354219866950276,11.434947178695538,11.30185610405195,11.33458423614502,27354600
2005-03-03,11.520041297735974,11.60295091711076,11.491677743413193,11.533132553100586,58427400
2005-03-04,11.60950285624418,11.670593333739218,11.552774468307677,11.585502624511719,34668900
2005-03-07,11.585496109569121,11.64222321715442,11.474222937951309,11.515676498413086,30805800
2005-03-08,11.476402486157115,11.509129371241908,11.400039754292596,11.437129974365234,28233300
2005-03-09,11.432772749393935,11.474227575059759,11.406590228572863,11.443681716918945,30324600
2005-03-10,11.443681331609898,11.467681558737356,11.36077168306982,11.378226280212402,24289500
2005-03-11,11.395678948365862,11.397861240808504,11.229860927805607,11.258224487304688,27745800
2005-03-14,11.29749661201711,11.332405799156765,11.15785986345849,11.192769050598145,45976500
2005-03-15,11.247315795092595,11.26913497711758,11.129496956272316,11.133861541748047,41982600
2005-03-16,11.142614185608364,11.280473893430663,11.129484331873353,11.232333183288574,52435800
2005-03-17,11.27172459200996,11.473044897535944,11.247653604253673,11.45116138458252,57102600
2005-03-18,11.453341154415163,11.453341154415163,11.258585929870605,11.258585929870605,260396100
2005-03-21,11.273902107608114,11.326420238464761,11.186373141644712,11.197314262390137,66091200
2005-03-22,11.197320083959553,11.234519663408134,11.127295873077921,11.138236999511719,54135000
2005-03-23,11.138236353478648,11.19950690838047,11.068212146658515,11.083529472351074,52748100
2005-03-24,11.164497642559038,11.166686369127802,11.055085104626993,11.085721015930176,37511100
2005-03-28,11.08571744621245,11.199506148508963,11.052892818910381,11.157930374145508,36732000
2005-03-29,11.1382363706587,11.219201703402913,11.10103554117878,11.109787940979004,41708700
2005-03-30,11.138235708900957,11.19950626025701,11.094469956105337,11.125105857849121,33451800
2005-03-31,11.105415102438283,11.136049759689028,10.954424281956976,10.965365409851074,47927700
2005-04-01,10.99600132766883,11.050706967181288,10.613056842554318,10.720280647277832,87483900
2005-04-04,10.794679235377728,10.855951043786035,10.661195744648019,10.812185287475586,52720800
2005-04-05,10.842823694267526,10.895341862682601,10.772799469714093,10.869083404541016,39249300
2005-04-06,10.915031750837057,10.930349073540018,10.799054337443852,10.831877708435059,43393500
2005-04-07,10.785926239793444,10.785926239793444,10.60430080279112,10.700583457946777,77376900
2005-04-08,10.700581953213515,10.73121785141788,10.617427909000831,10.62837028503418,39519900
2005-04-11,10.628375675285612,10.656822862284212,10.556162718351628,10.615245819091797,35324400
2005-04-12,10.547405597733182,10.685265269706878,10.453309797921053,10.641499519348145,60284700
2005-04-13,10.669946055009152,10.742158975319857,10.610864236364739,10.62837028503418,37494000
2005-04-14,10.591172555139153,10.831881107674025,10.486136232447398,10.494889259338379,59233500
2005-04-15,10.497074212590812,10.556157282908675,10.392037921388246,10.43799114227295,51633900
2005-04-18,10.48394758625492,10.494888712782382,10.40517034833869,10.47738265991211,45255600
2005-04-19,10.448933083200371,10.479568355661739,10.324202641633219,10.416109085083008,43911300
2005-04-20,10.37234330731365,10.492696916026961,10.350461060662377,10.361401557922363,41935200
2005-04-21,10.479569044580655,10.48394587011469,10.394226894291458,10.455498695373535,31309800
2005-04-22,10.389854691827725,10.40954884914294,10.208229196641037,10.243241310119629,69740700
2005-04-25,10.297947761112281,10.381100587924735,10.262935023083653,10.289194107055664,41223600
2005-04-26,10.28481674194336,10.324205676475874,10.262933861410657,10.28481674194336,35224800
2005-04-27,10.21916694865187,10.387662532571554,10.20822582332181,10.348274230957031,32698200
2005-04-28,10.289193320367938,10.413923803181907,10.269499165411183,10.295758247375488,36187500
2005-04-29,10.317638440470159,10.346085615336486,10.1097533131678,10.315449714660645,50989800
2005-05-02,10.389850905373802,10.481757982793683,10.354838178589196,10.459875106811523,35020500
2005-05-03,10.40954582227446,10.613054768308272,10.402981522455457,10.591171264648438,44000700
2005-05-04,10.591170691234483,10.637123917808506,10.556158589832227,10.60211181640625,36512700
2005-05-05,10.580228338160376,10.770607400022646,10.571474687759972,10.62837028503418,32510100
2005-05-06,10.689642668356987,10.75529067519431,10.645878165219829,10.713713645935059,30726900
2005-05-09,10.700586453208919,10.82313009756054,10.700586453208919,10.777176856994629,30574500
2005-05-10,10.722466311341098,10.726843763468525,10.621807450779343,10.661195755004883,28503900
2005-05-11,10.667758751256553,10.709335774024483,10.532086558876687,10.63493537902832,31038900
2005-05-12,10.241050844480375,10.47519445581194,10.197285086673405,10.42705249786377,97570500
2005-05-13,10.372349859134433,10.405173875910684,10.269501607137403,10.31326675415039,37634700
2005-05-16,10.313261211357753,10.392038433642842,10.221354138992295,10.332955360412598,34515900
2005-05-17,10.306698996410187,10.367970185409527,10.269498788177055,10.28481674194336,49677300
2005-05-18,10.337500657504355,10.46482619226427,10.31115750838888,10.445068359375,55395300
2005-05-19,10.499948613319685,10.530682597957624,10.383600502553671,10.42970085144043,31256400
2005-05-20,10.405553299342158,10.414333720428283,10.324328751663897,10.357257843017578,30407700
2005-05-23,10.390183700389388,10.543852336118897,10.377012443993442,10.504337310791016,34975500
2005-05-24,10.480194028574893,10.504342075669623,10.440679613392883,10.460436820983887,23687400
2005-05-25,10.431899520235907,10.504343040101027,10.34847921463882,10.383604049682617,28449600
2005-05-26,10.41653277577233,10.42750893370064,10.366041570003572,10.385799407958984,21861900
2005-05-27,10.37043202911028,10.387993504308316,10.35286992584189,10.377017974853516,16855800
2005-05-31,10.416532640919979,10.420922852806315,10.346284226175621,10.368236541748047,34217400
2005-06-01,10.372624938997282,10.574589711895864,10.370429833571052,10.519707679748535,32808600
2005-06-02,10.50214244400595,10.633858779369698,10.499946711165196,10.585562705993652,28473600
2005-06-03,10.559220894355969,10.572392781562689,10.381404813556301,10.394576072692871,31570500
2005-06-06,10.394579383171529,10.568005936918981,10.363846016684764,10.477999687194824,26655000
2005-06-07,10.526292414074316,10.557027028693478,10.480192062321043,10.484582901000977,24965100
2005-06-08,10.510926291683303,10.510926291683303,10.383601388076698,10.442873001098633,24978000
2005-06-09,10.438480589113531,10.559219523121678,10.416527655976552,10.49775218963623,28455300
2005-06-10,10.493365416118467,10.543856613604834,10.458241214053215,10.532879829406738,26068200
2005-06-13,10.53727004111743,10.6931344635868,10.535074935636658,10.598736763000488,36819900
2005-06-14,10.629475772819408,10.912665239920775,10.625085559784157,10.906079292297363,48462300
2005-06-15,10.978523646482017,11.042186133068203,10.84241699094892,10.943399429321289,47348700
2005-06-16,10.910463940873566,10.965344709858554,10.807285834129274,10.833629608154297,30279600
2005-06-17,10.921439570634224,10.921439570634224,10.675570191907156,10.74142837524414,52748700
2005-06-20,10.66020363880824,10.74801412966232,10.658007905484258,10.726061820983887,22887600
2005-06-21,10.756796641995741,10.776554477331825,10.649229554874196,10.653619766235352,25502100
2005-06-22,10.690937737486331,10.741428299207733,10.6031272457054,10.710694313049316,31806300
2005-06-23,10.710695622489125,10.732649190223567,10.493365099814136,10.510927200317383,33543000
2005-06-24,10.497756318059345,10.504342263397481,10.370431391230381,10.398969650268555,47136600
2005-06-27,10.39896997110343,10.471413487847057,10.396774865279765,10.431899070739746,23942700
2005-06-28,10.471414372492093,10.677769411037918,10.462633948455647,10.631669044494629,28179600
2005-06-29,10.668985104565293,10.767771747801202,10.647032796321827,10.655813217163086,30888600
2005-06-30,10.611910449563888,10.756797484960916,10.55263819505131,10.581177711486816,31485600
2005-07-01,10.592150818487934,10.653618796511468,10.570198507539732,10.598736763000488,28598100
2005-07-05,10.844606424016442,10.954369224827742,10.813872437824362,10.932416915893555,46103400
2005-07-06,10.958762097194873,10.960957831077765,10.805094641190422,10.840217590332031,32560200
2005-07-07,10.767775142042924,10.949982121408066,10.756797728320546,10.868756294250488,35145000
2005-07-08,10.840217161608546,10.976325021870213,10.811680159103567,10.954371452331543,28125900
2005-07-11,10.943393070360647,10.993883632137353,10.888511041884819,10.932416915893555,26645400
2005-07-12,10.901678280980974,11.026808649600094,10.895092339881039,10.996074676513672,25957500
2005-07-13,10.965347993014444,11.029011713923161,10.952176102058113,11.007058143615723,26315700
2005-07-14,11.046573385102919,11.127799214637673,11.000473019454473,11.08828353881836,30251400
2005-07-15,11.055350355840456,11.068522242169372,10.967539873881373,11.03120231628418,27285000
2005-07-18,11.015840784736065,11.053159470849675,10.965348950375347,10.974130630493164,24127500
2005-07-19,10.974132092245894,11.009256305114164,10.879735613144799,10.923640251159668,28731000
2005-07-20,10.877535222221386,10.989493759828262,10.822653192056322,10.976323127746582,27474600
2005-07-21,10.910466879073175,10.910466879073175,10.75679691611088,10.842412948608398,37496100
2005-07-22,10.864366514796501,10.914857087071837,10.813874686380544,10.875341415405273,23209800
2005-07-25,10.875336901387335,10.947781013232758,10.824846350069075,10.85558032989502,19796100
2005-07-26,10.897297925647367,10.947788511547433,10.870954137427534,10.873149871826172,22295400
2005-07-27,10.868753210159833,10.978517267111494,10.855582578483537,10.932416915893555,20080500
2005-07-28,10.965344930446323,10.971930874085066,10.87753444216359,10.936806678771973,19548000
2005-07-29,10.910463940873566,10.974126386580323,10.829238141723271,10.833629608154297,20447100
2005-08-01,10.892907712991047,10.9214447233276,10.853392030661297,10.873149871826172,20832900
2005-08-02,10.899487196351911,10.947783280919413,10.855582578483537,10.932416915893555,18990600
2005-08-03,10.873150810321372,10.919251187544187,10.85997891507455,10.906079292297363,31755900
2005-08-04,10.908271788535336,10.941200260735815,10.8094851157932,10.82046127319336,27796800
2005-08-05,10.77874175577034,10.888504490540111,10.763374143850434,10.827037811279297,27855900
2005-08-08,10.862173276908184,10.875343914349441,10.778752959075664,10.789729118347168,21678600
2005-08-09,10.789724236969786,10.879730460873688,10.77655234934671,10.805091857910156,23391600
2005-08-10,10.824850843817455,10.921441776902629,10.704110607285209,10.721673965454102,32913300
2005-08-11,10.76338375384233,10.822656010135013,10.679964704375525,10.74582290649414,28682700
2005-08-12,10.717282428059852,10.778750412828881,10.660205910874764,10.690939903259277,30896400
2005-08-15,10.717280538337366,10.78972466701132,10.64703339920861,10.778748512268066,31035600
2005-08-16,10.550441328434795,10.581175315693756,10.350672295462156,10.442873001098633,89274900
2005-08-17,10.418651857515794,10.484717754402832,10.37460708618164,10.37460708618164,35434800
2005-08-18,10.390020604240322,10.451681755835027,10.240269933029413,10.403233528137207,25431600
2005-08-19,10.434065333714512,10.434065333714512,10.242473189201256,10.257888793945312,43331400
2005-08-22,10.31954758975687,10.392220233819256,10.202830193470028,10.277706146240234,30666600
2005-08-23,10.224856497240351,10.273304732221293,10.196227336055632,10.205036163330078,26470200
2005-08-24,10.20723867971031,10.231463113337785,10.013444470804604,10.031062126159668,46920300
2005-08-25,10.09272332549138,10.11914980696759,9.945175313068297,9.973804473876953,37700700
2005-08-26,9.98041005158356,10.141171610589932,9.956185620766574,10.064093589782715,43791000
2005-08-29,10.006840404115595,10.119153144952111,9.973807763916689,10.05308723449707,31727400
2005-08-30,9.989217345624347,10.020048549216897,9.854882917252096,9.95177936553955,68980500
2005-08-31,9.97380492986873,9.976006979244834,9.843873935765794,9.901131629943848,65643600
2005-09-01,9.898930164933274,9.940772888554905,9.848279872783738,9.909941673278809,50821800
2005-09-02,9.942969144633624,9.949575919779885,9.806432065209094,9.810836791992188,35389200
2005-09-06,9.876907131882422,10.070701336964165,9.86589625501704,10.06189250946045,50834400
2005-09-07,10.092723170643351,10.125756429496052,9.989219295601961,10.099329948425293,40037100
2005-09-08,10.042072257743477,10.099329948425293,9.980410468578373,10.099329948425293,31632900
2005-09-09,10.053083091807842,10.15658632987088,9.88791743864611,10.105936050415039,32341500
2005-09-12,10.068498065525551,10.158789009022236,10.031060710693028,10.105936050415039,34302900
2005-09-13,10.235867570295307,10.235867570295307,9.916547713326212,9.925355911254883,49302300
2005-09-14,9.949583430651158,9.97600992112862,9.81524829818114,9.843876838684082,46088700
2005-09-15,9.843872265384471,9.86589464557974,9.740368401586284,9.760188102722168,55333200
2005-09-16,9.735961396698427,9.793218434008299,9.652277259021842,9.661086082458496,290360400
2005-09-19,9.689717277972102,9.742570229756387,9.650077249105447,9.691919326782227,102286500
2005-09-20,9.707340249166222,9.72275649045799,9.48932153189508,9.515748023986816,78952500
2005-09-21,9.473902796803172,9.500329278423747,9.343972437987754,9.357185363769531,81564000
2005-09-22,9.348379335177672,9.58621837102151,9.317548745752454,9.511343002319336,66570000
2005-09-23,9.53556647003555,9.612643880828644,9.440871401350154,9.513544082641602,54646200
2005-09-26,9.639065012847729,9.652277933898166,9.473899404348094,9.493719100952148,46870500
2005-09-27,9.568597650665474,9.568597650665474,9.44747674362116,9.491520881652832,43078500
2005-09-28,9.480508377778829,9.557585763621836,9.416643916049425,9.498126029968262,55667700
2005-09-29,9.533362991747767,9.597226834523127,9.47170119836468,9.588418006896973,48048000
2005-09-30,9.575199646515651,9.661085830295505,9.546571128607944,9.65007495880127,40959900
2005-10-03,9.72275279367587,9.782212535788828,9.621450334088832,9.636866569519043,49841700
2005-10-04,9.636867077772969,9.753583888774838,9.636867077772969,9.656686782836914,41394600
2005-10-05,9.683116652440292,9.683116652440292,9.579612731933594,9.579612731933594,42729600
2005-10-06,9.67870524484049,9.78881587006835,9.535561999095435,9.674301147460938,61397100
2005-10-07,9.694123576431261,9.740369762227475,9.634663834660685,9.69632625579834,36778200
2005-10-10,9.837267102760237,9.909939767568552,9.788818239516692,9.808638572692871,56706300
2005-10-11,9.907739915755597,9.953986109976157,9.810842797834969,9.914346694946289,51459900
2005-10-12,9.923152764014894,9.94297246601756,9.821850944788881,9.89672565460205,47223900
2005-10-13,9.887916432378043,9.931959930011548,9.824051974684279,9.857085227966309,37367700
2005-10-14,9.949579109110806,9.967196761776991,9.821850812252487,9.918747901916504,35573400
2005-10-17,9.971601223199425,9.973803902405665,9.874704130005263,9.96279239654541,29382900
2005-10-18,9.953981809317938,10.02004831256627,9.91874650893399,9.938566207885742,35964300
2005-10-19,9.938568205078687,10.1455759514618,9.861491442542588,10.127958297729492,51174600
2005-10-20,10.16319382569429,10.255686194767115,9.99802816085623,10.042072296142578,56780400
2005-10-21,10.081709302069271,10.152179897341886,10.042069277200016,10.068495750427246,40101900
2005-10-24,10.149975622907546,10.207233287592848,10.06629211920653,10.17640209197998,31100400
2005-10-25,10.121353322548671,10.14777980785335,9.964996460315044,9.995827674865723,44937300
2005-10-26,9.947379477537766,10.125758096619725,9.923155041720296,10.03766918182373,35736300
2005-10-27,10.006837869432252,10.05969146648884,9.848278968433682,9.852683067321777,37290900
2005-10-28,9.907739237848224,10.03106283403643,9.857088317613794,10.020051956176758,37059000
2005-10-31,10.152184060618543,10.471504548939313,10.127959626045255,10.418651580810547,67505100
2005-11-01,10.376808979403013,10.401032782726821,10.312944506848297,10.348179817199707,35350500
2005-11-02,10.295327948889248,10.519953391347295,10.264497364074543,10.47370719909668,37675200
2005-11-03,10.570603504605403,10.599232037613636,10.379011341286713,10.449481964111328,48085500
2005-11-04,10.438467908726969,10.515545286488782,10.367996677300866,10.502331733703613,31394100
2005-11-07,10.552986912105508,10.612446663618574,10.515549547472409,10.581615447998047,36525300
2005-11-08,10.526560416749543,10.537571295151407,10.431865350356407,10.484718322753906,22518600
2005-11-09,10.467101097700803,10.652086508734099,10.420854272399612,10.614649772644043,40248600
2005-11-10,10.625657888496333,10.856890092125399,10.603636133897602,10.799633026123047,56812800
2005-11-11,10.826056682028787,10.89652728232862,10.74016985034228,10.790820121765137,36355800
2005-11-14,10.881111290609349,10.942773697286746,10.793023038294324,10.856886863708496,41502600
2005-11-15,10.746781380627489,10.817252012101019,10.63887275364079,10.742377281188965,50548800
2005-11-16,10.742373011577588,10.834865363596462,10.643273882969682,10.764394760131836,35256600
2005-11-17,10.799632752556064,10.856889817108028,10.759993343259634,10.843677520751953,20110500
2005-11-18,10.93616857193168,10.966999779925104,10.793024667766021,10.900933265686035,39458400
2005-11-21,10.90974352544773,10.967001854011093,10.881114991223143,10.927362442016602,29520600
2005-11-22,10.86569983182684,11.061696729135312,10.729162681568289,11.055089950561523,46448100
2005-11-23,11.07711023763716,11.169603865297463,11.026459955436565,11.13656997680664,35713800
2005-11-25,11.16299560256812,11.202635003369815,11.081512861873206,11.118950843811035,18951900
2005-11-28,11.147584230371264,11.156393690009196,10.973610318694524,11.011048316955566,50079300
2005-11-29,11.01324534486518,11.033065676060694,10.751181981773518,10.793024063110352,55448700
2005-11-30,10.81724750387735,10.830461056800296,10.68731717373384,10.693923950195312,35310000
2005-12-01,10.700532088357564,10.73576739389346,10.467097874153783,10.577208518981934,71648400
2005-12-02,10.533164152797228,10.671903961129274,10.462694169134435,10.563995361328125,32855100
2005-12-05,10.546375958166053,10.546375958166053,10.370199453095765,10.381210327148438,60200100
2005-12-06,10.440671315079925,10.55298400813009,10.420850983324986,10.486917495727539,61566000
2005-12-07,10.526557674239227,10.583815361114262,10.442874138107364,10.515546798706055,32310600
2005-12-08,10.517748275340702,10.544174753216154,10.460490591582092,10.504534721374512,37084200
2005-12-09,10.482510891093343,10.671900926641886,10.47810616395982,10.588216781616211,33551400
2005-12-12,10.647677937108913,10.764394716105604,10.636667062876823,10.720351219177246,46386000
2005-12-13,10.658693680196041,10.9471830012446,10.649885480832326,10.894330024719238,60882600
2005-12-14,10.925250503666293,10.976054822896145,10.854564310036999,10.936293601989746,36879600
2005-12-15,10.90757921764613,10.94513106468699,10.783880576974715,10.881072998046875,27640200
2005-12-16,10.951755655680804,10.962800016876855,10.834683910267325,10.883278846740723,37848000
2005-12-19,10.850147497879133,10.987099873709186,10.801551289690032,10.814805030822754,28374000
2005-12-20,10.788300421135872,10.81259852885349,10.699944240320226,10.735286712646484,28017600
2005-12-21,10.790507716310413,10.810388329464239,10.706570298869236,10.746330261230469,23397300
2005-12-22,10.746331077255126,10.779464171081052,10.682273004157096,10.735286712646484,20097000
2005-12-23,10.713199232030192,10.73086920630621,10.64030490038166,10.677855491638184,21472200
2005-12-27,10.693316981391662,10.702151967179917,10.461381541172695,10.543110847473145,39196500
2005-12-28,10.567408561706543,10.669018478175218,10.547528580475094,10.567408561706543,21787500
2005-12-29,10.574036728378566,10.607169823832942,10.474636178068865,10.487889289855957,23161800
2005-12-30,10.485677877784262,10.485677877784262,10.326636775341893,10.337681770324707,31269600
2006-01-03,10.240490425670592,10.306757874612806,10.06598681756087,10.211774826049805,70240500
2006-01-04,10.213984836881568,10.27141667520588,10.1830604869941,10.231656074523926,42261600
2006-01-05,10.160971168759012,10.249327989333707,10.004139407971534,10.09249496459961,62274600
2006-01-06,10.092494916536898,10.134464263916016,9.962169380977166,10.134464263916016,63389400
2006-01-09,10.136669152391244,10.194100333281876,10.06377548742505,10.096908569335938,44632200
2006-01-10,10.050521543599054,10.167593280692595,10.041685296902507,10.13004207611084,40266600
2006-01-11,10.174223032798857,10.293503549380556,10.10795558760765,10.286876678466797,42537900
2006-01-12,10.216194724103222,10.247119075530028,10.088077928832154,10.103540420532227,34275000
2006-01-13,10.090286623372648,10.136673463353885,10.008556676770828,10.028436660766602,30777900
2006-01-17,10.02843251490225,10.032850638393306,9.873808936256816,9.929031372070312,51353700
2006-01-18,9.862767866708163,10.026227114909256,9.853932248750624,9.979840278625488,39574800
2006-01-19,9.979837462132053,10.136669794610714,9.953330615740155,10.116789817810059,54424800
2006-01-20,10.081451510924186,10.094704624426534,9.898112876972602,9.940081596374512,58060800
2006-01-23,9.940079745721127,10.043898415382827,9.838470454542945,9.995302200317383,46833000
2006-01-24,10.061567023965463,10.141087565328696,10.050522662324951,10.09911823272705,54557400
2006-01-25,10.094703023804165,10.19852232830664,10.08586803751906,10.154343605041504,56959500
2006-01-26,10.207357964772358,10.273625421917849,10.12341990195782,10.231656074523926,50395500
2006-01-27,10.15876124257211,10.275833652856441,9.913572689677125,10.125627517700195,40157700
2006-01-30,10.249325715743353,10.37081497414052,10.207355745501182,10.251534461975098,45807000
2006-01-31,10.25815921193073,10.278039821050722,10.167594309840942,10.18526554107666,38776200
2006-02-01,10.172014549966972,10.24490823598688,10.065986508520002,10.19189453125,45579000
2006-02-02,10.22723682097178,10.266996782837658,10.04389760399206,10.222819328308105,55539300
2006-02-03,10.158763472398585,10.207359065167214,10.03727354251695,10.048317909240723,33988500
2006-02-06,10.037268954702093,10.05273144023184,9.951122175264407,9.957748413085938,36554400
2006-02-07,9.940079345108376,10.043898010585899,9.869394403842527,9.882647514343262,48569400
2006-02-08,9.891484887495022,10.052734770079935,9.834053050206535,10.028436660766602,37033800
2006-02-09,10.046107137667082,10.154343300088314,10.01297341219993,10.09470272064209,39395400
2006-02-10,10.072615400148623,10.14992722639178,10.008557318734958,10.105749130249023,24113100
2006-02-13,10.043900662357638,10.1212118632988,10.043900662357638,10.052736282348633,21484200
2006-02-14,10.032852642882107,10.302339270486998,10.001927668185228,10.260369300842285,44617200
2006-02-15,10.22502686758745,10.366396727707713,10.136670705012289,10.357561111450195,35505900
2006-02-16,10.348729931373763,10.386281158571979,10.238284364823642,10.30013370513916,27223200
2006-02-17,10.300127616080902,10.300127616080902,10.116789082508694,10.183055877685547,46065600
2006-02-21,10.096913548093147,10.2625815672301,10.04389983252719,10.103540420532227,46122900
2006-02-22,10.145511359436863,10.15876447441795,10.037274532553038,10.046110153198242,29732100
2006-02-23,10.050525262650218,10.149925807078427,10.015182158704874,10.09470272064209,44479200
2006-02-24,10.094701704581059,10.105746699940564,9.997510548413615,10.03947925567627,28956600
2006-02-27,10.061570047881732,10.134463741378983,10.061570047881732,10.107956886291504,27155100
2006-02-28,10.065988665490796,10.119003013560963,9.988676838189596,10.019601821899414,36906900
2006-03-01,10.01960098921146,10.0527347170117,9.946707293629563,9.973214149475098,36126000
2006-03-02,9.94228695253927,10.046105606123305,9.92461635122038,9.95333194732666,37555800
2006-03-03,9.911367322670053,10.050528509003,9.909157943478222,10.01297664642334,28525800
2006-03-06,10.0483154176235,10.059360413581892,9.933452389047337,9.966586112976074,29247900
2006-03-07,9.982049656973853,10.019601512027762,9.95112593816709,9.99972152709961,33739500
2006-03-08,9.984259035722902,10.079242098785546,9.975423416646686,9.99972152709961,43434300
2006-03-09,9.984255966891515,10.026225302596877,9.964375988073813,9.993091583251953,21701100
2006-03-10,10.037274761745838,10.046110382592795,9.986469783882466,10.01297664642334,27965700
2006-03-13,10.01739276525204,10.041690243731637,9.988676529274347,9.99972152709961,26513100
2006-03-14,9.982049005983187,10.068196444351413,9.975422766088158,10.059361457824707,41142900
2006-03-15,10.087739353901881,10.10325846204701,10.025660384068338,10.047831535339355,41972100
2006-03-16,10.10104763799447,10.296150449473222,10.070008136279794,10.278413772583008,55668300
2006-03-17,10.331618444170141,10.373743822825668,10.262889332606038,10.351572036743164,37314900
2006-03-20,10.42695444034111,10.657530499586377,10.418085471660163,10.588801383972168,59106000
2006-03-21,10.686354184723639,10.741780484162863,10.579933533134978,10.666399955749512,41670900
2006-03-22,10.622055697752385,10.690785434100471,10.584364808401807,10.664179801940918,27077400
2006-03-23,10.684134032430624,10.834896321296457,10.653094551101427,10.76173210144043,44199600
2006-03-24,10.79720685136934,10.801640701106013,10.646444542683666,10.684135437011719,29178900
2006-03-27,10.684138692798651,10.708526776721953,10.619843411831273,10.630928039550781,25991400
2006-03-28,10.630926084839723,10.71295865801535,10.566631450007675,10.58658504486084,30132900
2006-03-29,10.597671167585164,10.68192003844221,10.531158333575512,10.653098106384277,26045400
2006-03-30,10.65309710518625,10.681919034535444,10.48903322952469,10.566631317138672,29380800
2006-03-31,10.628709145874646,10.628709145874646,10.464644634050199,10.47351360321045,30273000
2006-04-03,10.480161024890425,10.48902935636265,10.316096575497701,10.369306564331055,42327000
2006-04-04,10.351570438363495,10.36930773762804,10.276189929476752,10.309446334838867,26145300
2006-04-05,10.32718233709427,10.413648731761944,10.309445673281061,10.391477584838867,23291100
2006-04-06,10.393694837366949,10.440253419926789,10.276188967331148,10.322748184204102,26291700
2006-04-07,10.309446765701246,10.369308170992204,10.15646818268053,10.20302677154541,37372500
2006-04-10,10.19415616750871,10.198590015787438,10.089953121201901,10.13207721710205,28747500
2006-04-11,10.109912374254217,10.14538571762107,10.036748762138437,10.08774185180664,28961100
2006-04-12,10.149819022058846,10.189726211547793,10.120997092504235,10.176424026489258,27855600
2006-04-13,10.189719492415005,10.200805379352614,10.114339013391632,10.147595405578613,21597000
2006-04-17,10.15425437523845,10.260674402063506,10.116563473336196,10.158687591552734,27675300
2006-04-18,10.229633683911814,10.313883178870404,10.214113939948918,10.287278175354004,31637700
2006-04-19,10.269538052638294,10.353787524467094,10.254018947249321,10.302794456481934,32229600
2006-04-20,10.280626765896574,10.356007292036379,10.256238687428214,10.287278175354004,26534700
2006-04-21,10.331620452300148,10.331620452300148,10.127649368532186,10.158687591552734,30354300
2006-04-24,10.114346740750383,10.140951747963603,10.065570577036109,10.096610069274902,36430800
2006-04-25,10.123213298862114,10.183074713158607,10.087739962140235,10.116561889648438,27617700
2006-04-26,10.143164532151507,10.205242856970857,10.125427867917407,10.194157600402832,31746900
2006-04-27,10.149817713750936,10.216329899096898,10.114344379082889,10.118778228759766,38375100
2006-04-28,10.105473906963821,10.125428130479477,9.974666480580233,9.983534812927246,46130400
2006-05-01,10.18085516575318,10.327182324882555,10.096605695583495,10.183072090148926,55640700
2006-05-02,10.22519704257354,10.256236523951786,10.176421530238965,10.234066009521484,28794900
2006-05-03,10.269540107254866,10.384828447240379,10.262889332606038,10.351572036743164,35379600
2006-05-04,10.402566523925067,10.415868708526606,10.225199199502422,10.287278175354004,31755900
2006-05-05,10.33161715227632,10.495681625051114,10.313881121117275,10.475728034973145,27241500
2006-05-08,10.475728066292493,10.619838949420169,10.442471659854323,10.546674728393555,29634900
2006-05-09,10.573284724835087,10.679705402606555,10.548896639630927,10.613192558288574,43520700
2006-05-10,10.57771178225187,10.661961880680446,10.548889864238921,10.593232154846191,28349400
2006-05-11,10.61983891766997,10.61983891766997,10.426952522081088,10.475728034973145,33613500
2006-05-12,10.477945503518425,10.5200702447801,10.316098581260626,10.318315505981445,34224300
2006-05-15,10.254021226373613,10.544459324823947,10.2163303309606,10.515637397766113,51152700
2006-05-16,10.613192595015777,10.710743667543005,10.573284761424187,10.657533645629883,53055000
2006-05-17,10.601467331654971,10.608142070415639,10.419028503604855,10.421253204345703,46541400
2006-05-18,10.461297343194731,10.5436176072089,10.378977715718461,10.505794525146484,32823600
2006-05-19,10.556969307816436,10.563644046054648,10.432377164547491,10.528045654296875,39083700
2006-05-22,10.52136967593141,10.628162922542113,10.479097190013517,10.53471851348877,29745900
2006-05-23,10.590335334303676,10.677104964202448,10.56808643378758,10.57253646850586,33067800
2006-05-24,10.574766125383874,10.710483018123877,10.53916837709888,10.686009407043457,48705000
2006-05-25,10.861771902080193,11.086483783250111,10.823950093367552,11.001938819885254,77421000
2006-05-26,11.03531312530402,11.124308776934031,11.001940710749775,11.04643726348877,52302900
2006-05-30,10.817278772670413,10.837302988129956,10.730509718498116,10.74608325958252,57822000
2006-05-31,10.786126106057786,10.839522719530322,10.701581149790682,10.779451370239258,36148800
2006-06-01,10.73495634728688,10.806153123506368,10.661536780342688,10.766104698181152,40404600
2006-06-02,10.7171580893866,10.757205239187526,10.528043931781685,10.641511917114258,41328000
2006-06-05,10.628161904164877,10.688232622224026,10.479096185919573,10.499119758605957,37337700
2006-06-06,10.532491147297788,10.565864187550622,10.356727784144317,10.463521003723145,49392900
2006-06-07,10.472420979148067,10.619261990841352,10.439048571682301,10.465746879577637,29064600
2006-06-08,10.476866637519604,10.576985727694597,10.421244708576518,10.523589134216309,48796200
2006-06-09,10.490218353522462,10.565863225568048,10.456845316308119,10.48576831817627,22483800
2006-06-12,10.479094921186443,10.55029104005021,10.439047780647009,10.454621315002441,22406700
2006-06-13,10.476874240653885,10.663763089991923,10.463525400865777,10.57476806640625,42543900
2006-06-14,10.58144139134428,10.65708692850079,10.539168904007935,10.614813804626465,31289400
2006-06-15,10.621490496506462,10.84620181254572,10.525822003005734,10.826177597045898,47199900
2006-06-16,10.803927282378044,10.937419481079578,10.72383298161789,10.748305320739746,50226900
2006-06-19,10.779451821858032,10.879570317179168,10.679333326536897,10.739404678344727,34856100
2006-06-20,10.734952162491405,10.810598309899294,10.72605336460549,10.77500057220459,26099100
2006-06-21,10.746080050362687,10.901819233925208,10.746080050362687,10.879570960998535,29909400
2006-06-22,10.837302519971,10.944095784989495,10.739408057165978,10.78612995147705,25397700
2006-06-23,10.75720769953766,10.819503138689766,10.625940809484455,10.665987968444824,24741000
2006-06-26,10.699357861333954,10.723831470082185,10.634836471312445,10.694907188415527,20329200
2006-06-27,10.668214083531973,10.739410244583704,10.583669716441253,10.59701919555664,25269300
2006-06-28,10.601460113494953,10.663756784128076,10.536939380173392,10.661531448364258,21863100
2006-06-29,10.703809993979057,10.839526271898041,10.6593128015025,10.837302207946777,32900700
2006-06-30,10.835071849145391,10.868444250632031,10.714929166872672,10.717154502868652,33358800
2006-07-03,10.623712676664608,10.690458132215069,10.479096355985776,10.583664894104004,27291900
2006-07-05,10.503568558433471,10.532491564079468,10.403450070250976,10.461296081542969,34569000
2006-07-06,10.419025842347539,10.487996640002091,10.347830344520377,10.394552230834961,30522000
2006-07-07,10.341155851494731,10.37452890102324,10.207664289918675,10.234362602233887,31576200
2006-07-10,10.289982512000607,10.396775739968914,10.245485333680481,10.274408340454102,21926100
2006-07-11,10.234361038568368,10.281082918847051,10.103094833811014,10.263284683227539,39618300
2006-07-12,10.281085694116756,10.28998576913581,10.036351454158154,10.04525089263916,39775500
2006-07-13,9.911758038317581,9.927331576249188,9.724869217758616,9.82498836517334,78919500
2006-07-14,9.773816297364752,9.796065208641767,9.524632055674758,9.578028678894043,60216900
2006-07-17,9.61807579839188,9.773816267237038,9.504607815266176,9.571353912353516,53091900
2006-07-18,9.513506139919645,9.618074673641184,9.413387642534584,9.60472583770752,61125600
2006-07-19,9.629199745612418,9.862809792287116,9.618074972694268,9.83388614654541,52826100
2006-07-20,9.867262147536726,9.92510881980771,9.822765588688712,9.853913307189941,30757200
2006-07-21,9.90285837561983,9.90285837561983,9.691496584604973,9.727093696594238,38928900
2006-07-24,9.796065931762291,9.987403527486466,9.796065931762291,9.88506031036377,34950600
2006-07-25,9.836114573527473,9.967381460979311,9.776043199739263,9.938458442687988,32036700
2006-07-26,9.88950971308197,9.893959113743966,9.707070918641987,9.715970993041992,37042200
2006-07-27,9.782714930029705,9.78938966651767,9.671471655869285,9.684821128845215,26120400
2006-07-28,9.738215228253576,9.909529813408263,9.738215228253576,9.891730308532715,37083900
2006-07-31,10.016326175416728,10.038574449571298,9.86281041029083,9.900632858276367,40390200
2006-08-01,9.86725897336234,9.8739337096576,9.742667502898861,9.809412956237793,28932900
2006-08-02,9.85612962116404,9.885052612551746,9.78938357092125,9.871703147888184,23969100
2006-08-03,9.849457185089925,10.04079467642096,9.827208284309483,9.951800346374512,33106500
2006-08-04,10.045249130030372,10.111994588657263,9.934005850268305,9.982953071594238,29199000
2006-08-07,9.922880926113772,10.023000060918992,9.900632017311095,9.971827507019043,22005000
2006-08-08,9.97182521605284,10.009648288673983,9.871706740787118,9.891730308532715,23071500
2006-08-09,9.962928620007215,9.985176892076975,9.75824095235329,9.76714038848877,30838800
2006-08-10,9.767140750626023,9.998526098727604,9.733767704746125,9.987401962280273,36422400
2006-08-11,9.989624115285517,9.998522912377169,9.85613261084519,9.942901611328125,24733500
2006-08-14,9.976278352578944,10.107545206509611,9.95180474187229,10.034124374389648,32912700
2006-08-15,9.962927472850028,9.987400442001306,9.800512304675005,9.911755561828613,55768200
2006-08-16,9.949277095505495,9.978309590217616,9.837612720458738,9.922477722167969,49362300
2006-08-17,9.938110876845625,10.049775259376757,9.900145255142993,9.967144012451172,37104600
2006-08-18,9.987237677334747,9.99170391783127,9.893440237436366,9.935872077941895,27250800
2006-08-21,9.893443640776765,9.911309247855758,9.830911140737172,9.84654426574707,28446900
2006-08-22,9.87110687546046,9.909073115940833,9.821975033290512,9.842074394226074,24802200
2006-08-23,9.848779370706406,9.859946255932858,9.71031561663629,9.772848129272461,31738800
2006-08-24,9.813046799938023,9.817513042838064,9.750514926705073,9.759448051452637,22440300
2006-08-25,9.737117662468668,9.839849584420268,9.719252046889356,9.799650192260742,23162100
2006-08-28,9.87111145792005,9.97160958714637,9.862178972421669,9.922477722167969,33606600
2006-08-29,9.971604557702637,9.971604557702637,9.839841517795252,9.935872077941895,29574300
2006-08-30,9.967139498290663,10.036370706820497,9.871107648870176,9.964905738830566,36462900
2006-08-31,10.034144955603702,10.045310565657385,9.94257992473944,9.987245559692383,26354700
2006-09-01,10.04977487620174,10.228438009229032,9.830913001480226,10.150272369384766,34149600
2006-09-05,10.208337826758932,10.24853720672065,10.130172827184316,10.177071571350098,31680900
2006-09-06,10.14803701220124,10.194936385775259,10.083272032102744,10.139103889465332,30328800
2006-09-07,10.139104803734325,10.282035419344604,10.116772314354446,10.170371055603027,48023700
2006-09-08,10.203869879160905,10.453997979461976,10.172604265965397,10.433897972106934,42160500
2006-09-11,10.429431365085847,10.60809383123405,10.340100132011743,10.605860710144043,51446100
2006-09-12,10.641596024053674,10.862691044252754,10.60139663904132,10.735393524169922,55311300
2006-09-13,10.708593892454267,10.802392029287198,10.619263276774028,10.737627029418945,33506400
2006-09-14,10.684026367082057,10.811323861385354,10.625960742478329,10.802390098571777,30481500
2006-09-15,10.862687853423349,10.907354107626738,10.753256616835564,10.768890380859375,51441900
2006-09-18,10.72422017101004,10.838117607638495,10.64382273215128,10.742086410522461,32491500
2006-09-19,10.773357496498114,10.83142375946045,10.719758753844683,10.83142375946045,34267800
2006-09-20,10.891721102999252,10.947553605172578,10.813556111114519,10.914054870605469,41135700
2006-09-21,10.91405858116135,10.956489814880847,10.766661032006382,10.822493553161621,39155100
2006-09-22,10.681792718916451,10.8582227158074,10.63042773535799,10.784523963928223,35315400
2006-09-25,10.775588910295857,10.943085124216465,10.726457692822976,10.902886390686035,36589200
2006-09-26,10.927453222168324,11.132915698557916,10.898420730962249,10.998919486999512,44937000
2006-09-27,10.956482613300482,11.112812547464934,10.952016372354343,11.054747581481934,47144400
2006-09-28,11.054750251811388,11.130681477814905,10.949785257908715,11.123981475830078,38317500
2006-09-29,11.0793161426256,11.155247366181314,11.01231740283189,11.014551162719727,37746900
2006-10-02,10.858222418886909,10.911821161180228,10.72645868434565,10.818023681640625,54018000
2006-10-03,10.822488669240123,11.054749858915597,10.733157442441863,11.045817375183105,44959500
2006-10-04,10.788986760791914,11.079314155186681,10.748788035284518,11.065914154052734,74332800
2006-10-05,11.048049639088124,11.048049639088124,10.74208971413302,10.811322212219238,75213000
2006-10-06,10.813554104219048,10.938619090339566,10.773355374620067,10.791221618652344,46336800
2006-10-09,10.76219037883413,10.838121605295695,10.713057882578822,10.768890380859375,28935900
2006-10-10,10.829192303181758,10.829192303181758,10.692961657411098,10.746561050415039,28988700
2006-10-11,10.726459741203723,10.820257229985016,10.690727242820854,10.78899097442627,30018300
2006-10-12,10.829187866431399,10.869386596030381,10.737622886555512,10.791221618652344,37275000
2006-10-13,10.782293524540131,10.83589228480687,10.746562295590884,10.822493553161621,26406300
2006-10-16,10.788987858937844,10.822487865182474,10.744322887804437,10.791221618652344,19855800
2006-10-17,10.764428344514538,10.791227085191172,10.639363933987116,10.782293319702148,33348000
2006-10-18,10.815793155544313,10.847059417371414,10.755494392697473,10.797926902770996,30847800
2006-10-19,10.815791201253186,10.940854948068788,10.806857437533157,10.829191207885742,30279000
2006-10-20,10.882787767677193,11.106116481020383,10.864921521725527,11.025717735290527,56866800
2006-10-23,11.025717244921033,11.646569583602682,10.94978474458252,11.45227336883545,159304800
2006-10-24,11.456746101379396,11.590742362078515,11.400913580649208,11.456746101379395,56346900
2006-10-25,11.400910021216841,11.56394001076548,11.289246292513786,11.356245040893555,51850200
2006-10-26,11.338378919859627,11.557241439819336,11.311580183924864,11.557241439819336,42690000
2006-10-27,11.519270696025485,11.52373821518827,11.307109539995013,11.329442024230957,37599600
2006-10-30,10.992223520646128,11.1038872842591,10.965423501757682,11.061454772949219,78261900
2006-10-31,11.077085001315329,11.117283743536504,10.96988750346221,11.005620002746582,52747800
2006-11-01,11.027949666539858,11.099415924671726,10.86492097905785,10.909585952758789,50362500
2006-11-02,10.646060862024552,10.802390211847886,10.64382774077145,10.784523963928223,73147500
2006-11-03,10.786761725057765,10.824727995179726,10.541099766622535,10.614798545837402,54042300
2006-11-06,10.661692571078513,10.766656929677428,10.541095086954785,10.605860710144043,52292100
2006-11-07,10.650527057025455,10.717525805899063,10.587995189585552,10.641593933105469,53654100
2006-11-08,10.563428700292942,10.610327437239162,10.503129959106445,10.503129959106445,90334800
2006-11-09,10.520995185992795,10.543328312603055,10.342333367847454,10.360198974609375,81691800
2006-11-10,10.342337058727338,10.42720079771075,10.342337058727338,10.378068923950195,39597000
2006-11-13,10.378068587548595,10.46069984102736,10.266404196161774,10.344569206237793,72541800
2006-11-14,10.681792415420816,10.76442492785946,10.538862436124504,10.643827438354492,85865400
2006-11-15,10.668394774378548,10.73762665403161,10.625962270176911,10.648295402526855,49422900
2006-11-16,10.710825592477601,10.717525595022618,10.608094349945373,10.69965934753418,33229200
2006-11-17,10.663928634684208,10.679561124638493,10.587996750695106,10.6080961227417,47462700
2006-11-20,10.608095962313868,10.77335909617466,10.590230351057372,10.657228469848633,37007400
2006-11-21,10.666164082571624,10.715295962617688,10.630431573829885,10.67733097076416,26232600
2006-11-22,10.692960126946403,10.766658243488772,10.666160753753953,10.726459503173828,32466300
2006-11-24,10.666162443489977,10.730927445894952,10.619263692710344,10.697428703308105,15244200
2006-11-27,10.59469605107276,10.650528562676207,10.39593481443874,10.409334182739258,70507500
2006-11-28,10.391465731522695,10.471863841140502,10.380298848198578,10.43166446685791,40095600
2006-11-29,10.471860885620117,10.570125214086076,10.413795281143907,10.471860885620117,38019900
2006-11-30,10.384768112540353,10.436133742987693,10.27757060844896,10.29543685913086,72662100
2006-12-01,10.273104460144305,10.295437594565765,10.143574452921571,10.244071960449219,75074100
2006-12-04,10.3289365185822,10.387001515396888,10.244071506071451,10.337869644165039,43487700
2006-12-05,10.328938380722585,10.395937154146448,10.288738988878736,10.380303382873535,31411200
2006-12-06,10.382532448117237,10.440597429138736,10.35349931865912,10.393698692321777,29517300
2006-12-07,10.429431983378327,10.451765112444527,10.353500111290149,10.355733871459961,42616200
2006-12-08,10.340098710750679,10.411563687387,10.328932467888077,10.351264953613281,31621800
2006-12-11,10.373601214217581,10.373601214217581,10.255238102276302,10.273103713989258,49509600
2006-12-12,10.255239329951088,10.311071210211953,10.179306797132726,10.194940567016602,54008700
2006-12-13,10.288633346557617,10.317773078231122,10.266218365672623,10.288633346557617,52116900
2006-12-14,10.337943806507312,10.447779234399786,10.290871846729026,10.427605628967285,55315200
2006-12-15,10.45226555245293,10.510545660815344,10.398468825337275,10.411917686462402,48263400
2006-12-18,10.423123568177429,10.490369783204773,10.373810232957153,10.393983840942383,38610600
2006-12-19,10.340186433113619,10.364842778419167,10.198969904057332,10.331219673156738,52049700
2006-12-20,10.31104967811756,10.34019005491578,10.281909942626953,10.281909942626953,41810400
2006-12-21,10.299841841549714,10.324498835974044,10.22362948823113,10.246045112609863,33844800
2006-12-22,10.198972073718023,10.26621829854839,10.086895246103255,10.207938194274902,33296100
2006-12-26,10.042065134221877,10.376053622273231,10.042065134221877,10.335705757141113,31479900
2006-12-27,10.25501201183333,10.367088859611652,10.25501201183333,10.346915245056152,36372300
2006-12-28,10.268460941340571,10.355880146626856,10.268460941340571,10.313291549682617,21301500
2006-12-29,10.355880254570387,10.447783483610234,10.317774397409357,10.351397514343262,32431500
2007-01-03,10.55537660237554,10.826602257855173,10.548652492252957,10.658487319946289,107061900
2007-01-04,10.714523785540973,10.757113016363203,10.606929702982052,10.710041046142578,51219000
2007-01-05,10.647278842195089,10.714525071703155,10.568825762845776,10.6226224899292,40670700
2007-01-08,10.515027463380173,10.604688661778244,10.512785452439614,10.535201072692871,49189200
2007-01-09,10.535202648091742,10.685385338193194,10.535202648091742,10.6226224899292,43929600
2007-01-10,10.54641083364312,10.674177908551869,10.425367869081851,10.597966194152832,40044300
2007-01-11,10.595722663960668,10.698832722652144,10.582273163392333,10.669692993164062,44469600
2007-01-12,10.674177231264398,10.784012696969743,10.582274649270655,10.75487232208252,41732400
2007-01-16,10.743663085204071,10.866946743360103,10.712281347315582,10.828840255737305,43447200
2007-01-17,10.831082630862426,10.851256880743987,10.779527924651648,10.804184913635254,33916200
2007-01-18,10.804185201058262,10.934193616780504,10.777286200500589,10.846773147583008,40968600
2007-01-19,10.86918875414316,10.925227480185828,10.801942539414933,10.828840255737305,35880900
2007-01-22,10.795215872511847,10.819872856287086,10.669690225865395,10.750385284423828,38159700
2007-01-23,10.710043512816615,10.792979341248175,10.638313894154493,10.716768264770508,33822900
2007-01-24,10.775045646512423,10.916262853304774,10.757114045895168,10.896088600158691,40474800
2007-01-25,10.896087076699347,10.902811826807806,10.779528161792548,10.792976379394531,29280300
2007-01-26,10.77056353751849,10.840051780681524,10.640554455295163,10.685385704040527,33175200
2007-01-29,10.792978192606283,10.792978192606283,10.64727888318795,10.676419258117676,28611000
2007-01-30,10.70331828528808,10.723491898945753,10.515029728098698,10.597966194152832,49027200
2007-01-31,10.580031565086204,10.750388491956423,10.544167725222616,10.68986701965332,44682900
2007-02-01,10.649519575111778,10.777286626270971,10.633828063294908,10.710041046142578,39706200
2007-02-02,10.703318093928916,10.853500149926136,10.678661099172803,10.777288436889648,37835100
2007-02-05,10.857981709782035,10.961091122954526,10.853497688032427,10.8759126663208,42644700
2007-02-06,10.896089948108639,10.931954436395042,10.83108572341644,10.889365196228027,26885700
2007-02-07,10.846775956061013,10.927471696013061,10.822118960037201,10.889365196228027,30252900
2007-02-08,10.84004902703773,10.893845742297339,10.788493039946314,10.828840255737305,32374800
2007-02-09,10.842293363047974,10.88039986335095,10.685386545316087,10.752632141113281,37218000
2007-02-12,10.792977173671247,10.813151425481289,10.687625740320547,10.701074600219727,30991200
2007-02-13,10.714525097327247,10.797462199426551,10.701075594870439,10.75487232208252,30205200
2007-02-14,10.777287044679944,10.788494534918538,10.703316711274699,10.730215072631836,36827100
2007-02-15,10.736938100664974,10.88039600488667,10.719005221329844,10.840048789978027,33889500
2007-02-16,10.837809348045955,10.949885541629998,10.815393083237035,10.866949081420898,51311100
2007-02-20,11.165074803463279,11.27266827982096,11.07541357316521,11.26594352722168,109508700
2007-02-21,11.187488722419763,11.30180692735757,11.178521959966238,11.20093822479248,71367300
2007-02-22,11.227831417599667,11.248005663020422,11.106788510304382,11.13817024230957,31898700
2007-02-23,11.131448970960857,11.183003681876295,11.04851251823753,11.111274719238281,33151800
2007-02-26,11.142658827703123,11.218870546039327,11.08437935383516,11.203180313110352,31988400
2007-02-27,11.117998455231781,11.158345672379996,10.804184913635254,10.804184913635254,61958100
2007-02-28,10.871430764926219,10.907293959151094,10.761594041009076,10.828840255737305,63995400
2007-03-01,10.710043847187247,10.804188453558044,10.577792739426457,10.734700202941895,61369800
2007-03-02,10.725733745632175,10.831085841448475,10.694351997385768,10.716768264770508,55079100
2007-03-05,10.680905167216904,10.81988040794013,10.633832535890013,10.640557289123535,42993900
2007-03-06,10.723487274381384,10.824355940477181,10.703313669423691,10.768317222595215,44755800
2007-03-07,10.770563418047136,10.815393383680037,10.671936082778059,10.74366569519043,39981000
2007-03-08,10.77056205803624,10.792977038022327,10.620379383422438,10.73245620727539,61187100
2007-03-09,10.710039052428106,10.788492107755648,10.56882252674673,10.62934398651123,41851500
2007-03-12,10.65400157700979,10.676417196372578,10.557615632233958,10.593480110168457,36591600
2007-03-13,10.530719949580597,10.564343066514502,10.317774397409357,10.351397514343262,71961000
2007-03-14,10.400944177139712,10.409953214982322,10.14869111754664,10.299592018127441,82756500
2007-03-15,10.304101478620227,10.396444641187813,10.245542384202308,10.360407829284668,39872400
2007-03-16,10.409958050796883,10.540589482386514,10.30410164587766,10.407705307006836,56977200
2007-03-19,10.473018815263824,10.545091134076142,10.445991695709205,10.49328899383545,36238500
2007-03-20,10.468512930729661,10.675721471059294,10.459503891775212,10.653199195861816,45801000
2007-03-21,10.635182573802284,10.777075126450004,10.574371387756486,10.75905704498291,40896000
2007-03-22,10.725272690077205,10.8559047437347,10.711759451532316,10.8131103515625,45351900
2007-03-23,10.81310714586299,10.84463910041531,10.754549366610485,10.7905855178833,23981700
2007-03-26,10.774822235107422,10.792840315249679,10.619416454974804,10.774822235107422,38118300
2007-03-27,10.714010549081502,10.765812688145816,10.592388836036315,10.695992469787598,38851500
2007-03-28,10.623915730001961,10.62841992576172,10.46400518174308,10.504546165466309,54241500
2007-03-29,10.569868563327816,10.594643589659398,10.441489232906443,10.522570610046387,37689300
2007-03-30,10.554102109276291,10.605904259016153,10.504552703195426,10.574372291564941,45561900
2007-04-02,10.59914750226496,10.702751152881527,10.551849553135979,10.675724029541016,41238900
2007-04-03,10.70049878305192,10.876174758133178,10.691489097788846,10.833381652832031,51485700
2007-04-04,10.810859526331296,10.88293185443991,10.788337245986074,10.822120666503906,32921700
2007-04-05,10.786082618742071,10.912209170905102,10.779325678067577,10.871668815612793,28546200
2007-04-09,10.87167167586724,10.934734324162731,10.786085456479434,10.916717529296875,25613400
2007-04-10,10.91221059033647,10.91221059033647,10.797345161437988,10.797345161437988,29252100
2007-04-11,10.799597368234675,10.83563417541995,10.599147018087756,10.646444320678711,53176200
2007-04-12,10.671216952275843,10.69824406995696,10.563108481551378,10.644189834594727,34715700
2007-04-13,10.675720695098505,10.680225536436945,10.54734141604583,10.677972793579102,37264200
2007-04-16,10.72752511853315,10.837886344567108,10.700497997859454,10.826623916625977,42750000
2007-04-17,10.853649132473597,10.907703361125234,10.786081024470432,10.84914493560791,37173900
2007-04-18,10.810859839694443,10.85140020324192,10.772570930993819,10.804102897644043,23980500
2007-04-19,10.75455304312348,10.896445598361373,10.732030118689757,10.887435913085938,24150900
2007-04-20,10.943742052422978,11.22527439753594,10.92572397202571,11.207256317138672,70264200
2007-04-23,11.200500115199485,11.250048867295238,11.000048497330178,11.020318031311035,42166500
2007-04-24,10.936988357512476,11.031584274242306,10.840140985536438,10.966267585754395,55658700
2007-04-25,10.984281217587048,11.058606274432728,10.95274925812937,10.993290901184082,43509000
2007-04-26,10.986532518518132,11.049595140400891,10.939235229917447,10.968514442443848,27693300
2007-04-27,10.927976274938231,10.966265182037816,10.882931714825652,10.887435913085938,27906300
2007-04-30,10.867162816697066,10.959505949886239,10.781577912618244,10.792839050292969,41966100
2007-05-01,10.79284019139816,10.936984830882103,10.700497692823099,10.885183334350586,44356800
2007-05-02,10.878426881100106,10.977526969566615,10.849147660986308,10.873921394348145,36355200
2007-05-03,10.927974030644618,10.979776810641113,10.855903007016796,10.891939163208008,32854800
2007-05-04,10.900948032699164,10.9234715978657,10.822118776502938,10.871668815612793,28817400
2007-05-07,10.907704694267984,11.00905622428271,10.873919991759992,10.94824504852295,26679900
2007-05-08,10.894192839904457,10.955004026976885,10.828877454577928,10.833381652832031,30517500
2007-05-09,10.82662229853581,10.873919591551624,10.774820808269581,10.79509162902832,45677400
2007-05-10,10.698244904666984,10.885183288685191,10.686983765848886,10.754551887512207,53550600
2007-05-11,10.774822862423015,10.790588844559737,10.67797551492554,10.761309623718262,47667900
2007-05-14,10.72977703475178,10.810858395391936,10.695992973390707,10.774822235107422,38914200
2007-05-15,10.801852222794407,10.833383549225015,10.677977727838165,10.725275039672852,58139400
2007-05-16,10.745636875076668,10.802204552142967,10.630238321861615,10.675493240356445,49549500
2007-05-17,10.741110392438861,10.741110392438861,10.639288451183486,10.659652709960938,37878000
2007-05-18,10.707171715493544,10.718485770340282,10.675494692448371,10.6958589553833,41229300
2007-05-21,10.664178992392834,10.725272419140728,10.54878044128418,10.54878044128418,63066900
2007-05-22,10.537467358402736,10.589510583250442,10.514840544853167,10.530679702758789,33590700
2007-05-23,10.607608126687499,10.666438336704207,10.480895560579611,10.483158111572266,42760800
2007-05-24,10.501262622189687,10.623448816715445,10.487686018704556,10.555567741394043,44194200
2007-05-25,10.589507995906816,10.63476225931715,10.553304585178548,10.614398002624512,26388000
2007-05-29,10.673231699153156,10.756952599268033,10.58046059077533,10.62118911743164,44844600
2007-05-30,10.555570921150021,10.66870694392419,10.514841745793472,10.661918640136719,48114900
2007-05-31,10.657387109859275,10.81577732638739,10.657387109859275,10.770523071289062,52451700
2007-06-01,10.83840820727167,11.300002402707085,10.79994159273996,11.19365406036377,147313200
2007-06-04,11.347520676534614,11.639411237178791,11.347520676534614,11.58736801147461,164037900
2007-06-05,11.519482543315117,11.585102354009948,11.39503381232233,11.43123722076416,98185500
2007-06-06,11.349780544731788,11.548899319939546,11.34751864058728,11.483282089233398,75783300
2007-06-07,11.401822401584452,11.483280720006553,11.22533045728327,11.259270668029785,74399400
2007-06-08,11.288683826451845,11.347515327547928,11.223065320167583,11.33167552947998,44208300
2007-06-11,11.290948054400273,11.340728061892321,11.211752941045454,11.270583152770996,37919100
2007-06-12,11.22533441782042,11.27058804811555,11.064680922905094,11.066944122314453,57197400
2007-06-13,11.128035483391916,11.209492520624321,11.080518662550302,11.20044231414795,42428400
2007-06-14,11.155186571408919,11.234381698525205,11.08278104075147,11.15066146850586,40100400
2007-06-15,11.164236068725586,11.241167983218181,11.134820963029474,11.164236068725586,68178900
2007-06-18,11.15971757392912,11.189132697040941,11.103149232722267,11.112200736999512,33091800
2007-06-19,11.07146916456153,11.080520667411905,10.808994355579852,11.044317245483398,44540700
2007-06-20,11.053364714865802,11.143874541997626,10.98774619072098,10.994534492492676,53974200
2007-06-21,11.021685987210727,11.039786396141535,10.87913426162482,10.949277877807617,49538100
2007-06-22,10.917602539826909,10.958332355198458,10.822568893432617,10.822568893432617,61351800
2007-06-25,10.861034033071439,10.88818723962747,10.790889759993869,10.820304870605469,53461800
2007-06-26,10.84067113558751,10.971908845145014,10.804467718794841,10.854247093200684,48224700
2007-06-27,10.822571379501161,10.971911480695983,10.806732866375935,10.965123176574707,53705400
2007-06-28,10.935705379641515,10.974171995338503,10.899501963010106,10.908552169799805,40659600
2007-06-29,10.974170006879568,11.00811021829562,10.83161827051279,10.885923385620117,42394500
2007-07-02,10.906288169071061,10.971906687260304,10.892711566759893,10.93570327758789,31632600
2007-07-03,10.937966976623875,10.96738338470459,10.890450155472369,10.96738338470459,18636300
2007-07-05,10.942489698808409,10.965116502282337,10.879133095398409,10.881396293640137,33595800
2007-07-06,10.88139746010916,10.971905978443077,10.858770006841686,10.949277877807617,39320100
2007-07-09,10.953806731769697,11.048840373652839,10.919865220571245,10.97417163848877,32103900
2007-07-10,10.949279407394235,10.949279407394235,10.745635536378378,10.765999794006348,50195100
2007-07-11,10.793152727533467,10.836144443080572,10.686805038105192,10.788627624511719,41057700
2007-07-12,11.064677121632153,11.141610338281854,10.788626446406928,11.04883861541748,74922300
2007-07-13,11.032999710387905,11.146136345917743,11.012636099992019,11.121246337890625,39303000
2007-07-16,11.118981218332744,11.118981218332744,11.019422498158654,11.07372760772705,35248500
2007-07-17,11.033003699797195,11.060156916458224,10.928919821894269,10.94023323059082,42296700
2007-07-18,10.95833235481315,11.028477284793022,10.851984655030002,10.870085716247559,58868400
2007-07-19,10.94249459607416,11.082783170922553,10.883663068081985,11.039790153503418,46246800
2007-07-20,10.974171896763457,11.057892135129537,10.84293354160121,10.874611854553223,56925600
2007-07-23,10.928915096922093,10.951541904532794,10.849719328180528,10.885923385620117,38086200
2007-07-24,10.79767565774546,11.010370333681509,10.79767565774546,10.865556716918945,65639700
2007-07-25,10.951543871933433,10.962857277771192,10.759213383218931,10.831620216369629,46463700
2007-07-26,10.750165776311412,10.808996022332767,10.528419459121782,10.594038009643555,79928400
2007-07-27,10.571406593932636,10.607610655285026,10.34739780806285,10.394914627075195,70263900
2007-07-30,10.45374731288244,10.512578194501904,10.363239409580881,10.456009864807129,53850000
2007-07-31,10.485424640324139,10.59177233917255,10.385865243977747,10.397178649902344,81560100
2007-08-01,10.419806962246023,10.465061237017778,10.290831793620361,10.458272933959961,66111000
2007-08-02,10.453743257603247,10.659650292342342,10.426590702935496,10.573667526245117,50003400
2007-08-03,10.56687756948188,10.634759269195449,10.295352065363337,10.299877166748047,61352400
2007-08-06,10.340611926968347,10.646079113184657,10.340611926968347,10.639290809631348,61953600
2007-08-07,10.589506506354647,10.743370980306736,10.53293884689072,10.648337364196777,57748800
2007-08-08,10.650603430020936,10.956069946289062,10.56688318361288,10.956069946289062,73293000
2007-08-09,10.747895495063855,10.861031455177931,10.496734220347015,10.510310173034668,70726800
2007-08-10,10.456008375904258,10.695856972077804,10.34060982839063,10.424330711364746,65011500
2007-08-13,10.56461803339685,10.573669534039489,10.426592682801997,10.4469575881958,46698600
2007-08-14,9.969527951518481,9.998942424406403,9.84734107142609,9.91522216796875,189981000
2007-08-15,10.001636102168952,10.001636102168952,9.799237984941268,9.842447280883789,86341500
2007-08-16,9.790142270252042,9.99481370814151,9.760578733780832,9.892477989196777,108804600
2007-08-17,10.163100125172987,10.165374093310543,9.821980180422504,9.890204429626465,91322400
2007-08-20,9.937959437476348,9.965249002702732,9.769673459929693,9.912943840026855,68875800
2007-08-21,9.910672007263878,9.949332070337658,9.821980738513105,9.93796157836914,58793100
2007-08-22,9.95842463900117,9.98116561242073,9.876555963548839,9.94932746887207,56742900
2007-08-23,9.949329733595482,9.967522776726094,9.785592345419976,9.81743049621582,71297100
2007-08-24,9.815159401682696,9.987993362017331,9.808336845852907,9.94705867767334,53884800
2007-08-27,9.953881429756748,10.013009163722797,9.90612483927612,9.965251922607422,59365200
2007-08-28,9.926589774410811,10.05166647080261,9.869736671447754,9.869736671447754,83790000
2007-08-29,9.908396273367156,10.078956236240543,9.8811067053328,10.049392700195312,67777500
2007-08-30,9.826526874584333,9.926589267604422,9.815157035333748,9.851542472839355,71853900
2007-08-31,9.903847593496653,9.992538189144515,9.858364335875576,9.922039985656738,62468700
2007-09-04,9.894752893983789,9.924317083888495,9.840173751961599,9.846996307373047,58165800
2007-09-05,9.828801740720413,9.828801740720413,9.630952218814395,9.653693199157715,92355300
2007-09-06,9.892476687112008,9.915217665824414,9.69917576551836,9.724190711975098,88295700
2007-09-07,9.65141851636802,9.751480253863145,9.621854983857641,9.640048027038574,76145400
2007-09-10,9.685531771411139,9.705999435367103,9.571824912871618,9.612759590148926,54646800
2007-09-11,9.640048583544708,9.783318969523977,9.621855539313518,9.765125274658203,56692200
2007-09-12,9.73328580297803,9.82425034901149,9.68325396885909,9.712818145751953,46953300
2007-09-13,9.746931109237828,9.885652883624784,9.726464100856933,9.792413711547852,51424500
2007-09-14,9.735562304868449,9.9015736693494,9.699176216728262,9.851542472839355,44528100
2007-09-17,9.831075460919147,9.9015736693494,9.776496328708868,9.851542472839355,42075600
2007-09-18,9.890204064870607,10.154003227503196,9.85836590958039,10.106245994567871,83757900
2007-09-19,10.135810734362698,10.244969665140978,10.099424640981496,10.176745414733887,66558600
2007-09-20,10.160825000308048,10.194936470392053,9.99708695098572,10.07895565032959,50306100
2007-09-21,10.135808650002783,10.1858398434307,10.040295499836091,10.058487892150879,63128700
2007-09-24,10.078954153544093,10.11306626919683,9.974344489679385,9.999360084533691,50254800
2007-09-25,9.844720470303512,9.846994438130764,9.705998673322501,9.815156936645508,63953400
2007-09-26,9.846996307373047,9.915219909583435,9.76740156259868,9.846996307373047,57439800
2007-09-27,9.906123329073203,10.010733018494047,9.887929632397135,9.91749382019043,42612900
2007-09-28,9.917491537544658,10.006182779241747,9.894749909909853,9.92658805847168,39167100
2007-10-01,9.967524214587108,10.158551845649685,9.928864155016303,10.113068580627441,45557700
2007-10-02,10.108517207544603,10.258610109308457,10.088050200687755,10.204030990600586,55058700
2007-10-03,10.163099906361328,10.370045967020555,10.117617291416149,10.263161659240723,51161100
2007-10-04,10.247240954852167,10.310915950990966,10.181290689861088,10.233595848083496,28660800
2007-10-05,10.335934441073483,10.433722231521179,10.226776158890388,10.317741394042969,39368100
2007-10-08,10.279081950200123,10.324564570512862,10.251792378012478,10.295001029968262,24210600
2007-10-09,10.24042277500409,10.345032485491695,10.149457526478008,10.281356811523438,36743400
2007-10-10,10.256339206652681,10.401884226563789,10.256339206652681,10.367772102355957,47490000
2007-10-11,10.76801850886467,10.847613243969793,10.624748115802367,10.665682792663574,123289800
2007-10-12,10.683877491299361,10.752101746415322,10.642943458737557,10.702071189880371,41990100
2007-10-15,10.690699799781836,10.704344260108755,10.52013981656979,10.563347816467285,49338000
2007-10-16,10.524684396985322,10.52923233181798,10.365494315787664,10.429170608520508,54055500
2007-10-17,10.492853324830243,10.542883894892025,10.29727768121217,10.458741188049316,71746800
2007-10-18,10.410980455182507,10.470108178846044,10.310918053500426,10.435996055603027,57064800
2007-10-19,10.424630114555079,10.465564812994407,10.224506512626043,10.22905445098877,68912400
2007-10-22,10.18811438642058,10.33820667391033,10.151728298467358,10.290450096130371,63655500
2007-10-23,10.349578825201416,10.36549725225975,9.892478062668712,9.990265846252441,114216000
2007-10-24,10.028922966983028,10.047116658039759,9.840170009943229,9.976617813110352,66849900
2007-10-25,9.997090448429471,10.063040745060432,9.842450168425326,9.978898048400879,63851400
2007-10-26,10.131261617582336,10.19038933775497,10.03119922180794,10.151728630065918,51100500
2007-10-29,10.169920743455856,10.265434544024778,10.147179114507244,10.235870361328125,41109000
2007-10-30,10.174470986018983,10.426899676226064,10.163100494283583,10.317741394042969,49287000
2007-10-31,10.395063697498431,10.41780533494734,10.126715889029098,10.281356811523438,66366900
2007-11-01,10.16537342942141,10.219952564966212,9.992539500196202,10.013007164001465,59600400
2007-11-02,10.04257079616269,10.092601345575034,9.928863937368892,10.049392700195312,54106200
2007-11-05,10.063037712933559,10.092601248695006,9.956153409833,10.013007164001465,37737600
2007-11-06,10.008459308829488,10.097150573230204,9.962976692551514,10.072134971618652,37687200
2007-11-07,10.006184923945415,10.14035814840151,9.965250245682718,9.990265846252441,52828800
2007-11-08,10.049391698672505,10.09260033974605,9.737835340020682,9.919766426086426,62400600
2007-11-09,9.812885105690059,9.872012840436815,9.665066744775304,9.75603199005127,61294200
2007-11-12,9.77422236085875,10.135809274410489,9.701450184578379,9.851542472839355,76438500
2007-11-13,10.233593165509468,10.540600830347886,10.233593165509468,10.454183578491211,122207700
2007-11-14,10.51559034203547,10.706617324935843,10.488300773049703,10.57699203491211,87331200
2007-11-15,10.526962188179656,10.702070755531913,10.431448365020726,10.506494522094727,65489700
2007-11-16,10.55652598680321,10.597460018710196,10.3745955102506,10.53833293914795,56775600
2007-11-19,10.461008587651973,10.540603306611619,10.290448661491157,10.340479850769043,44969400
2007-11-20,10.335935108421607,10.508769066370675,10.165375118839503,10.347306251525879,76708500
2007-11-21,10.24042291854343,10.326840231171904,10.16082816230874,10.201762199401855,52436700
2007-11-23,10.285903353015081,10.517865015928104,10.204034645628365,10.399609565734863,40749300
2007-11-26,10.461010854088078,10.547428144969219,10.233597786814846,10.2404203414917,65968800
2007-11-27,10.294999564733478,10.50194562036155,10.26770999642982,10.422350883483887,63041400
2007-11-28,10.479201344683156,10.806676732354065,10.461008303736687,10.740726470947266,85763400
2007-11-29,10.642942744607462,10.881726320221771,10.633846221244681,10.81122875213623,44294400
2007-11-30,10.847614608320647,10.968144686081176,10.824873624364447,10.893097877502441,49191900
2007-12-03,10.849891397532982,10.986339288650374,10.818053881589691,10.88627815246582,36828300
2007-12-04,10.79985970973685,11.043191919660142,10.79985970973685,10.959049224853516,49381500
2007-12-05,11.038637306907956,11.170536516230953,11.031814754526586,11.120505332946777,52347600
2007-12-06,11.027269676123616,11.236489031175882,10.915836793814476,11.20465087890625,60868200
2007-12-07,11.202375753970223,11.231939282996647,11.09776544269053,11.147796630859375,43161000
2007-12-10,11.15689530159316,11.297891730342782,11.125058447737814,11.241039276123047,37674300
2007-12-11,11.236488423619363,11.382032767531935,11.056832612078185,11.150071144104004,78168000
2007-12-12,11.335111093868042,11.339679529541625,10.875949323171481,11.017581939697266,71838000
2007-12-13,10.921633704396658,11.074686701928693,10.907927095131852,11.040421485900879,49199700
2007-12-14,11.003872938617361,11.010726244208474,10.873662746654981,10.880516052246094,40764600
2007-12-17,10.873660610335644,11.00158590625638,10.795991353885949,10.926200866699219,49522500
2007-12-18,10.983313036882384,11.09067844130993,10.70690247762282,11.01986312866211,50591700
2007-12-19,10.999303736226368,11.076973665311804,10.930772637655924,10.98331356048584,39363300
2007-12-20,10.983314663151129,11.042708244303824,10.809701047923758,10.930773735046387,42476100
2007-12-21,10.923922795123568,11.07926204897703,10.919354358768501,11.01301383972168,69742800
2007-12-24,10.992449924689392,11.211750449657938,10.992449924689392,11.134081840515137,18975000
2007-12-26,11.010723220718491,11.079254950676765,10.94675992418836,11.051841735839844,28039800
2007-12-27,11.013012201900672,11.03357212314316,10.8782335459586,10.91249942779541,32275200
2007-12-28,10.965038513724759,11.072405230405147,10.912497590894843,10.98331356048584,25832700
2007-12-31,10.928483863034447,10.983308980455668,10.811980325122617,10.857667922973633,36529200
2008-01-02,10.830260150679708,10.880516857310177,10.613243801585602,10.713756561279297,59755800
2008-01-03,10.67263838063412,10.713757567517995,10.560703869308671,10.594969749450684,59403000
2008-01-04,10.487602006106274,10.59268384754975,10.36424511863499,10.444198608398438,61053600
2008-01-07,10.462468848880308,10.693191021203193,10.414496387913019,10.63608169555664,60979500
2008-01-08,10.642939414562234,10.754873903013214,10.480748225030911,10.501307487487793,57051300
2008-01-09,10.501308647205828,10.736600697084212,10.33454900474219,10.713756561279297,81592800
2008-01-10,10.759446600644623,11.140938460543575,10.759446600644623,11.056416511535645,107084400
2008-01-11,10.978743674739086,11.104384114442732,10.850817710749693,10.901074409484863,84555000
2008-01-14,10.960469475896893,10.960469475896893,9.847975182216398,10.889654159545898,61687800
2008-01-15,10.734318733215332,10.834832173698635,10.6840626665411,10.734318733215332,73440300
2008-01-16,10.663505529284294,10.976465696846107,10.663505529284294,10.848540306091309,75972900
2008-01-17,10.86224231818664,10.949049123311664,10.75944468260691,10.846251487731934,83734200
2008-01-18,10.939909862617778,11.081541797936342,10.832544456000553,10.869093894958496,101128200
2008-01-22,10.61552608238845,11.314547491260738,10.52871929716103,11.23916244506836,135385500
2008-01-23,11.079255621304718,11.504150019923648,11.035850926140961,11.45846176147461,151266600
2008-01-24,11.469887857096902,11.476741163043744,11.074688826013842,11.172917366027832,107149500
2008-01-25,11.214034050841887,11.252869009110874,10.962752525254787,10.985596656799316,74927100
2008-01-28,10.978746336414881,11.143221775404461,10.94219623886164,11.12723159790039,70322700
2008-01-29,11.21631873369605,11.236878647812025,10.994733341049363,11.195758819580078,65224500
2008-01-30,11.147788835872506,11.42191584084621,11.079258391763513,11.230027198791504,73460100
2008-01-31,11.159209518377311,11.718883908803596,11.131797604759955,11.590958595275879,138653700
2008-02-01,11.627506249033127,11.759999969218851,11.49272765855198,11.691468238830566,77237400
2008-02-04,11.650352550927293,11.707461250832464,11.383080175394895,11.437905311584473,60963900
2008-02-05,11.29856097163534,11.572686718522691,11.29856097163534,11.321404457092285,85211100
2008-02-06,11.330542170051986,11.428770733374856,11.081544761525656,11.154644966125488,85476900
2008-02-07,10.930773498759491,11.421916889681079,10.928489281126216,11.38536548614502,108858600
2008-02-08,11.34653102327411,11.444759563798451,11.111238977369702,11.138650894165039,67626900
2008-02-11,11.156921774437894,11.348809019265586,11.042701806947886,11.330533981323242,64658700
2008-02-12,11.303128661504324,11.586392568165124,11.303128661504324,11.479025840759277,70102200
2008-02-13,11.563548017323052,11.652638390858565,11.472172772491266,11.572686195373535,48235800
2008-02-14,11.554409975209827,11.627510163665553,11.367089761941173,11.41506290435791,54035700
2008-02-15,11.3488143209576,11.421915814010756,11.21860543174889,11.293989181518555,77497500
2008-02-19,11.444761244315588,11.495016650342148,11.262009441262574,11.344247817993164,66081600
2008-02-20,11.262003694778478,11.415058627539677,11.195756837202639,11.35338020324707,65030400
2008-02-21,11.387649941290846,11.474456743856518,11.330539927574586,11.373943328857422,67199100
2008-02-22,11.399071421174172,11.467603174635034,11.30084287954498,11.41506290435791,58556700
2008-02-25,11.46531753724056,11.513289369316434,11.353383698108317,11.497299194335938,76609200
2008-02-26,11.465314482307468,11.760000008979604,11.465314482307468,11.741724967956543,93085800
2008-02-27,11.6480707288236,11.780564500975206,11.632079244751631,11.74858283996582,87573900
2008-02-28,11.68004805593202,11.741726490775866,11.565829361508031,11.581819534301758,55191000
2008-02-29,11.508723184014622,11.574970074930942,11.314550946848081,11.32825756072998,60658200
2008-03-03,11.291701423510176,11.426478697493911,11.24372960771133,11.396781921386719,59256300
2008-03-04,11.360233481365938,11.426479031659833,11.335105137663298,11.392213821411133,74967300
2008-03-05,11.412775726435779,11.465315986092973,11.252868769727158,11.31911563873291,68984400
2008-03-06,11.47673800580345,11.513286782241318,11.387646360137978,11.417343139648438,82549200
2008-03-07,11.348813086933754,11.590958406810458,11.348813086933754,11.399069786071777,73038900
2008-03-10,11.421916436747097,11.421916436747097,11.1112393225196,11.159211158752441,72975900
2008-03-11,11.387650597825887,11.511007502569608,11.316833967593396,11.479025840759277,85064100
2008-03-12,11.480859459331551,11.64152872390759,11.46249875864268,11.542831420898438,78821100
2008-03-13,11.460203029655073,11.630051331447108,11.35232668951253,11.613985061645508,89558700
2008-03-14,11.639231563464477,11.639231563464477,11.285761851114572,11.434953689575195,82444200
2008-03-17,11.324782070127554,11.568078407963334,11.313305976458478,11.464792251586914,66378300
2008-03-18,11.535947689851447,11.708091768336633,11.526767337765483,11.701207160949707,79140000
2008-03-19,11.664477987079643,11.809078318892706,11.627753968204468,11.655296325683594,77489700
2008-03-20,11.671363172540943,12.27730944596501,11.659885768177329,12.217633247375488,133599900
2008-03-24,12.268134035258512,12.428800687394567,12.217638163814772,12.3094482421875,66739200
2008-03-25,12.286493109107989,12.327808623915914,12.144188491507744,12.176321029663086,60982500
2008-03-26,12.137299398372413,12.256651796548727,12.08680354682654,12.141889572143555,57679200
2008-03-27,12.16713973928687,12.215339856149141,11.99958588890709,12.020243644714355,56943900
2008-03-28,11.937615987354109,12.089103595944303,11.882529942418103,11.96286392211914,45144000
2008-03-31,11.98122425736094,12.190092312629892,11.850394426471844,12.09139633178711,58783200
2008-04-01,12.208454245158592,12.431094136612838,12.121234358469843,12.412732124328613,72697800
2008-04-02,12.465526525753887,12.59865214370853,12.394374197208847,12.499956130981445,65160900
2008-04-03,12.417321162404829,12.669799136540286,12.39207454701042,12.607827186584473,69571200
2008-04-04,12.603238299199877,12.612419962116423,12.444866105743317,12.486180305480957,62184300
2008-04-07,12.552742259747019,12.580285934753995,12.373712312265816,12.447161674499512,56574300
2008-04-08,12.396667931380698,12.589469769745087,12.392079068748664,12.497659683227539,47271000
2008-04-09,12.479294428676972,12.53208603557684,12.334694072430686,12.426504135131836,58592400
2008-04-10,12.520611399852518,12.69964139008475,12.488478855810984,12.545859336853027,86902800
2008-04-11,12.451750873639437,12.656028757633571,12.424208511240032,12.577990531921387,70383300
2008-04-14,12.598646131513373,12.701932271196611,12.591760213753888,12.65832233428955,52270500
2008-04-15,12.672095596099131,12.942935596135154,12.667505421527675,12.91539192199707,76900500
2008-04-16,12.956708709338495,13.11049073614333,12.933755207511128,13.099013328552246,84398400
2008-04-17,13.032450078939082,13.07376559068059,12.89703007716952,13.0072021484375,62940300
2008-04-18,13.082949949831754,13.165579685285877,12.885557933304487,12.924577713012695,59207100
2008-04-21,12.869490988932554,12.963596816247804,12.796041609386611,12.940643310546875,43120500
2008-04-22,12.910805005833856,12.981957326390095,12.816699179918022,12.979662895202637,43611900
2008-04-23,12.924577377401098,13.144921581750314,12.924577377401098,13.064587593078613,45650400
2008-04-24,13.087539424879132,13.23902704620525,13.0852436803057,13.186235427856445,58024500
2008-04-25,13.296403106162828,13.321651034656007,13.115078745799465,13.232136726379395,50947200
2008-04-28,13.197707213191896,13.298697604350767,13.128849352237758,13.163277626037598,37407300
2008-04-29,13.177052039157227,13.496092166869387,13.174756295112928,13.452482223510742,53074200
2008-04-30,13.473135597447104,13.551173795958487,13.284924047675617,13.307877540588379,60805200
2008-05-01,13.358381780805859,13.562659742051164,13.227551898207595,13.328543663024902,55959000
2008-05-02,13.516750810889157,13.516750810889157,13.05999617330061,13.197711944580078,58466400
2008-05-05,13.101310137166642,13.16098635738567,13.039338172571917,13.076062202453613,55494600
2008-05-06,13.080653303157657,13.138033777298757,12.86030781704929,12.933755874633789,63580200
2008-05-07,12.915396876593581,13.048522497072765,12.860310820540006,13.043931007385254,75089400
2008-05-08,13.172462120711184,13.220663557902153,13.025567318239908,13.119671821594238,79497000
2008-05-09,13.043929775102832,13.195417399955245,12.993435213507077,13.124263763427734,38976000
2008-05-12,13.241320480318961,13.397398265683876,13.229844385026013,13.31706428527832,54615300
2008-05-13,13.163280047955507,13.197709641444522,12.93834572836431,13.002612113952637,87001800
2008-05-14,13.110485244830743,13.276441922900966,13.057472221902724,13.241867065429688,52408200
2008-05-15,13.269521990448835,13.269521990448835,13.057467340223829,13.165800094604492,50018100
2008-05-16,13.228039446823265,13.237259850067765,13.043644570895117,13.147366523742676,43622700
2008-05-19,13.126616793384889,13.149665812386221,12.944526114145889,12.999844551086426,46667700
2008-05-20,12.942228032854088,12.997546495565304,12.78779715958992,12.89612865447998,65506800
2008-05-21,12.893817623922684,12.953745596644648,12.688677940195378,12.7301664352417,61101900
2008-05-22,12.723252039050973,12.956051609220093,12.697897591243578,12.919171333312988,45195600
2008-05-23,12.879990488779217,12.903039511165636,12.769353598649486,12.850025177001953,40674600
2008-05-27,12.861549118182868,13.064383386964838,12.861549118182868,12.999844551086426,51840600
2008-05-28,13.09434617218838,13.19345852746122,13.036722311084617,13.15888500213623,61251900
2008-05-29,13.122011429692076,13.403213243913711,13.122011429692076,13.354809761047363,55637400
2008-05-30,13.36402854612078,13.387077569669396,13.253391650412423,13.308710098266602,36368100
2008-06-02,13.232647636180088,13.366333564512336,13.027507883542318,13.184244155883789,51842400
2008-06-03,13.320232824155182,13.380162129734707,13.22112176259167,13.31562328338623,51219300
2008-06-04,13.251088829650092,13.373250261186447,13.216513968623516,13.294882774353027,44131800
2008-06-05,13.48388887575859,13.80658058517472,13.463143956531692,13.783530235290527,107220600
2008-06-06,13.675193183725026,13.730511626979892,13.444699010715228,13.453919410705566,70562700
2008-06-09,13.594525048244876,13.769700839324798,13.470058177624528,13.73051643371582,70035000
2008-06-10,13.659060006874988,13.818101710805832,13.610656526116184,13.77891731262207,63729600
2008-06-11,13.74895113104445,13.778915122995617,13.476968454862849,13.488492965698242,62267100
2008-06-12,13.580699636548148,13.790449042201088,13.536906993054933,13.624493598937988,57747300
2008-06-13,13.686718276854224,13.772002034534369,13.566862304150504,13.640620231628418,62651700
2008-06-16,13.576085624672334,13.689027980974243,13.483888186536955,13.670588493347168,54270300
2008-06-17,13.71207621629477,13.721295300126052,13.483887405269137,13.527681350708008,40677000
2008-06-18,13.41473532898343,13.693632981427813,13.274134447321705,13.292573928833008,66710100
2008-06-19,13.28105565321298,13.426267462601366,13.223431751849796,13.297189712524414,62031300
2008-06-20,13.230334744672613,13.299483099911225,12.953742642613342,12.967571258544922,81155700
2008-06-23,13.045946209164057,13.138143620327691,13.006761814833588,13.05516529083252,42887400
2008-06-24,12.981404664252647,13.334060183254577,12.965270615237733,13.211898803710938,58876800
2008-06-25,13.234954469091587,13.536902563312802,13.21882041197353,13.396300315856934,66186900
2008-06-26,13.311016577421006,13.430872576313822,13.09896183013916,13.09896183013916,63154800
2008-06-27,13.057473837465567,13.218819675238494,12.873078971123968,12.976800918579102,85960500
2008-06-30,13.075912032372926,13.327149848082374,12.912260780351259,12.953750610351562,66726600
2008-07-01,12.907654537799896,13.154281530966742,12.817761211238942,13.145062446594238,68144700
2008-07-02,13.195770954730978,13.322543265281148,13.011377384550908,13.022900581359863,62302500
2008-07-03,13.10587410834423,13.269525336366312,12.914564316607418,13.04594612121582,35380800
2008-07-07,13.08052061770872,13.338673360185474,12.953748357361178,13.117398262023926,66692700
2008-07-08,13.177336206536575,13.665982130029608,13.117406862852432,13.624493598937988,98142900
2008-07-09,13.66597309971298,13.66597309971298,13.276439877096525,13.292573928833008,76490100
2008-07-10,13.380162504936848,13.400906098426711,12.92378498361833,13.18654727935791,89661900
2008-07-11,13.064390172458328,13.216515623333118,12.824676821211652,12.974496841430664,83675100
2008-07-14,13.138148282583499,13.16811228698285,12.903044470962408,12.979107856750488,63148800
2008-07-15,12.903036673790675,13.092040989809682,12.755520852723064,12.962965965270996,79768800
2008-07-16,12.953749572355788,13.163498860153517,12.824673189010714,13.128925323486328,79238100
2008-07-17,13.133536939951917,13.347895802732323,12.773966298652073,13.294882774353027,74310900
2008-07-18,13.345585979162474,13.38477036912821,13.15197209673332,13.350196838378906,61952100
2008-07-21,13.387078777835566,13.513849737689698,13.138145080577912,13.20959758758545,49934100
2008-07-22,13.18654913561607,13.728209174831683,13.172719192078786,13.61296272277832,77735700
2008-07-23,13.253391381179608,13.596826573102351,13.066691128878496,13.389381408691406,93696900
2008-07-24,13.366333142272122,13.393993026651048,13.089740892962256,13.131229400634766,63706500
2008-07-25,13.161195259908917,13.27644303594717,13.0413392610161,13.09896183013916,49356600
2008-07-28,13.089739307369008,13.184242142355133,12.896124096857264,12.91225814819336,46301100
2008-07-29,12.999848338714564,13.253392897184085,12.92839583143385,13.241867065429688,52998300
2008-07-30,13.278740616309312,13.599128009974901,13.278740616309312,13.497710227966309,58251600
2008-07-31,13.384770072521972,13.684412607958494,13.34789111298169,13.511542320251465,55843500
2008-08-01,13.54151092885877,13.548425901666633,13.221125981402501,13.311017990112305,51886800
2008-08-04,13.271830831127003,13.615267375239027,13.264915859753373,13.467751502990723,41493300
2008-08-05,13.603741178849967,14.057814614970525,13.559948559484658,13.90799331665039,112725300
2008-08-06,13.868810754401721,14.060119249176322,13.760477960284502,14.004800796508789,71464500
2008-08-07,13.458530593513686,13.599132807977039,13.110484521255435,13.128925323486328,113628300
2008-08-08,13.151978438461958,13.481585129899534,13.0943545405319,13.336373329162598,71747400
2008-08-11,13.338669905175943,13.783521459372,13.21650721714866,13.497710227966309,73047600
2008-08-12,13.53228954942138,13.769698739609396,13.46083704068486,13.656756401062012,60927000
2008-08-13,13.630836878917302,13.642407871257822,13.244360702726215,13.394784927368164,67919100
2008-08-14,13.311461924137515,13.630826634415154,13.165665941164427,13.445688247680664,80443500
2008-08-15,13.452634004460938,13.869196126573637,13.452634004460938,13.739599227905273,67695300
2008-08-18,13.769693585431373,13.792836900166861,13.568355884319743,13.614641189575195,38748600
2008-08-19,13.538265002894944,13.610005671245245,13.39709706968681,13.46883773803711,46013100
2008-08-20,13.542890881567471,13.572975715685175,13.34849616135625,13.505863189697266,38570700
2008-08-21,13.397102955093523,13.559099536189304,13.302218940631018,13.538270950317383,34145700
2008-08-22,13.58685714505074,13.771995545997607,13.58685714505074,13.755796432495117,38174700
2008-08-25,13.716459836518728,13.721087967449474,13.491978933691788,13.549835205078125,35895600
2008-08-26,13.54983678231757,13.695634179433615,13.431810822448396,13.65397834777832,32911800
2008-08-27,13.651667214826338,13.8530048910243,13.533641223877408,13.72109317779541,35181600
2008-08-28,13.751180859785531,13.894662258372092,13.658610250571192,13.857634544372559,36336000
2008-08-29,13.795149165981014,13.857632264386359,13.6678655924148,13.670180320739746,38561400
2008-09-02,13.862258628658912,14.11450966697922,13.769688055325686,13.804402351379395,69067800
2008-09-03,13.790518144539345,13.938630283578108,13.691006025302826,13.836803436279297,47470500
2008-09-04,13.88540133576943,14.091368422405424,13.81597406424757,13.834487915039062,82839000
2008-09-05,13.74654162235535,14.089048395281305,13.658600533118536,14.056650161743164,68471100
2008-09-08,14.20707732660252,14.350559977736616,13.943254002970999,14.348246574401855,85692300
2008-09-09,14.267251964921789,14.431563248528617,14.095999144680583,14.146912574768066,76103700
2008-09-10,14.22096157089478,14.459328163657242,14.165420033389163,14.352871894836426,70707000
2008-09-11,14.237169100069822,14.632904278320613,14.179312801075511,14.6190185546875,86970300
2008-09-12,14.512556801167213,14.549584497499877,14.251048199237182,14.443129539489746,57424800
2008-09-15,14.16311070840335,14.46396048692678,14.13765399514299,14.262622833251953,77406900
2008-09-16,14.116826155842872,14.621329666959072,14.116826155842872,14.38064956665039,100169700
2008-09-17,14.274196553380012,14.343623846064352,13.704895136956262,13.802092552185059,123751800
2008-09-18,14.010370997275464,14.26956492385225,13.677121663105309,14.227909088134766,125092200
2008-09-19,14.630585004674714,14.776381084884607,13.7581192787284,13.815974235534668,133640100
2008-09-22,13.758117321149838,13.866885683841543,13.596119492496966,13.628519058227539,66252900
2008-09-23,13.63315220932093,13.864574714784881,13.498925778967978,13.51512622833252,66529800
2008-09-24,13.630829862842736,13.74191292119317,13.457262418643367,13.635457992553711,51601200
2008-09-25,13.732665170173105,13.994173861977506,13.658608427841342,13.913175582885742,64288500
2008-09-26,13.672491920498544,14.09368237341468,13.672491920498544,14.049713134765625,63599400
2008-09-29,13.89697324544067,14.082111765591424,13.485039044943877,13.52669620513916,82605600
2008-09-30,13.695638187188193,13.887718279422389,13.362388787997052,13.85994815826416,80777100
2008-10-01,13.772008330953435,13.954833499244321,13.651668920730547,13.806722640991211,70091100
2008-10-02,13.806722673025051,13.850693249697903,13.47578664571323,13.619269371032715,63599700
2008-10-03,13.74654211110015,13.936310010245457,13.623888056905384,13.822912216186523,93355800
2008-10-06,13.582230497946934,13.781254631732581,12.624137513247916,13.399405479431152,119186400
2008-10-07,13.589179914979862,13.589179914979862,12.601001625289324,12.69125747680664,103654200
2008-10-08,12.429749765621812,13.137904290412447,12.207582212122103,12.624144554138184,143388300
2008-10-09,12.651911284445662,12.806964906432366,11.515622524229574,11.892842292785645,123553800
2008-10-10,11.346682969826487,12.550085555803973,10.969463870598618,11.791016578674316,154762500
2008-10-13,12.191378180221593,12.661168486525828,11.84887271005656,12.612569808959961,88662300
2008-10-14,12.966646489793444,12.975904074553883,12.200635974722305,12.598684310913086,85679700
2008-10-15,12.367264830404947,12.404292533735694,11.54339776918831,11.582738876342773,83835600
2008-10-16,11.703078826700025,12.732912918490337,11.277260265597112,12.64034366607666,142170300
2008-10-17,12.439004365450659,12.816222859607466,11.504053055513003,12.443631172180176,93669000
2008-10-20,12.647288894812206,12.656545159680075,12.121956799209675,12.596375465393066,85245000
2008-10-21,12.538514296080995,12.843993429508911,12.395031652740387,12.420488357543945,58332900
2008-10-22,12.283945921778468,12.397343705214933,11.83498556609597,12.096492767333984,84611100
2008-10-23,12.119643453132442,12.307096721864877,11.571170692734006,12.209897994995117,104835900
2008-10-24,11.571166157427422,12.258493215833932,11.568851429998983,11.895157814025879,89429400
2008-10-27,11.767876340904285,12.03632647373603,11.478596308359416,11.494796752929688,80234400
2008-10-28,11.788706904267206,12.894911283956537,11.756307330238746,12.767627716064453,126016200
2008-10-29,12.758372594154032,13.144848816238081,12.39272363107002,12.732915878295898,102701700
2008-10-30,12.95045465508116,12.959712245048076,12.45289395501399,12.670432090759277,69974100
2008-10-31,12.728284852586441,13.137904335826418,12.559346776118517,12.915738105773926,78094500
2008-11-03,13.135585369567822,13.237412177330398,12.904161649153096,12.95276165008545,56271300
2008-11-04,13.144845530724501,13.248985772341202,12.857881515369709,12.989791870117188,69164100
2008-11-05,12.931935413259126,12.959706847377761,12.496859322976144,12.526944160461426,66570000
2008-11-06,12.86250558912511,13.040701175161939,12.279318830991308,12.378830909729004,97344300
2008-11-07,12.464465918012424,12.658862080271433,12.358010908304287,12.587120056152344,58313100
2008-11-10,12.75374125399846,12.897223923561121,12.577859015654225,12.769940376281738,54605700
2008-11-11,12.725973657914537,12.87639923220748,12.293212114969545,12.670432090759277,71357400
2008-11-12,12.300152925601482,12.661173714025825,12.108071539021443,12.177498817443848,85122300
2008-11-13,12.25849240155453,12.716710410054736,11.816473511333038,12.712080955505371,113225700
2008-11-14,12.589430761192961,12.756055422353718,12.149726463187193,12.198325157165527,77255100
2008-11-17,12.212209836087686,12.28163710337611,11.844246246409535,11.990043640136719,80894700
2008-11-18,11.95995685719092,12.39734631889313,11.795645640491806,12.200636863708496,109886100
2008-11-19,12.149726362789378,12.450576111900933,11.740106910906702,11.802591323852539,89328600
2008-11-20,11.712335526880441,12.381147497274686,11.654479251923664,11.723906517028809,122490000
2008-11-21,11.89515843214696,12.274692973031932,11.617450715968264,12.24692153930664,120777600
2008-11-24,12.334867641684866,12.522320922588115,12.08724466229985,12.212213516235352,91222800
2008-11-25,12.439000196819915,12.762991766001237,12.346429663665916,12.654223442077637,82114200
2008-11-26,12.452891445576082,13.13327716138971,12.427434733566223,13.119391441345215,71235900
2008-11-28,13.093934707056468,13.19113209877226,12.846310447401457,12.931938171386719,27215400
2008-12-01,12.813912926883912,12.897225927522348,12.251554476273933,12.267753601074219,77836200
2008-12-02,12.443629558640515,12.55702735947038,12.084924958988573,12.369575500488281,73387500
2008-12-03,12.193697023594257,12.614887470297248,12.149726461378716,12.584802627563477,75645900
2008-12-04,12.753743171691895,13.005994252118018,12.496862634875862,12.753743171691895,86379000
2008-12-05,12.563974169368683,13.586865453245826,12.496861623513764,13.47115421295166,112969500
2008-12-08,13.5567792614462,13.707204785813222,13.077732576092059,13.320727348327637,81184800
2008-12-09,13.232788326492031,13.267502627572224,12.70745759615351,12.915738105773926,91214400
2008-12-10,12.950451326254274,12.989792431908915,12.538517149242795,12.786141395568848,63895800
2008-12-11,12.667138428926698,12.89026577651376,12.574167370821527,12.734539985656738,74848800
2008-12-12,12.492826900464333,12.75546569590409,12.492826900464333,12.697359085083008,70874400
2008-12-15,12.781024336250256,12.811239328873747,12.5532475257991,12.715946197509766,50157000
2008-12-16,12.785675782562327,13.008804496984466,12.583467089108165,12.839134216308594,68988000
2008-12-17,12.827510833740234,13.034367644297319,12.70664952413746,12.827510833740234,66586800
2008-12-18,12.89027018795886,13.064588654161353,12.73222093102345,12.878647804260254,80824200
2008-12-19,12.941399360771644,13.227281468308986,12.906536208123295,12.955345153808594,97314600
2008-12-22,13.013446807861328,13.131982013934797,12.894910271844338,13.013446807861328,51045900
2008-12-23,13.050642916213066,13.108748185244941,12.822866005786166,12.850757598876953,38562900
2008-12-24,12.929779960471627,12.973940757430073,12.846106521512418,12.885619163513184,13682100
2008-12-26,12.946049964212897,12.95534627374514,12.829836785450864,12.864701271057129,19121100
2008-12-29,12.864702713571209,12.876323766761649,12.67178897478819,12.808920860290527,30142800
2008-12-30,12.839131296769203,12.87631918572591,12.627625012084957,12.794970512390137,41927100
2008-12-31,12.846105193806002,13.092476000318158,12.729893352209888,13.0297212600708,41645700
2009-01-02,13.01112792423493,13.366737692382433,12.964642387443464,13.290037155151367,48164400
2009-01-05,13.238901228420369,13.329546205328805,12.941396798948906,13.13663387298584,48063900
2009-01-06,13.157556717305066,13.201716183898558,12.922806939932341,13.020424842834473,57438000
2009-01-07,12.897238579505762,13.06458408899113,12.797294626265126,12.908858299255371,50346000
2009-01-08,11.925703151938977,12.044239726221996,11.693279487420709,11.941973686218262,278516400
2009-01-09,11.988457679748535,12.18137003613112,11.911757153614664,11.988457679748535,86091900
2009-01-12,11.969863097292707,12.130235689278214,11.89083784215713,11.944294929504395,55306200
2009-01-13,11.990782217674058,12.24877404576955,11.98380932178565,12.113966941833496,74980200
2009-01-14,11.918729995323462,12.086075508899045,11.909433687319002,11.983809471130371,61431000
2009-01-15,11.98381031862601,12.048889799035342,11.697928213140468,11.935001373291016,84182100
2009-01-16,12.062833408943971,12.097697888820502,11.855975261489629,11.983809471130371,65023800
2009-01-20,11.948951427353188,12.002408546082517,11.72349923760333,11.751389503479004,67708200
2009-01-21,11.672361812344466,11.695603914825208,11.27723942045153,11.421342849731445,117235200
2009-01-22,11.374860287809623,11.52826004826201,11.102923260689632,11.358591079711914,93343200
2009-01-23,11.177293377703004,11.295829912049651,11.156374696367655,11.237723350524902,69273900
2009-01-26,11.305131804665399,11.386480499029087,11.1633531076124,11.295835494995117,56647200
2009-01-27,11.377183657316483,11.458531017931884,11.279564430678626,11.339994430541992,49435500
2009-01-28,11.507339801684532,11.537556131128115,11.27491611479107,11.3260498046875,73991100
2009-01-29,11.28653578354411,11.40507235471783,11.107569220774035,11.123838424682617,56619300
2009-01-30,11.15637858133338,11.226106213455507,10.905360302643292,10.951845169067383,61844100
2009-02-02,10.824012756347656,10.92860422193531,10.749637622664757,10.824012756347656,62583300
2009-02-03,10.930927538748156,11.15637898277444,10.8240113446676,11.112218856811523,67655400
2009-02-04,10.898387938359797,11.061084646298943,10.758933332281096,10.789148330688477,79518300
2009-02-05,10.963467154951909,11.384156395688647,10.961143077675384,11.286537170410156,99879300
2009-02-06,11.351619663302548,11.639825271157541,11.279567263880477,11.535234451293945,84891300
2009-02-09,11.518959779976564,11.518959779976564,11.335343749092422,11.453880310058594,48831900
2009-02-10,11.388802497323685,11.45388197671136,11.00297843005959,11.091300010681152,76822800
2009-02-11,11.15173066209314,11.277239479080118,11.098273560120706,11.209837913513184,53277900
2009-02-12,11.151730191994693,11.223781903971915,10.930927566699477,11.186594009399414,67178100
2009-02-13,11.098269507757546,11.181942243521059,10.803089858710413,10.814711570739746,77000700
2009-02-17,11.047140552272218,11.360913611563811,10.993683447000409,11.212162017822266,116757300
2009-02-18,11.374862103432505,11.621232986450195,11.277242849431772,11.621232986450195,142068000
2009-02-19,11.491069843980776,11.776951944314542,11.491069843980776,11.72581958770752,81933000
2009-02-20,11.61890581292074,11.772305565768166,11.511990269444695,11.625877380371094,88744200
2009-02-23,11.70257430265478,11.72349298836915,11.339991729935043,11.360910415649414,70857000
2009-02-24,11.337668358965763,11.704899086518306,11.316749673176087,11.623550415039062,78678900
2009-02-25,11.38183164282685,11.635174019976821,11.286537159885782,11.437613487243652,76429800
2009-02-26,11.507340194285032,11.537556524759518,11.188919652580665,11.214485168457031,69507300
2009-02-27,11.126165810088146,11.621230900238908,11.058762241560762,11.444587707519531,84485100
2009-03-02,11.344645005008875,11.502694246694237,11.14708378538823,11.165677070617676,76052400
2009-03-03,11.235407930420097,11.288866383757327,10.923959507935454,11.012280464172363,84125400
2009-03-04,11.147085859533924,11.435292141284819,10.958822244955835,11.270271301269531,95431200
2009-03-05,11.702579003900846,11.853655358216203,11.45620947958475,11.56312370300293,138795600
2009-03-06,11.65609439984774,11.65609439984774,11.179623246024654,11.367887496948242,101318400
2009-03-09,11.286536344619732,11.41437056005604,10.993682015071428,11.04249095916748,79526700
2009-03-10,11.065734075032957,11.3702108129537,10.986710126389264,11.312104225158691,97597500
2009-03-11,11.37357736583404,11.408638519249122,11.020637337763874,11.093094825744629,78197700
2009-03-12,11.188928738204377,11.481097932613597,11.060373383200718,11.43902587890625,75390000
2009-03-13,11.375908748626511,11.562897002283908,11.298775592450776,11.497451782226562,61714500
2009-03-16,11.53251609237508,11.581600360992333,11.373575345829963,11.406298637390137,49141500
2009-03-17,11.429673140202071,11.686783790588379,11.40396207516344,11.686783790588379,55867800
2009-03-18,11.44135588041249,11.943886335798513,11.44135588041249,11.789621353149414,60572700
2009-03-19,11.87377050585469,11.899481570253792,11.595625846580456,11.675095558166504,62254500
2009-03-20,11.719503980562044,11.777938332057575,11.450708103596142,11.590950012207031,78924900
2009-03-23,11.752227588033723,12.032710075378418,11.534853827522333,12.032710075378418,59039100
2009-03-24,11.920516828001551,12.060758737427015,11.824684811979285,11.939215660095215,61909800
2009-03-25,11.983625269270696,12.222035707171784,11.836371134121936,12.07945728302002,70334100
2009-03-26,12.168280650785254,12.387993683327903,12.142570917135176,12.33189582824707,75148500
2009-03-27,12.238397040649337,12.38798903566425,12.163601711864871,12.287481307983398,60853200
2009-03-30,12.154255350136587,12.191654363430867,11.981291433701674,12.098158836364746,50155200
2009-03-31,12.163599293059564,12.25943129055013,11.934538978568654,12.177623748779297,63535800
2009-04-01,12.009339594207583,12.39967730945955,11.971941920742259,12.345918655395508,67957200
2009-04-02,12.46745422214005,12.754948830198993,12.434730943288468,12.53757381439209,65542800
2009-04-03,12.55160180971995,12.69184370868946,12.376300104730994,12.57497501373291,49566900
2009-04-06,12.483817639113587,12.563288665818124,12.364612436502535,12.488492012023926,46532400
2009-04-07,12.378635797821886,12.392658915312596,12.154248531177258,12.245406150817871,42833100
2009-04-08,12.308520597416434,12.392664691361635,12.2173629352885,12.296833992004395,51762900
2009-04-09,11.696132885934857,11.999988626172321,11.604975227651275,11.841049194335938,126973500
2009-04-13,11.873771876872594,12.149581387050857,11.831699829109866,12.04439926147461,58039800
2009-04-14,11.967265269944031,11.990638477053084,11.815336748843086,11.948566436767578,53807100
2009-04-15,11.86441883631188,12.018683847279329,11.831695549910966,11.988298416137695,39026100
2009-04-16,11.990636000551087,12.035045887353661,11.749887737223744,11.86909294128418,63739500
2009-04-17,11.964928289216527,11.978951412039804,11.719505584286242,11.733530044555664,72072000
2009-04-20,11.707821244500842,11.789628828634838,11.497459649554228,11.516157150268555,60895200
2009-04-21,11.607316273615673,11.686787348820852,11.436688852520904,11.647051811218262,46714800
2009-04-22,11.59094919577324,11.74053984111693,11.410971780328977,11.443695068359375,61171500
2009-04-23,11.453046283197912,11.495119664352393,11.28242025248509,11.420324325561523,48756600
2009-04-24,11.410973896930185,11.583939115776241,11.15386526191656,11.188925743103027,80793000
2009-04-27,11.163213562008425,11.43902167228449,11.135165313610331,11.338515281677246,61824300
2009-04-28,11.284755181574388,11.539527938713993,11.22632216727757,11.329166412353516,81424800
2009-04-29,11.417988345454992,11.943893659267511,11.336182100478549,11.791966438293457,102965700
2009-04-30,11.8831215178084,11.885459373825466,11.670422093427403,11.780277252197266,69167100
2009-05-01,11.80365186602378,11.808327578613847,11.506808313981344,11.698471069335938,47331900
2009-05-04,11.735867718595067,12.002325772355169,11.731192006946937,11.8831205368042,63605700
2009-05-05,11.84338051876087,12.00933344570308,11.675091074327263,11.794296264648438,58946100
2009-05-06,11.843383134962533,11.941553002318727,11.469406509165351,11.572249412536621,78267900
2009-05-07,11.88779079739122,11.955573880926295,11.57925947023793,11.661067008972168,93789300
2009-05-08,11.7802704348253,11.7802704348253,11.62834198034833,11.719499588012695,55603800
2009-05-11,11.679769889027847,11.927529080388718,11.623673392637878,11.83403491973877,53983500
2009-05-12,11.89246955954528,11.997651674916584,11.841048767244779,11.89714527130127,51612300
2009-05-13,11.82029735605029,11.82029735605029,11.64169991315294,11.756848335266113,57554400
2009-05-14,11.773299817060176,11.836748842903926,11.456054687841423,11.53830337524414,78991500
2009-05-15,11.505408731116374,11.594707499267559,11.308012869580551,11.315061569213867,60168300
2009-05-18,11.467806540876381,11.745101939021678,11.441956833117942,11.731001853942871,56515200
2009-05-19,11.730999099634609,11.749800105097501,11.597052356809519,11.599401473999023,43863000
2009-05-20,11.693406790004182,11.820304912697715,11.479560352030596,11.500710487365723,60555900
2009-05-21,11.470159852557199,11.639356881558442,11.437260094086787,11.540658950805664,47151000
2009-05-22,11.601753816124642,11.695752135384222,11.540655244770422,11.573554992675781,34034100
2009-05-26,11.55710595496203,11.904900453949674,11.552406374550113,11.74980354309082,52041900
2009-05-27,11.806202712604339,11.94249995912678,11.573556670625296,11.590005874633789,52394400
2009-05-28,11.634651048509904,11.70045053769884,11.496004718130575,11.644051551818848,46216800
2009-05-29,11.72630382607692,11.74275437573255,11.531257105527775,11.688704490661621,38519700
2009-06-01,11.792100329504928,11.914297466126703,11.651102185309695,11.888447761535645,59977500
2009-06-02,11.839100613015079,11.949549489833835,11.719252575639667,11.733352661132812,52197900
2009-06-03,11.691047834035055,11.980094095009173,11.679299560261308,11.95659351348877,59210700
2009-06-04,11.944846017785833,11.984795803278157,11.808548806171126,11.954246520996094,45876000
2009-06-05,12.013001237360282,12.161048134430326,11.79915482293124,12.001250267028809,75981600
2009-06-08,11.98244477960895,11.998893976787558,11.843795783427845,11.940144538879395,56925600
2009-06-09,11.951897485524386,12.022396561713053,11.867298325166377,11.893149375915527,43213800
2009-06-10,11.940149709575392,11.94955021536097,11.686354878580216,11.76390266418457,59491500
2009-06-11,11.761551991742241,11.808551830515142,11.582955831584943,11.590005874633789,64824000
2009-06-12,11.597058741427965,11.716906813123485,11.564158980742057,11.71220588684082,46015200
2009-06-15,11.538309164502298,11.561808417077112,11.331512783595148,11.387911796569824,73821300
2009-06-16,11.399660994967498,11.425510709692931,11.291562554658906,11.338561058044434,62130300
2009-06-17,11.350306049600208,11.488953713006289,11.30330622631408,11.411404609680176,57816000
2009-06-18,11.432557577758486,11.488956572946549,11.373808120190796,11.439607620239258,41781300
2009-06-19,11.526555680594612,11.526555680594612,11.303308821872829,11.319759368896484,71303400
2009-06-22,11.303308583148679,11.491305226176516,11.284508918845894,11.41845703125,60085200
2009-06-23,11.449005962472738,11.474855668169377,11.338557097709096,11.36205768585205,48711600
2009-06-24,11.397309085326127,11.460756780426182,11.305659874716197,11.399658203125,50043900
2009-06-25,11.383207095727698,11.620552667174701,11.355006929593277,11.550053596496582,59588700
2009-06-26,11.52420330782497,11.52890288705633,11.380856056334553,11.427854537963867,61609800
2009-06-29,11.44665816991989,11.491306199846273,11.373808624162702,11.458406448364258,51972900
2009-06-30,11.481908101105665,11.533607523264681,11.350310427665267,11.383210182189941,50517300
2009-07-01,11.40905534333818,11.430205467731735,11.319757955656083,11.366756439208984,55294800
2009-07-02,11.3409057621802,11.373805504638714,11.223408218722994,11.23045825958252,59958600
2009-07-06,11.218708928200225,11.322107071122819,11.178759813789645,11.21635913848877,60765600
2009-07-07,11.256307608437835,11.291556466973047,11.216357826371718,11.242207527160645,45279300
2009-07-08,11.305657872727046,11.397307067107873,11.275107917157117,11.366756439208984,56639400
2009-07-09,11.467805755287904,11.47955537716264,11.251609620079261,11.298608779907227,45369600
2009-07-10,11.265712648776388,11.336211747316932,11.12706491468809,11.178764343261719,47913300
2009-07-13,11.18581105021148,11.265709287568015,11.143512141570735,11.239859580993652,48102900
2009-07-14,11.246909963947262,11.315058581227005,11.171711976566513,11.310359001159668,40399200
2009-07-15,11.362061973504945,11.413761404407818,11.270413410204839,11.40906047821045,56225100
2009-07-16,11.362058871761478,11.41845786880676,11.277460376193556,11.399658203125,56589900
2009-07-17,11.42316305817969,11.44666366031501,11.284515287614207,11.394964218139648,43236900
2009-07-20,11.434910043022782,11.479559428699929,11.33151252723768,11.472509384155273,51321600
2009-07-21,11.493656513819863,11.503057018975333,11.385558100151801,11.48190689086914,51564300
2009-07-22,11.467808817408782,11.639356300834026,11.434909060579843,11.554757118225098,45115500
2009-07-23,11.557105702810302,11.629955248567489,11.430207621849798,11.458406448364258,79989000
2009-07-24,11.470161188320727,11.559459966857554,11.45841021669547,11.500710487365723,39274200
2009-07-27,11.53830265222919,11.53830265222919,11.40435456776832,11.507753372192383,42810600
2009-07-28,11.458406289708266,11.512456168821368,11.434907043828565,11.496006965637207,35418000
2009-07-29,11.496005299076602,11.64875171980938,11.467805132382576,11.601753234863281,49822500
2009-07-30,11.644052614695637,11.843798873171345,11.632302992980362,11.745100975036621,52130700
2009-07-31,11.76155471489273,11.850853487975817,11.695756538966293,11.721606254577637,43985700
2009-08-03,11.801504660991764,11.801504660991764,11.637007202220772,11.71220588684082,45601500
2009-08-04,11.658153882577686,11.815601249936591,11.63230417431567,11.714552879333496,54801600
2009-08-05,11.735701713737624,11.742751755637244,11.557104238035278,11.561803817749023,53149200
2009-08-06,11.573553203154203,11.604101139449917,11.456054313754079,11.510104179382324,48633000
2009-08-07,11.580607758381566,11.632307188301162,11.500709495106689,11.582958221435547,40184700
2009-08-10,11.604105188242611,11.686355246315289,11.517156894116674,11.684004783630371,39144300
2009-08-11,11.681649090799432,11.832046363498923,11.636999732384561,11.759198188781738,48754800
2009-08-12,11.837886031241034,12.01273652973334,11.837886031241034,11.934762001037598,54929400
2009-08-13,12.24665931906039,12.286826911272486,11.944214615183549,12.25847339630127,96432000
2009-08-14,12.256112514151543,12.345901131843972,12.178137974781603,12.237208366394043,51714000
2009-08-17,12.121423645091156,12.253743150281892,12.083618072179517,12.185220718383789,53142600
2009-08-18,12.201763955613833,12.251383616533968,12.107249993853014,12.135604858398438,36855300
2009-08-19,12.067078320368719,12.251380842073566,12.038724814278616,12.208849906921387,42990300
2009-08-20,12.192312174193793,12.244293834611812,12.109610943813026,12.218303680419922,27902700
2009-08-21,12.279738481079393,12.310455349647365,12.109611997875561,12.135604858398438,63281400
2009-08-24,12.173410359968011,12.215942661219517,12.085985105230746,12.180499076843262,34857300
2009-08-25,12.211213262443083,12.41914393122869,12.18285840431893,12.208849906921387,49747200
2009-08-26,12.22539167848035,12.343533775456002,12.182859387860418,12.239567756652832,42874800
2009-08-27,12.204125610588816,12.225391756033686,12.078894797715423,12.107248306274414,51652200
2009-08-28,12.135601316277858,12.1450520336783,11.958387520696917,12.081254959106445,44379900
2009-08-31,12.055264341566174,12.161593708333303,11.986741903273044,12.019822120666504,51727800
2009-09-01,12.005648581537427,12.140331498257147,11.965479636541765,12.04345417022705,49847100
2009-09-02,12.000917473653978,12.062351187845044,11.996190763305547,12.031634330749512,40324200
2009-09-03,12.085980854133496,12.251380584286672,12.048176630820164,12.225390434265137,48886800
2009-09-04,12.215941332958597,12.31045529429444,12.168685028307848,12.21121597290039,39809700
2009-09-08,12.220665981868397,12.23956877303557,12.128515381941282,12.145054817199707,42396600
2009-09-09,12.173409284891731,12.173409284891731,12.012736223357303,12.076533317565918,45269700
2009-09-10,12.029275673910554,12.119064277125982,11.986744728400124,12.05763053894043,68593200
2009-09-11,12.048178764420895,12.05999148777057,11.960752172918076,11.984381675720215,48269400
2009-09-14,11.901683100865274,11.93948733501807,11.861514158528463,11.904045104980469,49630500
2009-09-15,11.93712439792082,11.951301829641546,11.774087989235397,11.79771614074707,79187700
2009-09-16,11.809525386272828,11.856783022001565,11.75517903758309,11.823702812194824,52833600
2009-09-17,11.837885981471418,11.847336701982096,11.778814246159262,11.804805755615234,53304300
2009-09-18,11.814256047058201,11.908768646054,11.80007861639515,11.840246200561523,100336800
2009-09-21,11.821347045310873,12.043455236536154,11.818983688795585,12.029277801513672,45849300
2009-09-22,12.057627483367321,12.121424561483076,12.031635981021344,12.048176765441895,43624500
2009-09-23,12.05999097561688,12.081257121625415,11.908768653869629,11.908768653869629,42050400
2009-09-24,11.97019978146669,12.012730707398456,11.89458864557299,11.979650497436523,35829000
2009-09-25,11.90876776883707,11.965476135277852,11.677208943879068,11.6890230178833,79026300
2009-09-28,11.719742693780008,11.743372199494345,11.655945597216707,11.696114540100098,44375700
2009-09-29,11.731553985530432,11.738642700358419,11.620500607971561,11.632314682006836,51301200
2009-09-30,11.6441307887339,11.65121950479935,11.514174599625584,11.599236488342285,66273900
2009-10-01,11.594508428049751,11.665394220161213,11.51417191807491,11.577967643737793,67401300
2009-10-02,11.551982787573463,11.658310848451059,11.540168708813136,11.596877098083496,45281400
2009-10-05,11.57796753742657,11.622863178984483,11.542525317713292,11.592144966125488,42652500
2009-10-06,11.632316399256892,11.729193713495658,11.608688247698176,11.691388130187988,52748400
2009-10-07,11.70320205483176,11.743370993590279,11.653582396385524,11.693751335144043,34860600
2009-10-08,11.703204162269452,11.783540702218689,11.672487289701643,11.752823829650879,44885400
2009-10-09,11.76936012166823,11.821343131517121,11.724467179017829,11.807167053222656,49148400
2009-10-12,11.821346268157741,11.863878570429051,11.689026704727576,11.72210693359375,49072800
2009-10-13,11.738644196802667,11.951301612649544,11.731555481071009,11.894593238830566,62561700
2009-10-14,11.963114039200667,11.96547604276279,11.837883233283133,11.859148025512695,48216600
2009-10-15,11.880413879071664,12.048176969411475,11.86151109086676,12.038724899291992,65054700
2009-10-16,12.003285028351199,12.147420015896445,11.960754079781598,12.10252571105957,49629900
2009-10-19,12.13324429287478,12.279741305305588,12.109614782974239,12.260838508605957,46234200
2009-10-20,12.282097084414692,12.28682109063177,12.168680374189822,12.215936660766602,39724200
2009-10-21,12.208851005504775,12.279736805159592,11.899317653978438,11.963114738464355,65711400
2009-10-22,11.960753166527335,11.991471387518528,11.82134490216105,11.927674293518066,73812600
2009-10-23,11.97492793148743,11.982016646134467,11.80952819514745,11.918219566345215,45340200
2009-10-26,11.951304899578318,11.958393617259562,11.771727657079198,11.776453018188477,45821100
2009-10-27,11.804802099951447,11.840244318942492,11.759907811342396,11.783535957336426,46772100
2009-10-28,11.769360379919313,11.901681263177847,11.75045894177861,11.790626525878906,51051300
2009-10-29,11.849698279458488,11.925309440332112,11.769360407004607,11.908768653869629,43167300
2009-10-30,11.906409657852421,11.92058709210621,11.72447042504394,11.738646507263184,52905300
2009-11-02,11.769359282153726,11.896953441941768,11.741005775553091,11.880414009094238,45113100
2009-11-03,11.852060255938795,11.948937562598008,11.700837934539559,11.790626525878906,48612900
2009-11-04,11.823708572341257,11.998559070448485,11.781177625889253,11.904045104980469,43565100
2009-11-05,11.934758155108232,12.133238095086002,11.930032796355755,12.116697311401367,50059200
2009-11-06,12.057626999635023,12.114335361014643,11.979652495725299,12.10960865020752,37095900
2009-11-09,12.206488654914493,12.29391389580633,12.147418277033134,12.286825180053711,45853500
2009-11-10,12.232485529850386,12.397885364567445,12.23012217288433,12.360079765319824,50464500
2009-11-11,12.426236930901865,12.523114260188446,12.329359601615282,12.51602554321289,69892200
2009-11-12,12.610536544225582,12.697961779596326,12.54910146226073,12.579819679260254,84795300
2009-11-13,12.589273468878899,12.653070570149607,12.537290445319872,12.5703706741333,52907100
2009-11-16,12.605810244000606,12.631801750288815,12.478216068416398,12.56091594696045,46039200
2009-11-17,12.61762584457764,12.712139809763297,12.546741384714203,12.679060935974121,53133900
2009-11-18,12.712134284367066,12.853905846540998,12.667241353446935,12.79483413696289,40082700
2009-11-19,12.759390701790977,12.912976320780778,12.702682352753254,12.886984825134277,52104900
2009-11-20,12.884627533114772,12.96496541274652,12.75939670573323,12.825555801391602,45151500
2009-11-23,12.943697843800539,12.960237277890752,12.8822627628208,12.920069694519043,35796600
2009-11-24,12.938971357108443,12.976778289463514,12.884626342410018,12.960237503051758,31799700
2009-11-25,12.962595081663794,13.016940072141738,12.943692299927953,12.986223220825195,27189600
2009-11-27,12.780670300786564,12.957884247182209,12.780670300786564,12.908263206481934,22586100
2009-11-30,12.8846236252296,12.924792552862304,12.783020980539511,12.889348983764648,35786100
2009-12-01,12.960237417724908,13.014583784099733,12.905892403384277,12.936609268188477,36022800
2009-12-02,12.917704493256876,12.967324140472654,12.872810204815462,12.894076347351074,30120900
2009-12-03,12.931883802958515,12.941334521882142,12.832643142055336,12.863361358642578,34223700
2009-12-04,12.92715578697186,12.948420576197208,12.747578643984141,12.81610107421875,33363600
2009-12-07,12.792474796062992,12.99095475400446,12.792474796062992,12.97913932800293,34088100
2009-12-08,12.95314865097676,12.960237366216354,12.773572822365706,12.85627269744873,47524800
2009-12-09,12.880732138965355,12.887856600807103,12.766743467201673,12.840360641479492,38048400
2009-12-10,12.890229730726702,13.030342326614457,12.873606893342767,12.987595558166504,30339300
2009-12-11,13.018470924029348,13.061216345464224,12.975725502594473,12.978100776672363,34198800
2009-12-14,12.961473775084922,12.966224322214192,12.778617117320538,12.840360641479492,44623200
2009-12-15,12.81424151834508,12.840362737559357,12.702626743073719,12.818990707397461,45641100
2009-12-16,12.873612736385988,12.878363285382198,12.617137444698182,12.66225814819336,51537600
2009-12-17,12.610011271835074,12.633758575629424,12.434277690740748,12.529268264770508,46921200
2009-12-18,12.600509024098349,12.600509024098349,12.422401563427535,12.550639152526855,78155700
2009-12-21,12.572011508242051,12.714496649808067,12.569636234989359,12.681249618530273,40296300
2009-12-22,12.69550107572949,12.764370425291498,12.645631198279396,12.667004585266113,35872200
2009-12-23,12.693131281257969,12.731127520111519,12.645635303264688,12.66225814819336,25893000
2009-12-24,12.686004806657309,12.761997272324232,12.674131153753411,12.728750228881836,13419300
2009-12-28,12.773870014268915,12.821365981349837,12.731124595092748,12.818990707397461,22275900
2009-12-29,12.816616009801653,12.871236442343585,12.799993167944617,12.849863052368164,21792600
2009-12-30,12.807120020004465,12.906859807454643,12.797620280848278,12.894986152648926,20391000
2009-12-31,12.883105477043163,12.911603323134626,12.686001263269615,12.69312572479248,29294400
2010-01-04,12.761993944984617,12.982846820891229,12.745369748171486,12.878357887268066,62259300
2010-01-05,12.845112640855039,12.868859943777595,12.721624219723585,12.7501220703125,46945200
2010-01-06,12.704999222631814,12.783366947976972,12.686002468568745,12.721623420715332,37551600
2010-01-07,12.757248082933167,12.764372546446001,12.648007214971376,12.728750228881836,31988100
2010-01-08,12.688373417400951,12.712120713280907,12.591007601900468,12.664626121520996,34089600
2010-01-11,12.664627466413835,12.92822709877021,12.610008408319404,12.87360668182373,41963100
2010-01-12,12.823733076027722,13.00184047986144,12.790486052639054,12.997091293334961,45351000
2010-01-13,13.011344897127755,13.108710739834448,12.921104875798449,13.063590049743652,39872100
2010-01-14,12.99709507944651,13.023217651229253,12.861733032622856,12.87360668182373,41316000
2010-01-15,12.904482496028306,12.95435238188162,12.72875025847806,12.747748374938965,57262500
2010-01-19,12.80236610152125,12.88548302213826,12.705000255346501,12.830863952636719,43855500
2010-01-20,12.804742892394751,12.809492081859196,12.64088430562523,12.790493965148926,39925800
2010-01-21,12.840360679638056,12.840360679638056,12.548264537519062,12.567262649536133,48086100
2010-01-22,12.576761135451227,12.697874257383813,12.512642343907386,12.572011947631836,58247700
2010-01-25,12.61951045169732,12.638508567710476,12.534018250211899,12.557766914367676,36009900
2010-01-26,12.543517638242832,12.790493139534307,12.522145607606133,12.731124877929688,46752000
2010-01-27,12.709747462154661,12.76911570495218,12.610007727173253,12.681249618530273,39576300
2010-01-28,12.676503296794445,12.693127495617748,12.469897960363996,12.493646621704102,50880300
2010-01-29,12.747744123056009,12.85935751046661,12.68125005819504,12.688374519348145,72842400
2010-02-01,12.733497258234985,12.771493484622983,12.65988007917783,12.700251579284668,33058500
2010-02-02,12.726371620570111,12.757244740654745,12.664628098105078,12.702624320983887,34163700
2010-02-03,12.759618889179933,12.942476904131498,12.738245503849296,12.887856483459473,53966700
2010-02-04,12.795242079905007,12.894983203395759,12.576764435513693,12.579139709472656,63089700
2010-02-05,12.531641100929077,12.712122477050666,12.529265827470757,12.69312572479248,46637400
2010-02-08,12.67650342707841,12.71449965499035,12.56726393211851,12.569639205932617,31517700
2010-02-09,12.636132459554855,12.733496937942387,12.543515810781095,12.645630836486816,32475000
2010-02-10,12.650379290298167,12.704998351615528,12.576762117367968,12.643256187438965,28225200
2010-02-11,12.617134501013949,12.693128319843735,12.564890703918753,12.605260848999023,34738800
2010-02-12,12.612382267732675,12.612382267732675,12.50551806653975,12.562512397766113,51115200
2010-02-16,12.643261467033026,12.757250184309651,12.56251843982256,12.719252586364746,47313600
2010-02-17,12.750124635232044,12.883110101891736,12.740624896840592,12.837990760803223,46602600
2010-02-18,12.633757176337548,12.704999079829978,12.56488918765021,12.6978759765625,88372500
2010-02-19,12.631381063373093,12.72399770592276,12.602884575640045,12.702624320983887,45271200
2010-02-22,12.709754718712988,12.804745320275307,12.667009287723133,12.783371925354004,36291600
2010-02-23,12.76436978745453,12.842736151452025,12.693126526577752,12.73349666595459,42414000
2010-02-24,12.761993588527183,12.811863459869418,12.700250067708424,12.804738998413086,31872600
2010-02-25,12.69549647520935,12.890226725842657,12.645626615830805,12.859354972839355,40530300
2010-02-26,12.87598295068824,12.880732138965355,12.704998584190564,12.840360641479492,47858700
2010-03-01,12.833236331176233,12.854609716953863,12.714498469733346,12.7999906539917,36386100
2010-03-02,12.783366100102363,12.797615023556807,12.697875277079962,12.726371765136719,42245100
2010-03-03,12.669381475067174,12.764373422523029,12.621886860191813,12.743000030517578,34893600
2010-03-04,12.828488021602993,12.845112220186198,12.764370577582353,12.814240455627441,33635400
2010-03-05,12.816615495240901,12.864111462550827,12.705000719431384,12.856986999511719,34125300
2010-03-08,12.82610794696974,12.890226725842657,12.807111199446252,12.859354972839355,22670100
2010-03-09,12.852239688964112,12.942481088846298,12.804743714712009,12.837990760803223,37753800
2010-03-10,12.817212018979392,12.900797434464218,12.78377757948314,12.807660102844238,38091000
2010-03-11,12.810045534519757,12.893632304352744,12.783775719203426,12.88885498046875,32021700
2010-03-12,12.934226691889997,12.953331883017457,12.845865353739375,12.872135162353516,31433700
2010-03-15,12.989154864718897,13.263792184647409,12.97960295148355,13.235135078430176,73121700
2010-03-16,13.344988927155256,13.438126221060553,13.278120075240388,13.371258735656738,55359000
2010-03-17,13.385591368948234,13.404696566794668,13.292454041888691,13.354545593261719,37485600
2010-03-18,13.347382509535098,13.3617117511971,13.263797088522345,13.35932445526123,28416600
2010-03-19,13.216031074523926,13.438128792107078,13.170656066295557,13.216031074523926,51552300
2010-03-22,13.208866373492864,13.359320634895077,13.165880027311363,13.282899856567383,29622300
2010-03-23,13.28528529135713,13.373647999621657,13.280509335008297,13.347376823425293,28107900
2010-03-24,13.309172864472021,13.373653082476821,13.237528025965396,13.27334976196289,26096700
2010-03-25,13.285283997265452,13.371258035725456,13.278119380184537,13.280508041381836,29379300
2010-03-26,13.280510553456566,13.364095946529861,13.247076122924998,13.256628036499023,29841900
2010-03-29,13.254241232997213,13.31394411132751,13.237524700366988,13.311556816101074,29329500
2010-03-30,13.321111403671066,13.385591618418458,13.292454289623096,13.352158546447754,20823900
2010-03-31,13.328273868273378,13.3497677252169,13.254241749653488,13.278122901916504,29900700
2010-04-01,13.313946990879696,13.33782951388844,13.175434643382284,13.251856803894043,35364300
2010-04-05,13.302007779142706,13.30917239939417,13.187376588142449,13.251856803894043,32246400
2010-04-06,13.239913992824837,13.285289007107425,13.204092260422975,13.261407852172852,28701600
2010-04-07,13.254234086335819,13.349760006668166,13.16826007478143,13.20169448852539,38805600
2010-04-08,13.204093442739008,13.302008099854296,13.173047665241874,13.2255859375,33419100
2010-04-09,13.225584324820915,13.225584324820915,13.04647293559087,13.151552200317383,37605300
2010-04-12,13.13961124420166,13.158716440281589,13.034531982506344,13.13961124420166,35862900
2010-04-13,13.113337644895076,13.184982451149395,13.053633411931308,13.067962646484375,38553300
2010-04-14,13.046468074098899,13.113336920646038,12.977211932932113,13.048856735229492,44060700
2010-04-15,12.931837036719674,12.981989355272129,12.876910128891119,12.927061080932617,52977900
2010-04-16,12.922287940979004,13.036919103912854,12.857807741014806,12.922287940979004,57696000
2010-04-19,12.8960231936971,13.010654401653465,12.8960231936971,12.989160537719727,33946800
2010-04-20,13.013040337094825,13.091848421979005,12.986770519962931,13.020203590393066,27276900
2010-04-21,13.001100874875936,13.03214665237374,12.939007953368709,13.008265495300293,34497900
2010-04-22,12.984377305040727,13.05124615547725,12.93183768919932,13.013035774230957,32763600
2010-04-23,13.00826467112635,13.041697742306283,12.876915582521134,13.022592544555664,49787400
2010-04-26,13.022591779349327,13.06319083462562,12.898407318011603,12.905571937561035,44253000
2010-04-27,12.800494039362764,12.996321963171896,12.783776138243606,12.905571937561035,57523800
2010-04-28,12.876913356890928,12.919899702772229,12.781387384648426,12.802881240844727,44712600
2010-04-29,12.814827049416088,12.95095212788922,12.788557225508368,12.824378967285156,39960000
2010-04-30,12.85303008659255,12.931838146631277,12.810042381286621,12.810042381286621,48838200
2010-05-03,12.867362132633703,12.884080034517245,12.769448849508018,12.833929061889648,36903000
2010-05-04,12.798108172490034,13.03214790718164,12.788556255345592,12.900798797607422,56012700
2010-05-05,12.922290828347244,13.122896091560527,12.853034656080622,13.07990837097168,49829700
2010-05-06,12.979602280821476,13.082292858606943,12.306143238124536,12.712129592895508,72202500
2010-05-07,12.666753726452356,12.805266017331288,12.370622587492885,12.513912200927734,86835300
2010-05-10,12.67153406926473,12.71452178808375,12.377791489892262,12.556902885437012,81270900
2010-05-11,12.501972301775934,12.602274216682869,12.458984595520588,12.528242111206055,58869900
2010-05-12,12.610630079228745,12.625042557758624,12.52175541904382,12.605826377868652,40830300
2010-05-13,12.641855840588597,12.723525633637946,12.577001063496263,12.586609840393066,37374000
2010-05-14,12.589007557452035,12.65866739114769,12.495329224213513,12.519349098205566,55944900
2010-05-17,12.589008405241623,12.711511695079775,12.500133765926533,12.665874481201172,50836200
2010-05-18,12.807600630199723,13.079029793602999,12.778777036222904,12.901280403137207,96683100
2010-05-19,12.858038481147888,12.913285859945981,12.680289152466308,12.740340232849121,61256100
2010-05-20,12.579402332573917,12.721121812748585,12.322385787963867,12.322385787963867,81768000
2010-05-21,12.185478127555777,12.339207649230957,12.132633260867348,12.339207649230957,73645800
2010-05-24,12.259937376863759,12.380039567392327,12.226310082987766,12.250329971313477,40673400
2010-05-25,12.070174894535343,12.130224599601426,12.01012518946926,12.077381134033203,72187200
2010-05-26,12.096599584759938,12.154248137112292,12.01252860743985,12.01492977142334,57234300
2010-05-27,12.13502760907084,12.185469902516301,12.086986478749338,12.178263664245605,41941200
2010-05-28,12.190280911961741,12.233516988184075,12.130228438988915,12.144640922546387,42058500
2010-06-01,12.202284663409213,12.372829111104489,12.135028724118477,12.231109619140625,48160800
2010-06-02,12.305577667202902,12.42808102491442,12.255133976245185,12.4232759475708,40997400
2010-06-03,12.42567848624261,12.509749471905419,12.365627389497735,12.4232759475708,31527300
2010-06-04,12.348817283058752,12.418475805564746,12.06297557495263,12.10621166229248,72125700
2010-06-07,12.120614628221581,12.339198807023452,12.086985975840674,12.187871932983398,58501800
2010-06-08,12.199886554814162,12.245525163183402,12.137432926574746,12.197484016418457,60946500
2010-06-09,12.24071856565469,12.336799462009548,12.151842533883086,12.2479248046875,49592700
2010-06-10,12.300771480404748,12.413667422146583,12.264741650277518,12.303174018859863,47551500
2010-06-11,12.243122023475244,12.315183052858494,12.142237407008587,12.216699600219727,42082200
2010-06-14,12.276748695074323,12.360819653305024,12.223903857137952,12.307974815368652,41700300
2010-06-15,12.29837107718081,12.406461948698952,12.264742408978499,12.404059410095215,42932400
2010-06-16,12.370433170948848,12.389647983616841,12.231114783504939,12.245527267456055,47702100
2010-06-17,12.262339537409344,12.368029241903905,12.240722188362705,12.3488130569458,38001900
2010-06-18,12.34880946924985,12.468910246732674,12.34880946924985,12.382436752319336,76277400
2010-06-21,12.420872498106771,12.461706026864533,12.180669529770826,12.255131721496582,43965600
2010-06-22,12.267142199718744,12.363224490810955,12.15424763808266,12.173463821411133,40974600
2010-06-23,12.19268003674763,12.25993599134892,12.10620652431757,12.204689979553223,47837700
2010-06-24,12.185468226302277,12.209488100934186,11.998110180385098,12.017326354980469,44457600
2010-06-25,11.998117579441233,12.058168677502826,11.721884727478027,11.721884727478027,135999600
2010-06-28,11.784336020407347,11.954880520114852,11.772326076673009,11.906839370727539,44091600
2010-06-29,11.810753971592938,11.832372686793912,11.63300467254972,11.745899200439453,61052400
2010-06-30,11.760316062707806,11.76271860122031,11.532123009768238,11.54653549194336,55166400
2010-07-01,11.553738713622726,11.62820226910087,11.4744721440497,11.611387252807617,54343200
2010-07-02,11.635411920469778,11.635411920469778,11.491289843017967,11.529722213745117,40743900
2010-07-06,11.851593991790393,11.875613880550357,11.59217479494268,11.666638374328613,54676800
2010-07-07,11.688255897759323,11.762719478249485,11.568155077728479,11.750709533691406,48528600
2010-07-08,11.846790519564244,11.846790519564244,11.719482082867898,11.813161849975586,37950000
2010-07-09,11.829974838913236,11.902034494211938,11.805953579363846,11.873210906982422,34821600
2010-07-12,11.957283949144568,12.089396104146937,11.933264057126035,12.03895378112793,40322700
2010-07-13,12.094197699789243,12.17586751753855,12.034147980208845,12.139836311340332,39659400
2010-07-14,12.022136237849367,12.096599811732869,12.019735073820822,12.094197273254395,32124900
2010-07-15,12.09179555429602,12.115815440178705,11.98850839566063,12.108609199523926,36766800
2010-07-16,12.046157627504481,12.089393699427733,11.894829314098182,11.93086051940918,47766600
2010-07-19,11.94286994322712,11.964487291022898,11.791541636407246,11.894828796386719,35688000
2010-07-20,11.832376822930579,12.257535416022506,11.832376822930579,12.221504211425781,48851700
2010-07-21,12.250329287556964,12.250329287556964,12.036548719820358,12.094197273254395,36933300
2010-07-22,12.142237407008587,12.271946985008471,12.132628628347572,12.216699600219727,35952600
2010-07-23,12.228707169450614,12.444890215645136,12.226306006088722,12.411261558532715,39139200
2010-07-26,12.411263798341885,12.411263798341885,12.228709376314947,12.281554222106934,42336300
2010-07-27,12.202287009054851,12.322389181756932,12.16865972017008,12.240720748901367,36885600
2010-07-28,12.202286953418954,12.344006471979393,12.202286953418954,12.281554222106934,27985500
2010-07-29,12.305579675992457,12.437690461057183,12.202291112994203,12.264744758605957,28891500
2010-07-30,12.15665106007924,12.310379163431604,12.130227259825775,12.295968055725098,40654200
2010-08-02,12.38244034978501,12.418471555612687,12.238319649824204,12.3488130569458,41583000
2010-08-03,12.310377565043781,12.406459850644785,12.25753409474793,12.319986343383789,32005800
2010-08-04,12.259931761295238,12.42086878782154,12.252725523208285,12.39444637298584,24206700
2010-08-05,12.40405945533847,12.411265696725964,12.303174824813565,12.399255752563477,22317000
2010-08-06,12.351217380433159,12.440092086791992,12.276755160092058,12.440092086791992,24810900
2010-08-09,12.449697830671187,12.572201183025003,12.442491589420966,12.50494384765625,24796200
2010-08-10,12.468913349965101,12.605829177507506,12.41606849991892,12.543376922607422,26537400
2010-08-11,12.471621466717107,12.471621466717107,12.31699477169856,12.326658248901367,33918900
2010-08-12,12.215517101381458,12.268670360946183,12.082635334941022,12.18410873413086,38390700
2010-08-13,12.159950941133749,12.259009181372711,12.080222419329761,12.176862716674805,30285900
2010-08-16,12.121291471861369,12.217933129375135,12.094714843236169,12.179276466369629,28946100
2010-08-17,12.271089798805965,12.471621466717107,12.239681424189286,12.326658248901367,48946500
2010-08-18,12.321821212724993,12.399134526994613,12.230011306412043,12.287996292114258,47235000
2010-08-19,12.249339842214795,12.312157947974955,12.080218001242118,12.09471321105957,46902300
2010-08-20,12.121291318921527,12.193772906760149,12.087466393600664,12.133371353149414,35105100
2010-08-23,12.217931273952455,12.442624303212341,12.174442880293265,12.355646133422852,43973400
2010-08-24,12.242097515574851,12.495782474442692,12.225185737972385,12.394309043884277,50102400
2010-08-25,12.38221985480089,12.512686402226134,12.343564584884419,12.45470142364502,44527200
2010-08-26,12.471623241588448,12.471623241588448,12.26142806656104,12.314579963684082,35696100
2010-08-27,12.326657719534042,12.382226167243061,12.254177496210533,12.321825981140137,35805000
2010-08-30,12.326655778669767,12.38222421762939,12.20826922059368,12.213102340698242,25507500
2010-08-31,12.203445243026591,12.345991962384016,12.109220078142059,12.114051818847656,76078200
2010-09-01,12.198606915493784,12.425715195693902,12.191358617113064,12.370146751403809,40294500
2010-09-02,12.350821103982858,12.517527855598717,12.350821103982858,12.505446434020996,33618300
2010-09-03,12.529608808556588,12.58517726899083,12.454710625176917,12.573097229003906,28839300
2010-09-07,12.580338744350543,12.69872528432637,12.524770313886844,12.52960205078125,31751400
2010-09-08,12.536851674339724,12.558596566372989,12.447456928739426,12.522355079650879,26880000
2010-09-09,12.577924257081799,12.587589114934264,12.52477237754329,12.5416841506958,21869100
2010-09-10,12.539266845685994,12.580340069793882,12.495778444112052,12.556180000305176,24481200
2010-09-13,12.623832072416793,12.67698395813886,12.565845683498894,12.614167213439941,23604000
2010-09-14,12.60208719520934,12.812282325461158,12.599670634843653,12.722888946533203,33604200
2010-09-15,12.676985116019141,12.829196635887993,12.662488517465588,12.771211624145508,30594300
2010-09-16,12.722889589411475,12.872684542806192,12.696312953932438,12.841276168823242,32228100
2010-09-17,12.846104094974155,12.884760756476632,12.776039068809824,12.80744743347168,62399400
2010-09-20,12.829194994930429,12.966908516159325,12.82677843465669,12.935500144958496,27780300
2010-09-21,12.930669939254665,13.036976484352333,12.882348405354348,12.942749977111816,28275300
2010-09-22,12.93066648864589,13.046636480093458,12.913754716653209,13.003148078918457,29730000
2010-09-23,12.98140738631699,13.027312362256565,12.933085849680461,12.962079048156738,21873600
2010-09-24,13.034557283904023,13.140862425,13.007980653012169,13.06596565246582,29305200
2010-09-27,13.024895764021196,13.049055841033933,12.91859059568208,12.92100715637207,25986600
2010-09-28,12.93308166608979,13.044221302649559,12.817111674642222,13.003148078918457,33441900
2010-09-29,12.998318664251155,13.00073522485524,12.831611926834537,12.889596939086914,29592300
2010-09-30,12.933084008752958,13.04422366544426,12.838858892060887,12.930668830871582,32703000
2010-10-01,12.949993772463953,12.95482550943205,12.853352120745873,12.892008781433105,24688200
2010-10-04,12.887181526474581,12.974158352034749,12.838859992574264,12.942749977111816,21427500
2010-10-05,13.032141891988834,13.107038671236499,13.005565258714745,13.046638488769531,30648000
2010-10-06,13.027308649154138,13.198847083006799,13.022476911609186,13.18193531036377,31241400
2010-10-07,13.206095706149844,13.244752372405314,13.05630077879204,13.133615493774414,23309400
2010-10-08,13.131201948571267,13.189186961267568,13.051472037686946,13.145698547363281,26380800
2010-10-11,13.17227346631852,13.225428121359156,13.15052995115612,13.194018363952637,21111900
2010-10-12,13.155360419332782,13.155360419332782,12.986238523129936,13.027310371398926,45104400
2010-10-13,13.090124881268459,13.172269946259314,12.981403187095282,13.003148078918457,40840800
2010-10-14,13.015231510960827,13.015231510960827,12.788123206142007,12.865436553955078,46640700
2010-10-15,12.892013499691,12.945166773206948,12.809867028812992,12.889596939086914,37677000
2010-10-18,12.865437712028887,13.022480982337223,12.865437712028887,12.988656044006348,27689700
2010-10-19,12.9137549491633,12.98865171822827,12.836440237668203,12.882345199584961,30675000
2010-10-20,12.875101698697456,13.007984896506178,12.865438220205125,12.918591499328613,29226900
2010-10-21,12.971739442940963,13.12878127238637,12.947577991704401,13.053884506225586,28806600
2010-10-22,13.036970459133254,13.070793996512565,13.01280901211379,13.06113052368164,17386500
2010-10-25,13.090124824422201,13.143278082556012,13.022476354273904,13.03455638885498,23889300
2010-10-26,13.007980316502934,13.223008535674353,13.005563756494757,13.18193531036377,30880800
2010-10-27,13.104621634834361,13.198846735602121,12.93791494291451,13.015228271484375,39060900
2010-10-28,13.092542283357675,13.102207141169002,12.947579093487827,13.06596565246582,24550800
2010-10-29,13.056304435459486,13.189187626973785,12.952415825464428,13.087714195251465,24098700
2010-11-01,13.05871855829533,13.16744165195401,13.051470259886647,13.121535301208496,24622500
2010-11-02,13.179521854842873,13.285828400701112,13.165026638793616,13.237506866455078,26547600
2010-11-03,13.232676487496043,13.276166287527786,13.099794673990694,13.266501426696777,27567600
2010-11-04,13.2882449422117,13.409048098985608,13.276166285500551,13.375223159790039,39740400
2010-11-05,13.396969463438532,13.462202787838988,13.264086253559082,13.336567878723145,30784200
2010-11-08,13.266501426696776,13.307574665902802,13.169859730746014,13.266501426696777,29823300
2010-11-09,13.307574647346257,13.338983025677475,13.247173069034305,13.300326347351074,30141300
2010-11-10,13.230261998902753,13.230261998902753,13.068388342494126,13.169861793518066,33710700
2010-11-11,13.1722735464228,13.1722735464228,13.036976568560126,13.128785133361816,37698300
2010-11-12,13.070800406641276,13.128785419476824,13.012815393805726,13.078048706054688,32033400
2010-11-15,13.08770964698879,13.131198047974936,13.015228057030988,13.03455638885498,34378500
2010-11-16,13.184357106151495,13.372808769956618,13.10462718387611,13.109458923339844,70665600
2010-11-17,13.131199342747328,13.152944236620177,12.940331183120701,12.991067886352539,43514100
2010-11-18,13.080465758709034,13.203684088428442,13.022480743692359,13.04180908203125,34761900
2010-11-19,13.070799327006732,13.155360969882839,13.034559215404817,13.140864372253418,30922500
2010-11-22,13.094962207414405,13.19160389799693,13.02731233277074,13.138450622558594,28505400
2010-11-23,13.094961808022795,13.109457024314231,12.94033372533506,12.966910362243652,41554200
2010-11-24,12.983819376126565,13.09012450734788,12.983819376126565,13.049051284790039,30937200
2010-11-26,12.971740879501738,13.029725880442687,12.942747687795526,12.983820915222168,12465000
2010-11-29,12.962081135027152,13.027314459629421,12.908927850910931,13.01040267944336,32362800
2010-11-30,12.98865331805501,13.150528293445676,12.949996648781763,13.06838321685791,52670700
2010-12-01,13.148110375539511,13.25200033629282,13.140862077990281,13.215760231018066,53648700
2010-12-02,13.218176948384235,13.264080529290169,13.138447056864932,13.227840423583984,47324700
2010-12-03,13.198848245071192,13.230256615585755,13.121534907659488,13.196433067321777,30290700
2010-12-06,13.259247948362553,13.273744542711565,13.16019111274406,13.165022850036621,25898700
2010-12-07,13.177106226539438,13.370389591976569,13.177106226539438,13.309988021850586,47679900
2010-12-08,13.327720780974238,13.349585934295437,13.228114713778359,13.237833023071289,37439100
2010-12-09,13.293710824368759,13.305857670261716,13.196534667107706,13.201393127441406,32198400
2010-12-10,13.194101738392323,13.215966890092728,13.152802749781006,13.186813354492188,36149700
2010-12-13,13.194100163764151,13.215965312855097,13.11878918931243,13.169806480407715,33975600
2010-12-14,13.143084833562327,13.259696199211458,13.123649605954139,13.228114128112793,32238600
2010-12-15,13.174668312072754,13.201390533716603,13.12850808256094,13.174668312072754,31650600
2010-12-16,13.14066093486537,13.27184772491455,13.118795774798363,13.27184772491455,37005900
2010-12-17,13.283995999137302,13.3010013080464,13.211113522165578,13.218401908874512,64686600
2010-12-20,13.254839569955237,13.254839569955237,13.024046731535993,13.062915802001953,40846800
2010-12-21,13.060490368282252,13.084784064386067,13.031336820863553,13.033766746520996,24875700
2010-12-22,13.019186856437257,13.033763626657397,12.914722320055118,12.951164245605469,34376400
2010-12-23,12.917149560039956,13.043479225492128,12.909861176444924,13.021614074707031,27185100
2010-12-27,13.011899984919864,13.053200375308705,12.931730519618123,13.01432991027832,17628600
2010-12-28,13.02890516119694,13.101787622149967,12.9997516207688,13.055628776550293,20367300
2010-12-29,13.014327702735892,13.181956380980893,13.014327702735892,13.138227462768555,22886100
2010-12-30,13.118796006145143,13.164954862577744,13.079925536530071,13.135801315307617,18911400
2010-12-31,13.111500669635943,13.179523260348427,13.06777176202671,13.101783752441406,21281700
2011-01-03,13.174668543234672,13.313143673731261,13.155231925142804,13.254837989807129,42894900
2011-01-04,13.266987195516501,13.332581275373846,13.186816344553657,13.30585765838623,36463200
2011-01-05,13.3010013080464,13.378742246118206,13.196536748747707,13.218401908874512,42646800
2011-01-06,13.19410345924956,13.211110153940359,13.065345237160257,13.109075546264648,46756500
2011-01-07,13.092068619609936,13.155232767040784,13.060486545894511,13.138227462768555,23905800
2011-01-10,13.033761679692251,13.145514584490966,13.007038068319703,13.053196907043457,31437900
2011-01-11,13.106646792181326,13.245121946364355,13.053199558579331,13.18924617767334,36070200
2011-01-12,13.245117946391288,13.439471590806091,13.201389036703521,13.325288772583008,40659900
2011-01-13,13.288853813757093,13.4491941432005,13.286423888266452,13.310717582702637,38596800
2011-01-14,13.296138464210157,13.35930260804363,13.220826086454402,13.315573692321777,27856800
2011-01-18,13.388459235207991,13.458911779607792,13.300999993462298,13.395746231079102,31602600
2011-01-19,13.371450387013967,13.39817400130107,13.291280934269917,13.369020462036133,29685000
2011-01-20,13.390883513659166,13.670265067195142,13.390883513659166,13.602242469787598,58837500
2011-01-21,13.641115228227598,13.662980382938343,13.454049925975983,13.539080619812012,38876400
2011-01-24,13.4564800356607,13.616820335388184,13.434614880649875,13.616820335388184,33222600
2011-01-25,13.633831987454831,13.918072155353732,13.556091039307514,13.910783767700195,61443300
2011-01-26,13.94236408122851,14.029823331831945,13.847617834015946,13.925358772277832,39633600
2011-01-27,13.959368949656174,14.03953841290175,13.852474478505476,13.986092567443848,30519600
2011-01-28,14.015240831941577,14.066258128066263,13.726140967078944,13.77472972869873,43794600
2011-01-31,13.71400371092271,13.74072594715035,13.531798178652545,13.621685981750488,47065500
2011-02-01,13.694558509440391,13.745575798940418,13.58280562333149,13.684840202331543,38554800
2011-02-02,13.643548360203672,13.64840821185507,13.519648555330274,13.570667266845703,42115800
2011-02-03,13.585238456726074,13.61439199716171,13.456480230075767,13.585238456726074,33850800
2011-02-04,13.61438842816155,13.62896519455808,13.524500685577872,13.611958503723145,21318000
2011-02-07,13.621685981750487,13.662986384305928,13.56338026702875,13.621685981750488,20162100
2011-02-08,13.628966460142784,13.718854211073433,13.592524540767464,13.696989059448242,26458200
2011-02-09,13.667834885934859,13.782017707824707,13.628965823944062,13.782017707824707,25743900
2011-02-10,13.641112498672687,13.643541033076417,13.434612008037549,13.50506591796875,47286000
2011-02-11,13.490486512454963,13.575515782528553,13.437039304388694,13.529356956481934,28747500
2011-02-14,13.42490048573967,13.437047332991218,13.281565463983302,13.31314754486084,48821700
2011-02-15,13.308283251145532,13.373877309648964,13.2426891926421,13.349583625793457,33992100
2011-02-16,13.33744116273607,13.410323635944188,13.223259687133476,13.252411842346191,46191300
2011-02-17,13.245120581021384,13.337438267705307,13.203821587591287,13.300997734069824,25617000
2011-02-18,13.28399096178097,13.500206994979456,13.24026204822721,13.454048156738281,59923800
2011-02-22,13.072635814783872,13.121223201782325,12.863706714408513,13.038623809814453,86089800
2011-02-23,12.98760318012153,13.021615176403595,12.851556585110417,12.883138656616211,60355800
2011-02-24,12.907428742808582,12.917147049085166,12.603753566004272,12.654770851135254,70616100
2011-02-25,12.654777276729135,12.674212509033985,12.51630072526303,12.57217788696289,60968400
2011-02-28,12.572177459037507,12.737377623064464,12.555172152643632,12.62805461883545,53704500
2011-03-01,12.671781802755582,12.778674867059474,12.62076450046086,12.649916648864746,52932000
2011-03-02,12.698501895821087,12.722796970551784,12.56488524032873,12.62562084197998,33432600
2011-03-03,12.679069087251452,12.698502924422995,12.560027798814557,12.63533878326416,37542000
2011-03-04,12.730087489680585,12.751952643571421,12.5673172732503,12.649916648864746,47178000
2011-03-07,12.696076343609494,12.703364728728971,12.572176576813021,12.637770652770996,39093600
2011-03-08,12.657208683148925,12.764101778274997,12.63534352295336,12.739808082580566,35746500
2011-03-09,12.787508734322076,12.92695585378788,12.775278151751452,12.885367393493652,34149000
2011-03-10,12.80708503723414,13.181388280050857,12.785066623008024,12.880476951599121,54933900
2011-03-11,12.8780261625819,12.953865003226733,12.755703555279277,12.86579418182373,43617900
2011-03-14,12.80708025999177,12.848668715979903,12.736132529459251,12.7997407913208,30649200
2011-03-15,12.665188187302734,12.807082270785537,12.56977787932115,12.73613452911377,41569800
2011-03-16,12.60402839288427,12.68965508453483,12.469475162849609,12.569779396057129,49214400
2011-03-17,12.65784859039913,12.68965202255648,12.486596648281537,12.567329406738281,32648100
2011-03-18,12.630939628420869,12.694547909503541,12.537974863643912,12.604028701782227,35415600
2011-03-21,12.655403799078078,12.721456231097896,12.64317181537586,12.701886177062988,26150100
2011-03-22,12.71411941033039,12.755707879033157,12.670082584841426,12.721457481384277,25284000
2011-03-23,12.684760550854831,12.692100021205047,12.569778781710077,12.63338565826416,40587000
2011-03-24,12.679864714634443,12.953865003226733,12.665185777780453,12.86579418182373,45207900
2011-03-25,12.858457064731553,12.88536798726472,12.789956280126994,12.807082176208496,22837800
2011-03-28,12.797297003331288,12.843779383181243,12.723903698312366,12.767940521240234,25064100
2011-03-29,12.733689805004035,12.814421178617607,12.731242848282692,12.785064697265625,26129100
2011-03-30,12.851118214907787,12.9024931059092,12.741028962781792,12.809528350830078,25660200
2011-03-31,12.758152319475588,12.799742179835901,12.694545450574482,12.733688354492188,32699100
2011-04-01,12.782619448081558,12.809528973359908,12.70188667266393,12.75326156616211,23879700
2011-04-04,12.797298608735522,12.924513780051353,12.736137280237003,12.880476951599121,27660300
2011-04-05,12.892707496711578,13.01258177034739,12.88536802691988,12.90249252319336,26605200
2011-04-06,12.885370428300131,13.017478109449486,12.885370428300131,12.961209297180176,25095300
2011-04-07,12.929406197004797,13.024817924738427,12.904940825873005,12.966103553771973,36501300
2011-04-08,12.96854743222823,13.00279782749027,12.787510428620791,12.853564262390137,29199900
2011-04-11,12.853563043486501,12.946527793298682,12.819314051333139,12.922063827514648,22400100
2011-04-12,12.890263934037991,13.149586802132466,12.885371419508951,13.093317985534668,40248900
2011-04-13,13.142240495395805,13.200954838791437,13.08841726412435,13.120222091674805,25788900
2011-04-14,13.083529754449016,13.147136627342853,13.019921481694425,13.088420867919922,22244400
2011-04-15,13.100655555725098,13.134905952179194,13.0394942334757,13.100655555725098,26143800
2011-04-18,12.985669983699474,13.12511710074186,12.944081524128,13.041938781738281,28522200
2011-04-19,13.02970602493225,13.081082312521161,12.990564519870437,13.051724433898926,18443400
2011-04-20,13.14958284680875,13.198510777104085,13.12267052534137,13.134903907775879,22202400
2011-04-21,13.166710356650567,13.193621284417901,13.068853073797083,13.107995986938477,17559900
2011-04-25,13.112885135065563,13.127564073690781,13.02236734664444,13.056617736816406,17441400
2011-04-26,13.061508888606959,13.267009808362998,13.034597970551971,13.188722610473633,35973600
2011-04-27,13.18138606520094,13.359976106508435,13.18138606520094,13.313493728637695,29148300
2011-04-28,13.281694586625438,13.406462820238726,13.279247629155298,13.379551887512207,29473800
2011-04-29,13.311044806851736,13.494527315272448,13.291473357951666,13.450491905212402,29445600
2011-05-02,13.4749572857016,13.4749572857016,13.37465307457594,13.465170860290527,24530100
2011-05-03,13.474963529102789,13.643767196875952,13.445605639127677,13.567928314208984,33367800
2011-05-04,13.53122331549366,13.648652009401602,13.504312398157202,13.545902252197266,24491400
2011-05-05,13.492083698922837,13.60217295125369,13.428476824218041,13.472512245178223,33390300
2011-05-06,13.528779807369833,13.589941125982138,13.421137510450714,13.460280418395996,24127800
2011-05-09,13.448046382498857,13.543456681108243,13.381992560438285,13.479849815368652,19639500
2011-05-10,13.492085813066504,13.602175082647806,13.479853827542028,13.585050582885742,26265300
2011-05-11,13.571503308452646,13.694633873842452,13.554264099276981,13.586277961730957,28266600
2011-05-12,13.603517869484666,13.748812535937523,13.522250931227765,13.721723556518555,26850000
2011-05-13,13.73403647277755,13.798064200973505,13.628143702002658,13.721723556518555,26857500
2011-05-16,13.694640366545274,13.906425997628,13.662626488913345,13.805458068847656,42520500
2011-05-17,13.682318298511762,13.862088522663422,13.60351452652128,13.67739200592041,43771500
2011-05-18,13.66754125410488,13.677391020332621,13.53209780917722,13.588737487792969,34248300
2011-05-19,13.601053605398363,13.692170305528995,13.554263681983722,13.662619590759277,23075400
2011-05-20,13.679862938725226,13.714339960875856,13.588746201638369,13.615835189819336,26396700
2011-05-23,13.541948804277586,13.667542494374583,13.541948804277586,13.598589897155762,22018200
2011-05-24,13.603520924843721,13.620758729653348,13.448375045064045,13.490240097045898,36721800
2011-05-25,13.453295844006723,13.470535052702681,13.347404490739178,13.436058044433594,30593400
2011-05-26,13.428673037338958,13.470538086030322,13.344944349079379,13.450837135314941,17315100
2011-05-27,13.482846284718539,13.566574943670776,13.450832427152175,13.47053337097168,15946500
2011-05-31,13.514859831009352,13.598589897155762,13.497622033985301,13.598589897155762,26703300
2011-06-01,13.539489970938924,13.586278488485252,13.359716886626025,13.372031211853027,33544800
2011-06-02,13.349867484154464,13.349867484154464,13.088830273681479,13.187335014343262,44354700
2011-06-03,13.08882852227362,13.261212147645937,13.061739546076018,13.214422225952148,39862200
2011-06-06,13.263676699989047,13.344943645828572,13.175021721880196,13.23905086517334,33726900
2011-06-07,13.283374643234882,13.372029601278424,13.241509606225051,13.256285667419434,29724900
2011-06-08,13.202112252019587,13.278452904401677,13.157784057936677,13.221813201904297,34981800
2011-06-09,13.231662612782477,13.354794603058744,13.202111893319847,13.204573631286621,34022400
2011-06-10,13.216877311335582,13.258742327865203,12.975541202753332,12.982929229736328,43756200
2011-06-13,13.029726838534145,13.113455512019776,12.948459902751598,12.958311080932617,37635300
2011-06-14,13.01742168828177,13.11592507411745,12.9952575809945,13.02973461151123,26392200
2011-06-15,12.963235625881511,12.963235625881511,12.753911833966459,12.884431838989258,45972000
2011-06-16,12.918907378649473,13.044501075864437,12.854878252239992,13.010024070739746,35231100
2011-06-17,13.066666436567267,13.123306135144835,13.007563591003418,13.007563591003418,61692900
2011-06-20,12.978013148206832,13.175021228477648,12.978013148206832,13.061741828918457,45594300
2011-06-21,13.076518704436277,13.123307228088379,12.990325462213898,13.123307228088379,32673000
2011-06-22,13.076514943945899,13.123303454142755,13.010024080129828,13.054350852966309,31747500
2011-06-23,13.140546440182097,13.224275126089948,12.970625921174975,13.123307228088379,54463200
2011-06-24,13.09867885558394,13.155319957030905,12.891819623510733,12.906594276428223,62301300
2011-06-27,12.884433663616454,12.992788181376481,12.872119337188144,12.877045631408691,30501000
2011-06-28,12.91398169046913,12.936145782470703,12.840102792919986,12.936145782470703,32963100
2011-06-29,12.958312877239413,13.000176515223998,12.911522944919975,12.963237762451172,26600400
2011-06-30,12.96816096892345,13.09129153801661,12.941071990080829,13.086366653442383,29952900
2011-07-01,13.098675975897564,13.21195674476438,13.051887471594174,13.17747974395752,28439400
2011-07-05,13.135619137167751,13.189795683299216,13.056813941901483,13.147932052612305,27637500
2011-07-06,13.157780345969096,13.285837188654877,13.157780345969096,13.22919750213623,24234600
2011-07-07,13.438519417494819,13.49762224853152,13.34493958273938,13.418818473815918,38460900
2011-07-08,13.359717562659988,13.376956773376383,13.241511871131834,13.317853927612305,27399900
2011-07-11,13.253824208228338,13.31785192925123,13.224272085219138,13.26613712310791,22645200
2011-07-12,13.263673840946396,13.401580458960291,13.239048011438893,13.283374786376953,28457100
2011-07-13,13.31538870521326,13.364641773567987,13.258749015271961,13.303075790405273,30460200
2011-07-14,13.179944183279874,13.224270954882087,13.145467179090302,13.207033157348633,46566300
2011-07-15,13.231658985002898,13.290761816846738,13.165168123038248,13.207033157348633,30550500
2011-07-18,13.152858485226165,13.184872350975018,13.096218785689429,13.130694389343262,24658200
2011-07-19,13.150394079404702,13.305539917487998,13.135619426020051,13.290763854980469,25756200
2011-07-20,13.275989643448973,13.290765708016623,13.199648991721242,13.271064758300781,26573700
2011-07-21,13.298155446558543,13.468075983519432,13.27599134686324,13.413899421691895,31831800
2011-07-22,13.440988378772428,13.47546540102125,13.359721413998072,13.426212310791016,20407500
2011-07-25,13.305539917487998,13.396656621079629,13.285838970518919,13.290763854980469,24532800
2011-07-26,13.305540480156667,13.320316543289051,13.177483614880908,13.197184562683105,32794200
2011-07-27,13.160248570393607,13.236590639818836,13.093757681494282,13.113458633422852,36600300
2011-07-28,13.128231776311607,13.187334618936548,13.044503101540338,13.04942798614502,26725800
2011-07-29,12.997712273396841,13.088830392317469,12.970624702451923,12.980474472045898,39579600
2011-08-01,13.000174713113983,13.049427785773288,12.822866187961703,12.958311080932617,32064000
2011-08-02,12.864731392864746,12.941072035966148,12.72436161357971,12.726824760437012,45718800
2011-08-03,12.746521585373033,12.81793873780265,12.561825065834444,12.628315925598145,64366200
2011-08-04,12.55690494246679,12.55690494246679,12.330343329541265,12.33773136138916,78213600
2011-08-05,12.458398421156762,12.539665359950883,12.21213727610304,12.522427558898926,81896700
2011-08-08,12.510114605993325,12.640634633592075,12.010202820285865,12.04714298248291,99128700
2011-08-09,12.150571204403668,12.537202129585735,11.985575590119334,12.515039443969727,71966700
2011-08-10,12.40714144619909,12.41706389152053,11.982987069194266,12.007792472839355,81008700
2011-08-11,12.116927443045125,12.50139476912268,12.116927443045125,12.335206985473633,64798500
2011-08-12,12.426984772118464,12.479073700375519,12.223588152151015,12.340167999267578,45481200
2011-08-15,12.372413771562597,12.422021729536034,12.226068024634202,12.397217750549316,44489100
2011-08-16,12.759362881086087,13.01732796879068,12.679989007946213,12.878423690795898,76786500
2011-08-17,12.828808049004602,12.942908290782897,12.689903838805494,12.786640167236328,46540200
2011-08-18,12.528685321869087,12.88586928439521,12.479077344970932,12.84618091583252,75137100
2011-08-19,12.77176772500306,13.081821808817871,12.769286758669303,12.972681999206543,69107100
2011-08-22,12.957796505241431,13.057013838559895,12.918109571914046,12.945394515991211,41313900
2011-08-23,12.937953502224103,13.198399543762207,12.930512024543956,13.198399543762207,51510000
2011-08-24,13.151269932487917,13.250488690342024,13.099181007170408,13.238086700439453,34187100
2011-08-25,13.240569170840262,13.267854122378159,13.034692970495557,13.071900367736816,32912400
2011-08-26,13.094220791175323,13.205841541456108,12.885865085193695,13.121505737304688,31380600
2011-08-29,13.173593156733538,13.255447985757396,13.146309633042222,13.193436622619629,25431000
2011-08-30,13.111584125420828,13.178554585545172,12.999963380141207,13.101661682128906,40452600
2011-08-31,13.146309633042222,13.24056503151367,13.111583212912407,13.193436622619629,39690600
2011-09-01,13.195920672834317,13.282736033794869,13.05949592590332,13.05949592590332,37477800
2011-09-02,12.960278671842087,13.05701504854835,12.890825822424649,12.905707359313965,32428500
2011-09-06,12.769284051678722,12.846176959918996,12.617977781689163,12.818893432617188,51343200
2011-09-07,12.91066935607434,13.037171645831213,12.861059974909153,13.002445220947266,31210500
2011-09-08,12.918112926520612,13.084300761082988,12.913150994078645,12.950358390808105,34807500
2011-09-09,12.873464353715915,12.942917216369029,12.69983503571732,12.739521980285645,36083400
2011-09-12,12.613012770635892,12.856094818377501,12.605571295183474,12.85361385345459,33687900
2011-09-13,12.846177789042208,12.848658755010147,12.704793953841818,12.79656982421875,32312400
2011-09-14,12.826333722906325,13.094219813351883,12.79408684765838,12.947874069213867,37522800
2011-09-15,12.952837849115777,13.024768829345703,12.883384996184223,13.024768829345703,32997600
2011-09-16,13.084299909230058,13.183518681170948,13.03469194257658,13.05949592590332,107053800
2011-09-19,12.942916755000441,13.052056558331435,12.908190324911759,13.009888648986816,27086700
2011-09-20,13.007405555839693,13.126466365831885,12.940433672804485,12.970199584960938,25263600
2011-09-21,12.98755926286386,13.04461010898356,12.722152754231178,12.729594230651855,31421700
2011-09-22,12.563410750165481,12.707276994135334,12.387300459250419,12.471634864807129,63960900
2011-09-23,12.446825896746184,12.640300036203197,12.409618512629502,12.600611686706543,38109000
2011-09-26,12.635339076708915,12.861058686873504,12.60061265530282,12.856098175048828,34081800
2011-09-27,12.987562199130911,13.111584941759647,12.84865791961286,12.905707359313965,34477500
2011-09-28,12.9280303051288,13.002443658274949,12.722154165703898,12.7271146774292,34380600
2011-09-29,12.851138751233885,12.997484507326933,12.729596975680863,12.880903244018555,31033200
2011-09-30,12.861058780343157,13.04461191235698,12.82633377800138,12.87346076965332,40857900
2011-10-03,12.868502248554398,13.126467356336493,12.861060769953761,12.888345718383789,46500600
2011-10-04,12.833780333501526,13.141353480317054,12.806493959179159,13.116549491882324,56092500
2011-10-05,13.071899336883657,13.208322664497686,12.930514077150706,13.05949592590332,40813500
2011-10-06,13.081819540937637,13.121506479494832,12.980121228641,13.084299087524414,30063600
2011-10-07,13.166159930911174,13.401802123059545,13.121512459515834,13.319947242736816,41738700
2011-10-10,13.441483858446684,13.68704698470994,13.441483858446684,13.595271110534668,36565200
2011-10-11,13.587826641954083,13.590306188162161,13.491088856922476,13.572943687438965,30640500
2011-10-12,13.654803944086279,13.98718249064861,13.642400530850384,13.692009925842285,66291900
2011-10-13,13.652321314796636,13.719293209254412,13.572947427930687,13.647360801696777,31503300
2011-10-14,13.71185041888553,13.758978837120628,13.550621694361086,13.756499290466309,32118000
2011-10-17,13.590309136589768,13.756499799202674,13.513416220440785,13.58782958984375,26910600
2011-10-18,13.627515653268087,13.937569683274914,13.595270193110869,13.86315631866455,42211200
2011-10-19,13.81851077602206,13.997102024161045,13.816031229093303,13.952454566955566,38955600
2011-10-20,13.940049886550053,14.108718656501395,13.902842496621963,13.982217788696289,37937400
2011-10-21,14.07399059972012,14.242659333095734,14.051666170604305,14.118638038635254,43495800
2011-10-24,14.108718737324521,14.13848464943751,14.039267307922227,14.083914756774902,27838500
2011-10-25,14.054149219143293,14.175689566390767,14.026864274840447,14.066551208496094,30312900
2011-10-26,14.1632880152939,14.247623816409284,14.03926669861158,14.230259895324707,38174100
2011-10-27,14.336918372153049,14.376605306100855,14.250103026727638,14.339399337768555,45976500
2011-10-28,14.349329076639686,14.35429101088432,14.128571259551057,14.175698280334473,33878400
2011-10-31,14.034304343427033,14.210414561600684,14.034304343427033,14.06903076171875,28442700
2011-11-01,13.845791443606494,14.073992010837966,13.811065023494464,13.947489738464355,41364300
2011-11-02,14.08143532910177,14.185614613559878,14.024385883742802,14.103759765625,26760900
2011-11-03,14.15089604208641,14.26995693101317,14.039276636132293,14.242671966552734,28726800
2011-11-04,14.158326271815001,14.262505531311035,14.113678828783343,14.262505531311035,21018300
2011-11-07,14.222821091328125,14.37660834774162,14.150888685743672,14.371647834777832,25560300
2011-11-08,14.391487514674363,14.733786947389934,14.349319617298303,14.713943481445312,60312900
2011-11-09,14.517991358170363,14.617208698627682,14.2873112190217,14.398930549621582,41840400
2011-11-10,14.468381610432052,14.508069964922717,14.264986422494967,14.418773651123047,28230000
2011-11-11,14.513030994374208,14.696584158535465,14.480785532656986,14.684182167053223,25193700
2011-11-14,14.587444889643761,14.629612797660513,14.475825542953707,14.607288360595703,31656300
2011-11-15,14.379081930203954,14.39892539118647,14.195530270944753,14.252579689025879,48017700
2011-11-16,14.163285612019775,14.242659468318715,14.049185338760923,14.059107780456543,35342400
2011-11-17,14.024383809478351,14.185612515449034,13.954930963445308,14.071512222290039,30671400
2011-11-18,14.145930080209096,14.2277849420754,14.041752197337223,14.195539474487305,26946900
2011-11-21,14.12111959115318,14.210414472697167,13.98469488418799,14.054147720336914,29796600
2011-11-22,14.029343543649127,14.170728774244814,14.014460588993439,14.101277351379395,22491900
2011-11-23,14.051668625880266,14.13848397296697,13.969813790802785,14.049187660217285,24781200
2011-11-25,14.061593319650902,14.2203410838861,14.061593319650902,14.111201286315918,12776400
2011-11-28,14.269946657424903,14.386526494990367,14.13848386462908,14.200493812561035,27864300
2011-11-29,14.222819510763912,14.460941138367675,14.222819510763912,14.428695678710938,32451600
2011-11-30,14.575041488181554,14.63457331459714,14.46342215228605,14.60976791381836,44535600
2011-12-01,14.545275645092156,14.67177792585739,14.50062819873876,14.537834167480469,26361900
2011-12-02,14.604806758684893,14.62713119260832,14.396449633349961,14.408851623535156,33597300
2011-12-05,14.451019873647589,14.513029826066967,14.38652753608787,14.470863342285156,31545600
2011-12-06,14.52791290286367,14.637052690933874,14.485746418732147,14.580001831054688,34204800
2011-12-07,14.563780497717842,14.775934580235623,14.54131656980281,14.603713989257812,47263800
2011-12-08,14.573758312794094,14.61369321826836,14.44397058409517,14.471426010131836,31050900
2011-12-09,14.516357614115881,14.598723921687576,14.344138451179962,14.556292533874512,30176700
2011-12-12,14.443977611469405,14.586244888822693,14.416520743889377,14.498887062072754,30111300
2011-12-13,14.508872133667028,14.563783014826173,14.331660004141717,14.376587867736816,32916300
2011-12-14,14.406535780533911,14.506373079305725,14.356616417055315,14.38906478881836,26952600
2011-12-15,14.433990625273033,14.57625930576772,14.433990625273033,14.463942527770996,25672200
2011-12-16,14.551299774164393,14.59872409866123,14.498885369868969,14.543811798095703,44741700
2011-12-19,14.551300385912358,14.618690745178304,14.379081213648476,14.421512603759766,21706200
2011-12-20,14.56876669962266,14.793400184218854,14.53631976768631,14.773432731628418,33202200
2011-12-21,14.77344011891081,14.890749854154498,14.765952141922016,14.823359489440918,25723500
2011-12-22,14.828343583298334,14.860790515234685,14.738489332548937,14.773432731628418,23705100
2011-12-23,14.805888704105426,14.975612868850888,14.76096226539088,14.97311782836914,18571800
2011-12-27,14.963126985438096,14.970614960053847,14.890745135066018,14.933175086975098,14599200
2011-12-28,14.918201399333396,14.960632785860174,14.883259416742883,14.908218383789062,15725100
2011-12-29,14.905727456204453,14.97311782836914,14.810881641440393,14.97311782836914,18996600
2011-12-30,14.94815548941456,14.960634974763533,14.898237548018665,14.915708541870117,13995900
2012-01-03,14.968117691947306,15.240174090239178,14.943158730019714,15.057971954345703,38006400
2012-01-04,15.028020230655097,15.062963634667414,14.84332162516653,14.903223991394043,28779900
2012-01-05,14.813370554727891,14.880760899018185,14.568769569360075,14.830842971801758,38304600
2012-01-06,14.8308438871147,14.838331862296327,14.693566722426919,14.726015090942383,24208200
2012-01-09,14.73350471161813,14.863293928200696,14.706049272952866,14.770944595336914,20037900
2012-01-10,14.83334089494192,14.903227720453511,14.721024108684755,14.736000061035156,20721900
2012-01-11,14.74099199564614,14.858300293352816,14.736000487446711,14.82585334777832,19096800
2012-01-12,14.923190460678498,14.975604849140895,14.825848229375499,14.850807189941406,21709200
2012-01-13,14.770941223340921,14.878266485191384,14.728509840874626,14.860794067382812,23187900
2012-01-17,14.943163848851434,15.003066234908449,14.855806023995095,14.938172340393066,25500000
2012-01-18,14.923191345807552,14.983093711629666,14.888247942031724,14.978100776672363,17734200
2012-01-19,14.958134554726112,15.157809104865358,14.91320813799104,15.127857208251953,27703800
2012-01-20,15.162803488375365,15.287601177028742,15.142836029573061,15.227697372436523,31136400
2012-01-23,15.177779794860973,15.22021118137875,15.102901465552979,15.202738761901855,21402300
2012-01-24,15.162807248888027,15.474800119713203,15.162807248888027,15.32254695892334,22088400
2012-01-25,15.270125518087843,15.377450764902115,15.235182115551451,15.342507362365723,17747400
2012-01-26,15.424877839300615,15.434860855203617,15.16779589929551,15.2177152633667,22308600
2012-01-27,15.190262861247252,15.255156762133948,15.11039300532957,15.152824401855469,18861900
2012-01-30,15.092913504944384,15.305067511652101,15.062961611760535,15.300074577331543,22910700
2012-01-31,15.357487234531867,15.367470250273154,15.120372758359157,15.315055847167969,29284500
2012-02-01,15.422379735116111,15.63203875687635,15.422379735116111,15.519721984863281,36391800
2012-02-02,15.574635449714595,15.592107872486855,15.429871699752058,15.459823608398438,18633900
2012-02-03,15.55466928795801,15.5821247304522,15.399922507624547,15.482287406921387,23181600
2012-02-06,15.437355317189441,15.46980225693581,15.399916870140217,15.444843292236328,16441800
2012-02-07,15.379950845572795,15.449836238879062,15.379950845572795,15.397421836853027,18253200
2012-02-08,15.452325676005195,15.479779670329533,15.282601635454295,15.37994384765625,21780000
2012-02-09,15.369962698387502,15.514726386071764,15.369962698387502,15.464808464050293,19359300
2012-02-10,15.394921107781348,15.45232842987107,15.320042799247117,15.44983196258545,16503000
2012-02-13,15.4772874878417,15.49475847439667,15.407402113436865,15.42237663269043,12525000
2012-02-14,15.452327887988579,15.534694167306307,15.422375994351261,15.529701232910156,15519300
2012-02-15,15.554666330370544,15.584618235827554,15.372464142187088,15.414894104003906,17501100
2012-02-16,15.417387106616932,15.522215895781791,15.399916117817835,15.484777450561523,21769200
2012-02-17,15.554666235079027,15.617065085608553,15.452333891160562,15.594602584838867,24575400
2012-02-21,15.057975454716502,15.100406842405029,14.893242840056605,14.993080139160156,71684400
2012-02-22,14.87078508818966,14.95065495297266,14.568776626409251,14.626182556152344,85890600
2012-02-23,14.623683152301322,14.701056525154671,14.528837359123699,14.611202239990234,44640900
2012-02-24,14.663615753233517,14.713535114887174,14.6012183363981,14.673600196838379,29777700
2012-02-27,14.651137537243352,14.671103567863282,14.548803775297014,14.591235160827637,36776400
2012-02-28,14.58624066246687,14.750973251102439,14.563778166333043,14.708541870117188,32285700
2012-02-29,14.686075993372572,14.808377184763682,14.656125526447486,14.745978355407715,34453200
2012-03-01,14.815873005275511,14.830848960762054,14.636165823994158,14.681092262268066,48851700
2012-03-02,14.723521255691905,14.795903124475737,14.676098356519292,14.72851276397705,29544300
2012-03-05,14.716033026463524,14.873276246136573,14.663617191720377,14.82585334777832,28953000
2012-03-06,14.735999739462525,14.78092616734791,14.663616447410291,14.718528747558594,27171300
2012-03-07,14.753462603056583,14.940657615661621,14.753462603056583,14.940657615661621,44750700
2012-03-08,15.035637648078612,15.06327684116177,14.937645321665338,15.018048286437988,23386800
2012-03-09,15.033130760724315,15.126099648055641,15.033130760724315,15.095947265625,18878700
2012-03-12,15.118568826807506,15.301990636450707,15.098467708096921,15.246713638305664,22730400
2012-03-13,15.309522358136789,15.34721283860915,15.20650362850543,15.327110290527344,26203800
2012-03-14,15.286909460617244,15.364800723779375,15.249218980260716,15.347212791442871,19125000
2012-03-15,15.299474537027473,15.39244200486324,15.271835326955488,15.384903907775879,20265000
2012-03-16,15.430126686949025,15.445202876858279,15.269317828569257,15.286907196044922,36231300
2012-03-19,15.22157994111666,15.296959464912911,15.19142899424506,15.261783599853516,24755700
2012-03-20,15.158763042205226,15.291932703471238,15.148711769296362,15.226604461669922,23734500
2012-03-21,15.18891448382386,15.25675590551458,15.168813375091228,15.216553688049316,21908400
2012-03-22,15.133635810230125,15.269317200599534,15.133635810230125,15.239166259765625,17132400
2012-03-23,15.229113517267745,15.289416830857748,15.178861474814946,15.264290809631348,20873100
2012-03-26,15.301985582599555,15.40751749928472,15.266808277037832,15.377365112304688,18644400
2012-03-27,15.415042964509297,15.45273197960595,15.332125406004137,15.349713325500488,22054800
2012-03-28,15.364801859402364,15.447719484570408,15.322087895501037,15.374853134155273,21372000
2012-03-29,15.269312602308688,15.314541156555974,15.23162357818006,15.281875610351562,20075100
2012-03-30,15.344700984906284,15.432643529938117,15.30701193892619,15.377365112304688,20824200
2012-04-02,15.347213130792042,15.450231862384689,15.319573923834383,15.417566299438477,19397700
2012-04-03,15.36228463830886,15.430126052365837,15.136147549948634,15.239166259765625,33540300
2012-04-04,15.209015738749079,15.224091929879645,15.080870989628705,15.14117431640625,32555100
2012-04-05,15.126092977000901,15.24921131697458,15.093427431192602,15.244186401367188,19586100
2012-04-09,15.131122393622812,15.161273333980192,15.095945098418769,15.108508110046387,20495100
2012-04-10,15.083388859549562,15.173843158982104,14.96278216847606,15.058262825012207,28659300
2012-04-11,15.14870109924518,15.14870109924518,14.990405523820149,15.025581359863281,23243100
2012-04-12,15.025595005212981,15.126102003804997,14.965291668704744,15.1110258102417,22103100
2012-04-13,15.075839849337001,15.12860505877062,15.013024808460846,15.018048286437988,20077800
2012-04-16,15.060777277037074,15.279377842550666,15.043189337243806,15.221586227416992,20533800
2012-04-17,15.354749794832442,15.565810718830118,15.349723439312715,15.545709609985352,32029200
2012-04-18,15.465305792541006,15.641190861396577,15.465305792541006,15.593450546264648,23871900
2012-04-19,15.568320130405445,15.59093297379501,15.445200329361315,15.51555347442627,19138800
2012-04-20,15.502992544909564,15.70149041581106,15.49294127362947,15.69144058227539,26993100
2012-04-23,14.862267102787916,15.136144442507481,14.857240748893718,14.960259437561035,114021900
2012-04-24,14.889906811004957,14.912521093258484,14.485372971928863,14.515523910522461,90271800
2012-04-25,14.550704507151716,14.681362438039404,14.367281343437481,14.41250991821289,84035400
2012-04-26,14.470296749640418,14.932622163026153,14.465271832844072,14.812015533447266,75278700
2012-04-27,14.869808508243862,14.940161663247572,14.809505187778722,14.832118034362793,27083700
2012-04-30,14.779355240149137,14.822070638326956,14.706488895650647,14.801969528198242,22447800
2012-05-01,14.812016429891594,14.892420854477043,14.693922970435912,14.842168807983398,29747100
2012-05-02,14.814534876669303,14.904989167629196,14.779357568964885,14.82709789276123,22043100
2012-05-03,14.874835354295998,14.874835354295998,14.77684154724318,14.822070121765137,20675700
2012-05-04,14.789403031714107,14.869807453296618,14.744174466265592,14.749200820922852,20833500
2012-05-07,14.711512264747329,14.915036522525462,14.711512264747329,14.872321128845215,25974600
2012-05-08,14.839652306498214,14.917544973957837,14.731608705445078,14.837139129638672,30819900
2012-05-09,14.79363457321992,14.985891645715938,14.740509841871658,14.932766914367676,33472800
2012-05-10,15.013715870217517,15.079488859868164,14.947944328067686,14.973240852355957,23222100
2012-05-11,14.945418765321897,15.089611604309791,14.877116970406647,15.031429290771484,22420800
2012-05-14,14.947947276242974,15.064313337420975,14.904942018470358,14.942888259887695,18603000
2012-05-15,14.912531989202646,15.089610597725992,14.912531989202646,15.01371955871582,31684200
2012-05-16,15.059249903436566,15.092137122012298,14.963122821640976,14.973240852355957,32514300
2012-05-17,15.517117515229648,15.810560533033048,15.494351233072567,15.603126525878906,87877200
2012-05-18,15.651200309862336,15.843457395290155,15.623373550260888,15.792862892150879,49892100
2012-05-21,15.780215902351824,15.962353522857352,15.719503362183314,15.947175025939941,33449700
2012-05-22,15.934528442668976,16.17737860691171,15.911760696958286,16.12172508239746,36223200
2012-05-23,16.035714209044183,16.364574884810803,16.010417679370175,16.336748123168945,47046600
2012-05-24,16.369631468973036,16.48852774627677,16.306390154184687,16.46070098876953,33908100
2012-05-25,16.407577987026357,16.56947662416449,16.39239949221621,16.521413803100586,30539700
2012-05-29,16.54418490589057,16.635254453717174,16.496122070858632,16.61501693725586,30110700
2012-05-30,16.546707247538738,16.683310780385057,16.526469740728196,16.554296493530273,29939100
2012-05-31,16.544182646781532,16.86292384939848,16.539123630232353,16.65043067932129,50296500
2012-06-01,16.551767723437166,16.665603528357487,16.47587670432336,16.582124710083008,45902100
2012-06-04,16.670664114095732,16.72884640892836,16.544178598806155,16.693431854248047,41630400
2012-06-05,16.630189147876898,16.670664165494163,16.551767896555447,16.569475173950195,28023000
2012-06-06,16.594772908373024,16.688371204337404,16.55935690658897,16.678253173828125,32540700
2012-06-07,16.716197771737225,16.716197771737225,16.640306753766865,16.663074493408203,37640100
2012-06-08,16.744024247934814,17.260081424544495,16.716197493558727,17.257551193237305,54037800
2012-06-11,17.300563379501074,17.323331127895397,17.067831220919086,17.083009719848633,31474200
2012-06-12,17.118422826239808,17.163956867790386,17.02482306374545,17.131071090698242,26963400
2012-06-13,17.098181181796505,17.138654749782326,16.938809903630247,16.966636657714844,32246700
2012-06-14,16.974227839570183,17.14877618282151,16.971697608000987,17.108301162719727,29983200
2012-06-15,17.21454764038807,17.217077871944298,17.098183043817478,17.138656616210938,38226000
2012-06-18,17.067823739495505,17.272729042723277,17.057705709645113,17.232254028320312,22660500
2012-06-19,17.2246673059648,17.265142326298225,17.126009986714923,17.15383529663086,23718000
2012-06-20,17.166476048721186,17.338494071620154,17.146237101615263,17.33343505859375,26969400
2012-06-21,17.325851916243764,17.36885716086199,17.120946617769633,17.126007080078125,29530800
2012-06-22,17.224670497064594,17.29044205541624,16.99699882738511,17.024824142456055,34202100
2012-06-25,16.964108033344406,17.26008287868892,16.964108033344406,17.247434616088867,35491800
2012-06-26,17.32332865350369,17.43463425225219,17.265144898418253,17.34862518310547,32435400
2012-06-27,17.351154327392578,17.391630802096394,17.26767404097415,17.351154327392578,26393400
2012-06-28,17.181657743830655,17.29043451462643,17.072882420535418,17.277786254882812,25735200
2012-06-29,17.439694445628167,17.63701057434082,17.343565889652616,17.63701057434082,31990200
2012-07-02,17.60665211284285,17.695191405274592,17.49281484578705,17.54340934753418,31275600
2012-07-03,17.619293625542035,17.90261867376675,17.530754367034255,17.897558212280273,28184100
2012-07-05,17.80144495916194,18.036705938181267,17.80144495916194,17.98105239868164,37321500
2012-07-06,17.89250622163706,18.051876068115234,17.89250622163706,18.051876068115234,24027600
2012-07-09,18.02657919847178,18.153064727783203,17.96586666550264,18.153064727783203,33451200
2012-07-10,18.196069813886062,18.360498684475182,18.122707570660584,18.24160385131836,39984600
2012-07-11,18.246664774812167,18.325086042062097,18.15812547485321,18.279550552368164,36731700
2012-07-12,18.231479941451088,18.370613699099156,18.122703166381,18.292192459106445,30587400
2012-07-13,18.28208142671314,18.52746182229332,18.25172443251713,18.512283325195312,24540300
2012-07-16,18.446506687746098,18.51227822705627,18.360496192878138,18.461685180664062,24241800
2012-07-17,18.44144994475464,18.49204444885254,18.292198111792263,18.49204444885254,36528900
2012-07-18,18.43891815370699,18.58311094699728,18.395912904611425,18.42879867553711,28485300
2012-07-19,18.428800714273034,18.43133094597062,17.766021864600653,18.094881057739258,50634000
2012-07-20,18.077170839444964,18.337729656898816,18.03922605515591,18.277015686035156,33156000
2012-07-23,18.117641393768167,18.21124111080135,18.026571907398182,18.175825119018555,19969500
2012-07-24,18.132829037129003,18.274491628278344,18.074646730005583,18.249195098876953,22427100
2012-07-25,18.279544724085813,18.330139214002624,18.180887422873898,18.234010696411133,20945700
2012-07-26,18.390855827450753,18.707066755446487,18.388325595766425,18.6362361907959,24577200
2012-07-27,18.67923777764613,18.922087880453976,18.666589515729154,18.85125732421875,32584500
2012-07-30,18.836076337583965,19.03339238187178,18.83354755403578,18.967620849609375,27436800
2012-07-31,18.911969567997406,18.9676230776031,18.828489303588867,18.828489303588867,24968700
2012-08-01,18.896796181018875,18.91956392678257,18.572995961274753,18.62359046936035,29097000
2012-08-02,18.479388946248807,18.760183774375317,18.451562197019978,18.732357025146484,24279000
2012-08-03,18.906910928452145,18.962564439163575,18.782955645049565,18.85884666442871,26220000
2012-08-06,18.95245034728669,18.95245034728669,18.790550231933594,18.790550231933594,18352500
2012-08-07,18.823430625192863,18.87149488912133,18.712125051490727,18.71718406677246,22843500
2012-08-08,18.731937739127343,18.95066792771323,18.675984689408377,18.89980125427246,19734900
2012-08-09,18.892171493855077,18.95321237689946,18.759915519594188,18.782806396484375,15854100
2012-08-10,18.782806548582258,18.884541354480053,18.67598536622194,18.73956871032715,16932600
2012-08-13,18.670898402457198,18.74211349756124,18.612401432094934,18.66835594177246,18903000
2012-08-14,18.780261843128123,18.889626936786517,18.711590670117996,18.82349967956543,21726000
2012-08-15,18.798067193663023,18.953212591239172,18.775176316513964,18.935409545898438,23323200
2012-08-16,18.459796534022296,18.503034369709685,18.256326934309957,18.350431442260742,53439600
2012-08-17,18.416568922802934,18.4877825889463,18.27159621822992,18.30974769592285,29204700
2012-08-20,18.314815630209473,18.41655183946595,18.225798993935307,18.388574600219727,16646100
2012-08-21,18.38858290670019,18.398755659023838,18.167308807373047,18.167308807373047,22902600
2012-08-22,18.146959204502323,18.274128777332766,18.146959204502323,18.253780364990234,19983000
2012-08-23,18.261413576726547,18.297021121027715,18.159678775387054,18.20037269592285,18015300
2012-08-24,18.15713690365338,18.363150428794064,18.146962695524852,18.340259552001953,15570300
2012-08-27,18.35551756249769,18.51320539607676,18.330082773407856,18.439449310302734,17300700
2012-08-28,18.358058901539795,18.492858763962968,18.35297252616415,18.41655731201172,14468100
2012-08-29,18.46742756889887,18.571706288695243,18.421647270954132,18.508121490478516,12692400
2012-08-30,18.47251244868455,18.50303361506128,18.350430693836266,18.375864028930664,15711600
2012-08-31,18.462341795739544,18.553903849949993,18.403844827306116,18.464885711669922,17655300
2012-09-04,18.50812388370832,18.78026470137807,18.45725720282106,18.696332931518555,25572300
2012-09-05,18.785354035614994,18.808243461712415,18.660728328950032,18.70650863647461,23892300
2012-09-06,18.815870007434025,19.02696990966797,18.780262461861316,19.02696990966797,19525500
2012-09-07,18.99899165373212,19.024424989800643,18.69378725492172,18.775175094604492,19864200
2012-09-10,18.792981371599886,18.851479801015774,18.693790470671964,18.696332931518555,19500300
2012-09-11,18.74974745285337,18.92778377006159,18.706509604142003,18.83622169494629,15874200
2012-09-12,18.83621264599021,18.909970180753525,18.757367280648715,18.838756561279297,12893400
2012-09-13,18.808235182770062,19.123613729849918,18.808235182770062,19.110897064208984,22222200
2012-09-14,19.034593856735672,19.072745305463364,18.88707734720352,18.948118209838867,25607100
2012-09-17,18.912519204618178,18.993907051903815,18.78789351771349,18.81841468811035,20563800
2012-09-18,18.782807551502817,18.86419540056681,18.739569710938994,18.80824089050293,15912300
2012-09-19,18.884538877903534,18.981187294664032,18.818411626574463,18.91506004333496,16967700
2012-09-20,18.9023331877989,19.029502711237324,18.9023331877989,19.011699676513672,13569600
2012-09-21,19.065121605750836,19.098185235857606,18.90488837636636,18.935409545898438,31686900
2012-09-24,18.87182626161431,19.065123136626752,18.86673988472703,19.00916862487793,13241100
2012-09-25,19.052406500343757,19.088014051996577,18.887086868286133,18.887086868286133,19274100
2012-09-26,18.861651476036325,19.03460138288415,18.8565650993045,18.869281768798828,14414700
2012-09-27,18.915058796119272,18.948120964274494,18.77771647139242,18.815866470336914,16170300
2012-09-28,18.78535068804807,18.836217363937614,18.673441672563904,18.770090103149414,18063000
2012-10-01,18.770080627665784,18.94557289942014,18.770080627665784,18.833663940429688,13986900
2012-10-02,18.81587223919302,18.912520679212694,18.726854092367496,18.757373809814453,12709500
2012-10-03,18.828582621278837,19.01170668612165,18.757367545470064,18.8718204498291,24494100
2012-10-04,18.95066967657112,19.077837827238135,18.95066967657112,19.00408172607422,15002700
2012-10-05,19.0600360698336,19.202466271033877,19.047319399439928,19.108360290527344,15615300
2012-10-08,19.1159789212971,19.215169763049857,19.09054559602646,19.13886833190918,13637700
2012-10-09,19.11598381247751,19.171938306652923,18.854015838108495,18.85655975341797,24921900
2012-10-10,18.98627434673124,19.535642246101457,18.98373043107825,19.182113647460938,58094400
2012-10-11,19.482227914968686,19.484771830132658,19.062572143313837,19.077831268310547,24976500
2012-10-12,19.182112980702215,19.339802273131845,19.15159327057382,19.28130531311035,24087900
2012-10-15,19.29656852278639,19.67298657914629,19.217723138173287,19.622119903564453,29008800
2012-10-16,19.73656946014286,19.73656946014286,19.50512261595628,19.561077117919922,18930300
2012-10-17,19.667892319467118,19.711128685316,19.451706124236047,19.591590881347656,22483500
2012-10-18,19.589053176041244,19.64246521838631,19.372866912280728,19.47205924987793,21977100
2012-10-19,19.477138431025953,19.510202046234767,19.18465081300485,19.232975006103516,20827500
2012-10-22,19.24824232164513,19.273675656811697,19.098183315635485,19.240612030029297,16276200
2012-10-23,19.08801308422528,19.199922110794677,18.95067071719179,19.01425552368164,17501700
2012-10-24,19.05748774643838,19.075290788446974,18.95320904382725,19.029510498046875,13749600
2012-10-25,19.151594684615613,19.20246281235777,19.04731596870829,19.156681060791016,13298700
2012-10-26,19.12615663246827,19.182109667260097,18.993900697212545,19.1032657623291,13340700
2012-10-31,19.13887645008499,19.248242996862235,18.85401901130473,19.080379486083984,19653600
2012-11-01,19.10835648016638,19.115986771946968,18.60476886528224,18.68107032775879,38830800
2012-11-02,18.68361530070398,18.71159109837673,18.49286236138322,18.508121490478516,25690500
2012-11-05,18.480146385742252,18.617488750871576,18.477603924928868,18.60222816467285,14303100
2012-11-06,18.609861064038782,18.892176126934345,18.599688308701364,18.759920120239258,16003200
2012-11-07,18.673438873386093,18.79552062361613,18.531010164784387,18.594594955444336,20429700
2012-11-08,18.569155069754437,18.815862418051623,18.434356689453125,18.434356689453125,21411300
2012-11-09,18.345348236025668,18.46488755609294,18.29193763878844,18.391128540039062,20674200
2012-11-12,18.380946120301953,18.464877846298858,18.286841645575713,18.434356689453125,13148400
2012-11-13,18.304655722107665,18.38858749871948,18.10372998791116,18.263961791992188,26932200
2012-11-14,18.276674127739966,18.312281671976805,18.07829090165402,18.136789321899414,27333900
2012-11-15,17.717129706992505,17.724759998010526,17.256779973095917,17.47805404663086,69146700
2012-11-16,17.44499143702341,17.470426229127675,17.264412708460764,17.302562713623047,36771300
2012-11-19,17.333084866583448,17.582334782859814,17.205915264826768,17.554357528686523,38507100
2012-11-20,17.6103076850252,17.6103076850252,17.409382034218098,17.549266815185547,28183800
2012-11-21,17.513670973789257,17.564539126959176,17.467890654667404,17.52130126953125,21118800
2012-11-23,17.63573917474045,17.86464350422479,17.51874382260343,17.854469299316406,15404700
2012-11-26,17.8366685308319,17.862101863347533,17.663718668001444,17.78071403503418,27219600
2012-11-27,17.778176466356328,17.846847652927078,17.663724973848307,17.676443099975586,22146900
2012-11-28,17.666266211366647,18.009620636827158,17.623028372947328,17.94603729248047,31489200
2012-11-29,17.925687534432885,18.068116241008795,17.83666941090679,18.014705657958984,28861500
2012-11-30,18.05032025609035,18.34280807480158,18.019799079368575,18.317373275756836,37455600
2012-12-03,18.34025416118178,18.398751110905913,18.1444149017334,18.1444149017334,27260400
2012-12-04,18.177490017875925,18.46489148401587,18.17240363975458,18.342809677124023,38461500
2012-12-05,18.39855535008473,18.419015220148754,18.21697455204354,18.32438850402832,28539600
2012-12-06,18.329503755066213,18.375539561895213,18.18372809032389,18.309043884277344,21498300
2012-12-07,18.38832630829182,18.564792506218552,18.375539072315142,18.488067626953125,21849000
2012-12-10,18.434357229356728,18.500851429457303,18.360190396413,18.452259063720703,17704800
2012-12-11,18.477834066581437,18.592922099159974,18.112114492021366,18.130016326904297,43785000
2012-12-12,17.953558655597813,17.991921839086345,17.623642594625537,17.631315231323242,70205700
2012-12-13,17.656885147094727,17.738726096245866,17.64665594307923,17.656885147094727,42730500
2012-12-14,17.65944513904977,17.723382793159274,17.58016367721468,17.582721710205078,31506900
2012-12-17,17.63642579364413,17.777086853452225,17.618522492468585,17.697805404663086,31595100
2012-12-18,17.674791420813584,17.815452511810687,17.623641001920113,17.774534225463867,34769400
2012-12-19,17.756630330278732,17.774533634829094,17.52389907836914,17.52389907836914,29919600
2012-12-20,17.475300651609277,17.66199748787229,17.434380917365754,17.646652221679688,29058900
2012-12-21,17.61340535151579,17.68757218787917,17.459955614387653,17.557140350341797,39693000
2012-12-24,17.521338766751764,17.598063650861917,17.470189819615292,17.536684036254883,8714400
2012-12-26,17.534125196434253,17.557143099629414,17.321855319502216,17.388349533081055,18278700
2012-12-27,17.39857915918568,17.49832194538149,17.337199545913414,17.439498901367188,22152600
2012-12-28,17.367889277069207,17.48041783113582,17.27326109719263,17.29116439819336,16540200
2012-12-31,17.260474587228398,17.467629848915482,17.22978405162718,17.44972801208496,21037500
2013-01-02,17.628754965816125,17.708036422729492,17.505995731198684,17.708036422729492,31172400
2013-01-03,17.710593269420702,17.736169207920536,17.488092701970334,17.59550666809082,26730300
2013-01-04,17.577603140334286,17.692689730613093,17.477861819000758,17.66200065612793,19314000
2013-01-07,17.603176095775108,17.626193997209143,17.42415187592446,17.49320411682129,18604200
2013-01-08,17.46251998649335,17.618526349056364,17.44461814480456,17.54180145263672,17600700
2013-01-09,17.559701940509562,17.572489177293683,17.447171915360613,17.536684036254883,15165600
2013-01-10,17.559699881215845,17.654326593045436,17.319296053013353,17.482975006103516,34361400
2013-01-11,17.54435411502347,17.59294648576711,17.44461280459509,17.552026748657227,18673500
2013-01-14,17.516222760279348,17.562257101692257,17.41903801242573,17.46763038635254,16471200
2013-01-15,17.439496506095516,17.708032826055902,17.41648006890805,17.641538619995117,18421200
2013-01-16,17.631310909233424,17.74128290259929,17.61852367234048,17.700363159179688,14753700
2013-01-17,17.723374363212155,17.72848896335464,17.572482683472103,17.608287811279297,21697800
2013-01-18,17.608293289001438,17.697805404663086,17.608293289001438,17.697805404663086,23440200
2013-01-22,17.65944596021747,17.812895751853496,17.636429515856037,17.794992446899414,17243700
2013-01-23,17.74639481558551,17.810332453767295,17.68501520975688,17.771970748901367,19096200
2013-01-24,17.812888272244706,17.899842337176864,17.736163408643364,17.848691940307617,27417000
2013-01-25,17.879383393115383,17.90239982899916,17.628750386725066,17.646652221679688,23903100
2013-01-28,17.6671156592979,17.77453108094949,17.595505378196837,17.736167907714844,21164400
2013-01-29,17.70035987649067,17.953550924868622,17.697803307629492,17.874269485473633,28682700
2013-01-30,17.933085692770433,17.933085692770433,17.77452286141011,17.838459014892578,21061800
2013-01-31,17.823118439350907,18.014929877045354,17.823118439350907,17.88961410522461,21048600
2013-02-01,17.93053475776984,18.040505268989214,17.889615021323728,18.027719497680664,19349400
2013-02-04,17.75918268488819,17.87682582634716,17.67989978309913,17.80777359008789,32277900
2013-02-05,17.86916148359548,18.176059615665913,17.841027508490914,18.099334716796875,31576500
2013-02-06,18.025161167624958,18.239989048715792,17.979125367329623,18.2374324798584,29273400
2013-02-07,18.270675494634055,18.321824421200876,18.13257105145587,18.216968536376953,24920700
2013-02-08,18.20929832180982,18.321826853236754,18.1760512224472,18.280908584594727,17719800
2013-02-11,18.222086753270982,18.288580956368286,18.03794794695181,18.260448455810547,18607800
2013-02-12,18.283466355377374,18.326944122312998,18.183725050731418,18.260448455810547,14286000
2013-02-13,18.23231667586686,18.337174049053257,18.21185827109461,18.257892608642578,11905800
2013-02-14,18.18373187640515,18.216978990433855,18.094218276734924,18.11212158203125,20463000
2013-02-15,17.78476065753663,17.90240382217351,17.424154138601914,17.72338104248047,77051100
2013-02-19,17.695255314782266,17.76174955738139,17.52901824487845,17.585283279418945,44046900
2013-02-20,17.57504735958556,17.864042132858106,17.467631935555005,17.700363159179688,35920800
2013-02-21,17.902399294780786,18.27835098825533,17.830790493694032,17.968894958496094,61239300
2013-02-22,17.958671081629127,18.040509108533655,17.874273558469817,18.00470542907715,27495600
2013-02-25,18.03028553691946,18.245114997802528,18.01494026184082,18.01494026184082,35452800
2013-02-26,18.078874853174543,18.257899129517728,18.05841497768977,18.186288833618164,31672800
2013-02-27,18.137691365769694,18.40367113597243,18.050737285168022,18.326946258544922,26457000
2013-02-28,18.309045414443524,18.38321226932595,18.10188865661621,18.10188865661621,56650800
2013-03-01,18.101880837938673,18.388320392606477,18.101880837938673,18.347400665283203,26706900
2013-03-04,18.291140592049093,18.736143112182617,18.288582559626814,18.736143112182617,31701600
2013-03-05,18.789843130218788,18.935620192814387,18.66708396068715,18.85378074645996,27426000
2013-03-06,18.861455230547538,18.958639956032908,18.733582902390456,18.766828536987305,21448800
2013-03-07,18.794965501178265,18.825654572158744,18.720797197547892,18.751487731933594,20040000
2013-03-08,18.86730922048264,18.890475615532623,18.74890712892767,18.79781150817871,17233800
2013-03-11,18.813258965501227,18.851869630472855,18.741188178964634,18.78494644165039,15446100
2013-03-12,18.777222530844956,19.02175033684643,18.748908536828594,18.944530487060547,24460200
2013-03-13,19.019180691473473,19.098975096810236,18.92909108903639,18.95740509033203,15978300
2013-03-14,19.014029617820853,19.04749268439728,18.82355525065845,18.846721649169922,19059600
2013-03-15,18.7926717159041,18.918797464368232,18.643381035615644,18.661399841308594,51585300
2013-03-18,18.60735020156999,18.72060624845229,18.535277903945424,18.59705352783203,17313000
2013-03-19,18.640805011112086,18.756635552370387,18.58160394547609,18.648527145385742,17258400
2013-03-20,18.741193837892457,18.887909990546977,18.72317650402952,18.787525177001953,18960900
2013-03-21,18.75663750783498,18.911075790869415,18.75148843588472,18.82356071472168,16520100
2013-03-22,18.880185705949426,19.12213902646235,18.8647414382603,19.119565963745117,21971400
2013-03-25,19.08353497702155,19.333211971564744,19.078387377352318,19.26628875732422,31316100
2013-03-26,19.286870772239126,19.3280544942396,19.158170536353094,19.245685577392578,19927200
2013-03-27,19.127291446006808,19.294600938619787,19.109274112446343,19.248268127441406,17910900
2013-03-28,19.263713452170897,19.297175057955567,19.14530982742353,19.261138916015625,22104900
2013-04-01,19.304895455650236,19.544275746903242,19.279155987801808,19.415576934814453,25246200
2013-04-02,19.446469478271485,19.575169799452116,19.41300786607558,19.567447662353516,19928400
2013-04-03,19.64208650731366,19.737323711855087,19.49022129806763,19.562292098999023,22361700
2013-04-04,19.55199583851039,19.711583173616642,19.55199583851039,19.613771438598633,22524600
2013-04-05,19.446460536740588,19.66782345562712,19.41557347539518,19.662675857543945,17640900
2013-04-08,19.58803133823689,19.935519997993907,19.518533606285484,19.89433479309082,24225300
2013-04-09,19.88147393224398,20.19549963782234,19.824844438534576,20.10798454284668,26009700
2013-04-10,20.149161556972164,20.17490249700107,19.91493034362793,19.91493034362793,25797000
2013-04-11,19.912355482296398,20.172327631420202,19.889189078503026,20.02303695678711,21387300
2013-04-12,19.981854973130975,20.295880619131097,19.968985238621574,20.221235275268555,19010400
2013-04-15,20.190354110636026,20.40656807016921,20.187779573842676,20.198076248168945,25636500
2013-04-16,20.136303283157144,20.298463774247754,20.084822850413367,20.252132415771484,20563200
2013-04-17,20.21351017782577,20.35250564671307,20.10540324551187,20.208362579345703,21745800
2013-04-18,20.27271735763551,20.347364185922594,19.71931132366369,19.86087989807129,42656700
2013-04-19,19.94839535789289,20.190351710907542,19.922655884407185,20.15174102783203,23521500
2013-04-22,20.15173391945542,20.1903445889113,19.94838832124495,20.069366455078125,15464700
2013-04-23,20.105408322847033,20.39112146691777,20.089964050660104,20.35765838623047,19960800
2013-04-24,20.393690177889045,20.463187915050902,20.056498162289103,20.08481216430664,24250800
2013-04-25,20.12342187880176,20.290731359425767,20.046202005217864,20.244400024414062,17187300
2013-04-26,20.226383971761127,20.373101604251612,20.223810908427684,20.34478759765625,17770800
2013-04-29,20.355081123400787,20.398839394620566,20.115699372429724,20.177474975585938,18470400
2013-04-30,20.149163669421643,20.154312741675216,19.914932431520477,20.005022048950195,23897400
2013-05-01,20.038485353147244,20.246977138842663,19.997301608707794,20.092538833618164,18780900
2013-05-02,20.053927475557572,20.203219648744902,20.02561346810561,20.195497512817383,13558800
2013-05-03,20.313899840995617,20.42200679136195,20.30875076880923,20.398841857910156,16812300
2013-05-06,20.360236824762417,20.37568109990938,20.27529478430128,20.290739059448242,14417100
2013-05-07,20.360236824762417,20.370532026295628,20.27529478430128,20.290739059448242,19713300
2013-05-08,20.342520099959476,20.368413951583744,20.140544797592685,20.26224708557129,24025500
2013-05-09,20.277782978820884,20.446095969353323,20.171617599779104,20.301088333129883,19550400
2013-05-10,20.3192136306077,20.433147452209056,20.27001294811736,20.427968978881836,17493600
2013-05-13,20.404660215435833,20.44091248602725,20.176791128644442,20.32697868347168,23141700
2013-05-14,20.19233655371189,20.420205736718653,20.112063529102144,20.399490356445312,30041100
2013-05-15,20.40466971590084,20.705043483729842,20.365828931834397,20.679149627685547,24003300
2013-05-16,20.223400344158982,20.42019711450076,20.026605055497452,20.32697868347168,36385800
2013-05-17,20.275196127788647,20.350289188858255,20.04214701083248,20.163850784301758,32007900
2013-05-20,20.166437031231762,20.171616986485567,20.031787828244145,20.042144775390625,16747800
2013-05-21,20.099114567271975,20.244122214508153,20.003306128415307,20.03955841064453,22452900
2013-05-22,19.987769410303066,20.14572398515893,19.873834088431515,19.946338653564453,27093900
2013-05-23,19.894549809599333,19.92303363843664,19.7443636954396,19.765077590942383,24144600
2013-05-24,19.76248782836819,20.044734639194647,19.71846709904421,20.018840789794922,22768800
2013-05-28,20.073218241790663,20.20786744250832,19.95410446153082,20.02142906188965,18177600
2013-05-29,19.951515668235913,19.951515668235913,19.695162694458492,19.73918342590332,17646900
2013-05-30,19.806504814083763,19.819450254656264,19.57863424105799,19.583812713623047,18684000
2013-05-31,19.51390407658852,19.58381717634914,19.374074913706057,19.379253387451172,29237100
2013-06-03,19.43622454005877,19.627841438223474,19.327467681763423,19.59935760498047,25321500
2013-06-04,19.620072280206372,19.778026864774386,19.542390717805628,19.664093017578125,28032000
2013-06-05,19.607124000105664,19.666681638519986,19.438810996490542,19.48542022705078,20335800
2013-06-06,19.49059428073094,19.612298016931543,19.37924897134072,19.583812713623047,28275300
2013-06-07,19.778024516471948,19.904906757350727,19.72882679213186,19.765077590942383,25041600
2013-06-10,19.752134079293413,19.847942530115866,19.591589507953746,19.61489486694336,20194500
2013-06-11,19.529440961384783,19.635607830359344,19.41809709995775,19.48542022705078,18019200
2013-06-12,19.54238790470759,19.60453403469084,19.330054182671024,19.379253387451172,14193300
2013-06-13,19.36371525448514,19.50613438603352,19.30674760186579,19.420682907104492,21718500
2013-06-14,19.379259286655753,19.49060465531359,19.368900854331713,19.387027740478516,19054500
2013-06-17,19.420680840239104,19.537204628944465,19.2937986241233,19.407733917236328,19441800
2013-06-18,19.420682343193242,19.648551465373572,19.368893165493837,19.609710693359375,20219100
2013-06-19,19.612304630682157,19.669270811468717,19.24978475863268,19.28085708618164,24987300
2013-06-20,19.29121349972642,19.332645738110465,18.90538976313696,18.910568237304688,27209100
2013-06-21,19.03745440411655,19.21353589719159,18.967541284259045,19.03486442565918,43693500
2013-06-24,18.91575150764395,19.366311436161453,18.876909240378048,19.21353530883789,29091900
2013-06-25,19.231655861032106,19.355949603247453,19.120310525759667,19.257551193237305,21653400
2013-06-26,19.322286178616967,19.467293818602176,19.301570801476224,19.42327308654785,16435200
2013-06-27,19.54497998051486,19.708114527650302,19.48283383914919,19.488012313842773,21263400
2013-06-28,19.449172198972768,19.591589888862494,19.27827067476891,19.28862762451172,43644900
2013-07-01,19.4181020962988,19.493193694753305,19.187642898745214,19.314523696899414,20093100
2013-07-02,19.242015607907607,19.59676701477342,19.216121755609866,19.345592498779297,20179200
2013-07-03,19.267911514263023,19.451761441210067,19.18504999273221,19.35854148864746,6949200
2013-07-05,19.459532137339174,19.4880159760279,19.26791520253995,19.475069046020508,16331700
2013-07-08,19.59676775842384,19.879014611549703,19.59676775842384,19.86347770690918,20140200
2013-07-09,19.928213253121587,20.052505523337423,19.871245592185815,19.946338653564453,15819300
2013-07-10,19.928216092066744,20.068043804718663,19.796155350939145,19.879016876220703,15432900
2013-07-11,20.05509441541166,20.13277745051071,20.024020608699775,20.101703643798828,14042100
2013-07-12,20.096525169907064,20.112060591582352,20.024020608699775,20.101703643798828,13373100
2013-07-15,20.016253240770954,20.016253240770954,19.860888643841527,19.946338653564453,14661600
2013-07-16,19.933391564331234,20.055095337306394,19.912676186131286,20.034379959106445,14122800
2013-07-17,20.099115630771262,20.143136367356057,19.961876428299696,19.990360260009766,16053900
2013-07-18,19.99553752026237,20.08098901020389,19.94115983818348,20.026611328125,12449700
2013-07-19,20.05509623879597,20.24153465097605,20.02661240728058,20.218229293823242,20477700
2013-07-22,20.16902925845259,20.262247719890475,20.12759850188448,20.163850784301758,12474600
2013-07-23,20.187160650230872,20.360650685646164,20.145728402726238,20.339935302734375,15758700
2013-07-24,20.37359052130904,20.376179017032868,20.125006030995387,20.25706672668457,14790000
2013-07-25,20.210466007516608,20.316632908331638,20.101710609699026,20.20010757446289,17760600
2013-07-26,20.179388179512898,20.205282032577927,19.96446593937547,20.197513580322266,16047300
2013-07-29,20.153494971945925,20.26225035164267,20.140548044046877,20.194927215576172,10395000
2013-07-30,20.251888833698466,20.290731090314736,20.11723962857697,20.16902732849121,13601100
2013-07-31,20.176801657892696,20.32180933425027,20.12760243963268,20.18198013305664,18122400
2013-08-01,20.30627189026818,20.37100801398971,20.226000341465507,20.254484176635742,15506100
2013-08-02,20.26224380291089,20.39171600341797,20.197509184337797,20.39171600341797,18371700
2013-08-05,20.35805558756992,20.45645251323412,20.308856383897528,20.396896362304688,11718300
2013-08-06,20.342520736791645,20.345110714707424,20.083577767400588,20.163850784301758,20102700
2013-08-07,20.10132700162342,20.223769806457256,19.96065022280978,20.156036376953125,17459100
2013-08-08,20.192510279688083,20.29150622395812,20.04141214833588,20.12477684020996,13424100
2013-08-09,20.11434885364637,20.14300415053047,19.99972170339928,20.033588409423828,17293800
2013-08-12,19.945025118900087,20.16125250957484,19.926789648622847,20.08049201965332,17361000
2013-08-13,20.103931347435726,20.124772515926026,19.85644303061763,20.02317237854004,19143000
2013-08-14,20.010147547237786,20.116959106515996,19.85904943171495,19.903337478637695,20460300
2013-08-15,19.397938036295812,19.55945748310989,19.285916556602732,19.384912490844727,39664500
2013-08-16,19.30935886331417,19.40835328345128,19.199943114875495,19.306753158569336,21763500
2013-08-19,19.24683876442855,19.259864309097416,19.07229378264525,19.168684005737305,16094700
2013-08-20,19.160869796275943,19.17910675270201,19.069689486180042,19.077505111694336,19989300
2013-08-21,19.059267551873486,19.311965792573268,18.999348259740046,19.16086769104004,24233700
2013-08-22,19.228597539382854,19.285911115741058,19.080105170590038,19.137418746948242,11842200
2013-08-23,19.18692339494925,19.21297448961591,19.02540392479495,19.13221549987793,16422300
2013-08-26,19.18431346212549,19.21296876331128,19.02539825439453,19.02539825439453,16044600
2013-08-27,18.93421736973346,19.04623881991783,18.889929334323636,18.981109619140625,17362800
2013-08-28,18.92901101037792,18.981114683035756,18.82741086111061,18.856067657470703,16825800
2013-08-29,18.84825367588764,18.986326258989614,18.816992662109016,18.869094848632812,12264600
2013-08-30,18.923796895763864,19.03581835100389,18.908165648363443,19.012372970581055,18198600
2013-09-03,19.14263103593635,19.168682122714976,18.897746944454752,18.934219360351562,21471000
2013-09-04,18.939434638363114,19.048850426334152,18.874305412310765,18.994142532348633,14002500
2013-09-05,18.975901962809065,19.142631305625848,18.918588378546318,18.93161392211914,14041500
2013-09-06,18.939431025326133,19.05926812250292,18.806568383559394,18.91077423095703,17370600
2013-09-09,18.978510451968482,19.186922177433566,18.939433812448122,19.150449752807617,16569000
2013-09-10,19.189516860257296,19.332800770884,19.166069995606367,19.267671585083008,20535900
2013-09-11,19.278104102660855,19.34062762068413,19.189528000785856,19.291128158569336,16007400
2013-09-12,19.324996891375427,19.41357150496869,19.218185319524704,19.254657745361328,15785400
2013-09-13,19.311967908333237,19.382307047261598,19.27289127145221,19.37188720703125,12061200
2013-09-16,19.51257049347039,19.588119571906233,19.457862591523,19.481307983398438,12601800
2013-09-17,19.496931158093275,19.661056286593666,19.48390561452113,19.57769012451172,12875400
2013-09-18,19.58029952679724,19.937205152643607,19.512566091161,19.90854835510254,20645100
2013-09-19,19.929390848015302,19.937206474288075,19.70013794316768,19.85384178161621,21328500
2013-09-20,19.882493563272256,19.916360274788406,19.754840850830078,19.754840850830078,26542800
2013-09-23,19.64021733667881,19.91115406058016,19.590720858029535,19.90854835510254,16814100
2013-09-24,19.90333814431376,19.989308535682135,19.718371815735413,19.7340030670166,20624400
2013-09-25,19.775676423993044,19.78349204608225,19.16346710355421,19.44742774963379,44916900
2013-09-26,19.481293757475548,19.533397405988048,19.33540562858896,19.439611434936523,15234300
2013-09-27,19.377097127146424,19.39793829828527,19.29633814798771,19.37188720703125,12643800
2013-09-30,19.35103622738313,19.43440086968325,19.210358020832327,19.267671585083008,20257500
2013-10-01,19.24423470584097,19.249444626018693,19.10095221154553,19.17129135131836,17026500
2013-10-02,19.119189740729666,19.20516014099121,19.02800941972817,19.20516014099121,22128300
2013-10-03,19.155655344126522,19.155655344126522,19.004557261740164,19.05926513671875,21538800
2013-10-04,19.02019059706393,19.116580822607638,18.962877006520728,18.965482711791992,17243100
2013-10-07,18.866480374033795,18.866480374033795,18.629411957910357,18.72319793701172,20659200
2013-10-08,18.717997620336423,19.067087653299357,18.704970582399845,18.99153709411621,27672600
2013-10-09,18.973303003334735,19.106165681962796,18.90556955640386,19.017589569091797,19402200
2013-10-10,19.14262398346818,19.50473932272204,19.087914634439876,19.483898162841797,23040600
2013-10-11,19.43701232322759,19.494324413753798,19.233810574844618,19.49172019958496,19587600
2013-10-14,19.366673292625887,19.463063502928215,19.21296801016504,19.45524787902832,17712000
2013-10-15,19.390118587619018,19.63500266957722,19.27549291584405,19.374488830566406,26979900
2013-10-16,19.48911781988395,19.700135228131938,19.426594308996926,19.69492530822754,17743500
2013-10-17,19.666264618640295,19.830388243216508,18.676308480276862,19.74181365966797,19185300
2013-10-18,19.74702669805711,19.78089341209697,19.66366202021191,19.723581314086914,20365500
2013-10-21,19.726184004454378,19.752235091598664,19.4917212388,19.57769012451172,16092300
2013-10-22,19.65063541601952,19.926782014499715,19.59332183042194,19.88249397277832,20845500
2013-10-23,19.84602376108386,19.89031180772716,19.749633533145495,19.77307891845703,17610300
2013-10-24,19.806946710969985,19.931993741688366,19.752238821365466,19.90854835510254,17592900
2013-10-25,19.895525879691576,19.99712604882663,19.741822027709894,19.819976806640625,19376400
2013-10-28,19.840813061842695,20.11435397493283,19.812156266984655,20.09611701965332,21097200
2013-10-29,20.124771472727353,20.223767390594166,19.99451305840665,20.075273513793945,22312800
2013-10-30,20.12998409027962,20.197717520772027,19.945019263726337,20.03619956970215,13938000
2013-10-31,20.02838840083785,20.09872755226039,19.955443543555813,19.99452018737793,13837200
2013-11-01,20.05182405603173,20.163844003745943,19.95282815828863,20.0778751373291,15348300
2013-11-04,20.11695782967795,20.228979301872837,20.111747909981872,20.145614624023438,14112300
2013-11-05,20.010150222636415,20.218563449031354,19.986704834042243,20.169065475463867,15256500
2013-11-06,20.226370965213878,20.393100299221018,20.137796379192043,20.361839294433594,14487600
2013-11-07,20.369661323282703,20.377476949606542,20.12217294930045,20.1925106048584,25042800
2013-11-08,20.187289679048043,20.30973243713379,20.004929139381602,20.30973243713379,17381400
2013-11-11,20.283690425490306,20.598913722966326,20.26545495830208,20.583282470703125,22351500
2013-11-12,20.54159406203939,20.57285655733832,20.385284566900385,20.505123138427734,15798300
2013-11-13,20.429573736034932,20.578067615570113,20.411338273219556,20.55462074279785,24860100
2013-11-14,20.255026831991003,20.718742364251288,20.23678988158428,20.601511001586914,27906300
2013-11-15,20.56243279766246,20.656218781793473,20.515540550935775,20.637983322143555,17733300
2013-11-18,20.64058753599203,20.664034404694196,20.55722287928786,20.637983322143555,17888100
2013-11-19,20.658821779323052,20.671848810509033,20.549406046510253,20.645797729492188,13365000
2013-11-20,20.66143228674539,20.68227345453921,20.447810689528215,20.55462074279785,13533900
2013-11-21,20.51293608198306,20.63277165649676,20.463436640668196,20.54419708251953,11523000
2013-11-22,20.546811973610005,20.80732589370915,20.515549468418264,20.79169464111328,14436300
2013-11-25,20.856822504454346,20.989685161486268,20.8177458661948,20.95321273803711,17011200
2013-11-26,20.955806141443478,21.018329620361328,20.869835798927436,21.018329620361328,16613400
2013-11-27,20.984473460199744,21.101704855706945,20.94018541472184,21.08346939086914,14439900
2013-11-29,21.145991001827074,21.19288325768242,21.054810704471823,21.104307174682617,10341600
2013-12-02,21.073046064627512,21.174646200263613,20.93757921711271,21.130359649658203,18535200
2013-12-03,21.156414031982422,21.187676534387126,21.023551378118743,21.156414031982422,22519200
2013-12-04,21.130205724109697,21.321488974236463,20.938923973338223,21.020153045654297,22923600
2013-12-05,20.889140564203856,20.902241932431,20.666414305631456,20.815771102905273,19350000
2013-12-06,20.886518790020972,21.022775712546633,20.86817717516511,20.946786880493164,15264300
2013-12-09,21.025401742257277,21.075186351840685,20.883904537835964,20.949411392211914,13474800
2013-12-10,20.889139263405543,20.910101751134704,20.713578241254407,20.721439361572266,18857100
2013-12-11,20.7266809319855,20.889140597097768,20.713579563737724,20.72406005859375,17996400
2013-12-12,20.729298682804224,20.768602781626942,20.543255683257392,20.569459915161133,17074800
2013-12-13,20.6297228141968,20.64020330560165,20.42009799254992,20.459402084350586,14943600
2013-12-16,20.50394816765169,20.569457991607255,20.333628922658725,20.37031364440918,18440700
2013-12-17,20.37031434470583,20.409618441204234,20.234057444672057,20.241918563842773,17296200
2013-12-18,20.24978550408605,20.433207672516104,20.126629934149022,20.422725677490234,31901100
2013-12-19,20.351977574486952,20.393902556889678,20.22882350093732,20.23930549621582,17866200
2013-12-20,20.249785095876284,20.40700302325016,20.241923974604255,20.28908920288086,28706400
2013-12-23,20.3676960706475,20.435825279034812,20.273365627273325,20.404380798339844,13475700
2013-12-24,20.425355528271673,20.50134440302371,20.341505528634077,20.441076278686523,6284700
2013-12-26,20.454168639388328,20.57470182739473,20.430585276853776,20.540637969970703,8334600
2013-12-27,20.595667406196874,20.682136743456052,20.51705769103394,20.561603546142578,9150000
2013-12-30,20.598281100641486,20.669029674844243,20.551115884291377,20.6035213470459,9259500
2013-12-31,20.611386315771057,20.66641416103773,20.5301572335889,20.619247436523438,11577300
2014-01-02,20.627110944659844,20.823634488148627,20.569465218062913,20.676897048950195,20634000
2014-01-03,20.650687710319055,20.734537648779426,20.57469739165357,20.608762741088867,14872200
2014-01-06,20.66378807241822,20.676889437247098,20.38341466688597,20.493467330932617,21840600
2014-01-07,20.482994182881175,20.66117460766568,20.417485835894016,20.55636215209961,15036900
2014-01-08,20.56946244546852,20.57208181943243,20.33363332545642,20.39389991760254,17865600
2014-01-09,20.5406424523553,20.54326332632734,20.30481477296936,20.462034225463867,17748900
2014-01-10,20.51967168612652,20.62710498533115,20.317907952939226,20.448923110961914,15543900
2014-01-13,20.33363508925248,20.430586419502145,20.23930463254951,20.304811477661133,18473700
2014-01-14,20.296942801967933,20.43843993371352,20.275980319463216,20.427959442138672,12264600
2014-01-15,20.42796731952521,20.464650553537904,20.325774240810368,20.34935760498047,14977200
2014-01-16,20.27860783890484,20.299570328280588,20.00609547702012,20.113527297973633,21604500
2014-01-17,20.10566571289066,20.129247574038196,19.922242074571486,19.964168548583984,34322100
2014-01-21,19.979894649545766,20.016577884942375,19.615669675059536,19.872461318969727,26913300
2014-01-22,19.935345690023674,19.935345690023674,19.66021247124169,19.744062423706055,17561100
2014-01-23,19.610424113082907,19.68379356270601,19.513472804145785,19.641868591308594,18018900
2014-01-24,19.581608666044406,19.68380176349899,19.45059345068188,19.50037956237793,27998400
2014-01-27,19.42438662476455,19.487275599053174,19.345778405615114,19.429628372192383,27266100
2014-01-28,19.458444614909943,19.757161155224015,19.416521143626895,19.56587791442871,18070200
2014-01-29,19.72834523002508,19.74930772350416,19.408667579308098,19.416528701782227,25301100
2014-01-30,19.531815650230843,19.67593368560698,19.484650429269262,19.586843490600586,20198700
2014-01-31,19.369354253030927,19.70213464157782,19.29598630475107,19.568498611450195,31634400
2014-02-03,19.44010413167738,19.521333204748945,19.007753034276867,19.039196014404297,31292100
2014-02-04,19.0418224639063,19.154496049457236,18.94487112270102,19.057544708251953,23266500
2014-02-05,18.937014980463125,19.17022333506546,18.937014980463125,19.094234466552734,14322900
2014-02-06,19.12042895627504,19.18331642367836,18.997274894868514,19.08112335205078,22059300
2014-02-07,19.14139317083002,19.33791671159962,18.997276607298275,19.324813842773438,21862800
2014-02-10,19.282886377967756,19.327430725097656,19.117805858147182,19.327430725097656,18612300
2014-02-11,19.364113674820956,19.61304411858011,19.303847093360943,19.59994125366211,19533600
2014-02-12,19.4479644740791,19.69951430246361,19.4479644740791,19.641868591308594,16019400
2014-02-13,19.56850122365343,19.78074697619272,19.537056742082246,19.74668312072754,15750600
2014-02-14,19.757170048885598,19.911768635125945,19.678560318713984,19.85936164855957,14726700
2014-02-18,19.78074600345937,19.822670977255655,19.615665482039418,19.738821029663086,17981400
2014-02-19,19.65498159026266,19.736212213715152,19.49776359215723,19.61305809020996,24390900
2014-02-20,19.141385694224038,19.390316114999514,19.078498245715764,19.26453971862793,39237300
2014-02-21,19.17807593346113,19.233102279323028,19.081123110505605,19.159732818603516,26913000
2014-02-24,19.191181419601044,19.34315912167415,19.16497717837522,19.22000503540039,21964500
2014-02-25,19.17545917473671,19.322196628306973,19.15187580744021,19.22000503540039,28448100
2014-02-26,19.374594532087325,19.678549793794136,19.33528893834586,19.59469985961914,27066600
2014-02-27,19.59470509657802,19.59470509657802,19.413903815110903,19.537057876586914,16344600
2014-02-28,19.51609048905762,19.70213195698457,19.44272105141981,19.5737361907959,22333800
2014-03-03,19.518719529594815,19.56588476323369,19.345779340015113,19.421768188476562,16042800
2014-03-04,19.59208087655665,19.780744746001943,19.563258770839834,19.686412811279297,22631400
2014-03-05,19.736198154354778,19.738819027209413,19.542295545056728,19.59994125366211,16574400
2014-03-06,19.61566467581503,19.681173006937513,19.52395361198566,19.62090492248535,15319800
2014-03-07,19.768593428775844,19.768593428775844,19.610359692846835,19.668378829956055,15163800
2014-03-10,19.65255593335009,19.67365366504144,19.528605816520425,19.628820419311523,14481000
2014-03-11,19.705297815690905,19.771227273372197,19.568161827462408,19.758041381835938,27016800
2014-03-12,19.739577267663787,19.976926283259534,19.731665432606828,19.918907165527344,25882800
2014-03-13,19.96638440087288,20.090333001009956,19.755405587975503,19.76068115234375,17473500
2014-03-14,19.69211863303455,19.79760731837568,19.586629947693417,19.58926773071289,19857000
2014-03-17,19.594535237323413,19.739583074321615,19.518056154646487,19.69474983215332,17341200
2014-03-18,19.689471105006188,19.77649978655502,19.634089765485413,19.71847915649414,11831400
2014-03-19,19.663096790353716,19.80814458536209,19.5206867767194,19.61562728881836,17283300
2014-03-20,19.520691573338315,19.958471338280376,19.478497624183195,19.87935447692871,25912500
2014-03-21,20.013851593466423,20.31185605744097,19.89781333529583,20.069232940673828,51480600
2014-03-24,20.098245519420587,20.253841474923586,20.071873732800757,20.2432918548584,21838500
2014-03-25,20.27493850239679,20.343505748840265,20.085058929071906,20.272300720214844,22146600
2014-03-26,20.32768649974816,20.44636107028661,20.10352325439453,20.10352325439453,23183400
2014-03-27,20.14307376093957,20.25911201638534,20.053408796567787,20.07978057861328,16789800
2014-03-28,20.111430775123814,20.201095752205774,19.982206610337528,20.045499801635742,17613300
2014-03-31,20.135167527057767,20.24856651471327,20.048138817780373,20.156265258789062,14086800
2014-04-01,20.243288121533293,20.37251226658458,20.185268994446716,20.245925903320312,17310000
2014-04-02,20.19582356461795,20.356693585416675,20.132530367466213,20.35405731201172,18234300
2014-04-03,20.359325451870177,20.451628192857218,20.306581890750962,20.427892684936523,18121500
2014-04-04,20.45954120045187,20.543932110298012,20.37251250878735,20.388336181640625,20280600
2014-04-07,20.36723845417909,20.496462600766684,20.330317053864277,20.388336181640625,23027100
2014-04-08,20.330324235841843,20.65206431603242,20.253845135405005,20.617780685424805,22496100
2014-04-09,20.6230577533126,20.62833181016821,20.380433029604863,20.562400817871094,20633400
2014-04-10,20.55711672780597,20.6072240160515,20.21427754602375,20.277570724487305,22798800
2014-04-11,20.248565883099218,20.367241940786094,20.119343223418888,20.174724578857422,23937000
2014-04-14,20.29076824125743,20.45163829477122,20.251209041849673,20.40680503845215,16127700
2014-04-15,20.314492439948953,20.388335237157836,20.158896518499496,20.274934768676758,20785800
2014-04-16,20.38833855464504,20.43053401447925,20.314495745420828,20.36460304260254,15110400
2014-04-17,20.327684530637395,20.5043797414943,20.327684530637395,20.48064422607422,20894100
2014-04-21,20.414709751381647,20.499100668617714,20.354054345503958,20.46481704711914,13785300
2014-04-22,20.443730829842927,20.525484011065522,20.409447189038953,20.45427894592285,19396500
2014-04-23,20.522834888367946,20.644145692488607,20.456903922540906,20.580852508544922,17418600
2014-04-24,20.615139659236164,20.69425652418418,20.491189552044247,20.65205955505371,13042500
2014-04-25,20.652055792608824,20.776005877219195,20.575576723736084,20.733810424804688,16177800
2014-04-28,20.797109055602384,21.095115082290835,20.789197217571942,21.03445816040039,28796100
2014-04-29,21.055556760010944,21.063468598367496,20.984351723830837,21.010725021362305,14087100
2014-04-30,20.989624911140485,21.079289887309777,20.968525671893797,21.021270751953125,18335100
2014-05-01,21.02654854178896,21.02654854178896,20.876226632189507,21.01863670349121,15294000
2014-05-02,20.992265192710846,21.03446066120398,20.836669214013792,20.865678787231445,16860000
2014-05-05,20.79710360342645,20.820839111295264,20.704800862641164,20.733810424804688,13773000
2014-05-06,20.657346654212688,20.6731688288143,20.56240606145537,20.572954177856445,16916700
2014-05-07,20.657853072811704,20.724190700466327,20.57293817634604,20.687042236328125,18258600
2014-05-08,20.69765825867429,20.917902550669083,20.69765825867429,20.880752563476562,14461800
2014-05-09,20.8356486232129,21.037318747262603,20.8356486232129,21.016090393066406,14689200
2014-05-12,20.949752749635298,21.024051230187403,20.870146041751738,21.002822875976562,17999400
2014-05-13,21.00812676088643,21.061198398465123,20.96036334992563,21.000165939331055,13091100
2014-05-14,20.976287009990294,20.976287009990294,20.716238542081488,20.894027709960938,16824900
2014-05-15,20.241244057806007,20.549055790912224,20.23328475774463,20.387189865112305,39107400
2014-05-16,20.432304909824342,20.53313842138997,20.33942918160307,20.43495750427246,21731400
2014-05-19,20.461494169911827,20.46680087759704,20.29962819772809,20.32881736755371,18393900
2014-05-20,20.262485400111693,20.265139514082126,20.03958689612235,20.084697723388672,22310100
2014-05-21,20.151024969540856,20.156331675966115,19.973237398141794,20.076725006103516,17112300
2014-05-22,20.111228660249786,20.145726061294845,19.965284307650755,20.00508689880371,15731100
2014-05-23,20.050189963759667,20.10060747074745,20.015694094425065,20.063457489013672,11110800
2014-05-27,20.0900021626644,20.11653722387727,19.978552172501566,20.05815887451172,16112400
2014-05-28,20.00242422029382,20.151022611408138,19.99180929031456,20.042226791381836,15110700
2014-05-29,20.079388881721044,20.21737394446688,20.052853818321655,20.161649703979492,12010500
2014-05-30,20.18286861319017,20.381884547265525,20.16960108670129,20.37127113342285,17894400
2014-06-02,20.320856512993284,20.46149413583062,20.291667343216282,20.368619918823242,13171200
2014-06-03,20.363311314343438,20.42434376123622,20.26247628602844,20.355350494384766,21640800
2014-06-04,20.326163067916834,20.51191150053567,20.30758883200346,20.466800689697266,18599700
2014-06-05,20.445573671402073,20.54906282809096,20.39781026282256,20.51721954345703,14087400
2014-06-06,20.55437668549957,20.588872576937444,20.450889011185957,20.488039016723633,12566700
2014-06-09,20.45087914444589,20.63397345132678,20.35269822732838,20.43495750427246,16642800
2014-06-10,20.381886487610842,20.41638388181136,20.30227980272797,20.331470489501953,10097100
2014-06-11,20.312891603226873,20.36330911193142,20.180214827798114,20.20940399169922,13389900
2014-06-12,20.180221712013857,20.21737170768586,20.05550419476604,20.095308303833008,16009800
2014-06-13,20.079387914342206,20.103268862902457,19.93344355430516,19.97589874267578,14944500
2014-06-16,19.93078843823111,20.02896937783758,19.90690597250054,19.991819381713867,11540700
2014-06-17,19.978550029837418,20.013045909388836,19.880369099182296,19.898944854736328,19632600
2014-06-18,19.91220442854712,20.15633113804505,19.88036267247442,20.087339401245117,20222100
2014-06-19,20.135114143303014,20.24125592065492,20.113885787832633,20.132461547851562,15765900
2014-06-20,20.209412818543765,20.2120654138209,19.933444215564503,20.082042694091797,33992100
2014-06-23,20.05019990013172,20.15103496407859,19.981208127271938,20.111230850219727,12802200
2014-06-24,20.174910983266322,20.222675908223195,20.082038283161037,20.15899085998535,16956900
2014-06-25,20.103257161611413,20.124487020997087,19.975887115521683,20.06610870361328,12954600
2014-06-26,20.039576286352894,20.063458744326923,19.821986125505525,19.877710342407227,20766300
2014-06-27,19.848527624073498,20.002434317051296,19.814031741377022,19.991819381713867,41882400
2014-06-30,20.007737336818497,20.084689909934312,19.885673953985606,19.920169830322266,19961400
2014-07-01,19.973246147486645,20.01304874066813,19.835262609760218,19.97589874267578,19813500
2014-07-02,19.970580409860624,20.140407137980265,19.967926297844734,20.06610870361328,13100400
2014-07-03,20.063462649092553,20.1802193307497,20.039580186470502,20.10061264038086,8622000
2014-07-07,20.084694650618427,20.222679706905566,20.047544652575166,20.185529708862305,15084000
2014-07-08,20.190837098579475,20.427003107511098,20.174915453399443,20.339435577392578,23881500
2014-07-09,20.37128229028292,20.5198807940617,20.331479689017357,20.488039016723633,18720300
2014-07-10,20.408422439319892,20.583555926026158,20.408422439319892,20.448225021362305,16117500
2014-07-11,20.397809994175564,20.424346570478136,20.31555070724027,20.38454246520996,13642500
2014-07-14,20.466801887580715,20.498645172005972,20.29432249151514,20.312896728515625,14468700
2014-07-15,20.315555946110976,20.41373690047194,20.315555946110976,20.389854431152344,13970700
2014-07-16,20.40577790925977,20.44558050999388,20.352707774947618,20.395164489746094,11172600
2014-07-17,20.320856546840243,20.44557252848489,20.283706556301155,20.32881736755371,13890900
2014-07-18,20.33147221575003,20.458842315028523,20.3022815264976,20.456188201904297,14739900
2014-07-21,20.368617020776643,20.408421118614363,20.2943185687647,20.37127113342285,10372800
2014-07-22,20.389844930870613,20.403112457075814,20.273089789242206,20.336774826049805,13149600
2014-07-23,20.334122935539877,20.44822549541881,20.32350952076432,20.429651260375977,11982900
2014-07-24,20.34739074019732,20.376579908784297,20.217368056384963,20.259824752807617,21684900
2014-07-25,20.217369200462873,20.262478493982606,20.1138800480943,20.15899085998535,11845200
2014-07-28,20.0156982662854,20.14837506485014,19.997124030732564,20.089998245239258,16529700
2014-07-29,19.957318155682717,20.16960162187966,19.941396516125167,20.01835060119629,18880500
2014-07-30,20.135102222180734,20.14571715281716,19.814022966398944,19.843212127685547,29931600
2014-07-31,19.63358565268962,19.702577397514293,19.51417487800783,19.524789810180664,28894800
2014-08-01,19.455804305709048,19.604402775193446,19.42926924432258,19.51418113708496,24671700
2014-08-04,19.47172443151799,19.538063603355717,19.386811020384048,19.51418113708496,16206300
2014-08-05,19.45314262033945,19.50886683490973,19.30985091523246,19.461103439331055,31739700
2014-08-06,19.549259225343004,19.843070948614702,19.546587626115592,19.819032669067383,23804400
2014-08-07,19.856417778749634,19.98195537075907,19.701497194624718,19.752246856689453,21147000
2014-08-08,19.781628680504074,19.960587535766436,19.725537349931027,19.944561004638672,14988900
2014-08-11,19.843066773928538,19.92586952043451,19.770948893709427,19.861764907836914,14164200
2014-08-12,19.848399684203997,19.883122806984534,19.768268577893828,19.824359893798828,11784600
2014-08-13,19.83771565077241,19.87511037239317,19.634717043437234,19.773611068725586,19857300
2014-08-14,19.736217682136946,19.880453383592396,19.66142976221028,19.869770050048828,18408900
2014-08-15,19.93922442873864,19.93922442873864,19.629386232476865,19.7388973236084,20828100
2014-08-18,19.805669906014685,19.947234041649683,19.77895850941669,19.896484375,12047100
2014-08-19,19.98195761808564,20.016680753219568,19.80299874595365,20.000654220581055,15143700
2014-08-20,19.987301394840056,20.04606433513126,19.90182858291628,20.02202606201172,14694900
2014-08-21,20.048733839052677,20.27577078095871,20.032707306397732,20.17961311340332,15781800
2014-08-22,20.241048492719088,20.353231169249117,20.203653757750963,20.227693557739258,12413400
2014-08-25,20.281118935492,20.305158742162984,20.168936227776936,20.21701431274414,10180800
2014-08-26,20.254406907318305,20.339879728572537,20.150237479555187,20.17160415649414,12668700
2014-08-27,20.16893396890088,20.262420057651454,20.150237362500604,20.259748458862305,9601200
2014-08-28,20.15824905007971,20.283786672584938,20.15824905007971,20.273101806640625,8771100
2014-08-29,20.23303635158734,20.267759490141355,20.110168803213924,20.166261672973633,15241500
2014-09-02,20.144893531831638,20.283787625385212,20.14222346150099,20.2330379486084,13597200
2014-09-03,20.28645950499969,20.387957331584225,20.267761370553526,20.3024845123291,14128200
2014-09-04,20.34254749757502,20.460071840486496,20.329192562815145,20.44938850402832,15846900
2014-09-05,20.438710396691906,20.76190512120894,20.42802705670158,20.703142166137695,23525400
2014-09-08,20.60163840409717,20.652388079173384,20.414667767111816,20.441377639770508,17816700
2014-09-09,20.44938326048728,20.566909101637613,20.345212350672412,20.497461318969727,16896000
2014-09-10,20.510822722026766,20.588282265237382,20.398640040713076,20.436033248901367,20091300
2014-09-11,20.39329520821199,20.417333477121513,20.32384741440604,20.326519012451172,14859900
2014-09-12,20.291797884994278,20.313166086344467,20.208995149528338,20.23837661743164,16956900
2014-09-15,20.24105594425442,20.270437423376265,20.19564792590704,20.249069213867188,11245500
2014-09-16,20.2036539440045,20.45205909934285,20.192970607271885,20.385284423828125,12328500
2014-09-17,20.395962204890484,20.42534366546347,20.302476156260248,20.363910675048828,12717000
2014-09-18,20.382616003855492,20.454733887356703,20.275774977997145,20.358577728271484,14255100
2014-09-19,20.420015728171787,20.585619740758837,20.40131758884948,20.524185180664062,39970500
2014-09-22,20.51082143567544,20.529519566971324,20.36658722376405,20.382612228393555,13352100
2014-09-23,20.29981358982963,20.35857806549334,20.18496082245724,20.192974090576172,20124000
2014-09-24,20.227697545501005,20.64971999323484,20.219684277258477,20.588285446166992,25303800
2014-09-25,20.548224733308192,20.5802762842989,20.331871032714844,20.331871032714844,14890500
2014-09-26,20.366588066436208,20.45205934645288,20.262417125975634,20.430692672729492,11258700
2014-09-29,20.315831426207783,20.366582612019354,20.20632037501912,20.32117462158203,14877900
2014-09-30,20.31049970112258,20.49213022340539,20.238381812008427,20.42535400390625,16922100
2014-10-01,20.436040483903337,20.529528122594854,20.275779672199892,20.331871032714844,19574700
2014-10-02,20.355910160797546,20.542882375171544,20.28913393327115,20.361251831054688,14763600
2014-10-03,20.452056744097938,20.69512173145314,20.44137340859561,20.65238380432129,17459100
2014-10-06,20.580273047884344,20.812653251616847,20.564248039096523,20.660404205322266,16289100
2014-10-07,20.57492155901336,20.75121032691883,20.49212037048126,20.64703941345215,21179700
2014-10-08,20.676427486223716,20.964898996219947,20.51616519658704,20.898122787475586,24321300
2014-10-09,20.8633956111069,21.055709404435042,20.743199681323585,20.796619415283203,21218100
2014-10-10,20.815319991474848,21.199947623339778,20.815319991474848,20.911476135253906,30234000
2014-10-13,20.842036602501917,20.988942464045707,20.687117471655764,20.71649742126465,24603600
2014-10-14,20.788604176667413,21.002286148975728,20.745867782205746,20.828670501708984,23703300
2014-10-15,20.721834546254456,20.751216015626625,19.861763252630972,20.086130142211914,63173100
2014-10-16,19.559938598664417,19.784305508644167,19.39433463277157,19.717529296875,43039800
2014-10-17,19.81368463860293,19.89915591756998,19.5065150177986,19.792316436767578,34386900
2014-10-20,19.8029975274672,20.091468983713558,19.74423459699121,20.070100784301758,21122100
2014-10-21,20.080789786438384,20.353234787913873,20.035381776734265,20.305156707763672,24899100
2014-10-22,20.425339462517687,20.476089108666944,20.30247197859705,20.30781364440918,17782800
2014-10-23,20.398640132316682,20.473428077403522,20.24104944672814,20.366588592529297,19101300
2014-10-24,20.33454099308232,20.433368765868977,20.166266925100963,20.401315689086914,13438800
2014-10-27,20.387955377713187,20.56157259832709,20.382613709115297,20.4574031829834,12322200
2014-10-28,20.468090878900398,20.513498892588217,20.299815291049757,20.39330291748047,14938800
2014-10-29,20.446718568532397,20.470758370079768,20.291799478670068,20.403982162475586,17279100
2014-10-30,20.345210633080566,20.46006486691796,20.29446250963966,20.420000076293945,14617200
2014-10-31,20.537540816288317,20.673763353158453,20.302490494083482,20.371936798095703,22712100
2014-11-03,20.393303315834288,20.401315056406524,20.1903045781761,20.374605178833008,20683200
2014-11-04,20.43069482833629,20.665745076211405,20.374601954583827,20.636362075805664,20714700
2014-11-05,20.799291359136365,20.895449021586224,20.647042363746674,20.753883361816406,17021400
2014-11-06,20.874078623506684,20.88209188915145,20.61231856873231,20.78326416015625,13865700
2014-11-07,20.791286692839147,21.122494688035275,20.729853666679702,21.039691925048828,28496400
2014-11-10,20.994281619415283,21.402947576511075,20.946202012860265,21.218647003173828,37921500
2014-11-11,21.207963140469598,21.21330480938539,21.061055782476366,21.103792190551758,16807200
2014-11-12,21.055713266971047,21.21864562516063,21.00763519191294,21.154541015625,20373600
2014-11-13,21.624636355354433,22.18555113398289,21.597924963325283,22.153499603271484,68437200
2014-11-14,22.05734276711373,22.209591746631123,21.929133582796148,22.158842086791992,31909800
2014-11-17,22.05735132944571,22.361849406682065,22.04399639194186,22.3217830657959,23980200
2014-11-18,22.303081683482805,22.415265893256535,22.26034680671705,22.380542755126953,18289200
2014-11-19,22.425944384676296,22.874676511106337,22.415259522240977,22.701059341430664,36569400
2014-11-20,22.65298918331514,22.781198407017616,22.44731888296472,22.591554641723633,23438100
2014-11-21,22.794551022280718,22.821260892405252,22.591552341235808,22.61025047302246,19948800
2014-11-24,22.66367005119507,22.86666873078826,22.642301849573382,22.810577392578125,23986500
2014-11-25,22.837282061289002,22.83995213064964,22.54079737607894,22.69037628173828,20026500
2014-11-26,22.677025045338834,22.733117912069684,22.56484236862582,22.698394775390625,11828400
2014-11-28,23.01891604474821,23.529081247743246,22.944126580394656,23.38217544555664,23461800
2014-12-01,23.163150626024724,23.25663515925943,22.90405911180962,23.029598236083984,27422700
2014-12-02,23.042957449014796,23.157811730940377,22.952142968553094,23.077680587768555,20298900
2014-12-03,23.08573933912649,23.09917042076658,22.744624599699247,22.8144588470459,19122900
2014-12-04,22.596897260601036,22.782227442857472,22.467971782778044,22.766111373901367,20704200
2014-12-05,22.77955136989074,22.782236357825475,22.430376911465864,22.594221115112305,19710300
2014-12-08,22.602263482472384,22.741933485888385,22.52168623037236,22.62375259399414,18798000
2014-12-09,22.46796835022924,22.618381384710013,22.199372877342938,22.44379425048828,19900800
2014-12-10,22.543177501802038,22.645242345248704,22.26652397277042,22.28801155090332,20920800
2014-12-11,22.347105155423268,22.69627948996178,22.336360596755892,22.516319274902344,24098400
2014-12-12,22.433053992045373,22.83057343507591,22.433053992045373,22.51094627380371,21852300
2014-12-15,22.63180676543993,22.749989182109683,22.30680665651052,22.545856475830078,18953100
2014-12-16,22.45991451835827,22.766112154457907,22.277270853636725,22.282642364501953,22312200
2014-12-17,22.36858668493969,22.63180908967409,22.27994986333458,22.62375259399414,19923000
2014-12-18,22.776858210422695,23.085742390717083,22.637188160354214,23.083057403564453,25937700
2014-12-19,23.169003477276675,23.190492593456653,22.873550415039062,22.873550415039062,36206400
2014-12-22,22.916522902283262,23.20660442011866,22.90846486888329,23.20123291015625,13727400
2014-12-23,23.284495791955422,23.38924714135838,23.195858970751914,23.276437759399414,16657800
2014-12-24,23.35970407986849,23.386563166707052,23.20391953190955,23.214662551879883,7475400
2014-12-26,23.14751658963344,23.40536753142228,23.101854909016016,23.343589782714844,9747900
2014-12-29,23.222725713327502,23.38656833090008,23.206609642900542,23.271072387695312,10816800
2014-12-30,23.23883863533451,23.402681230709536,23.22809561444739,23.311359405517578,9796200
2014-12-31,23.38925208608642,23.48594696028822,23.061566889733147,23.066938400268555,12454200
2015-01-02,23.17168743767219,23.292556402477217,22.978299245661972,23.072307586669922,13505400
2015-01-05,23.0239619692555,23.185118034798304,22.967555732557077,23.005159378051758,20937000
2015-01-06,23.093795342980354,23.3006146169523,23.04276215535597,23.182432174682617,24615300
2015-01-07,23.308674934088586,23.819005357068264,23.27912931867833,23.797517776489258,25495200
2015-01-08,23.961357801233305,24.35350569511242,23.923754157460586,24.299787521362305,38140800
2015-01-09,24.25949794741034,24.27829900130012,23.972101407463214,23.998960494995117,25567500
2015-01-12,24.001646711380964,24.256811113494425,23.964043067169825,24.178918838500977,22117500
2015-01-13,24.388420380160017,24.434082052818315,23.886148128569058,23.98821449279785,24646200
2015-01-14,23.542352375886875,23.776029228836563,23.233466688600235,23.26301383972168,35862900
2015-01-15,23.367766978491314,23.57727128065908,23.28718816428632,23.469833374023438,28238100
2015-01-16,23.421491536321827,23.491325805826072,23.160953982592357,23.305994033813477,25226700
2015-01-20,23.319413424613614,23.555776749475793,22.97829721111714,23.284496307373047,23559300
2015-01-21,23.12603236459188,23.343593167703563,23.021279443729707,23.271072387695312,24521400
2015-01-22,23.42953921634849,23.74379482711801,23.330157831321745,23.716934204101562,21371400
2015-01-23,23.749169566552876,23.97478837956616,23.60681454654918,23.77334213256836,22697400
2015-01-26,23.71962409983203,23.94792943799884,23.66859090683159,23.805574417114258,14000100
2015-01-27,23.711568568705385,23.759916779965444,23.437601519217317,23.510122299194336,18061500
2015-01-28,23.641729707188595,23.69813440575755,23.30598496546699,23.319416046142578,17810400
2015-01-29,23.386564357351993,23.5611515045166,23.17168857787839,23.5611515045166,19568400
2015-01-30,23.308672689916975,23.464458786800357,22.803713826471515,22.82520294189453,30840600
2015-02-02,22.774164775288593,23.064247809833383,22.543174493865557,23.021272659301758,20781600
2015-02-03,23.05350846184742,23.241523622679587,23.007846780793873,23.15020179748535,24850500
2015-02-04,23.12871069425726,23.378503566321452,23.09916662286268,23.273752212524414,26796900
2015-02-05,23.39731203457159,23.464461300953058,23.24958395591497,23.44297218322754,15272400
2015-02-06,23.437599232324764,23.63635895840107,23.30867375537047,23.456401824951172,16852800
2015-02-09,23.35970313106008,23.418794349234975,23.002472372496218,23.074993133544922,16368600
2015-02-10,23.265697163474567,23.477887958463793,23.21197898650852,23.445655822753906,17196300
2015-02-11,23.26838491285668,23.399996912417272,23.07768168599027,23.190492630004883,17559300
2015-02-12,23.24958069598094,23.281812831136786,22.892349907176158,23.069622039794922,20824800
2015-02-13,23.056191883672685,23.142142192589347,22.916523400139493,23.048133850097656,16791000
2015-02-17,22.9460734626673,23.09111502133159,22.822519485400942,23.088428497314453,15261600
2015-02-18,23.088425778673543,23.179747604633416,22.97024332644428,23.177061080932617,18098100
2015-02-19,22.696272176321237,22.77684942425295,22.39813113347144,22.433048248291016,55940400
2015-02-20,22.220869234892575,22.664050449570556,22.17252101964854,22.642562866210938,41521200
2015-02-23,22.666726857390348,22.792967322415873,22.623753243850146,22.723133087158203,20191200
2015-02-24,22.701647272615823,22.78222607564772,22.540491203464864,22.715078353881836,15593100
2015-02-25,22.73119558206887,22.755369686920606,22.433055973462555,22.44648551940918,20425200
2015-02-26,22.521691809184944,22.52437679610583,22.365905701994382,22.50826072692871,17664300
2015-02-27,22.486773855221287,22.604954772034706,22.400822001748494,22.54317855834961,17632200
2015-03-02,22.543177165180992,22.561978219424233,22.347102441303804,22.55123519897461,18184500
2015-03-03,22.470653497870465,22.513628647948146,22.339041524415354,22.39276123046875,19382400
2015-03-04,22.34979774885477,22.34979774885477,22.078515627558946,22.18058204650879,18643200
2015-03-05,22.333676103927118,22.52706433200195,22.282642907182133,22.44648551940918,17992500
2015-03-06,22.242343913296736,22.32023770796295,22.12684801965449,22.18325424194336,17193000
2015-03-09,22.183261890195507,22.38470814280091,22.1698308080306,22.261154174804688,14014500
2015-03-10,22.097306811479307,22.15908455492425,22.043588638305664,22.043588638305664,18933300
2015-03-11,22.108432664104438,22.148964818743572,21.762566523949733,21.803098678588867,18482700
2015-03-12,21.835535491138156,22.189508267044587,21.827429055519595,22.130062103271484,15677400
2015-03-13,22.143573860065416,22.224636670106513,21.965235368746107,22.130062103271484,14286600
2015-03-16,22.278666133100376,22.52725821127748,22.275963473893167,22.505640029907227,19557300
2015-03-17,22.42188579110025,22.42999222606447,22.221932215797406,22.32461166381836,14406000
2015-03-18,22.15166585093002,22.41646920850268,21.930094211558117,22.30027961730957,30756900
2015-03-19,22.246245233886736,22.27596830704012,21.98684555488708,22.027376174926758,21638700
2015-03-20,22.111145124507868,22.55969086038727,22.078720932567244,22.49213981628418,37095900
2015-03-23,22.475924329906594,22.670474097327777,22.459711462752132,22.511051177978516,19517100
2015-03-24,22.478631138045557,22.619140112071648,22.41648385973555,22.4408016204834,16077300
2015-03-25,22.451602053422338,22.494835329341317,21.970630699215747,21.97333335876465,19937700
2015-03-26,21.867950228839344,22.24083680277557,21.79229123190357,22.127349853515625,24801600
2015-03-27,22.116543189930688,22.20571240050294,21.95441763364367,21.9814395904541,17152200
2015-03-30,22.076006865255838,22.37323594415843,22.003050538406978,22.30027961730957,17105100
2015-03-31,22.262464048233458,22.438099874284866,22.22463607788086,22.22463607788086,16763100
2015-04-01,22.232738158860386,22.232738158860386,21.732852710571372,21.80851173400879,24920100
2015-04-02,21.81391143798828,21.97333434335097,21.765274386936063,21.81391143798828,17387100
2015-04-06,21.740955131470574,21.976037046619965,21.65719123526202,21.884166717529297,19142100
2015-04-07,21.911184918522594,21.965225737424483,21.740952937465238,21.751760482788086,19818300
2015-04-08,21.72204443170332,21.94901994823867,21.71393799759732,21.894977569580078,20084100
2015-04-09,21.84363555908203,21.992249379047625,21.773381865726954,21.84363555908203,11770800
2015-04-10,21.849038941561254,21.88686844736168,21.765275042994034,21.792295455932617,16440900
2015-04-13,21.724743749542412,21.865252685522762,21.689616902083344,21.69502067565918,14094300
2015-04-14,21.695022101233853,21.73015049714528,21.53019540025947,21.657194137573242,16595100
2015-04-15,21.77337935139736,21.881462538748657,21.5220845879297,21.546403884887695,18601200
2015-04-16,21.481554345642472,21.58693487533665,21.381577588873764,21.411300659179688,24045300
2015-04-17,21.330239148225996,21.38698263267502,20.954649850069128,21.0438175201416,35468400
2015-04-20,21.181621917310714,21.30051419509992,21.08164516343007,21.114070892333984,26542800
2015-04-21,21.241070839793927,21.303219646289584,21.05192485278428,21.0843505859375,18600600
2015-04-22,21.00329020954559,21.249179711647713,20.9546531503782,21.19243621826172,22784100
2015-04-23,21.178929365596616,21.492369958942486,21.13029229872303,21.395095825195312,22406700
2015-04-24,21.4491330279488,21.867957211775828,21.411305063545306,21.573429107666016,20603400
2015-04-27,21.554505741310166,21.578825033105314,21.424805944023124,21.446422576904297,19349400
2015-04-28,21.470751693994043,21.476155468151287,21.284306797198713,21.373476028442383,14687700
2015-04-29,21.265389230835112,21.289706983516698,21.01949976746001,21.0438175201416,21325200
2015-04-30,21.03031366456464,21.205949490339766,20.965463727590752,21.089759826660156,26387700
2015-05-01,21.130283893880605,21.28159880926776,21.122177461602032,21.238367080688477,14999100
2015-05-04,21.34105498336788,21.49507261949165,21.200546011556487,21.395095825195312,20007600
2015-05-05,21.34915697464747,21.34915697464747,21.092459918523993,21.111373901367188,17566200
2015-05-06,21.187504844937312,21.24188828361262,20.983569672733204,21.11408805847168,16440300
2015-05-07,21.13584427841295,21.301711223899012,21.018921345910847,21.217418670654297,16614300
2015-05-08,21.3724055692163,21.549149790935868,21.318022133340353,21.353370666503906,16042200
2015-05-11,21.296269602151202,21.375124263624578,21.217414940677827,21.236448287963867,11234700
2015-05-12,21.21469417013611,21.611688730106366,21.173907761163253,21.470293045043945,25347000
2015-05-13,21.5301176352987,21.598096549841763,21.203821646115617,21.252765655517578,25263600
2015-05-14,21.30986517025038,21.41863048931642,21.214695321579864,21.4050350189209,18510600
2015-05-15,21.402314840731137,21.549148396603375,21.36424659367135,21.546428680419922,19851600
2015-05-18,21.581782930493926,21.736774120087656,21.524681322723108,21.731334686279297,24900900
2015-05-19,21.258200104868585,21.307145662279446,20.72796901346495,20.782352447509766,67375800
2015-05-20,20.795949790668143,20.801387667792028,20.61920555897581,20.63823890686035,31625700
2015-05-21,20.61103751922961,20.77962407184194,20.545778359112038,20.695331573486328,20268600
2015-05-22,20.719821003493106,20.768765027638853,20.627370834350586,20.627370834350586,20445000
2015-05-26,20.60289514715483,20.619210338210003,20.34457803102439,20.366331100463867,31720800
2015-05-27,20.396233428702377,20.53219123442597,20.393515268365018,20.445178985595703,20961300
2015-05-28,20.41255704381707,20.437029832369912,20.298353809041895,20.350017547607422,15076500
2015-05-29,20.344575892120005,20.360889525557806,20.16239376023012,20.195022583007812,19125300
2015-06-01,20.309232655231423,20.415278301825087,20.233096122367385,20.32010841369629,16938000
2015-06-02,20.26843436156981,20.393514855707778,20.235805546869564,20.265714645385742,17393400
2015-06-03,20.311941779789244,20.447899591427728,20.249402306684843,20.363605499267578,18281400
2015-06-04,20.246689951548696,20.388085691408385,20.108013929035252,20.162397384643555,26948400
2015-06-05,20.167833566586477,20.195024514151697,19.84425724521454,19.866008758544922,31905300
2015-06-08,19.966614804504324,19.982929992739994,19.74092655358418,19.74364471435547,28779000
2015-06-09,19.768123070388306,19.808909496575343,19.67567290415623,19.705583572387695,25006800
2015-06-10,19.7708324875431,19.939417539341367,19.670223221406513,19.830652236938477,33647400
2015-06-11,19.91222676649183,20.031869378069864,19.806181179239907,19.833372116088867,22260000
2015-06-12,19.778988594514104,19.822493156306905,19.686536927487598,19.69469451904297,21739800
2015-06-15,19.632163136195608,19.686545027738777,19.496205295533418,19.558746337890625,22700400
2015-06-16,19.637596490043148,19.735484494630178,19.501640236604814,19.672945022583008,18646800
2015-06-17,19.749077420812874,19.82249419274837,19.670222772856643,19.776269912719727,17111700
2015-06-18,19.778998146678287,19.980213649215017,19.778998146678287,19.844257354736328,25129800
2015-06-19,19.795309146832345,19.909513912658923,19.768118202736417,19.778995513916016,43652100
2015-06-22,19.844250645559853,19.90135223881728,19.76539443440255,19.792585372924805,19468500
2015-06-23,19.819781275405735,19.833376747004635,19.670227976013837,19.732769012451172,23628900
2015-06-24,19.730052491595718,19.754525277978978,19.615849266945,19.681108474731445,22015200
2015-06-25,19.700140064479143,19.749084076964838,19.531553403803855,19.539710998535156,15879600
2015-06-26,19.56690455333251,19.702860842404178,19.54243176782069,19.610410690307617,20693400
2015-06-29,19.523388884978544,19.577772311932414,19.41734330288559,19.420063018798828,24563400
2015-06-30,19.526108838580086,19.526108838580086,19.246037220366414,19.28682518005371,33307800
2015-07-01,19.46900819218021,19.564178028182944,19.131834970004704,19.545143127441406,32321700
2015-07-02,19.583217133167352,19.730050726526542,19.485329108195963,19.539710998535156,19758300
2015-07-06,19.409194647662662,19.765401357129605,19.409194647662662,19.721895217895508,31609500
2015-07-07,19.75724195963196,20.083539530030894,19.577779540634243,20.064504623413086,37263900
2015-07-08,19.931267966242793,20.010124203625516,19.822502620079675,19.866008758544922,23373000
2015-07-09,20.03187659363964,20.04819178398647,19.7708397716991,19.789873123168945,26087400
2015-07-10,19.871440836716292,19.99923948768577,19.871440836716292,19.88231658935547,16737900
2015-07-13,19.988366614674774,20.151515387679353,19.988366614674774,20.08897590637207,18253500
2015-07-14,20.116168353529513,20.14607901601282,19.98021206979804,20.064504623413086,16554600
2015-07-15,20.01011840708147,20.09441094247663,19.90135309242556,20.026432037353516,13700100
2015-07-16,20.11344857959815,20.159672872172933,20.056345420226002,20.075380325317383,15695100
2015-07-17,20.050902177868128,20.140634134113487,19.933979285512628,19.955732345581055,17041800
2015-07-20,19.944865293627807,19.969336524440866,19.866009055068062,19.87688636779785,15256800
2015-07-21,19.876883535022174,19.928547262345663,19.721892353051704,19.778995513916016,19323300
2015-07-22,19.789868664907626,20.07265849163632,19.789868664907626,19.89319610595703,20884800
2015-07-23,19.86873077655411,19.909518758527618,19.691986485107886,19.716459274291992,12758700
2015-07-24,19.721900175730458,19.730057773375353,19.441828361565555,19.46358299255371,17853300
2015-07-27,19.409194946289062,19.48261175186396,19.308587192250066,19.409194946289062,18592800
2015-07-28,19.449979738133134,19.68382560948225,19.368406899580602,19.604970932006836,25776900
2015-07-29,19.645765685422354,19.749093191838483,19.60226108661342,19.640329360961914,14819100
2015-07-30,19.58593404268046,19.721890304943155,19.51795513359817,19.62128257751465,13813500
2015-07-31,19.69741285075944,19.711008317095896,19.48532015292775,19.57233238220215,23785200
2015-08-03,19.534274091451792,19.681107692107986,19.534274091451792,19.626724243164062,15395400
2015-08-04,19.69197588182157,19.7953033059805,19.558739361523397,19.645750045776367,17620200
2015-08-05,19.818232578569454,20.174134826513114,19.779904379071066,20.124855041503906,26147400
2015-08-06,20.08104712509386,20.089258853503477,19.892144474630296,19.927734375,19103100
2015-08-07,19.9058375217189,19.93868914017941,19.48423052470546,19.506132125854492,23392500
2015-08-10,19.574576683944702,19.643021352116033,19.53077504138454,19.569103240966797,18060300
2015-08-11,19.506128805770953,19.812751169668076,19.478752200625877,19.692293167114258,20487600
2015-08-12,19.58278589279918,19.892146579828836,19.51160608452676,19.8702449798584,26524200
2015-08-13,19.820968351494408,19.92226306361617,19.70324704645395,19.741575241088867,22957200
2015-08-14,19.793589123835897,19.875720511043696,19.722407752775315,19.81549072265625,17737500
2015-08-17,19.66491366590036,19.77442321212836,19.6457503568996,19.68681526184082,22813200
2015-08-18,19.16391838691458,19.300804570060063,18.955853957636243,19.02155876159668,63945000
2015-08-19,18.85455416497033,18.996913751914217,18.553406836363155,18.772422790527344,49000200
2015-08-20,18.638282534295097,18.97228317553908,18.59995590157598,18.734102249145508,29580300
2015-08-21,18.5917403205739,18.701248328877288,18.2166748046875,18.2166748046875,47239500
2015-08-24,17.450116911199604,18.11263990012089,16.836870562674385,17.50760841369629,66718800
2015-08-25,17.91826753629883,17.989447357447034,17.247529545163538,17.274906158447266,44403000
2015-08-26,17.584270403432676,17.754008259343234,17.253007990537654,17.748533248901367,41784900
2015-08-27,17.882672319402143,18.11811490406726,17.781377618215046,18.09073829650879,41738400
2015-08-28,18.093480313159265,18.101693610424853,17.644496650640058,17.778644561767578,42909000
2015-08-31,17.745789674841888,17.79506945372049,17.60069175892696,17.72115135192871,24525600
2015-09-01,17.466548000145213,17.60890922865675,17.321450049842575,17.472023010253906,40181700
2015-09-02,17.6828225387017,17.778642238912642,17.53772306133583,17.641756057739258,28543800
2015-09-03,17.71841808651998,17.797811219626762,17.62807336616058,17.756746292114258,25571400
2015-09-04,17.540468186503453,17.603434726489944,17.387156919707632,17.49118995666504,27697200
2015-09-08,17.858038681632618,18.205727641588705,17.844350374264273,18.172874450683594,53120400
2015-09-09,18.3042811395803,18.34534605508581,17.79780601571514,17.82792091369629,28392600
2015-09-10,17.54046322875505,17.69924946142441,17.474758418699498,17.55415153503418,43574400
2015-09-11,17.570581723707473,17.707466381028365,17.51856520928969,17.69925308227539,24187200
2015-09-14,17.699244673976903,17.704721248228193,17.47201540484864,17.597949981689453,20870100
2015-09-15,17.652705173424025,17.71293495939731,17.53498388866746,17.608901977539062,20582400
2015-09-16,17.685561371907564,17.73210286704802,17.534988434465436,17.710201263427734,16876200
2015-09-17,17.71293909616997,17.874462048008564,17.565102883900316,17.64997100830078,21399300
2015-09-18,17.45285680873343,17.584266428794734,17.31870890080684,17.34061050415039,38655600
2015-09-21,17.452858225714955,17.52129976264136,17.348825209755184,17.444644927978516,21358800
2015-09-22,17.310493576471185,17.472016496886006,17.225623902055624,17.40904998779297,26402400
2015-09-23,17.444644927978516,17.50213644560724,17.280383672828783,17.444644927978516,17629800
2015-09-24,17.34608681794038,17.515824632921277,17.329660224049217,17.47475814819336,20868600
2015-09-25,17.54046988290344,17.64724121882736,17.417273513129313,17.461076736450195,21489000
2015-09-28,17.4117919065754,17.507611617110914,17.37893871826551,17.4282169342041,28183200
2015-09-29,17.452863436261676,17.532256582714922,17.310503743732223,17.461076736450195,22920300
2015-09-30,17.639021738140887,17.778644659369885,17.502135538331256,17.751266479492188,23937600
2015-10-01,17.729370427013574,17.77865022630839,17.48845270772598,17.59522247314453,23511600
2015-10-02,17.455594015103983,17.789594650268555,17.359775868523947,17.789594650268555,21252000
2015-10-05,17.852557300754896,18.04693338915317,17.833392424057703,18.033245086669922,18900900
2015-10-06,17.942899689427467,18.05514595841571,17.84434328889816,17.98122787475586,22232700
2015-10-07,18.02503156691735,18.16739273071289,18.00586669045934,18.16739273071289,21408000
2015-10-08,18.13180391078816,18.33986831145913,18.10990074595345,18.30975341796875,17923500
2015-10-09,18.326186943512457,18.348088550109516,18.20846561223745,18.25774383544922,20262000
2015-10-12,18.252266453245888,18.34260958963812,18.227626561579132,18.32344627380371,16931700
2015-10-13,18.238579021532896,18.326185440737277,18.1400210166648,18.268693923950195,26575200
2015-10-14,18.235839082770475,18.602691321612795,16.43169278825016,16.434431076049805,242694300
2015-10-15,16.34408493042279,16.554889209604305,16.045675814246838,16.24279022216797,138760500
2015-10-16,16.281121336375293,16.286596345946094,15.979973878612451,16.122333526611328,78585300
2015-10-19,16.094956842942324,16.234579768817895,16.0155637216653,16.11138343811035,53417400
2015-10-20,16.114118003004943,16.15244619403256,16.0347233335456,16.084001541137695,31271100
2015-10-21,16.097685782870467,16.163390558860737,16.0347177268014,16.053882598876953,39352800
2015-10-22,16.13602215672332,16.415267988155115,16.05389075338581,16.125070571899414,43765500
2015-10-23,16.20446275477031,16.22910264431131,15.938906811283719,15.960806846618652,39121800
2015-10-26,15.988181575752638,16.001869878147954,15.87046029532197,15.884148597717285,32519400
2015-10-27,15.881409793028963,15.889623087503628,15.708935308638234,15.736311912536621,31534200
2015-10-28,15.785595859076897,15.80202245400578,15.648711223230949,15.780120849609375,35504100
2015-10-29,15.802024365872962,15.911532401104223,15.736319544734203,15.867729187011719,38566500
2015-10-30,15.804757359850383,15.911527070987214,15.670609474182127,15.670609474182129,47416500
2015-11-02,15.684297593890403,15.771903991699219,15.541936414188097,15.771903991699219,32157600
2015-11-03,15.760961010178193,15.969025514581231,15.750009422300844,15.908797264099121,30761700
2015-11-04,16.037465309531147,16.086743528457124,15.93069557410381,15.979973793029785,30169500
2015-11-05,16.01830091081911,16.146973821356738,15.993662583874105,16.045679092407227,26581500
2015-11-06,16.130548510451447,16.207204918561374,15.963548952137012,16.092220306396484,29931900
2015-11-09,16.015561733377723,16.09221655710148,15.884152121400305,16.01282501220703,25321200
2015-11-10,15.963545601019277,16.073053613526255,15.963545601019277,16.06484031677246,22844700
2015-11-11,16.015561098394347,16.078529180715815,15.733578571320123,15.763691902160645,26069700
2015-11-12,15.780116220354165,15.81570612124188,15.583001838612004,15.591215133666992,28654500
2015-11-13,15.533726671155657,15.621333080165318,15.413267075504292,15.446120262145996,37544700
2015-11-16,15.437910493518505,15.886892659036045,15.42969719498109,15.843091011047363,39964800
2015-11-17,16.245525944116313,16.672606310568163,16.207197756997637,16.404312133789062,74037900
2015-11-18,16.43717211172428,16.719156301106764,16.303025738329005,16.680828094482422,44633100
2015-11-19,16.732841921586765,16.798546736729392,16.543940773867497,16.61785888671875,34698300
2015-11-20,16.694513660019613,16.828659998778267,16.431692858546402,16.44538116455078,37113300
2015-11-23,16.505609765427568,16.628807643571836,16.39336347120714,16.49739646911621,31731000
2015-11-24,16.412525428637768,16.541196726040546,16.387885544091656,16.404312133789062,37361700
2015-11-25,16.426211871668492,16.620589505856227,16.39335869599285,16.49191665649414,23460600
2015-11-27,16.546681253696434,16.615122799456707,16.390631709615196,16.396106719970703,16022700
2015-11-30,16.390626672890598,16.44264317160004,16.078529247160038,16.108642578125,44827800
2015-12-01,16.188040154049762,16.231843368574676,16.05663051047502,16.14971351623535,36612300
2015-12-02,16.180075272592497,16.3677974068096,16.10001716420749,16.108299255371094,40760700
2015-12-03,16.202161955530464,16.469943804770253,16.177315679535344,16.298784255981445,47532300
2015-12-04,16.30154786938432,16.522400023937365,16.29602699992367,16.469947814941406,31305900
2015-12-07,16.445097428235492,16.76533147174216,16.445097428235492,16.70183753967285,34787700
2015-12-08,16.58312838058419,16.699076086613644,16.425771795031896,16.456140518188477,31132800
2015-12-09,16.35951930398104,16.59417439843073,16.260137345083923,16.323631286621094,26945100
2015-12-10,16.32362967828941,16.58865189508109,16.31258794156554,16.442337036132812,34078200
2015-12-11,16.301542550776333,16.43405285248606,16.23528739992147,16.387123107910156,29235000
2015-12-14,16.37056384630815,16.68527709220772,16.307069900020277,16.671472549438477,43574700
2015-12-15,16.74048230310074,16.79569571332881,16.445094586481044,16.464418411254883,43846200
2015-12-16,16.59417141714829,16.743245908359235,16.48098493684971,16.646623611450195,29881500
2015-12-17,16.65490905073909,16.65490905073909,16.279463103114775,16.282222747802734,38928300
2015-12-18,16.2684210407231,16.398170160854693,16.218728476732018,16.246335983276367,48770100
2015-12-21,16.238050404342452,16.44785919488218,16.19664152288478,16.439577102661133,28936500
2015-12-22,16.50582785489444,16.757045459834533,16.456136894479688,16.712875366210938,27798900
2015-12-23,16.83986739260728,16.87299576089523,16.68527360608868,16.864713668823242,22559400
2015-12-24,16.779137177481424,16.86747739984979,16.751531252903256,16.792940139770508,7448400
2015-12-28,16.723919810803412,16.83158541874339,16.70183634005895,16.770851135253906,16265100
2015-12-29,16.839866551336222,17.046914103849762,16.834347263094017,17.00826644897461,23650800
2015-12-30,17.0220708369693,17.080043903794444,16.97514108649769,17.027591705322266,17150100
2015-12-31,16.930969622979543,17.038635245337474,16.88679951628081,16.922687530517578,19725300
2016-01-04,16.701839167930515,16.975141910260042,16.663189928289,16.966859817504883,35967600
2016-01-05,17.12421250050156,17.40579729710136,17.074521530409672,17.369909286499023,39978000
2016-01-06,17.24844277949776,17.654255802545276,17.24568155566334,17.5438289642334,49693800
2016-01-07,17.383715366417835,18.007619357082085,17.36991240445061,17.95240592956543,79290000
2016-01-08,17.96620392112,18.057305340477473,17.505179116297285,17.541067123413086,53303700
2016-01-11,17.60180685574068,17.797812730913922,17.565918834286634,17.728797912597656,37961400
2016-01-12,17.77296528068057,17.869589179270115,17.510705829015798,17.56315803527832,36587700
2016-01-13,17.593521031332344,17.593521031332344,17.069000672195376,17.09384536743164,41177100
2016-01-14,17.115927619511847,17.563149395475868,17.066235082457023,17.408554077148438,38804700
2016-01-15,16.99170281670879,17.245681703639868,16.91164470094612,17.096607208251953,45523200
2016-01-19,17.184947899745655,17.336782043618722,17.11869274211326,17.270526885986328,39153900
2016-01-20,17.060722657423774,17.20703595863599,16.61902152936885,16.79570198059082,52107300
2016-01-21,16.834349174182105,17.33402331698977,16.81502376490318,17.082805633544922,36267600
2016-01-22,17.237401079707055,17.463772486278064,17.151820508939828,17.30641746520996,27592500
2016-01-25,17.331263279847175,17.61836899778276,17.267769338440864,17.516225814819336,38470200
2016-01-26,17.49138521387026,17.797814834568698,17.463777703632683,17.66806411743164,28323600
2016-01-27,17.69566379087571,17.993812764076008,17.637690730452857,17.654254913330078,30642900
2016-01-28,17.676344123240597,17.80885446998535,17.510706979633625,17.728797912597656,33834900
2016-01-29,17.87509921132385,18.366492645124254,17.872339567990508,18.319562911987305,49317300
2016-02-01,18.195334157448734,18.752982756762584,18.189813290830028,18.634275436401367,44185200
2016-02-02,18.57906279402911,18.728137256384052,18.29747804950248,18.457595825195312,40757700
2016-02-03,18.581829202226253,18.634281401011023,17.963447712875958,18.294723510742188,36946800
2016-02-04,18.153930759059758,18.372020062867705,17.94688319181667,18.336132049560547,38500200
2016-02-05,18.45760249106578,18.642565024184616,18.18705938252459,18.49625015258789,42589500
2016-02-08,18.358217603376804,18.537657659369867,17.988291016532106,18.46864128112793,62230800
2016-02-09,18.079392034860806,18.333370910922113,17.855780301349057,18.16773223876953,43927200
2016-02-10,18.272633794907012,18.383059032685114,18.12355932899477,18.162208557128906,29127900
2016-02-11,17.94964372679423,18.153931659856642,17.883388565174766,18.03246307373047,33560100
2016-02-12,18.087669528720568,18.28919458038195,17.908227942775515,18.26987075805664,29086500
2016-02-16,18.388581584709936,18.44103377491692,18.082150534516213,18.192577362060547,34081500
2016-02-17,18.24779381418818,18.38858623834335,18.16773568665833,18.25055503845215,37280100
2016-02-18,17.59628241736359,17.88338650499228,17.212552873419924,17.70118522644043,83683800
2016-02-19,17.637693243182877,17.880628834617735,17.513465013200555,17.850261688232422,46686900
2016-02-22,17.850260146032532,18.258834395242868,17.850260146032532,18.1180419921875,31761900
2016-02-23,18.17601505027234,18.38582383268956,18.021419687308732,18.35269546508789,34296000
2016-02-24,18.272642199868276,18.587353877383624,18.142893078165333,18.529380798339844,30873600
2016-02-25,18.620472577388064,18.80819468058235,18.58734421820842,18.783349990844727,28743900
2016-02-26,18.794394156549867,18.827522520017055,18.303002209082667,18.36097526550293,32952900
2016-02-29,18.394103062317466,18.482444843212658,18.280918166748357,18.314044952392578,28035600
2016-03-01,18.399627796610872,18.465882955781897,18.220186148154838,18.34717559814453,31288500
2016-03-02,18.27815818786621,18.405147630719966,18.220185124305207,18.27815818786621,27496800
2016-03-03,18.20637883823358,18.275395204917654,17.910991126703614,18.258831024169922,35540400
2016-03-04,18.25883592772306,18.573547548212165,18.245032966608797,18.435516357421875,30031500
2016-03-07,18.391343771311195,18.90482238565524,18.294721476885933,18.741943359375,38476200
2016-03-08,18.697771029042492,18.902057311826603,18.631515890330313,18.783349990844727,30203700
2016-03-09,18.8528821860475,18.908504355025276,18.666550386551695,18.780574798583984,23474400
2016-03-10,18.786139191554042,18.92241217215716,18.466316050947835,18.747203826904297,30677400
2016-03-11,18.84731915833672,18.894597919169232,18.577554919483543,18.68045425415039,24872700
2016-03-14,18.674891298068317,18.819507645028516,18.6220508015641,18.733293533325195,20137500
2016-03-15,18.63317576844728,19.008621012739347,18.63317576844728,18.93631362915039,22700700
2016-03-16,18.894595529686633,19.005838254628785,18.702702028079106,18.90850067138672,24654000
2016-03-17,18.861222996981898,19.16714090593242,18.705483173141467,18.758323669433594,35514300
2016-03-18,18.7666667421813,18.91962489828781,18.563648164360057,18.61927032470703,69459300
2016-03-21,18.641518332200548,19.01696355956042,18.624833115361366,18.90294075012207,28247400
2016-03-22,18.911286893798906,19.10039877610495,18.852883056705434,18.875131607055664,22543500
2016-03-23,18.91406658222233,18.939096797609004,18.75554506745703,18.7611083984375,18331800
2016-03-24,18.75276389491034,18.922408879016405,18.738857159615534,18.911285400390625,18914100
2016-03-28,18.891827285359565,19.072597438560766,18.891827285359565,18.94466781616211,16810500
2016-03-29,18.952997942084885,18.969684748820683,18.752761035279704,18.91962432861328,19473000
2016-03-30,19.003062252358955,19.189394071078624,18.991937180878914,19.133771896362305,21625500
2016-03-31,19.119864896698143,19.242231112878077,19.04199418439502,19.047555923461914,18850500
2016-04-01,18.916842984481505,19.24501102093156,18.916842984481505,19.20607566833496,19807200
2016-04-04,19.189383327398748,19.292282622104036,19.167134788237036,19.217193603515625,20470200
2016-04-05,19.19773612887015,19.258918448017624,18.986374107667782,19.08927345275879,17337000
2016-04-06,19.105961707369097,19.20608098585984,19.0559028637947,19.200517654418945,16088100
2016-04-07,19.142108555164324,19.169920428390668,18.894594500241897,18.972463607788086,18331500
2016-04-08,18.997502027031324,19.019750580423423,18.872354113118515,18.927974700927734,19548000
2016-04-11,18.914067918626817,19.014187195905784,18.7388595812241,18.744422912597656,23596200
2016-04-12,18.791700216315647,19.15324037361689,18.758328184559407,19.133771896362305,23203800
2016-04-13,19.192170448775595,19.30619485060918,19.15323668444946,19.23110580444336,18788100
2016-04-14,19.23110950860941,19.256139725933046,18.953003409053622,19.133771896362305,20931300
2016-04-15,19.172702054297446,19.303413254155707,19.172702054297446,19.20607566833496,22753500
2016-04-18,19.20329503151726,19.439685642020354,19.147674460265517,19.42856216430664,19868700
2016-04-19,19.409097582867506,19.489749973500082,19.328448374918747,19.403535842895508,24598200
2016-04-20,19.40075905846299,19.464724653931384,19.225552270198733,19.247800827026367,16237500
2016-04-21,19.320105604737773,19.378507854719416,18.97803391940933,19.0419979095459,19852800
2016-04-22,19.13933296295686,19.17270499076409,18.989154859469966,19.111522674560547,18645300
2016-04-25,19.06424546908797,19.328448004468065,18.927972498663404,19.320104598999023,17688600
2016-04-26,19.38406799169679,19.43690849715328,19.217203070113992,19.272825241088867,19945200
2016-04-27,19.325668506190887,19.40631931298059,19.1866154459101,19.30620002746582,15441900
2016-04-28,19.208857140782797,19.36181689735783,19.11986454333226,19.16436004638672,14330700
2016-04-29,19.11430721936457,19.139337439580782,18.455194000425507,18.597028732299805,36297000
2016-05-02,18.52749040620576,18.827846505147242,18.50246020084691,18.79725456237793,22829100
2016-05-03,18.59424493906696,18.772233352218933,18.56365298163872,18.6331787109375,17767800
2016-05-04,18.591460466395283,18.769450444016037,18.477437651023827,18.686017990112305,18088500
2016-05-05,18.62483227301409,18.7027029801082,18.51636961608597,18.691577911376953,24273000
2016-05-06,18.608148467277974,18.983592146879015,18.577556512509165,18.980812072753906,29476200
2016-05-09,18.98080853213051,19.21719912978466,18.955778321622784,19.17548370361328,25968600
2016-05-10,19.167142766976944,19.22554500767001,19.036433141744055,19.13098907470703,19208700
2016-05-11,18.90127373354234,18.909678227335903,18.380207942287544,18.60432243347168,43792500
2016-05-12,18.643543401651467,18.78361617692321,18.595920068693328,18.72758674621582,28600500
2016-05-13,18.62393642771989,18.643545849395625,18.111273401263034,18.192516326904297,41234100
2016-05-16,18.17010422477419,18.58751735194752,18.119677251415848,18.49506950378418,30545400
2016-05-17,18.506270665678713,18.56510051454346,18.175701416826175,18.237333297729492,27758100
2016-05-18,17.65463308364133,17.867542622939375,17.57059136306974,17.691051483154297,66767700
2016-05-19,19.07777118005464,19.42234752410286,18.909684454814318,19.385929107666016,105230100
2016-05-20,19.422338502722642,19.64925339250661,19.28786982618656,19.57081413269043,50239800
2016-05-23,19.497982710364834,19.626847358669178,19.453159805825884,19.469968795776367,30299400
2016-05-24,19.511988148636824,19.727698159563147,19.483972633235876,19.67727279663086,26484000
2016-05-25,19.68006691332295,19.8901743778567,19.677264882011876,19.74449920654297,21791700
2016-05-26,19.803334986211343,19.996633526903256,19.7781215058194,19.84815788269043,26081700
2016-05-27,19.85095838093849,19.85936127075995,19.74730564121411,19.820140838623047,17321100
2016-05-31,19.772516803945873,19.890178096115374,19.744502897569202,19.82854461669922,25170600
2016-06-01,19.750104904174805,19.864964161868713,19.724891427219653,19.750104904174805,21662700
2016-06-02,19.750105025149985,19.89017776065703,19.65205475149226,19.876169204711914,19526100
2016-06-03,19.76971833570134,19.904187034139674,19.75571137998818,19.853761672973633,19123500
2016-06-06,20.03585067274387,20.04425516482807,19.890177084598978,19.90418243408203,27054000
2016-06-07,19.918191567577356,19.977021410881033,19.84815520017188,19.89858055114746,22090200
2016-06-08,19.84815856151139,20.016245230553263,19.834151606256782,19.96862030029297,18417000
2016-06-09,19.991028844426967,20.055461149834247,19.848155677400086,19.915390014648438,18209700
2016-06-10,19.89017875398053,20.00503641512101,19.80053136522263,19.929397583007812,22534200
2016-06-13,19.89017691982203,19.94060226891652,19.747303761560175,19.758508682250977,23722800
2016-06-14,19.794927915793917,19.93780108009557,19.666061704444363,19.876169204711914,27199200
2016-06-15,19.94620905665866,20.06106833511967,19.89018123506334,19.923797607421875,24051000
2016-06-16,19.890182353457657,20.019046991570065,19.8341529257186,19.974224090576172,20115600
2016-06-17,19.904183110616117,19.977021510157265,19.722091119245782,19.876169204711914,54177900
2016-06-20,19.977021754104467,20.108688395856465,19.90418335367386,19.91819190979004,21427500
2016-06-21,19.8761735876404,20.091885199050136,19.8761735876404,20.019046783447266,20024400
2016-06-22,20.058260212636704,20.240352180526955,20.049855721350568,20.100282669067383,25372500
2016-06-23,20.226353068854507,20.237557992029014,20.111493789852663,20.19833755493164,20910600
2016-06-24,19.76411358643269,20.372024691382947,19.752907061363256,20.159116744995117,45361200
2016-06-27,20.06946525250968,20.10588364630576,19.85655734962655,20.030244827270508,33910200
2016-06-28,20.10308499509429,20.13390093172133,19.797729263507637,20.033048629760742,25683600
2016-06-29,20.06667906857979,20.30760264793723,20.047068040542722,20.299198150634766,21044100
2016-06-30,20.329998162213766,20.503687229926403,20.259961808283254,20.45606231689453,26140800
2016-07-01,20.486881648834938,20.498086569647658,20.287979075976015,20.397235870361328,22916400
2016-07-05,20.3804260569493,20.62415150912879,20.36081664482839,20.489681243896484,32245800
2016-07-06,20.523303273643347,20.725006306930585,20.498089793359984,20.68018341064453,33188100
2016-07-07,20.65496739892021,20.710995206566274,20.492483230162257,20.59893798828125,23378400
2016-07-08,20.68017901878418,20.6885835104271,20.51769645500205,20.685781478881836,27382800
2016-07-11,20.63816224298314,20.828658747900715,20.59053731525715,20.747417449951172,27120300
2016-07-12,20.60734687659724,20.654971805651474,20.45046513453465,20.526103973388672,37083600
2016-07-13,20.520502300018574,20.626955473628477,20.433656938897883,20.624155044555664,19197000
2016-07-14,20.6717763578112,20.761422139284118,20.62135100648094,20.646564483642578,19939200
2016-07-15,20.72500445825168,20.733408950929782,20.573726796031977,20.638160705566406,17984400
2016-07-18,20.62975367191953,20.78103131550635,20.598937736893113,20.685781478881836,16371900
2016-07-19,20.62976016326155,20.719405965003403,20.612951174686607,20.63536262512207,14394300
2016-07-20,20.6969912040492,20.761423512622585,20.626954831518297,20.671777725219727,15846000
2016-07-21,20.570926125742897,20.635358431528164,20.489683231805614,20.59613800048828,13175700
2016-07-22,20.663373534382185,20.70539599971236,20.568125284622365,20.604543685913086,12949800
2016-07-25,20.60454803841454,20.682988921605272,20.56532759681917,20.66057586669922,14202000
2016-07-26,20.6493622914946,20.75021458434733,20.565318981282797,20.654966354370117,15744900
2016-07-27,20.635361708467983,20.680184607347808,20.489686485611895,20.54011344909668,17333700
2016-07-28,20.489684683731337,20.540111642781532,20.30199021379722,20.5177001953125,13809600
2016-07-29,20.49808828532006,20.520501334807378,20.383229020914765,20.442060470581055,18906600
2016-08-01,20.39723615481243,20.727805368292078,20.39723615481243,20.668973922729492,17605200
2016-08-02,20.646563397070903,20.652165857369862,20.34680852767896,20.486881256103516,19539300
2016-08-03,20.450462166801124,20.562520995724988,20.31319306690645,20.43365478515625,19704300
2016-08-04,20.394438498691127,20.58773865531183,20.335608643499608,20.534509658813477,14834700
2016-08-05,20.579328421608526,20.716597511105935,20.579328421608526,20.66337013244629,16246200
2016-08-08,20.73060521340795,20.750214624531793,20.46166629961079,20.54570960998535,19731600
2016-08-09,20.551308824312766,20.696983979489108,20.472869589212095,20.601734161376953,19283700
2016-08-10,20.75123399433954,21.016371572478143,20.700463449494514,20.858417510986328,24156900
2016-08-11,21.013553918141792,21.09817258319335,20.739955881160824,20.816112518310547,18870900
2016-08-12,20.81610914094724,20.906368605300045,20.74841454268264,20.841493606567383,29982600
2016-08-15,20.81893584825178,20.875348839715453,20.62149441304663,20.680727005004883,28908300
2016-08-16,20.474818133558912,20.677901960067143,20.367634599410096,20.559436798095703,29289900
2016-08-17,20.305580870654,20.576359285358155,20.305580870654,20.570716857910156,43029900
2016-08-18,20.570710400246135,21.2081689285562,20.570710400246135,20.957134246826172,80574900
2016-08-19,20.90073006692997,20.954320217501035,20.49738203297727,20.5368709564209,46039200
2016-08-22,20.607381384364757,20.629946248772377,20.435324495002455,20.505840301513672,30936300
2016-08-23,20.559434986561183,20.610205535223045,20.297118602180475,20.299938201904297,28174200
2016-08-24,20.299938724694975,20.5199465931845,20.240706147402925,20.373275756835938,30152100
2016-08-25,20.41275661533573,20.471989173910426,20.04043560062398,20.08838653564453,31542600
2016-08-26,20.14198112729544,20.220958959193982,19.995308702612324,20.065824508666992,30115500
2016-08-29,20.065822849606448,20.212495262162555,20.05454122539166,20.139158248901367,22404300
2016-08-30,20.13916162636807,20.24070433116186,20.0686474282843,20.11377716064453,17322600
2016-08-31,20.156082935698613,20.206853474200972,20.068644696390862,20.150442123413086,18934800
2016-09-01,20.187109927844862,20.550968952573268,20.141980201396365,20.54532814025879,35284200
2016-09-02,20.58764118196647,20.6440541594187,20.426865890892635,20.449432373046875,24248700
2016-09-06,20.52275951896211,20.613020576395456,20.364807106860695,20.5904541015625,28712700
2016-09-07,20.59046293805019,20.60456739436532,20.31122246324054,20.325326919555664,28854900
2016-09-08,20.277368691447744,20.39865502890096,20.22659815441062,20.26044464111328,28983600
2016-09-09,20.116598034358624,20.17018979667668,19.828895568847656,19.828895568847656,36517800
2016-09-12,19.96710325937184,20.37609203413415,19.947359608149426,20.291473388671875,32592000
2016-09-13,20.26326373492515,20.283007382272956,20.06864201833212,20.15608024597168,22523700
2016-09-14,20.20121173183459,20.32531928020003,20.139157957651868,20.173006057739258,20941500
2016-09-15,20.16172753997132,20.466352417859664,20.099672142261582,20.421222686767578,21886800
2016-09-16,20.3986528101967,20.57917169021974,20.370447138684625,20.553787231445312,41807100
2016-09-19,20.488922711933434,20.553797726295965,20.333789825439453,20.333789825439453,20762100
2016-09-20,20.35070875056616,20.4635330886851,20.28019454797097,20.299938201904297,17731800
2016-09-21,20.35917066864886,20.460713379395475,20.170189701565786,20.36199188232422,20027700
2016-09-22,20.42968172644763,20.460708613783385,20.30557579107087,20.384552001953125,17615700
2016-09-23,20.477633646772308,20.525582972620107,20.404296630474274,20.40711784362793,23089200
2016-09-26,20.39583559055201,20.40147801713198,20.173008159635742,20.201213836669922,17846100
2016-09-27,20.28865159594188,20.44660563054415,20.189930122569677,20.40147590637207,19033200
2016-09-28,20.370454765668654,20.398660447741335,20.133522839944728,20.249168395996094,18554700
2016-09-29,20.18711031512783,20.22659923001943,19.919153164436562,19.950180053710938,23990400
2016-09-30,20.16736538820123,20.438145370584902,20.139159711649356,20.34224510192871,29947800
2016-10-03,20.260447716973843,20.350707180505463,20.195574332797936,20.31121826171875,17573100
2016-10-04,20.30839680484164,20.469172064790552,20.181469647604654,20.237882614135742,19707900
2016-10-05,20.271733566109738,20.384557910046087,20.195576932206865,20.215320587158203,19393200
2016-10-06,20.215314830864166,20.215314830864166,19.431185460295055,19.56375503540039,60330900
2016-10-07,19.53554611009064,19.594780281047992,19.228100087915827,19.377592086791992,37961400
2016-10-10,19.39169917966674,19.450931744730667,19.10963596438522,19.174510955810547,26965200
2016-10-11,19.16604883161078,19.168870044776963,18.982708711001028,19.008094787597656,25774500
2016-10-12,19.106817789309492,19.154768733157365,19.002455489373737,19.027841567993164,26822100
2016-10-13,18.95168054753038,19.332461954645908,18.917832450560415,19.245023727416992,27581400
2016-10-14,19.298615383633013,19.40861847035155,19.23938282817179,19.307077407836914,19248000
2016-10-17,19.36349676201028,19.36349676201028,19.12374522824749,19.242210388183594,22480200
2016-10-18,19.34092989910639,19.45657544719783,19.245029618280107,19.425548553466797,23573100
2016-10-19,19.524267344329438,19.558113833006857,19.374775323574237,19.43118667602539,21369900
2016-10-20,19.45656504723241,19.48477071228713,19.340919560956042,19.386049270629883,18882000
2016-10-21,19.276060104370117,19.357857560374843,19.17733859154596,19.276060104370117,23533800
2016-10-24,19.355032822885256,19.56657865271795,19.290159435509427,19.51580810546875,21490800
2016-10-25,19.46503194685484,19.707606234703565,19.462212347788512,19.56375503540039,22889100
2016-10-26,19.546832254818757,19.690683463465913,19.50170252716343,19.628629684448242,15151500
2016-10-27,19.631453821543367,19.744276543518964,19.572219632952923,19.696327209472656,21394800
2016-10-28,19.687857615359103,19.80350312048815,19.66811396939531,19.7414493560791,20858700
2016-10-31,19.761199610056032,19.792226502635742,19.701967038391686,19.74991798400879,19167000
2016-11-01,19.738637121600945,19.761200374568347,19.501705211810727,19.54683494567871,26515800
2016-11-02,19.518629551578655,19.73581619725572,19.518629551578655,19.589143753051758,22935900
2016-11-03,19.639909744262695,19.766838505398848,19.560933534142716,19.639909744262695,20411700
2016-11-04,19.662485429471797,19.727358832953556,19.49888889266072,19.50735092163086,21786300
2016-11-07,19.637102151424784,19.69915596343725,19.507353711935238,19.682231903076172,29266200
2016-11-08,19.662481987628137,19.75556106207256,19.594787381683687,19.68504524230957,22863900
2016-11-09,19.5468341563563,20.16736716500001,19.544012942866,20.05454444885254,50338500
2016-11-10,20.096852177491304,20.333784068401236,20.026337982670732,20.136341094970703,42963900
2016-11-11,20.057365118495003,20.10531606658922,19.91351388817896,20.09121322631836,24671700
2016-11-14,20.07146567266221,20.11377580262236,19.797867697429922,19.88248634338379,38752500
2016-11-15,19.96711034299156,20.14480972290039,19.84300435105607,20.14480972290039,29175300
2016-11-16,20.23788379506538,20.325322042229473,20.11941704262718,20.136341094970703,33577200
2016-11-17,19.48478121160352,19.60888717309785,19.21400280765233,19.51580810546875,70320900
2016-11-18,19.442474686810794,19.57504268878128,19.304264257037232,19.332469940185547,33405900
2016-11-21,19.33247099247342,19.575043754272663,19.298624493646496,19.56658172607422,25068000
2016-11-22,19.668118840969953,19.862740592125807,19.668118840969953,19.778121948242188,32952000
2016-11-23,19.806330930891562,19.995310271690887,19.795047690892176,19.9783878326416,22196700
2016-11-25,20.057365118495003,20.20967837576688,20.020697410997442,20.09121322631836,12703200
2016-11-28,20.006593939126688,20.17301003141574,19.96992623278671,20.07992935180664,21297600
2016-11-29,20.133520664586076,20.24916620814233,20.082750119547498,20.130701065063477,21930300
2016-11-30,20.003771227284158,20.071465821756814,19.7922254178113,19.865562438964844,27978300
2016-12-01,19.814794809737187,19.950184018587176,19.758381832399685,19.933259963989258,20549400
2016-12-02,19.907868318361146,20.012230602603967,19.871200619624442,19.99248695373535,20022600
2016-12-05,19.99813825579072,20.023524343909205,19.69069205375764,19.727359771728516,31583700
2016-12-06,19.747092282892876,19.854275775816365,19.60324270666513,19.845813751220703,23334000
2016-12-07,19.86570248362003,20.070239770552895,19.85717989347476,20.0560359954834,20898600
2016-12-08,20.02194546160988,20.141258461888608,19.976492735263918,19.982173919677734,20532600
2016-12-09,19.962289354234162,20.00774371069349,19.811729011698226,19.908315658569336,32270100
2016-12-12,19.90547891650244,20.391255295430028,19.891275137945502,20.36000633239746,27252300
2016-12-13,20.360002459601724,20.51908865042252,20.34295890388631,20.39693260192871,26662500
2016-12-14,20.425342813101913,20.590108571983787,20.220805504501573,20.266258239746094,26008200
2016-12-15,20.232169624445422,20.396935397569838,20.178194293487113,20.192398071289062,21408900
2016-12-16,20.18955588571166,20.3514802337772,20.056037464347643,20.16398811340332,53534400
2016-12-19,20.124221969445152,20.382736290829047,20.124221969445152,20.334442138671875,17667900
2016-12-20,20.377043012765544,20.433859728799796,20.31454511278314,20.402610778808594,18324300
2016-12-21,20.357163209913967,20.453749863555238,20.237850189208984,20.237850189208984,15303000
2016-12-22,20.23784814363744,20.23784814363744,19.6611648089772,19.769115447998047,36320400
2016-12-23,19.723654851055784,19.814560273861687,19.703769899385936,19.75490379333496,14411700
2016-12-27,19.6867393073742,19.834459916085677,19.672533902211896,19.800371170043945,13307100
2016-12-28,19.86854828426903,19.885591842812172,19.675373324449403,19.689577102661133,14627100
2016-12-29,19.661163581444082,19.749227629847276,19.635597438626498,19.67536735534668,12895200
2016-12-30,19.635601043701172,19.72366510827283,19.55321653911204,19.635601043701172,20668500
2017-01-03,19.669692462109193,19.669692462109193,19.33163668323867,19.504926681518555,31419600
2017-01-04,19.504921339658818,19.78047749196871,19.487876159985024,19.618553161621094,23754000
2017-01-05,19.439580883891516,19.6952536874227,19.351516836614213,19.661163330078125,21297600
2017-01-06,19.433905531490062,19.459471681653014,19.32027368210418,19.391292572021484,28473300
2017-01-09,19.41118003861374,19.544696858105144,19.408338632681392,19.51913070678711,26055600
2017-01-10,19.49923640515837,19.67820752120031,19.37992341147549,19.38276481628418,30769500
2017-01-11,19.374251326305913,19.493564376023013,19.371409920162787,19.46799659729004,20092800
2017-01-12,19.419698889768547,19.47651399332412,19.29470306111757,19.308908462524414,19634700
2017-01-13,19.311743644026688,19.3231060118251,19.056072487869177,19.070276260375977,30037500
2017-01-17,19.345841119371528,19.683895255811677,19.33447712187263,19.43674659729004,39502500
2017-01-18,19.283340893985606,19.348678588867188,19.18675261609374,19.348678588867188,21964500
2017-01-19,19.35436521421426,19.37141040045886,19.1697144482925,19.20948600769043,20463300
2017-01-20,19.243568662048087,19.2691364333201,19.039031368425714,19.084484100341797,36164100
2017-01-23,19.03618964631515,19.084483782741508,18.908354043118322,18.933921813964844,23854200
2017-01-24,19.002101405459744,19.149821972815904,18.936762086767814,19.146982192993164,32131800
2017-01-25,19.181073352178732,19.24073149324245,18.973694625100844,19.002103805541992,26168700
2017-01-26,19.070281617767854,19.095849390773356,18.92540082177272,18.956649780273438,19512300
2017-01-27,18.993578749454386,19.024827706022254,18.54473261273454,18.65268325805664,40300800
2017-01-30,18.644161414606227,18.885628860831545,18.644161414606227,18.86858367919922,25924500
2017-01-31,18.808928118408218,19.002103060450015,18.715181240216427,18.959491729736328,27962700
2017-02-01,18.879951049528366,18.950971568676593,18.760636382297147,18.814613342285156,27150000
2017-02-02,18.845860174124077,19.073123878674007,18.845860174124077,18.948129653930664,26996100
2017-02-03,18.982211654825413,19.013460606291925,18.874262652643782,18.891307830810547,22875900
2017-02-06,18.854379097170163,18.99357869868808,18.854379097170163,18.86290168762207,27291600
2017-02-07,18.90835692367429,19.033351140646424,18.894153146212783,19.002103805541992,17417100
2017-02-08,19.00210203044594,19.26629584268998,19.00210203044594,19.26345443725586,22982400
2017-02-09,19.263454959968637,19.641282242578168,19.246409777937345,19.624237060546875,33241500
2017-02-10,19.38845181384321,19.487879880230796,19.249252195796974,19.32311248779297,37336800
2017-02-13,19.408333604014587,19.50208046927311,19.192433949125355,19.252090454101562,25122900
2017-02-14,19.283344161627344,19.510607867793137,19.23505001449777,19.504926681518555,25386900
2017-02-15,19.260613474496203,19.519126085514063,19.249249478975585,19.513444900512695,25689900
2017-02-16,19.50776418469023,19.669690166000542,19.490720627856035,19.5645809173584,25241400
2017-02-17,19.553221558223022,19.825938038469385,19.513451623992594,19.70662498474121,38512200
2017-02-21,20.22933103432337,20.53329482310052,20.084450216494453,20.297510147094727,67238700
2017-02-22,20.524762490607312,20.558852843574247,20.30602310297863,20.371360778808594,45728100
2017-02-23,20.45374900319571,20.59579001050763,20.21512134630531,20.257734298706055,38399100
2017-02-24,20.266258303012552,20.681014107034056,20.25489430640693,20.56454086303711,41669700
2017-02-27,20.533288363535483,20.573059906519948,20.320228499961686,20.379886627197266,27764100
2017-02-28,20.13273700107148,20.169668765625826,19.88558677176245,20.149782180786133,47857800
2017-03-01,20.16114417936528,20.19239150505755,19.928197747712755,20.0134220123291,40568100
2017-03-02,20.004899572379205,20.141257746574354,19.933879080416776,20.101486206054688,26748900
2017-03-03,20.10148841489744,20.175348694323166,19.85149840140296,19.89410972595215,27893700
2017-03-06,19.885584472768315,20.010580275534448,19.823088196902866,19.85149574279785,27547800
2017-03-07,19.857182388427514,19.945248080648383,19.84582001715144,19.848661422729492,21848700
2017-03-08,19.943092502373904,20.040389339639916,19.900167860557463,19.974571228027344,23939400
2017-03-09,19.96026626433788,20.043254901178607,19.90589406003456,19.991744995117188,22693500
2017-03-10,20.031810544806593,20.134832010852584,19.97457767059155,20.060428619384766,21296400
2017-03-13,20.028947749689983,20.16058563881877,19.94882140683147,20.017501831054688,20407500
2017-03-14,20.26646853171333,20.37807524877347,20.237852096557617,20.237852096557617,29875200
2017-03-15,20.174890952381766,20.23212544973279,20.037530123703593,20.197784423828125,26441400
2017-03-16,20.063287917319677,20.23212749095462,20.05184036170643,20.15772247314453,21183000
2017-03-17,20.197785972999455,20.246433580135346,19.977436498111185,20.000329971313477,42235200
2017-03-20,20.07186447178153,20.160577674777823,19.948813526443796,20.026079177856445,22398600
2017-03-21,20.080456672403354,20.146276432470792,19.94309583070227,20.003190994262695,26240400
2017-03-22,20.04039249432977,20.129105727173524,19.951680898956397,20.103351593017578,19366800
2017-03-23,20.089041848226625,20.120520579005934,19.96026626433788,19.991744995117188,20696400
2017-03-24,20.028942828219023,20.08045272436191,19.89730497143602,19.920198440551758,17577000
2017-03-27,19.894443388236198,20.05183701747833,19.848658085830465,19.934507369995117,17377800
2017-03-28,19.840073752668626,20.137688875703653,19.840073752668626,20.123380661010742,21756600
2017-03-29,20.13196527423703,20.36948523298656,20.120517720366248,20.24357032775879,20973000
2017-03-30,20.22925770183764,20.52401209071942,20.214949490722184,20.48680877685547,24424500
2017-03-31,20.40954259309931,20.76439211437379,20.38378846875294,20.627031326293945,29819400
2017-04-03,20.62703510540658,20.755810663140895,20.54118418776035,20.555492401123047,24873900
2017-04-04,20.529738233780296,20.621312109106853,20.46964144531095,20.60700225830078,16701900
2017-04-05,20.501125967526505,20.692859027898933,20.4782324922204,20.50398826599121,19063500
2017-04-06,20.51829235592125,20.632759709425553,20.426718473117806,20.44102668762207,17823300
2017-04-07,20.632765289064842,20.887455833538223,20.546914341352725,20.8617000579834,32304000
2017-04-10,20.887449068127342,21.027672182723407,20.8130457016956,20.907480239868164,22487700
2017-04-11,20.89030675410178,21.019083934359685,20.870275585212926,21.01336097717285,17431500
2017-04-12,21.04770454180934,21.12783250823302,20.961855254531358,21.016225814819336,19881900
2017-04-13,20.99619452944834,21.079183155854505,20.933237075805664,20.933237075805664,16009200
2017-04-17,20.936102365003066,21.056292693696992,20.9332400667121,21.03053855895996,16396200
2017-04-18,21.04484511948068,21.20510107422542,21.027676242161245,21.145004272460938,19883700
2017-04-19,21.20509938635023,21.285225719874322,21.136418970128034,21.196514129638672,17821800
2017-04-20,21.216541968397323,21.494125887710357,21.20795671303537,21.405412673950195,23043900
2017-04-21,21.38824367985281,21.49412576626861,21.348179700880067,21.445476531982422,17267100
2017-04-24,21.485541547859413,21.577115425662218,21.296670834258652,21.399690628051758,23437500
2017-04-25,21.4540619453039,21.511296435325065,21.422583221412765,21.47695541381836,17161200
2017-04-26,21.539923565730234,21.68300740568271,21.51130712523391,21.585710525512695,20845500
2017-04-27,21.617180347759167,21.662967288654087,21.468371971115587,21.588563919067383,18156600
2017-04-28,21.531334487187955,21.58856899550007,21.442622882395316,21.514163970947266,21991200
2017-05-01,21.48839939104647,21.66868481154629,21.48839939104647,21.52846336364746,18497700
2017-05-02,21.548494395871796,21.665824015798574,21.53418454773508,21.6114501953125,21955200
2017-05-03,21.57710833758306,21.71446910916426,21.51415090790762,21.68012809753418,16570800
2017-05-04,21.72878356478274,21.86328371570728,21.700167138510725,21.846113204956055,16502400
2017-05-05,21.869005641455455,21.920515533808306,21.80032523916167,21.89189910888672,16793400
2017-05-08,21.891903658245617,21.897626616925233,21.768851040547258,21.783159255981445,19536600
2017-05-09,21.87473461781276,22.049297150323543,21.843255886749606,21.954862594604492,24765900
2017-05-10,21.989427439080156,22.11906476961648,21.949096997351056,22.096019744873047,22535700
2017-05-11,21.995196790327437,22.101787478933193,21.87420048439271,21.93181800842285,25048200
2017-05-12,21.879955827035307,21.96638125898991,21.71286621900894,21.810815811157227,17678700
2017-05-15,21.836743779874364,22.02975987678448,21.836743779874364,21.9779052734375,26531700
2017-05-16,21.949097069051877,21.97214209387059,21.62932344748479,21.63796615600586,25115400
2017-05-17,21.637964800305554,21.81657691888465,21.594752908835705,21.640846252441406,32913000
2017-05-18,22.15075971792347,22.372585445320368,21.931817091986186,22.338014602661133,57500400
2017-05-19,22.46188933408426,22.885372240183155,22.404271815986334,22.69235610961914,55745100
2017-05-22,22.657784494733374,22.758612255873636,22.55695508516488,22.62897491455078,26692800
2017-05-23,22.637615090197585,22.749968648950333,22.597284649626488,22.6116886138916,22754700
2017-05-24,22.63185727965442,22.64626124611239,22.510862642664797,22.513742446899414,22281000
2017-05-25,22.57423723148003,22.715397065672388,22.5137382757656,22.559831619262695,18405000
2017-05-26,22.577120372144424,22.6260951750092,22.41003238937837,22.507980346679688,18377400
2017-05-30,22.47053054752549,22.58576392761758,22.450365324169987,22.513742446899414,16231200
2017-05-31,22.571361540365892,22.735569736646568,22.533910895269265,22.643383026123047,24605100
2017-06-01,22.654899348642548,22.99195671081543,22.64337683719067,22.99195671081543,24459300
2017-06-02,22.989076123721834,23.0265267573061,22.821988174368055,22.93722152709961,23989500
2017-06-05,22.93145885353145,23.182092428508106,22.896889671578624,23.121593475341797,30437100
2017-06-06,22.882495904241317,22.919946554888885,22.54543675155592,22.738452911376953,34577700
2017-06-07,22.781661253911324,22.902655889604638,22.680831841357467,22.80182647705078,25533600
2017-06-08,22.80183169636298,23.084153127079848,22.536795688538422,22.738452911376953,32799000
2017-06-09,22.767260278793113,22.919945979269027,22.67795501014012,22.879613876342773,28215300
2017-06-12,22.873842593053396,23.15328408941409,22.71251590048419,22.827749252319336,31231800
2017-06-13,22.819115298972196,22.92282453119584,22.726928582138502,22.90842056274414,16584000
2017-06-14,22.908415003696312,23.05821920641324,22.83351372655191,23.017887115478516,15019500
2017-06-15,22.81046590736327,22.845035091836834,22.40138705911983,22.732683181762695,33891600
2017-06-16,21.30379246882598,21.750323699190677,21.113657791847523,21.6754207611084,168699000
2017-06-19,21.715751503664674,21.897243459214707,21.46799932427005,21.750322341918945,48285300
2017-06-20,21.85979067908956,21.871314840190152,21.69846396267821,21.761842727661133,30057600
2017-06-21,21.779125699730965,22.070089717392673,21.77336279561366,21.963499069213867,27034200
2017-06-22,21.902999543772744,21.91164225129536,21.69269970495816,21.75607681274414,24333900
2017-06-23,21.7791229293382,21.83097752080216,21.476634790347553,21.560178756713867,39240900
2017-06-26,21.59187541396736,21.87419678318796,21.583232704403795,21.750322341918945,25762500
2017-06-27,21.750326171290364,22.000958199047023,21.73592055386263,21.897247314453125,19363200
2017-06-28,21.96638112358873,22.12482637417217,21.934690095358444,22.04128074645996,20966700
2017-06-29,21.96638727508798,21.986552500414717,21.747443007296155,21.87419891357422,21190500
2017-06-30,21.917408894431368,21.972143304032574,21.799294069375495,21.802175521850586,20889900
2017-07-03,21.848269599437533,21.99231090785968,21.629325360019013,21.709989547729492,14545800
2017-07-05,21.764725833627992,21.87996086840414,21.655255352918903,21.698467254638672,18110700
2017-07-06,21.70710740187803,21.885719541736805,21.675418018320165,21.74167823791504,18485400
2017-07-07,21.793528308037565,21.84250145099382,21.620677460681307,21.70134162902832,15921300
2017-07-10,21.649490912273038,21.695584263544,21.067562764584203,21.096370697021484,45200100
2017-07-11,21.13957442998265,21.332590469926014,21.125170469327898,21.165502548217773,22597800
2017-07-12,21.220244860733303,21.378691771629697,21.220244860733303,21.3009090423584,17100600
2017-07-13,21.51120395440903,21.678291887032096,21.46511061793179,21.620676040649414,24481500
2017-07-14,21.972146511596485,22.05569216128848,21.868437285348072,21.992313385009766,27455700
2017-07-17,21.97790318827059,22.144991143440585,21.949095261191896,22.00094985961914,26506800
2017-07-18,21.966382389213358,22.049924724882988,21.894359269046085,21.951976776123047,12944700
2017-07-19,21.917409930325743,21.957742024742302,21.779129876693197,21.85691261291504,15940800
2017-07-20,21.88860489577462,21.966387642294173,21.807940696262307,21.900127410888672,14896200
2017-07-21,21.8482691399075,21.960621061396616,21.764723501383042,21.93757438659668,21459900
2017-07-24,21.90300654322446,22.228541487418447,21.90300654322446,22.150758743286133,22164000
2017-07-25,22.358181995678592,22.71828615678046,22.294803214952097,22.620336532592773,34512000
2017-07-26,22.6289717823663,22.807583901691594,22.4532411151889,22.729801177978516,20148300
2017-07-27,22.677950288343773,23.006366652955183,22.60881026133531,22.983318328857422,24157500
2017-07-28,22.989076907166442,23.03517024982988,22.914173989017385,22.99195671081543,14925600
2017-07-31,22.994844618999522,23.14464884892919,22.95739397362421,23.043819427490234,18789600
2017-08-01,23.118720747371732,23.257000814360243,23.046700909416316,23.19074058532715,17179500
2017-08-02,23.144644560022147,23.366468586710536,23.133120399042276,23.199378967285156,26019000
2017-08-03,23.432729458471147,23.553724094299344,23.23971334261612,23.297330856323242,29840700
2017-08-04,23.352068390418367,23.45001635662782,23.10719765068054,23.184980392456055,21425400
2017-08-07,23.21090290559113,23.464416312006932,23.20226019704617,23.415441513061523,16453500
2017-08-08,23.38376036330246,23.58253777051778,23.305977612926284,23.5047550201416,22144200
2017-08-09,23.513448420725044,23.768556480412645,23.4525705683765,23.658395767211914,19819500
2017-08-10,23.50184981565869,23.597515952133385,23.351104985961886,23.382993698120117,24135000
2017-08-11,23.403281398794782,23.554026200394155,23.296020291780625,23.307615280151367,23716500
2017-08-14,23.36269975859817,23.551132452758658,23.336608541949253,23.394588470458984,23376000
2017-08-15,23.4322787146902,23.597519797675645,23.34820921384409,23.414884567260742,21198300
2017-08-16,23.559832819038927,23.609115682222935,23.348208455645256,23.47576332092285,34608000
2017-08-17,22.85827796377611,23.136577600332842,22.707533156706223,23.104690551757812,51881100
2017-08-18,23.081503012568408,23.29312569535057,22.98293729636069,22.991634368896484,29259000
2017-08-21,22.93655497322312,23.21195675236787,22.840888830131203,23.107593536376953,28841700
2017-08-22,23.133684405593108,23.23804596121039,23.107593187290277,23.197460174560547,19638300
2017-08-23,23.293123771060724,23.354001614985094,23.156873516448734,23.180065155029297,23397900
2017-08-24,23.368498591991816,23.446768923270874,22.56838620583527,22.710433959960938,57384000
2017-08-25,22.75682152089487,22.927858429196938,22.75102236629708,22.794506072998047,29706600
2017-08-28,22.730729941580176,22.745224510250928,22.57128636860777,22.620569229125977,25864500
2017-08-29,22.51619951996217,22.89596440833992,22.466916673654392,22.835084915161133,22995600
2017-08-30,22.8495891931637,22.93076077937761,22.76262011044802,22.76841926574707,17489400
2017-08-31,22.785806236646444,22.82928993490852,22.62926226882816,22.632160186767578,24584400
2017-09-01,22.701743042862518,22.75682506734312,22.672753900544173,22.71913719177246,19423200
2017-09-05,22.597371251841206,23.159767989053073,22.58287668723431,23.133678436279297,36205500
2017-09-06,23.156875015935885,23.307619847072367,23.110491735771284,23.214853286743164,25278300
2017-09-07,23.28443014942324,23.41198500991524,23.19166524015235,23.226451873779297,20462400
2017-09-08,23.116290154542455,23.156875941007037,22.533599552148466,22.866979598999023,29998800
2017-09-11,22.945253155301778,23.003233091165505,22.803203722413198,22.92496109008789,21000600
2017-09-12,22.98873509963147,23.165572812232455,22.951048890669668,23.078603744506836,18015000
2017-09-13,23.078600872607055,23.3887892371509,23.072803377825984,23.15107536315918,26471100
2017-09-14,23.130780920408625,23.139477991706844,22.96554154213265,23.098892211914062,20817900
2017-09-15,23.136575921046735,23.409079702225664,22.98003197214659,23.301816940307617,39953400
2017-09-18,23.25254159107794,23.516346709330136,23.177167515293757,23.19166374206543,24528300
2017-09-19,23.243841732402014,23.325011635090245,23.104691905967815,23.206153869628906,18523200
2017-09-20,23.240938709930553,23.353997305097465,23.153969666604027,23.33660316467285,15954600
2017-09-21,23.356898642284616,23.356898642284616,23.110487716613253,23.194557189941406,19290900
2017-09-22,23.15977001560344,23.214850361207294,22.974238577122655,23.055408477783203,17265900
2017-09-25,22.878574217563767,23.220651306769966,22.86118007365233,22.945249557495117,25643400
2017-09-26,22.91336408617193,23.05831143540111,22.878577452227653,23.014827728271484,17505900
2017-09-27,23.023522236125416,23.067005938409988,22.80610040710872,22.985836029052734,18943800
2017-09-28,22.901759064005898,22.924952356553327,22.64665275154209,22.887266159057617,37118400
2017-09-29,22.858279541246205,22.90176324041029,22.606071100260298,22.652454376220703,31060200
2017-10-02,22.582879127701425,22.852481707877363,22.46691928072163,22.742321014404297,23127600
2017-10-03,22.85248157005504,23.093095016433285,22.829289932558304,22.96554183959961,23810100
2017-10-04,22.98003722059802,23.127884132904445,22.922058950013426,22.9278564453125,18520200
2017-10-05,22.951053040462888,23.136586200465498,22.92496347658583,23.020627975463867,15416100
2017-10-06,22.837990055823404,22.951048681679307,22.68434398542854,22.901765823364258,18740100
2017-10-09,23.0467127651509,23.591717099931135,23.0177236316915,23.345304489135742,40479000
2017-10-10,23.96858218006069,24.606353105369468,23.948290117239665,24.388931274414062,75372000
2017-10-11,24.51938622562666,25.015107778960633,24.380236374122287,24.852767944335938,55683000
2017-10-12,24.844069491554894,25.038299689176167,24.6585347077223,24.96002769470215,38631000
2017-10-13,25.00061023724903,25.20643539908546,25.00061023724903,25.110769271850586,28167000
2017-10-16,25.0991763439792,25.110771334343614,24.64693854382895,24.855663299560547,27900900
2017-10-17,24.7860878216255,25.035398355600066,24.733907048569414,24.92523765563965,17554500
2017-10-18,24.97452185589605,25.038299281287316,24.93393607075643,24.994813919067383,16416300
2017-10-19,24.97451661708204,25.12236350002259,24.864355934295492,25.04698944091797,21087000
2017-10-20,25.104971022211814,25.351381957174123,25.012204474517922,25.34848403930664,22853400
2017-10-23,25.319501145951367,25.777536532745746,25.296309501794653,25.699264526367188,31758000
2017-10-24,25.710856770250757,25.742745482849234,25.4847378637869,25.50503158569336,23102700
2017-10-25,25.467335861476116,25.684757628441016,25.345580202790636,25.64997100830078,19224000
2017-10-26,25.7021639165454,25.83261670662614,25.51663076464439,25.690568923950195,19454700
2017-10-27,25.55141492650904,25.623889428999995,25.26441815260887,25.56011199951172,19851000
2017-10-30,25.493438675962764,25.496338253459598,25.04410037419088,25.20644187927246,21156000
2017-10-31,25.180349676994933,25.35428782648884,25.10497725298623,25.310802459716797,18020700
2017-11-01,25.24122667106726,25.626789168913493,25.220934606463594,25.493436813354492,18528300
2017-11-02,25.591996065119304,25.85000365467131,25.452846239949032,25.74274253845215,15549300
2017-11-03,25.806523845298482,26.055834417023128,25.731151421827303,25.99785614013672,19536300
2017-11-06,25.922481324644917,25.997853741161038,25.707957407088085,25.713756561279297,15772200
2017-11-07,25.763034635022418,25.81811498157841,25.600693172098293,25.786226272583008,16047900
2017-11-08,25.832610815819184,26.212374106865894,25.829712897729827,26.165990829467773,20302500
2017-11-09,26.073230004721328,26.25586523636175,25.902191424377428,26.177593231201172,20713500
2017-11-10,26.160200509855347,26.580549698620302,26.1486055167239,26.357330322265625,22943400
2017-11-13,26.39211145011089,26.664613637372376,26.3428302513956,26.37761688232422,25474800
2017-11-14,26.293544249005407,26.43849156833243,26.14279777621977,26.40660285949707,29502300
2017-11-15,26.189184884616747,26.337031802314545,25.989157189730605,26.041337966918945,25300200
2017-11-16,27.57488120249539,28.8968044285002,27.458923024775668,28.879413604736328,114367200
2017-11-17,28.769259241124068,29.02726520648032,27.99813428699607,28.25614356994629,70726500
2017-11-20,27.957549265314043,28.30542220496379,27.760419496795794,28.2590389251709,49182900
2017-11-21,28.33440921483618,28.386588321083686,27.922755612254633,27.98073387145996,38239500
2017-11-22,28.018425298346035,28.064808575135356,27.861881324482876,27.948848724365234,26754600
2017-11-24,28.082202217317512,28.186563758832044,27.98363651180215,28.009729385375977,13488300
2017-11-27,28.076403063724754,28.308319443531264,27.916959515859784,28.009729385375977,26714700
2017-11-28,28.001034497489194,28.08800190775333,27.77781515864327,28.0532169342041,26128800
2017-11-29,28.18366466997545,28.485157627740413,28.085098962753634,28.282230377197266,34272000
2017-11-30,28.435877860889082,28.537339838377694,27.977840879624665,28.186567306518555,38564100
2017-12-01,28.296724031146905,28.325713163490384,27.896668696657258,28.221351623535156,24888600
2017-12-04,28.331513884639204,28.39818756568098,28.02712134300293,28.122787475585938,26869500
2017-12-05,28.119885238541194,28.3923890435377,28.096695260614442,28.36050033569336,27030300
2017-12-06,28.406886172673797,28.450369873405634,28.189464351420916,28.201059341430664,21423000
2017-12-07,28.285571218996783,28.437113833397614,28.166088710501345,28.20397186279297,22507800
2017-12-08,28.06408951320841,28.18066050196553,28.017461784721203,28.136947631835938,17463300
2017-12-11,28.25643334914049,28.346773958005073,28.061181173048606,28.247692108154297,26786700
2017-12-12,28.224369296923584,28.338025410912866,28.151514523893393,28.18065643310547,23431800
2017-12-13,28.169000556712557,28.533277759789826,28.136943789313047,28.489564895629883,23638200
2017-12-14,28.559512371726164,28.725622614141045,28.297231812884363,28.305973052978516,28157400
2017-12-15,28.47500285672024,28.702315157650123,28.241864173124725,28.300148010253906,48428400
2017-12-18,28.378829510458367,28.609053310730925,28.373003128411515,28.53036880493164,23893200
2017-12-19,29.1161275298158,29.1161275298158,28.644020567147678,28.792648315429688,36036600
2017-12-20,28.982074796521882,29.040358620013375,28.690649008908373,28.778078079223633,32189400
2017-12-21,28.85093826142711,28.94710858924445,28.553686036845626,28.577001571655273,22107300
2017-12-22,28.64402256933701,28.681909057354556,28.466256232689894,28.620710372924805,16436100
2017-12-26,28.661502852654834,28.979155646782424,28.661502852654834,28.89755630493164,12887700
2017-12-27,29.014131569714724,29.025787667398728,28.80139027782206,28.92670249938965,15422400
2017-12-28,29.002472314990218,29.03161756199617,28.885904667278574,28.967500686645508,29291700
2017-12-29,28.96750050557099,29.05201471769607,28.778078079223633,28.778078079223633,21432900
2018-01-02,28.938368885283026,29.08116697168341,28.711059891780664,28.731460571289062,30451500
2018-01-03,28.807225619875744,29.14236100551501,28.7839100848765,28.982080459594727,26710800
2018-01-04,29.008302688598633,29.078242611794522,28.824706638246543,29.008302688598633,20491200
2018-01-05,29.037444499209315,29.25309731966661,29.02870325949482,29.18024253845215,21852000
2018-01-08,29.215215349505435,29.6523507246348,29.2035559159769,29.611549377441406,26531700
2018-01-09,29.733945327285152,29.827204115663534,29.232699767104588,29.256011962890625,21938100
2018-01-10,29.069496252108525,29.11029425553063,28.713960312043667,29.046180725097656,23791200
2018-01-11,29.054928374869053,29.27349603900544,28.786818128781583,29.148183822631836,19613100
2018-01-12,29.256015621526064,29.562009073722045,29.229788564217408,29.395898818969727,20853600
2018-01-16,29.532864876069823,29.69897845306655,29.241442404347385,29.34343910217285,21512100
2018-01-17,29.477500446627232,29.999146784694165,29.346358479863376,29.92920684814453,26045700
2018-01-18,30.523706289082988,30.581990115787494,30.197312190428264,30.395479202270508,36923700
2018-01-19,30.49456477705832,30.57907565987643,30.20896868632249,30.47999382019043,25135800
2018-01-22,30.45376078920365,30.730615615844727,30.319707330626823,30.730615615844727,21924900
2018-01-23,30.683987142689542,30.93460823999102,30.474160717992312,30.861753463745117,24863400
2018-01-24,30.992906860618188,31.01913392275276,30.547026793855768,30.829708099365234,20469300
2018-01-25,30.847188140395808,31.126954534351643,30.847188140395808,31.06575584411621,17571300
2018-01-26,31.18232751666475,31.59323254068993,31.08907204999652,31.587406158447266,20358900
2018-01-29,31.50580174588378,32.050763500396386,31.470830117714048,31.925451278686523,25065600
2018-01-30,31.80597559641361,31.870089150119153,31.226042089323364,31.39506721496582,27541500
2018-01-31,31.406720928307482,31.526206785259248,30.91130168922883,31.06575584411621,29438400
2018-02-01,30.87924179418017,31.054096606501503,30.65193287271715,30.751014709472656,19160400
2018-02-02,30.64318532838708,31.027866545232815,30.35176289281005,30.447933197021484,27759300
2018-02-05,30.13319608074588,30.485817204371216,28.294314157184736,29.1685848236084,37684800
2018-02-06,28.45459049848563,29.457088093939404,28.340937729756345,29.404630661010742,49241400
2018-02-07,29.28806879696278,30.479992354910028,29.145270758459667,29.97291374206543,33495600
2018-02-08,30.083653158329344,30.156507934682182,29.142354106492455,29.148183822631836,41925300
2018-02-09,29.296811416307442,29.462924993548057,28.10197627892078,28.95876121520996,42553800
2018-02-12,29.180244127326098,29.273499586389644,28.79265133403562,29.011219024658203,27405300
2018-02-13,28.947099839385114,29.49789124625538,28.947099839385114,29.427947998046875,19868400
2018-02-14,29.3929830539026,29.798061675783263,29.203557271212187,29.637781143188477,21922800
2018-02-15,29.885493087110316,30.20314265363891,29.67566661350911,30.083660125732422,22484700
2018-02-16,30.04285978376217,30.58199188207324,29.71937718969713,30.535364151000977,48192900
2018-02-20,28.265175514000024,28.54202703435304,27.4229598516434,27.425874710083008,156265500
2018-02-21,27.717298026243437,27.78432643206933,26.58948956916734,26.67108726501465,148511100
2018-02-22,26.644856302668387,27.21604509248908,26.609884675617874,27.035362243652344,61095000
2018-02-23,27.06741862277641,27.24518827849133,26.741024556854196,27.07033348083496,38374500
2018-02-26,27.07324799033809,27.33552851590697,26.875079333381464,27.137361526489258,44097900
2018-02-27,27.285990678784465,27.3122194029171,26.668172406486843,26.67108726501465,40128300
2018-02-28,26.810966410893407,26.840108319802468,26.228118227479083,26.23103141784668,42431100
2018-03-01,26.277663369797157,26.28057656044891,25.56076166845852,25.960010528564453,56728800
2018-03-02,25.43252800525195,25.90754804750343,25.42378510048185,25.86966323852539,57130200
2018-03-05,25.68607892150999,26.373840558006496,25.665679911471553,26.222299575805664,40149600
2018-03-06,26.330122194118214,26.373836734347794,25.82887324974705,25.954185485839844,33164100
2018-03-07,25.639449195874185,25.799731396998965,25.45293660300903,25.569507598876953,34359000
2018-03-08,25.730745979853086,25.836284700236344,25.604686633761357,25.774721145629883,28766100
2018-03-09,25.868533460641984,26.00925064086914,25.66038824979696,26.00925064086914,29263200
2018-03-12,26.003385491774782,26.220324038960808,25.762992405858473,25.818693161010742,25422000
2018-03-13,25.91250875941657,26.06202098353084,25.792313874673834,25.886123657226562,21519000
2018-03-14,25.94768357635141,26.08840242413324,25.65159308434283,25.70142936706543,33121800
2018-03-15,25.704359899036838,26.02976770472004,25.182532502336464,25.654521942138672,49845600
2018-03-16,25.71608300855637,26.41087539157833,25.65158890744759,26.14116668701172,85188000
2018-03-19,26.06494833737274,26.11478461775305,25.53432589817319,25.636932373046875,36160200
2018-03-20,25.75712892556733,25.84214533565219,25.613479525176515,25.78351402282715,24774000
2018-03-21,25.765920491003126,26.290678386589626,25.70435694982827,25.850936889648438,35508000
2018-03-22,25.660381166360278,25.877319673288596,25.50207564041511,25.546049118041992,36744600
2018-03-23,25.607619573272473,25.707293822633027,25.00077568875027,25.041818618774414,30375300
2018-03-26,25.2763410429327,25.70728750863825,25.244093154225673,25.651588439941406,27599400
2018-03-27,25.786443348635732,25.809896208140202,25.059404703997195,25.226505279541016,19637400
2018-03-28,25.288067748151093,25.868528092995614,25.267547126014687,25.730741500854492,34728900
2018-03-29,25.7688509355957,26.19100404567427,25.730740252060144,26.082534790039062,27823800
2018-04-02,25.79817111773719,25.868531379671808,24.871783927838003,25.079927444458008,57386700
2018-04-03,25.285137120462057,25.490350051190777,25.079924189733337,25.446374893188477,29086500
2018-04-04,25.094584012219876,25.651591541339986,25.047678291607752,25.56950569152832,19609800
2018-04-05,25.68090433848414,25.90077508906198,25.519664893404013,25.742467880249023,19142700
2018-04-06,25.455172412723204,25.768854634714973,25.249959461937408,25.41413116455078,19050000
2018-04-09,25.461036125194326,25.636931736696837,25.28220827713244,25.293933868408203,25104300
2018-04-10,25.458108788488637,25.53433017889382,25.112178617060376,25.34377670288086,27382200
2018-04-11,25.211848046524604,25.46396501725717,25.153215061541637,25.185462951660156,18837000
2018-04-12,25.26754772122933,25.45517059368739,25.038881926050866,25.04474639892578,20568900
2018-04-13,25.17959790314537,25.290999397829072,24.97438665409943,25.217708587646484,22677600
2018-04-16,25.270474625020377,25.695558234786137,25.247021770912205,25.458097457885742,21062100
2018-04-17,25.645727044114153,25.848007754379232,25.625206420420916,25.76885414123535,20405700
2018-04-18,25.856800231311144,25.962338930899833,25.654519541036937,25.672109603881836,17562000
2018-04-19,25.625203493406886,25.809894117992574,25.38187988606785,25.765920639038086,19764900
2018-04-20,25.76005726450745,25.909567760581595,25.40826273086274,25.499143600463867,24974700
2018-04-23,25.47276344798883,25.528464204037146,25.217712529373852,25.241167068481445,22081500
2018-04-24,25.437580409112734,25.478623331638044,25.08578752492603,25.36722183227539,25409100
2018-04-25,25.305667165162905,25.710230382020285,25.179607794419088,25.554855346679688,20281200
2018-04-26,25.554850739164994,25.89198585368699,25.475697117039903,25.78058433532715,17347500
2018-04-27,25.760065194432205,25.76885855074766,25.52846711107079,25.590030670166016,16953300
2018-04-30,25.78058472461859,26.28482212429442,25.774721928164034,25.933029174804688,26057700
2018-05-01,25.701421629870026,25.801095842790133,25.314448689297144,25.625200271606445,20873100
2018-05-02,25.543123646333743,25.578302102255257,25.258757052093358,25.311527252197266,18249000
2018-05-03,25.26754862547633,25.296864280976816,24.953866414674696,25.27927589416504,20628300
2018-05-04,25.211850222788485,25.827487392106715,25.02422566113586,25.660385131835938,20914500
2018-05-07,25.64865874626463,25.651590982794374,24.9978397900914,25.056472778320312,32350800
2018-05-08,25.07113386174769,25.167877550022155,24.89523822918084,25.135629653930664,19654200
2018-05-09,24.203376547478243,24.53171660840695,24.039204839532918,24.349956512451172,96795600
2018-05-10,24.379453016242866,24.712810567255776,24.193597163152837,24.394203186035156,47572800
2018-05-11,24.394200411271118,24.639056915678637,24.175895222298823,24.597755432128906,29804400
2018-05-14,24.74821043146767,25.013716843509805,24.67740860905319,24.895713806152344,28497600
2018-05-15,24.7983721214884,25.040278021326724,24.721668850962224,24.93407440185547,27968700
2018-05-16,25.037326320743414,25.409034729003906,24.998975533607766,25.409034729003906,41200800
2018-05-17,25.677491325134373,25.839746599269418,24.736417487347293,24.925222396850586,89162100
2018-05-18,24.851472552754394,24.910474937424937,24.63021656432601,24.674467086791992,36129300
2018-05-21,24.821965402198128,24.939968451152268,24.727562963034817,24.93111801147461,32147100
2018-05-22,24.928169742208947,25.01962147488865,24.571208187288317,24.594810485839844,24201900
2018-05-23,24.470906526356842,24.491556427960205,24.240800147131623,24.48860740661621,28197600
2018-05-24,24.48566227237072,24.48566227237072,24.12575163150613,24.441410064697266,25728600
2018-05-25,24.441407331455384,24.585961713608196,24.285053487275242,24.32635498046875,17740500
2018-05-29,24.178844879409006,24.344049129907077,24.134594373900956,24.30864906311035,25284600
2018-05-30,24.323401066800685,24.848515882968474,24.26734940943227,24.816064834594727,27942300
2018-05-31,24.762964233122517,24.872116847685948,24.341102257647567,24.349952697753906,34406100
2018-06-01,24.49745814834304,24.609561473967375,24.44140648553087,24.482707977294922,15713700
2018-06-04,24.633157230724787,25.229073855149803,24.574156554116588,25.199573516845703,32766000
2018-06-05,25.20843581467468,25.21433554750116,24.854424836294548,24.963579177856445,24844200
2018-06-06,25.060927311683493,25.11992800414856,24.883921858190085,24.945873260498047,22088400
2018-06-07,25.010774500093,25.29988159679371,24.984223176580556,25.06092643737793,23117100
2018-06-08,25.01077413638211,25.131727913225575,24.82196922894784,24.886871337890625,22807200
2018-06-11,24.901626017620618,24.9399768103788,24.71872080842448,24.86917495727539,18756900
2018-06-12,24.875069419562124,24.95472169843419,24.62431312061989,24.81016731262207,24185100
2018-06-13,24.748214272426825,24.889817939232874,24.736414810884085,24.80721664428711,19075200
2018-06-14,24.84556533821909,25.019620041712468,24.683310095276756,24.718711853027344,22552200
2018-06-15,24.633161093498096,24.777717162782807,24.503358571776282,24.692163467407227,37509000
2018-06-18,24.500407128604376,24.653811945735306,24.432556004287136,24.485658645629883,25506900
2018-06-19,24.36765774806137,24.66856601097663,24.299806613033045,24.665616989135742,28057500
2018-06-20,24.695117335839438,24.727568392433156,24.532862052870847,24.665616989135742,23899800
2018-06-21,24.603663989104646,24.942923041603684,24.45616056698959,24.842620849609375,24276000
2018-06-22,24.916367756698587,25.03142009601965,24.810164168976346,25.02256965637207,32439000
2018-06-25,24.954723105143835,25.54768916570114,24.922272049844526,25.50933837890625,47818500
2018-06-26,25.527039750355854,25.68044459866695,25.29988403193778,25.36478614807129,30378600
2018-06-27,25.341185724026634,25.810249026487284,25.237932817045348,25.633243560791016,30899100
2018-06-28,25.621441659075607,25.751244191927437,25.27923191237703,25.329383850097656,25401000
2018-06-29,25.34118572522237,25.42968845807468,25.22908237614606,25.267433166503906,24766800
2018-07-02,25.26742876514254,25.352982461094925,24.603660916446515,24.78066635131836,24375300
2018-07-03,24.807219971306438,25.09042734290088,24.807219971306438,24.910472869873047,13188600
2018-07-05,25.057972728764263,25.24677761634848,24.86031740106843,24.948820114135742,16102500
2018-07-06,24.839666281553438,25.037321599557718,24.727562963034817,24.93111801147461,16841100
2018-07-09,25.07567420212396,25.509337366800143,25.007823072494144,25.350032806396484,19726200
2018-07-10,25.350028499266806,25.76304000228096,25.33527832959469,25.727638244628906,18145200
2018-07-11,25.683392206318533,25.70994184113035,25.485736859818623,25.527036666870117,16787700
2018-07-12,25.64798878779393,25.786643436389664,25.435583282757932,25.524085998535156,14665800
2018-07-13,25.524088624884456,25.95775011996149,25.518187205322878,25.8721981048584,19165800
2018-07-16,25.848590550222983,25.878090887913526,25.615533493541264,25.854490280151367,13341600
2018-07-17,25.78368945528968,26.167200612311994,25.78368945528968,26.016746520996094,17734500
2018-07-18,26.058047690589976,26.31175466921266,25.94299535026165,25.981346130371094,15136500
2018-07-19,25.91940476156137,26.102309981148917,25.786651490456524,25.878103256225586,14649300
2018-07-20,25.78369274497757,26.010848421460782,25.72469205978402,25.978397369384766,14445300
2018-07-23,25.857448660938868,26.004952081203875,25.777796375102994,25.851547241210938,12450000
2018-07-24,25.996099541148137,26.10820287424171,25.84564542316445,25.948898315429688,16768500
2018-07-25,25.74534392194998,25.966599884367533,25.698142694982213,25.931198120117188,17427300
2018-07-26,26.108201469456155,26.38255836817641,26.013799023098695,26.028549194335938,19644900
2018-07-27,26.149504257725713,26.220306096002766,25.969548108395355,25.99905014038086,14038200
2018-07-30,25.96069229971946,26.23800155235998,25.928242940928214,26.220300674438477,18032100
2018-07-31,26.25570387430981,26.450408478008935,26.19670150734263,26.32355499267578,20124300
2018-08-01,26.214408865712173,26.294059464329766,25.925300065796144,26.031503677368164,15150000
2018-08-02,25.94299824190788,26.208504711058556,25.84859579171662,26.184904098510742,12918300
2018-08-03,26.311758777203202,26.63331692652379,26.255708796941455,26.43271255493164,17241600
2018-08-06,26.34715769815919,26.54481302675013,26.29405505724901,26.453359603881836,13954800
2018-08-07,26.50056335452649,26.65691889472656,26.447462396598574,26.48286247253418,13580100
2018-08-08,26.541857690788454,26.618560929383253,26.36485398275494,26.565458297729492,15123300
2018-08-09,26.5446894942642,26.595132708162964,26.33698434013794,26.411165237426758,14183700
2018-08-10,26.31918683752743,26.81471042607021,26.304349297257925,26.758333206176758,24734700
2018-08-13,26.764269993618687,26.86515474487754,26.517991264182804,26.59810447692871,17637600
2018-08-14,26.59810111833789,27.037249147309225,26.595134968820155,26.957134246826172,17510400
2018-08-15,26.779104691781406,26.82658176742567,26.607006871753015,26.770204544067383,25850700
2018-08-16,29.704779029467247,29.73445071733189,29.05199170932408,29.268600463867188,127893900
2018-08-17,29.01044412094964,29.574212828181228,28.96296875416047,29.034183502197266,49389900
2018-08-20,28.980777671827127,29.164743477948832,28.47041653780343,28.485252380371094,38037900
2018-08-21,28.473383861665035,28.592070600022993,28.295350358421462,28.508991241455078,31593900
2018-08-22,28.544589126359675,28.737458430687226,28.256770791204364,28.387327194213867,23297100
2018-08-23,28.336886677184633,28.443707106033422,28.206330261761803,28.2419376373291,18289200
2018-08-24,28.215237898684247,28.38436957164808,27.995664697114456,28.173696517944336,25782900
2018-08-27,28.265681224739804,28.369535532120537,27.9778627848223,28.05204200744629,21120900
2018-08-28,28.12028283418943,28.589104248387507,28.049069777194763,28.50602149963379,29949000
2018-08-29,28.568334515348393,28.7315321757529,28.345791788109526,28.37843132019043,23588400
2018-08-30,28.336887699799387,28.63361131262668,28.32205355658184,28.514921188354492,21176100
2018-08-31,28.541627225340907,28.61580983212465,28.22116929821044,28.443710327148438,18974100
2018-09-04,28.425909378588894,28.565369364998613,28.259747250611035,28.295352935791016,24842100
2018-09-05,28.387330297754247,28.73152927363197,28.29534740598333,28.669218063354492,28423800
2018-09-06,28.642506582754933,28.698885485790587,28.488212503604544,28.618770599365234,18452400
2018-09-07,28.425906886101288,28.627678077274034,28.378431511455148,28.4348087310791,20017200
2018-09-10,28.517898806053633,28.838358516102296,28.511963109309207,28.752307891845703,24997800
2018-09-11,28.862089304884435,28.97781160057158,28.630648109217045,28.675155639648438,19390500
2018-09-12,28.562395864434368,28.70482197267412,28.464478976177745,28.476346969604492,17700000
2018-09-13,28.28348163109186,28.372498385751484,28.161827040981972,28.224138259887695,22958700
2018-09-14,28.049071767788206,28.141054669572565,27.995662395715136,28.066875457763672,18958200
2018-09-17,28.114350760404008,28.33095950454266,28.001598012363566,28.135122299194336,15989400
2018-09-18,28.02830175156292,28.363595522105154,27.936317152504447,28.316120147705078,20279400
2018-09-19,28.35765962881165,28.45261037126352,28.15292230263145,28.259742736816406,17025300
2018-09-20,28.29238544566438,28.422943587966582,28.17369699714124,28.411075592041016,16656900
2018-09-21,28.461509939458548,28.57129821226002,28.375461048224743,28.455575942993164,28590300
2018-09-24,28.319084999232015,28.485248792052698,28.146987209702452,28.1647891998291,16011000
2018-09-25,28.48229076717394,28.639551063009957,28.185568774999318,28.21820831298828,18579600
2018-09-26,28.218203426848472,28.363595700705904,28.04610392017452,28.066875457763672,17755800
2018-09-27,27.948191189579184,28.176666252164363,27.838402883590753,27.930387496948242,16090200
2018-09-28,27.974895098390846,28.001600637401907,27.79982941542114,27.865108489990234,18918900
2018-10-01,27.977858514760555,28.087645105770967,27.9036776056047,28.010498046875,14982900
2018-10-02,27.871031311392528,28.369524319237968,27.847293629964312,28.2330322265625,23263800
2018-10-03,28.33689296403956,28.348762657813122,27.90368055159414,27.912582397460938,18982200
2018-10-04,27.912581163743834,28.04017145243939,27.65443443643055,27.95412254333496,18135900
2018-10-05,27.850270427331616,27.948189031386836,27.562450310820296,27.68707275390625,20080200
2018-10-08,27.669266117693255,28.167759232687235,27.601020905613012,28.096546173095703,17287800
2018-10-09,28.378427915985213,29.001545100511823,28.24490365394178,28.805707931518555,34796700
2018-10-10,28.663282335795436,29.034185145449268,28.396232109102304,28.41403579711914,27008400
2018-10-11,28.42887322339963,28.571301037624746,27.773119858169068,27.868070602416992,29779500
2018-10-12,28.117316715152185,28.238972998357884,27.793890940318796,28.132152557373047,25661700
2018-10-15,28.0401691656858,28.18556313347076,27.838397979736328,27.838397979736328,24916500
2018-10-16,28.099511421335855,28.506019902262825,27.992690992903068,28.428871154785156,33725100
2018-10-17,28.241940408625393,28.669220468095126,28.158857656051108,28.651416778564453,28618200
2018-10-18,28.60394528394136,28.856161453347735,28.40811144071235,28.535701751708984,34195200
2018-10-19,28.485258736619304,28.974848442013457,28.485258736619304,28.826486587524414,26852100
2018-10-22,28.88285830705047,28.95407306605093,28.704824805255928,28.823514938354492,21368700
2018-10-23,28.63361286013877,29.07572706021212,28.51789057696775,29.01934814453125,28217400
2018-10-24,28.930333593628937,29.425858870437164,28.8650545299782,28.948137283325195,31094100
2018-10-25,29.081664193247647,29.517846166494422,28.78197606276292,29.428831100463867,32211300
2018-10-26,29.319040777755372,29.574217947172855,29.084628354648288,29.35761260986328,44776800
2018-10-29,29.526736661109606,30.185459479771822,29.402114251129024,29.6127872467041,38118300
2018-10-30,29.734450226064034,30.443616457998896,29.68994269500242,30.39020538330078,38125500
2018-10-31,30.410973591258916,30.410973591258916,29.7077431321198,29.755218505859375,37064700
2018-11-01,29.660265286328276,30.019296709151842,29.589053929507354,29.844234466552734,23205300
2018-11-02,29.933257473762737,30.137994848179268,29.764127485081396,30.069747924804688,21909600
2018-11-05,30.02524134353345,30.61274964398361,29.859075801966373,30.535602569580078,22850400
2018-11-06,30.425812058484336,30.6928606343473,30.280418077167187,30.660221099853516,19106100
2018-11-07,30.75813658304578,30.998481295652507,30.577135237786926,30.9539737701416,26017800
2018-11-08,30.956951485502945,31.232900269056042,30.867933010399028,31.120145797729492,17884200
2018-11-09,31.15574534360136,31.422793910262307,31.099369819985718,31.321910858154297,25351200
2018-11-12,31.304114882819437,31.514784582079574,30.75517837566926,30.820457458496094,26829300
2018-11-13,30.761112949587595,30.903539108090147,30.425817398084355,30.544504165649414,23870100
2018-11-14,30.562300034099646,30.60680756053988,29.9718240086807,30.126121520996094,31445700
2018-11-15,30.36052367036681,30.50294976015665,29.262654621513786,29.5356388092041,48247800
2018-11-16,29.32199927729503,29.500032746355775,28.75823058692633,28.986703872680664,42705600
2018-11-19,29.06089096987965,29.152873867844264,28.612841078605328,28.716691970825195,27643200
2018-11-20,28.18259615008029,28.24787521499378,27.77312146626537,27.939285278320312,37861800
2018-11-21,27.998630336085245,28.164794158158582,27.687072533002702,27.94225311279297,28052700
2018-11-23,27.930388167342795,28.351732615218094,27.930388167342795,28.21820831298828,14670000
2018-11-26,28.393262000666184,28.506016411913436,28.111375972548053,28.2330322265625,30103800
2018-11-27,28.185565462964988,28.348761435879318,28.013465946714142,28.200401306152344,27126900
2018-11-28,28.322058394023767,28.965943854018253,28.20336824947916,28.918468475341797,30212400
2018-11-29,28.78790420730883,29.02824889739406,28.704821463383155,28.868019104003906,18723900
2018-11-30,28.900666663382797,29.20629049464665,28.80274805179958,28.97484588623047,31992000
2018-12-03,29.084624586671858,29.55047812919409,28.98077370292056,29.301233291625977,27246300
2018-12-04,29.152871375920622,29.36354438554944,28.369527792874916,28.428871154785156,31278900
2018-12-06,28.324457354997243,28.464676663413506,27.775509466181262,28.273738861083984,31101600
2018-12-07,28.19318655938767,28.381140317033328,27.581589129093334,27.80236053466797,25489500
2018-12-10,27.912743774040468,28.118600066256242,27.54876904987182,28.026113510131836,21830700
2018-12-11,28.118599676608856,28.190201344655655,27.820256832402894,27.9992618560791,19357500
2018-12-12,28.13351629028767,28.13351629028767,27.76357517228441,27.778491973876953,28917600
2018-12-13,27.820256613940877,27.948544855358886,27.57561801014831,27.733739852905273,24126900
2018-12-14,27.462247462138976,27.614401214421374,27.319044131416526,27.40258026123047,34480800
2018-12-17,27.214637973515877,27.450326247600206,26.898395871519323,27.08038330078125,27005400
2018-12-18,27.08932115836072,27.226558104454494,26.93418336992465,27.1728572845459,28820100
2018-12-19,27.235515022526325,27.745677201150425,26.925239371639428,27.014741897583008,36694500
2018-12-20,26.883468504053003,26.883468504053003,25.699056096385526,26.03916358947754,49121400
2018-12-21,25.91684913243314,26.69253483497531,25.895964242626743,25.994417190551758,44764500
2018-12-24,25.81839503715381,26.125686626774936,25.59165554550643,25.60359001159668,18330900
2018-12-26,25.78259400151402,26.975955205935023,25.746792311822126,26.972972869873047,30084900
2018-12-27,26.776069844194716,27.330982401226407,26.38524211250734,27.325016021728516,29644500
2018-12-28,27.468219178283203,27.885896468318844,27.34291496700136,27.48611831665039,29622000
2018-12-31,27.64721910755891,27.862024105583334,27.52191661882426,27.790422439575195,21017400
2019-01-02,27.339930772194297,27.939595398252358,27.339930772194297,27.847108840942383,24458100
2019-01-03,27.808324419510587,28.255835277132885,27.656170659634267,27.70390510559082,24831900
2019-01-04,27.80832806095696,27.94258099440012,27.65319194484261,27.8769474029541,24087300
2019-01-07,27.930649732667625,28.393077476612884,27.799379128498963,28.205121994018555,23369100
2019-01-08,28.360257152015024,28.56909579871291,28.017165577330946,28.40202522277832,21602700
2019-01-09,28.55417629503797,28.682461124265494,28.27373599947048,28.30953598022461,18816900
2019-01-10,28.00820930745984,28.336384011314816,27.78147156958504,28.33041763305664,28188900
2019-01-11,28.33937644659836,28.428877268331018,28.208105843333797,28.29462432861328,16183800
2019-01-14,28.187220950599965,28.476611703254644,28.127552032610705,28.32744026184082,21255300
2019-01-15,28.48257637584602,28.81970155983942,28.455725108292356,28.715280532836914,21174600
2019-01-16,28.619814879985675,28.89727116447038,28.58997956761718,28.745119094848633,16230000
2019-01-17,28.736164862870922,29.001686661563337,28.68843041511515,28.861467361450195,16843500
2019-01-18,28.92411656171627,29.297043402118295,28.894282960761995,29.156824111938477,18361800
2019-01-22,28.98378906576964,29.36566810485899,28.873403356350707,29.08522605895996,24189600
2019-01-23,29.496935631535706,29.640138975936583,29.097155787399924,29.44919776916504,25037400
2019-01-24,29.297043616190095,29.374611662085357,28.76898068127259,29.344778060913086,22829100
2019-01-25,29.461134096931364,29.50886854531622,28.86445178500217,28.92113494873047,21654600
2019-01-28,28.798817636745067,28.959921833229142,28.66456641583314,28.956937789916992,17627400
2019-01-29,28.87041320040681,28.986763544172252,28.792841752248147,28.85251235961914,15760200
2019-01-30,28.843569004157604,28.879370696621134,28.121585846369204,28.282690048217773,35547900
2019-01-31,28.23197079235577,28.90025480768241,28.23197079235577,28.58997917175293,44169000
2019-02-01,28.616828288554533,28.640695512052996,27.77849142300154,28.002246856689453,37775700
2019-02-04,28.002248960006874,28.273738861083984,27.850095185385708,28.273738861083984,21805800
2019-02-05,28.416939177106357,28.622793759862013,28.34831984477552,28.521358489990234,18299700
2019-02-06,28.470641520735924,28.64368017518427,28.40799027108611,28.533292770385742,12794700
2019-02-07,28.375169644722302,28.885333424976064,28.34235370887657,28.85848045349121,21030300
2019-02-08,28.74213946465949,28.846557099066708,28.38412931821631,28.515399932861328,18507600
2019-02-11,28.53628042815828,28.745120798641683,28.533296384608967,28.700366973876953,16628400
2019-02-12,28.885330018935957,28.989747606994897,28.789861144158987,28.93008041381836,17643900
2019-02-13,29.02854080844093,29.237379452588954,28.965889556620237,29.219478607177734,16375500
2019-02-14,29.141908287349015,29.59538381697125,28.945002417372777,29.392513275146484,21602400
2019-02-15,29.52974311050992,29.834050574548165,29.493944843274328,29.831069946289062,28443000
2019-02-19,30.544112390738583,31.081124130432748,30.451627528736655,30.49040985107422,62091900
2019-02-20,30.374052871127915,30.53217299806703,29.431293366654135,29.79825210571289,52895400
2019-02-21,29.73262117923332,29.81018922375791,29.508865760158386,29.652069091796875,19239600
2019-02-22,29.780356395556083,29.881789957533034,29.57748244312852,29.699804306030273,24260700
2019-02-25,29.86985930109816,29.872843344297337,29.550634963527386,29.57151985168457,27705000
2019-02-26,29.54168451702275,29.553617274883134,29.198591268200893,29.4432315826416,25464300
2019-02-27,29.273177142842506,29.353725814829215,29.11505359902594,29.270193099975586,23706900
2019-02-28,29.270196159528542,29.67593726168704,29.168759176870395,29.532733917236328,34127700
2019-03-01,29.67594305497147,29.70279603458614,28.974842997507544,29.21649932861328,31057500
2019-03-04,29.27317713196985,29.413396418532813,29.049421716347595,29.192625045776367,23051400
2019-03-05,29.276160625024453,29.59240091500819,29.264227866630375,29.33881187438965,18357900
2019-03-06,29.317929263989335,29.535716606744163,29.195607398922597,29.314945220947266,14089800
2019-03-07,29.150859834025635,29.297047229187452,29.010640525528988,29.073291778564453,18379800
2019-03-08,29.103122326388817,29.36267944126424,28.939034102704714,29.115055084228516,16977000
2019-03-11,29.24930842156908,29.410412595158366,29.183673134978132,29.380578994750977,16035900
2019-03-12,29.395497507804052,29.45814875515755,29.252294168962212,29.347763061523438,15211500
2019-03-13,29.446212964339452,29.640134772550923,29.353724710129082,29.544662475585938,16446900
2019-03-14,29.517673890844303,29.523674089928146,29.27171721752926,29.46068572998047,14777400
2019-03-15,29.478677319164504,29.54766587318114,29.274715189046354,29.520671844482422,43800000
2019-03-18,29.484680902900386,29.925602873712535,29.472683936835598,29.892608642578125,17310300
2019-03-19,29.99158520453733,30.141555831208187,29.865605072483145,29.9495906829834,16243200
2019-03-20,29.75462818906773,29.859611070059607,29.556666257022137,29.586660385131836,18969300
2019-03-21,29.469682283781356,29.73363268633516,29.424691088953697,29.71263885498047,19653000
2019-03-22,29.568659741281518,29.853607357391017,29.376694597888903,29.478673934936523,20124300
2019-03-25,29.334702881042055,29.58065953174885,29.283711491341002,29.445682525634766,16222200
2019-03-26,29.50267575235448,29.649649731087802,29.403693066721342,29.490678787231445,14837700
2019-03-27,29.43669056316062,29.65265312239041,28.494861760589007,29.157739639282227,25413600
2019-03-28,29.27171888680453,29.35570451572693,28.953776969392976,29.133745193481445,24162900
2019-03-29,29.27170885994431,29.295706216819852,29.10674119092964,29.253711700439453,22319700
2019-04-01,29.385695156758683,29.50267500341079,29.262718544001313,29.3407039642334,25517400
2019-04-02,29.322710303839763,29.487681462082612,29.064756650081264,29.076753616333008,18822000
2019-04-03,29.130743763408255,29.21472938849515,29.03176107304958,29.15174102783203,17062500
2019-04-04,29.169733094563338,29.478674644731928,29.16673299551168,29.42768669128418,12078900
2019-04-05,29.469687731917137,29.754635451112776,29.44269369655171,29.64365577697754,13968000
2019-04-08,29.52967021069046,29.769626679674623,29.47268205107276,29.763629913330078,16267200
2019-04-09,29.634648276390916,29.763625072028763,29.439683033439984,29.601654052734375,13102500
2019-04-10,29.547666809034997,29.91060332134055,29.544666709616134,29.874608993530273,12273300
2019-04-11,29.904600212779425,30.243539329363276,29.835611663290337,30.234539031982422,16820700
2019-04-12,30.294539407315145,30.600484386484588,30.294539407315145,30.462507247924805,15486000
2019-04-15,30.384516276996585,30.867429308779755,30.37251931184005,30.72345542907715,15335700
2019-04-16,30.861424134199492,31.011398188604513,30.75644469894123,30.873424530029297,14485200
2019-04-17,30.894422038862828,31.014401983205026,30.717453937968425,30.942413330078125,11187600
2019-04-18,30.927420398172213,31.1343826546514,30.861431934858796,30.94841766357422,11183400
2019-04-22,30.82842664133643,31.056386081421145,30.645461815626515,30.7054500579834,15238200
2019-04-23,30.7534551809179,30.98141472361015,30.57648704022374,30.91542625427246,15152400
2019-04-24,30.93641790015556,31.149380336810957,30.921420835541074,31.053394317626953,14093400
2019-04-25,30.966410348728402,31.23936102902775,30.843433739042364,31.050395965576172,11883300
2019-04-26,30.12955870366198,30.696457280694673,29.892602368725203,30.453500747680664,24323100
2019-04-29,30.558489851875663,30.594484186509405,30.22855093802285,30.462507247924805,19139100
2019-04-30,30.525489747393888,30.870429094855268,30.429507161899803,30.846431732177734,18400800
2019-05-01,30.82543827829703,30.837435243478428,30.378516141057467,30.40251350402832,16011600
2019-05-02,30.423518494990716,30.612483616874208,30.066582087471495,30.33953285217285,15021000
2019-05-03,30.690471652481737,30.819448511511414,30.53450075450467,30.618486404418945,15950700
2019-05-06,30.219550856515806,30.759455582098834,30.156562486755757,30.732458114624023,13841100
2019-05-07,30.534480254558364,30.64545986891161,30.222535235425653,30.384506225585938,13726800
2019-05-08,30.069570960843027,30.306527299779223,29.95259112461573,30.08456802368164,17646000
2019-05-09,29.9338010929267,30.135830685361103,29.807155161722626,30.015216827392578,18720300
2019-05-10,30.08155804825579,30.79017486861282,30.063465278057528,30.729867935180664,26228100
2019-05-13,30.289615867688255,30.500693558633852,29.855399790816847,30.120752334594727,22084500
2019-05-14,30.196139053711278,30.416261400346354,30.12075194665995,30.241369247436523,19061100
2019-05-15,30.214230816976666,30.26247704551496,29.89158049710672,30.117734909057617,20220900
2019-05-16,31.00727771735336,31.348013885457128,30.407214201702192,30.54893684387207,51366000
2019-05-17,30.226289510940994,30.7419212599957,30.12678102413355,30.41324234008789,37113900
2019-05-20,30.271526846553293,30.750973177074343,30.229312683476305,30.612266540527344,21582300
2019-05-21,30.60923978670432,30.651453935001168,30.27453228357703,30.491641998291016,20667300
2019-05-22,30.636382311916243,30.886658081120697,30.473550879799745,30.826351165771484,22022700
2019-05-23,30.702722384015306,30.735891882525916,30.349922045924295,30.714786529541016,19363800
2019-05-24,30.811286470618665,31.02537679389209,30.781133001167294,30.95903778076172,13449600
2019-05-28,30.925867438104238,31.230421578357944,30.87761775265834,30.883649826049805,30815100
2019-05-29,30.790166337042358,31.022349346758375,30.597181442858712,30.793182373046875,19560600
2019-05-30,30.90476248770429,31.206300628881667,30.729870296804542,30.814298629760742,15058800
2019-05-31,30.561001153312127,30.76303419015542,30.33484672598042,30.588138580322266,17782500
2019-06-03,30.645427506801788,30.962042268784735,30.576072482427584,30.744935989379883,19844100
2019-06-04,30.94093045520057,30.95299114579431,30.588126785892275,30.925853729248047,17894700
2019-06-05,30.983159406047044,31.595283744470752,30.937929206571784,31.486730575561523,20708700
2019-06-06,31.507837028936876,31.860637389672767,31.420389222475276,31.69478988647461,24191100
2019-06-07,31.73097115963265,32.071710779122135,31.676692861104684,31.981246948242188,20428200
2019-06-10,32.10790268278427,32.499904684549634,32.074736627298456,32.421504974365234,18977100
2019-06-11,32.56623424595213,32.858727643843594,32.49085059473766,32.54814147949219,20241900
2019-06-12,32.54211517125299,32.84064069445646,32.54211517125299,32.81350326538086,13905300
2019-06-13,32.86777849511261,33.04267412023452,32.617502655414256,32.76224136352539,16455000
2019-06-14,32.80143769028181,33.04568489385719,32.70494522349964,32.888885498046875,13577700
2019-06-17,32.90396637193665,33.03362835617345,32.64464240346303,32.9160270690918,12441000
2019-06-18,33.10901576054323,33.157262005447656,32.84064710165101,33.063785552978516,14733600
2019-06-19,33.109004311642195,33.12106845682932,32.82857505120558,33.05472946166992,11773800
2019-06-20,33.11504493865847,33.31707801262351,32.95221344499341,33.26581573486328,15004500
2019-06-21,33.27183282879828,33.82968216585949,33.24771144223633,33.510047912597656,39535800
2019-06-24,33.61861563562929,33.8387380269677,33.4799055390243,33.54323196411133,18098400
2019-06-25,33.434667432148004,33.6005149211244,33.28992874654382,33.38642120361328,18315000
2019-06-26,33.42562528968768,33.49498032681435,33.19947086073288,33.21756362915039,12485100
2019-06-27,33.18740601150108,33.32309658138461,32.82555759012706,33.199466705322266,16443900
2019-06-28,33.33516314051493,33.624640548210664,33.241686707979554,33.317073822021484,19520100
2019-07-01,33.561307781568175,33.76334077113109,33.17533801733778,33.35626220703125,16544100
2019-07-02,33.41959646489253,33.65479902633848,33.271841717490446,33.65178298950195,12188700
2019-07-03,33.525136578984664,33.89301369849129,33.47085826921758,33.86888885498047,9621900
2019-07-05,33.772386042774706,33.84475710030682,33.53417097160841,33.766357421875,10738200
2019-07-08,33.748263226919015,34.05281727096586,33.68192424394064,33.98949432373047,14147100
2019-07-09,34.04077391081376,34.1885252290299,33.95332608395196,34.037757873535156,16270200
2019-07-10,34.11013067775335,34.2578820033891,33.89000480632726,34.06791305541992,13737000
2019-07-11,34.17646050934922,34.35738476549784,34.079968032849045,34.35135269165039,11689800
2019-07-12,34.4026096824757,34.60765875167476,34.26088702641821,34.556396484375,11229900
2019-07-15,34.577498678622874,34.70113200630675,34.51116313676709,34.67097854614258,10038000
2019-07-16,34.77651707095565,34.82476329934879,34.387531207503,34.60464096069336,10464600
2019-07-17,34.61971944667393,34.72827260335173,34.435779181855395,34.556396484375,8065500
2019-07-18,34.48100590250955,34.610664386686885,34.297065674630375,34.59257507324219,9670800
2019-07-19,34.67701707740723,34.77049697164092,34.33326477262688,34.3453254699707,11388900
2019-07-22,34.40562313807435,34.47799420432588,33.86888256618339,34.0196533203125,13550700
2019-07-23,34.1101277358672,34.134249131539846,33.642738598142714,33.79954147338867,17262600
2019-07-24,33.78143656651159,34.010606997298126,33.642726513268165,33.77238845825195,12531900
2019-07-25,33.826669164035636,33.889992122993405,33.66986978479188,33.83872985839844,11554500
2019-07-26,33.80858284423084,34.17645997376733,33.71812244299573,34.0799674987793,14187000
2019-07-29,34.02569276555624,34.06790692945513,33.70002979854359,33.85381317138672,11239800
2019-07-30,33.790496826171875,33.89302139540032,33.672895520391464,33.790496826171875,9105600
2019-07-31,33.74525434278303,33.87491630047596,33.05774298303526,33.283897399902344,18633900
2019-08-01,33.26580960843976,33.823655585227755,32.96426807156377,32.98236083984375,22365000
2019-08-02,33.09093171584963,33.21154562192553,32.611481776834204,32.988407135009766,16970100
2019-08-05,32.566240492682084,32.566240492682084,31.839530912884403,31.908885955810547,22710000
2019-08-06,32.02045218550863,32.51799123440585,31.839527953861637,32.34611511230469,21049200
2019-08-07,32.27072855602918,32.759222954597796,31.939037001358887,32.62654495239258,21835500
2019-08-08,32.72958056555482,32.981088403300404,32.6568532350361,32.88412094116211,13123200
2019-08-09,32.74472594727161,32.86593352042087,32.33564345223406,32.508365631103516,12580500
2019-08-12,32.338673429539845,32.37503708759808,31.768988835334927,31.884138107299805,17605200
2019-08-13,31.893242972926117,32.75989208777391,31.772035343561424,32.54777526855469,20025900
2019-08-14,31.96292047959536,32.74472170941231,31.85989128148913,32.18109893798828,27938400
2019-08-15,34.099232808625885,34.43559138927367,33.38106975171421,34.1477165222168,59438700
2019-08-16,34.568929081344535,34.826498642327785,33.956819045817774,34.23863220214844,32895600
2019-08-19,34.65074695728828,34.78104371657647,34.42347928058662,34.48711395263672,21534300
2019-08-20,34.5022563802946,34.556798389824095,33.941661066681874,33.95378112792969,18336900
2019-08-21,34.53862694198325,34.565901422771944,33.90227671957941,33.9447021484375,24469200
2019-08-22,33.999251421261846,34.17803540261666,33.74168180762305,33.911373138427734,17986200
2019-08-23,33.8234938471323,33.91136865050671,33.3719858943089,33.584102630615234,18710100
2019-08-26,33.80531149552721,34.020455643805384,33.70228227816188,33.935611724853516,17807100
2019-08-27,34.06590270996094,34.18408285480198,33.79015135055119,34.06590270996094,17201100
2019-08-28,34.0234834747607,34.26590208108304,33.84166865306163,34.15681457519531,16113000
2019-08-29,34.60529177349456,34.723471940216434,34.335602129262234,34.568931579589844,15811500
2019-08-30,34.84771092541953,34.962860210743784,34.51438660209224,34.62347412109375,17115900
2019-09-03,34.44771841767693,34.94164830043404,34.39014551331883,34.73862075805664,17828100
2019-09-04,35.05680092558775,35.13861744146727,34.793173012491614,35.12346649169922,17348700
2019-09-05,35.656782229724925,35.74466049952477,34.9295263459368,34.981040954589844,17479200
2019-09-06,34.98103963668702,35.07497620125257,34.732562719814226,34.765892028808594,13039200
2019-09-09,34.69620250728323,35.33558016070855,34.66589714257192,35.250736236572266,17921100
2019-09-10,35.14771172055738,35.44164501463881,34.993167864366505,35.1658935546875,14572200
2019-09-11,35.15074101718992,35.36285778202405,34.91438065200012,35.15679931640625,15852300
2019-09-12,35.34769933198014,35.47497215062556,35.120431643286466,35.42951583862305,13422900
2019-09-13,35.50224035407972,35.81435540789442,35.43860568370762,35.58405685424805,16915800
2019-09-16,35.31437241515961,35.50527645432823,34.96286276716236,35.02043914794922,18270900
2019-09-17,34.94467995784021,35.35982427395526,34.92347071041211,35.30527877807617,13813500
2019-09-18,35.42648449540616,35.52345193935551,35.20527512976401,35.50223922729492,11868000
2019-09-19,35.574981163344546,35.69922314820433,35.38407706122794,35.48710632324219,10141800
2019-09-20,35.5598262067927,35.647701028434575,35.393162279085175,35.44770431518555,33997200
2019-09-23,35.33558289803471,35.881027487644936,35.320431948420264,35.641639709472656,15487500
2019-09-24,35.83253407139949,36.32040214636209,35.759806758641005,35.877986907958984,21819300
2019-09-25,35.899208068847656,35.97496281427811,35.69921137951531,35.899208068847656,13840800
2019-09-26,35.999200060995534,36.22646774690543,35.814357803391026,35.84769058227539,11960700
2019-09-27,36.12344126458932,36.12949956291782,35.68102596644606,35.89314270019531,10304100
2019-09-30,35.95981396507261,36.19313998175551,35.92648118157075,35.96284484863281,10204200
2019-10-01,36.01435247538161,36.09313809350391,35.67193552397469,35.711326599121094,11187900
2019-10-02,35.57495422414983,35.62041051980144,35.032544236702485,35.18708801269531,17833500
2019-10-03,35.1143668433545,35.39314909095951,34.720435331133764,35.244667053222656,15619500
2019-10-04,35.271953822947125,35.84770040330739,35.20831913088502,35.805274963378906,13881000
2019-10-07,35.78708792981174,35.84769172322868,35.417396467176886,35.52345657348633,14085000
2019-10-08,35.39618679786193,35.95980969914038,35.35073048551178,35.629512786865234,15375300
2019-10-09,35.81132940525325,36.150715516098444,35.76284567513251,36.038597106933594,11710200
2019-10-10,36.02949278393831,36.32645683515277,35.93858711985003,36.2446403503418,13024500
2019-10-11,36.338579785334616,36.577970961888006,35.97495363224824,36.435550689697266,18383700
2019-10-14,36.31737894679434,36.50222121480628,36.090111248088284,36.11132049560547,13719900
2019-10-15,36.159805601914755,36.359798807086804,36.020412720308826,36.22040939331055,13550100
2019-10-16,36.15374760099561,36.39616625965594,36.09011291983664,36.18708038330078,11344800
2019-10-17,36.26283170316186,36.43858478060107,36.168895132027245,36.31434631347656,11732700
2019-10-18,36.49918868755175,36.54464152736124,36.099195374437706,36.10222625732422,16776900
2019-10-21,36.15071885070475,36.31132100480456,36.005267646925844,36.28404998779297,10230300
2019-10-22,36.28707598213177,36.41434533481136,36.177984993123744,36.23556137084961,7634100
2019-10-23,36.11133278123301,36.31739130252615,35.96588154328959,36.16587829589844,8520000
2019-10-24,36.105269359934084,36.23253874160636,35.911334403513365,36.090118408203125,8700900
2019-10-25,36.05980223922222,36.15980056178483,35.81738363959888,36.071922302246094,7692900
2019-10-28,36.135565470291006,36.2719274818392,35.917386945379896,36.1264762878418,10213800
2019-10-29,35.90829286872371,35.97798930671157,35.47800111223196,35.499210357666016,14373300
2019-10-30,35.50830040839705,35.86889916834378,35.46890586776585,35.78708267211914,8988600
2019-10-31,35.735574567073684,35.84163120925953,35.4022467559726,35.53254699707031,14643900
2019-11-01,35.73254540715932,35.747696356773766,35.52345952821593,35.641639709472656,11287800
2019-11-04,35.877995219658644,36.093142857277506,35.50527632499806,35.62648391723633,13938000
2019-11-05,35.65980430994104,36.10221949713522,35.477992984747495,36.017372131347656,12651300
2019-11-06,36.008291075629785,36.247678815403084,35.971927415256,36.2113151550293,10843200
2019-11-07,36.36283300231166,36.64161532308658,36.2234435758392,36.43252944946289,13324200
2019-11-08,36.45677333595447,36.62949556208614,36.041632429361535,36.19314193725586,11498100
2019-11-11,35.96889309697023,36.25070623620764,35.84162376564662,36.071922302246094,13317000
2019-11-12,36.24162351847442,36.36283110598514,36.00223229104709,36.09617233276367,15189300
2019-11-13,36.10828727139796,36.774939311547,35.956774340691126,36.6597900390625,23135400
2019-11-14,37.756741535153054,37.99309842630682,36.21435130619116,36.55979919433594,67512600
2019-11-15,36.56886501832201,36.6658324196001,35.87191138815724,36.02039337158203,30413100
2019-11-18,35.89314233160067,36.62645997687009,35.82950765891234,36.43858337402344,19644000
2019-11-19,36.39616002951718,36.471914763684275,36.27494898702038,36.32949447631836,11146200
2019-11-20,36.42646340110234,36.50827990445409,35.87799147425481,36.09919738769531,15227700
2019-11-21,36.00830035586546,36.3628374663091,35.959816618814784,36.32041549682617,12908400
2019-11-22,36.40828347792054,36.45373632264608,36.14162470816618,36.16889572143555,11529300
2019-11-25,36.3628304515239,36.36889221792225,35.72648022505628,36.03556442260742,17644500
2019-11-26,36.04768179780168,36.150711011907575,35.893141444472334,36.11737823486328,18877500
2019-11-27,36.177983642252435,36.302225574900795,35.977990438864936,35.98707962036133,10302300
2019-11-29,36.10222904225433,36.35374032379547,36.05980708205892,36.08707809448242,9471900
2019-12-02,36.10525461963147,36.17494758200886,35.70829221711667,36.14464569091797,17012700
2019-12-03,35.87799184541123,36.04768315215169,35.6870878248921,35.959808349609375,19784400
2019-12-04,36.09616978477089,36.12040991343003,35.84768939295217,35.96586608886719,16669800
2019-12-05,36.026740013816045,36.154580198618106,35.74061835334038,36.1180534362793,13058400
2019-12-06,36.24589335259663,36.46505044162237,36.19719216430022,36.458961486816406,13022400
2019-12-09,36.39505873321846,36.48333120303843,36.27634844163585,36.331138610839844,14448000
2019-12-10,36.32807261136806,36.39199269588065,36.227625769024456,36.26415252685547,12846900
2019-12-11,36.34329740776815,36.41939192943843,36.078483595618096,36.2215461730957,10519200
2019-12-12,36.22155656514923,36.55942051835997,36.124154156112716,36.452884674072266,12447000
2019-12-13,36.27024399789736,36.723773575057415,36.22762828300945,36.61419677734375,16098900
2019-12-16,36.65376940787056,36.93684661328931,36.65376940787056,36.6902961730957,16052100
2019-12-17,36.815091925069915,37.04337898286635,36.73899740026579,36.9155387878418,13727400
2019-12-18,36.985545310274695,37.03729097695487,36.47722555923879,36.483314514160156,15309000
2019-12-19,36.50767342463052,36.68117037046445,36.45897222199426,36.550289154052734,13392300
2019-12-20,36.97640945358942,37.17121768107891,36.532013308212605,36.61419677734375,23863200
2019-12-23,36.58680582044858,36.735953879657586,36.22458960285302,36.23067855834961,13457400
2019-12-24,36.26110808989136,36.404170644323735,36.224581332019966,36.376773834228516,6682200
2019-12-26,36.40721892423515,36.480272454598264,36.206328682504704,36.379825592041016,12671400
2019-12-27,36.50767065436618,36.50767065436618,36.297646951645824,36.40113830566406,10632000
2019-12-30,36.46505459201349,36.468099069762985,36.26111638340699,36.343299865722656,8837400
2019-12-31,36.373730325280924,36.46504722238985,35.974990905286234,36.1728401184082,14736000
2020-01-02,36.17892906655712,36.49244405722761,36.13022787787936,36.20328140258789,20294700
2020-01-03,35.99934802496168,36.15762952184799,35.79236881627559,35.88368225097656,16197600
2020-01-06,35.734532789016434,35.9445599507003,35.542772493618926,35.810630798339844,19336500
2020-01-07,35.691927143119685,35.771066161389584,35.36928211348672,35.478858947753906,20540700
2020-01-08,35.399709859329775,35.53059452091621,35.21099406047666,35.35709762573242,17627400
2020-01-09,35.35406456521394,35.72541081140159,35.33275669984243,35.72236633300781,16691100
2020-01-10,35.68582980079308,35.71626760666671,35.30230578334142,35.42405700683594,18164400
2020-01-13,35.42405486489249,35.47580052510226,35.11663234748064,35.27186584472656,18337800
2020-01-14,35.14708052815041,35.372323131202116,35.04358917717664,35.363189697265625,19757400
2020-01-15,34.891395580462174,35.268830720656524,34.85791329046976,35.0892448425293,22362600
2020-01-16,35.15621047887849,35.28709516489357,35.08924589688153,35.27796173095703,16108200
2020-01-17,35.32362261565575,35.39971714967355,34.894441780349524,34.991844177246094,30135000
2020-01-21,34.87922356857083,35.21404300830544,34.857915705267466,35.1836051940918,22061100
2020-01-22,35.07097837354491,35.4697213404908,35.05880394645068,35.338836669921875,14778300
2020-01-23,35.37231546958842,35.402753276015105,35.016188257659145,35.25056076049805,12915300
2020-01-24,35.30840124332568,35.3175311934165,34.74529128076157,34.812255859375,13150200
2020-01-27,34.45308754099346,35.37841033903217,34.297853990303246,35.26578903198242,21055200
2020-01-28,35.30231613294526,35.5823489058171,35.29318618185997,35.49103546142578,15810600
2020-01-29,35.478848488255665,35.64930438765019,35.2749137878418,35.2749137878418,11326500
2020-01-30,35.18969551849947,35.52755944946884,35.10446754535679,35.484947204589844,13744500
2020-01-31,35.2475172259107,35.38753531927875,34.66919192156854,34.848777770996094,23327400
2020-02-03,34.97357485841475,35.12272290649116,34.73006890748914,34.78181457519531,13041300
2020-02-04,35.07706695003798,35.38144852441104,34.97053113480783,35.08619689941406,15696600
2020-02-05,35.18664554191264,35.59756295233161,34.958358478722566,35.55495071411133,17048700
2020-02-06,35.56103373508077,35.68278845263585,35.3266612159477,35.40275573730469,16058700
2020-02-07,35.3418780594274,35.539723803419136,35.23534225235584,35.44536590576172,11068800
2020-02-10,35.232301507236905,35.606692143556735,35.01923335390671,35.08011245727539,18434700
2020-02-11,35.13490433454351,35.156212198053,34.8335671842059,35.12577438354492,17390400
2020-02-12,35.156209078853884,35.43624182422098,35.12881574490398,35.26274490356445,14206800
2020-02-13,35.26274049888121,35.777145724265274,35.18055702391279,35.746707916259766,15999600
2020-02-14,35.81671767217548,36.0906649430469,35.66148413650698,35.88368225097656,24391800
2020-02-18,36.06022442223075,36.510709572991516,35.72235707577619,36.413307189941406,34539600
2020-02-19,36.37374360391438,36.50767277964414,35.819766998291016,35.819766998291016,21563400
2020-02-20,35.67670372366922,35.950647516388365,35.570171381150125,35.82280731201172,15068700
2020-02-21,35.74671828571341,36.145457866313116,35.707147033797064,36.09371566772461,18726300
2020-02-24,35.75279751847927,36.05718260046878,35.293182384434445,35.40580368041992,19848000
2020-02-25,35.414940632842864,35.63409779587217,34.71486037926039,34.81835174560547,23292900
2020-02-26,34.91270026411644,35.05575936134093,34.593096299339,34.632667541503906,20019900
2020-02-27,34.26132688156713,34.720945539616764,33.588640040647824,33.603858947753906,28476900
2020-02-28,32.77898060458131,33.03161653383515,31.76842992079735,32.775936126708984,52369200
2020-03-02,32.75157874691493,35.43014381905248,32.657217374351994,35.27186584472656,51222600
2020-03-03,35.3327529144617,35.774108182881854,34.19436195409519,34.36785888671875,33340800
2020-03-04,34.77268850415431,35.564082062079336,34.5383124762684,35.54277420043945,24625200
2020-03-05,34.82138311426223,35.68887460788301,34.67223854622268,35.2840461730957,25638300
2020-03-06,34.66006013490778,35.88976420247216,34.39828734307334,35.68278503417969,29411100
2020-03-09,34.64484044271983,36.71768721422076,34.313065548881646,35.66147994995117,59243400
2020-03-10,35.94761168997321,36.7329164131001,34.97967310093102,36.46201705932617,37797300
2020-03-11,35.768021718406764,36.230684882145496,34.33437898653434,34.83052444458008,31620000
2020-03-12,32.27065363050365,33.9356273523446,31.345331115364583,31.6710205078125,56323200
2020-03-13,32.946402062789055,34.879231576172195,31.61929146141099,34.73008346557617,42962100
2020-03-16,32.021061731574605,33.88692932151347,31.04703794076664,32.49589920043945,36753900
2020-03-17,34.325237800472394,36.303726545154326,33.62211333354177,36.300682067871094,52806000
2020-03-18,35.00401441608129,38.98534126690011,34.85182536626251,37.31123733520508,77355900
2020-03-19,38.05110476493041,38.82765585268154,35.962969988153,36.5193977355957,57100500
2020-03-20,36.534667642415556,37.5405189662461,34.20806637100925,34.84398651123047,55423500
2020-03-23,34.905151293506016,35.93545978551467,34.30591918616469,34.93878173828125,39366000
2020-03-24,35.42488345517913,35.88347779083633,34.03075625492557,35.16807174682617,42705000
2020-03-25,34.53826879821645,34.853171049000586,33.03407987064609,33.446815490722656,53287500
2020-03-26,33.446823753208186,33.896247872491536,32.66721455509408,33.57522964477539,58250700
2020-03-27,33.663886437329715,34.32731792016811,33.202234104286816,33.50185012817383,36160500
2020-03-30,34.198907648586015,35.40348048942889,33.91763585613622,35.21698760986328,29212500
2020-03-31,34.9479525321764,35.522724551178975,34.43738345423495,34.73699951171875,26258400
2020-04-01,34.28756707483826,35.32093327763088,34.18056336539618,34.89596939086914,28269600
2020-04-02,34.60246612280874,36.41544460864231,34.34565444471694,36.27480697631836,29515500
2020-04-03,35.83456461378435,36.660035898235996,35.77953202855509,36.52857208251953,28625100
2020-04-06,36.400163594103915,38.64116069903925,36.363475206593506,38.54332733154297,47768700
2020-04-07,37.904354218431195,38.671734948315176,37.188944624621186,37.29595184326172,41369700
2020-04-08,37.8157051078169,37.852393510495034,36.86794353102332,37.25010681152344,27876600
2020-04-09,36.143350337809125,37.56499569105568,35.9721436848169,37.23786163330078,32828700
2020-04-13,37.07582377867458,38.421034347777976,37.045251288303675,38.30791473388672,24194100
2020-04-14,38.858221796392684,39.68063140917281,38.53414576999988,39.43910598754883,34098900
2020-04-15,39.439118513370104,39.70815855616618,38.86434653716344,39.36574172973633,22435200
2020-04-16,39.439122673259554,40.637583441571955,39.20982544841502,40.45720291137695,31882200
2020-04-17,40.19732338144989,40.65285977054639,39.66229432149614,40.39299011230469,30915300
2020-04-20,40.475544533048186,40.77821503120376,39.671475322549306,39.69898986816406,24401700
2020-04-21,39.76625025234201,40.0597503978385,39.18230791055586,39.50332260131836,27900600
2020-04-22,39.74484461520211,40.472482515406135,39.40854370674643,40.23095703125,19448100
2020-04-23,39.698983364703935,40.078088536703376,39.0508381827288,39.2954216003418,28839900
2020-04-24,39.54612056045801,39.7112113044173,39.30459159496054,39.57363510131836,17343600
2020-04-27,39.74483304826889,39.83961194378235,39.185347514518405,39.225093841552734,17923800
2020-04-28,39.21899392142678,39.81822602631052,39.04167134915634,39.133392333984375,20732100
2020-04-29,38.39046010547224,38.448547134766734,37.467155543697636,37.78817367553711,44612100
2020-04-30,37.62919857741502,37.7392602469757,37.005509951908884,37.16143035888672,40497900
2020-05-01,37.14002633451148,37.81568956106123,36.92601540527126,37.58027648925781,31143900
2020-05-04,37.86154544252709,38.03275557253403,37.21034235638756,37.81874465942383,17807700
2020-05-05,37.849318176732886,38.29568420750983,37.68422393930576,38.13364791870117,19337400
2020-05-06,38.28039496223887,38.366000022859936,37.558873091912474,37.696449279785156,17309100
2020-05-07,37.911398893098585,38.071080043067965,37.3095346022514,37.42929458618164,27345600
2020-05-08,37.693389321067094,37.77322816140774,37.346394869987584,37.751731872558594,20830800
2020-05-11,37.78243887078663,38.172425899794256,37.77322818366765,37.975894927978516,25341900
2020-05-12,38.22463025893193,38.586978241892155,38.00967788696289,38.00967788696289,19100100
2020-05-13,37.92368909641922,38.76507345729546,37.79778629806018,37.98817443847656,29175300
2020-05-14,38.33824685909051,38.42422498723266,37.248131627250054,37.89912796020508,22233000
2020-05-15,37.91446161812662,38.672935485839844,37.7977730604641,38.672935485839844,31770000
2020-05-18,39.151994231159364,39.477492413897444,38.722089512219554,39.20112609863281,38633700
2020-05-19,40.45705569582823,40.53075172868482,38.3259573162982,38.36894989013672,74746200
2020-05-20,38.841846511170985,38.87255348667594,38.27068552137688,38.52248764038086,32246400
2020-05-21,38.35052242948976,38.734363082989944,38.15399500281164,38.381229400634766,22448100
2020-05-22,38.415010780505156,38.49177821438032,38.0066024095887,38.17856216430664,22359600
2020-05-26,38.181624826385054,38.54090125456107,37.96360114705029,38.03422927856445,23730600
2020-05-27,38.06802155613339,38.22769924607813,37.165223056540654,37.61048126220703,31073700
2020-05-28,37.99124697598447,38.36894835399587,37.819283715890776,37.982032775878906,24424800
2020-05-29,38.15092437693336,38.295248549918234,37.441582083691,38.09564971923828,29311200
2020-06-01,37.90527135039753,38.203133945615974,37.57363037781665,38.06494903564453,20550300
2020-06-02,37.951340558739375,38.12330037150044,37.71182397568998,38.058815002441406,19187700
2020-06-03,38.046516569937204,38.074155654940256,37.66574380740245,37.91447448730469,20262900
2020-06-04,37.708741441962026,38.043450279171466,37.40780746573657,37.49686050415039,24015000
2020-06-05,37.638109413768426,37.67188778546054,36.82129272152086,37.327964782714844,39337200
2020-06-08,36.71996604687467,37.22970962524414,36.683116266706165,37.22970962524414,28344300
2020-06-09,37.34025239541155,37.46308381452383,37.020897031258336,37.263484954833984,20746200
2020-06-10,37.32796292558221,37.61661125641978,37.19592084538923,37.20513153076172,28141500
2020-06-11,37.15293380063463,37.641180978111116,36.68925079493911,36.876564025878906,34162800
2020-06-12,37.005536671504025,37.079236219122386,35.94613203089895,36.15494155883789,32359200
2020-06-15,36.357605898350755,36.4435875185514,35.93077271121823,36.259342193603516,32703300
2020-06-16,36.78752287521406,36.91956499257668,36.40060721109146,36.741458892822266,25167600
2020-06-17,36.80592932728343,36.888836020003964,36.35759993014846,36.551055908203125,20166900
2020-06-18,36.40060069448562,36.560281875534145,36.13037722088967,36.231712341308594,20070000
2020-06-19,36.50808431204635,36.94105692023309,36.15801843620714,36.80287551879883,40078800
2020-06-22,37.146791041115456,37.490714045737825,36.97175638168755,37.36481475830078,27338400
2020-06-23,37.69338412572658,37.724091097456885,37.14371949202866,37.17749786376953,19727700
2020-06-24,37.076168806892944,37.19285742704794,36.71996365959132,36.94105529785156,20614800
2020-06-25,36.77522973747604,36.89806114170649,36.351467894128305,36.7598762512207,20569800
2020-06-26,36.72610437642944,37.10687367784564,36.240925034456744,36.333045959472656,26991600
2020-06-29,36.38832418171287,36.750672144913345,36.302342534776336,36.56028747558594,16511400
2020-06-30,36.60941612046291,36.88885029857804,36.4006030656865,36.781375885009766,20509200
2020-07-01,36.68002743391699,36.824351571100806,36.437439605775666,36.753726959228516,19733700
2020-07-02,36.87656963198037,37.11915755758788,36.49886819847411,36.606346130371094,17695800
2020-07-06,36.78751336600582,36.80900965128618,36.302334089454774,36.50807571411133,21695100
2020-07-07,36.372972769960704,39.16735009857151,36.30234460799481,38.98310470581055,93458100
2020-07-08,39.30553178662578,39.34544945135559,38.20006303523479,38.212345123291016,52217100
2020-07-09,38.57161688009846,39.36079804512943,38.368950152715016,39.228755950927734,42771600
2020-07-10,39.53275774832721,40.34036372741764,39.078285445864466,40.128482818603516,44236800
2020-07-13,40.32808916451521,41.034356649512766,39.57882558705415,39.772281646728516,42338400
2020-07-14,39.69859017868174,40.68737039426542,39.62181921471412,40.536903381347656,26455800
2020-07-15,40.616735157650425,41.18789261574156,40.16533419751861,40.5338249206543,31731300
2020-07-16,40.549177271379655,40.75798680107022,40.30044656736296,40.595237731933594,17676600
2020-07-17,40.95451609479512,40.95451609479512,40.37107307558022,40.453983306884766,18189600
2020-07-20,40.52154548777694,40.76106201357158,40.2697433600019,40.37107849121094,18342600
2020-07-21,40.39871750858368,41.14490975398657,40.36493912863665,40.63516616821289,21712500
2020-07-22,40.70887213111447,40.85012848682263,40.2851100923687,40.73651123046875,16164600
2020-07-23,40.84090173068027,40.88696219652917,40.32194748991047,40.423282623291016,16796400
2020-07-24,40.211403650510235,40.65665835651174,40.07629013267827,40.300453186035156,13037400
2020-07-27,40.183758952636126,40.5276819864747,40.183758952636126,40.291236877441406,14045700
2020-07-28,40.38028994074107,40.65051696239941,40.20218736473366,40.46012878417969,14414100
2020-07-29,40.39871307409396,40.49083751574104,39.873616056364035,40.13155746459961,14223300
2020-07-30,39.74157156325717,40.04864481718593,39.526619231250656,39.95652389526367,13788300
2020-07-31,39.81219880381734,39.947312297571784,39.18883810947333,39.73542785644531,21631500
2020-08-03,39.89203245843739,39.956517796778286,39.388431836587735,39.704715728759766,14971500
2020-08-04,39.812203936635136,40.44477539884086,39.594180181257755,40.423282623291016,18219600
2020-08-05,40.05785555278435,40.14997646673792,39.56039418338486,39.861328125,25483500
2020-08-06,39.65251725421161,39.99030098545675,39.62181028122347,39.72007751464844,14496300
2020-08-07,39.79070142195899,40.06092840203224,39.646377245868834,39.91046142578125,16558500
2020-08-10,39.99337047192467,40.63822741638283,39.81219652861351,40.496971130371094,17683200
2020-08-11,40.71499704432003,40.80097867772944,39.83676285185757,39.9810905456543,25360200
2020-08-12,40.06399805236277,40.60444847471798,39.63716482870688,40.50004196166992,19094400
2020-08-13,40.45687756277859,40.68813019216387,40.308876021117406,40.654212951660156,19867200
2020-08-14,40.80530046482305,40.99955183589062,40.58638040465223,40.885467529296875,20106300
2020-08-17,41.42505218626205,41.97389253747421,41.27088612537405,41.81047439575195,39465000
2020-08-18,41.98622922337685,42.43640192819901,41.06121865303187,41.53605651855469,80232600
2020-08-19,41.381893726824586,41.52064320620689,40.65421849887469,40.82688522338867,38155200
2020-08-20,40.45687977221708,40.722049656587586,40.09920671385961,40.259544372558594,26810700
2020-08-21,40.253368074601646,40.907040569946105,40.114618634988595,40.58637237548828,24864000
2020-08-24,40.77754437598601,40.84846288157783,40.18553823009336,40.49387741088867,19813800
2020-08-25,40.330467356546094,40.46613635288385,39.98204631078593,40.27804946899414,21722400
2020-08-26,40.14854362293102,40.355131120046984,39.99129350812428,40.29962921142578,18814800
2020-08-27,40.416795038604086,42.96674219077541,40.361293133438465,42.1280632019043,119018700
2020-08-28,43.475498672428245,43.49708333544432,42.5011542102223,43.25966262817383,64050900
2020-08-31,42.39015248720363,42.82490505970945,41.788894199609935,42.81257247924805,45236400
2020-09-01,43.53716142414086,46.1241097090735,43.18257593554224,45.5074348449707,106798200
2020-09-02,46.635947718012105,46.66061287710154,44.896926971344676,45.53518295288086,51666000
2020-09-03,45.2330177031725,46.12719504649962,43.72524950543068,44.56700897216797,48015000
2020-09-04,44.40667841187789,44.72118216805186,43.19799724053019,44.039756774902344,33982200
2020-09-08,43.601913969065244,43.752999547373754,42.63065356980804,42.689239501953125,33966900
2020-09-09,43.19490617056596,43.971915116274594,42.99757078934693,43.13323974609375,33669000
2020-09-10,43.18565252570371,43.33365404416497,42.115721132653285,42.183555603027344,33709200
2020-09-11,42.25757036371731,42.68615843891356,41.79506504351212,42.14965057373047,28879800
2020-09-14,41.976986491640965,43.50633605486559,41.89681588665756,42.340824127197266,45733800
2020-09-15,42.62141099504773,42.88349689124156,42.14348903222913,42.35315704345703,30427800
2020-09-16,42.67689786699085,42.76014894921252,41.94922278642655,42.013973236083984,27860400
2020-09-17,41.75807306602952,42.417913948203555,41.63165614029438,42.146575927734375,37245000
2020-09-18,42.06946729054806,42.40555558364259,41.54837976357116,41.714881896972656,54709200
2020-09-21,42.08797836818617,42.31614696952563,41.714892252875444,42.263729095458984,47275500
2020-09-22,42.26373414552771,42.85574390901544,42.10956806059879,42.64607238769531,33102000
2020-09-23,42.85881993847763,42.9328224744349,41.87831103748964,41.930728912353516,23133300
2020-09-24,41.850563423609984,42.485738996339904,41.647063482191875,42.14965057373047,29453100
2020-09-25,42.094144871577654,42.408648575756345,41.921474649088005,42.32539749145508,22618800
2020-09-28,42.29149137754655,42.565909860917436,42.155822385420585,42.31924057006836,21197100
2020-09-29,42.31922225654726,42.593640621164404,42.05405244255649,42.28530502319336,27702900
2020-09-30,42.36239909669533,43.703665120173234,42.303816693958794,43.139408111572266,34826400
2020-10-01,43.413826318000616,44.51767155047405,43.24732414861041,44.1168327331543,43290900
2020-10-02,43.88866438465912,44.12300103389958,43.20723909713056,43.32132339477539,24585000
2020-10-05,43.564910256703534,43.84241268579419,43.49707578069374,43.72216033935547,14259000
2020-10-06,43.74375026431261,44.07367060354662,43.24424371464003,43.361412048339844,21475500
2020-10-07,43.555654565276924,43.645073693140766,43.24423492399902,43.44157028198242,16949100
2020-10-08,43.63274808453383,43.81158638328879,43.51249924776788,43.58649826049805,14676900
2020-10-09,43.679000813925796,44.19700448155147,43.64816759834192,44.02433776855469,14494800
2020-10-12,44.09834204022379,44.82910133408587,44.09834204022379,44.477596282958984,18402300
2020-10-13,44.610159635523445,45.20216915596162,44.51149197022276,45.08808135986328,23800200
2020-10-14,45.14051599891828,45.180601296625134,44.32650569327563,44.38200759887695,19710900
2020-10-15,44.119918258175296,44.69650781670245,44.042835224779175,44.56392288208008,13692600
2020-10-16,44.8321787316455,45.063431370544194,44.54542418910243,44.61942672729492,16935000
2020-10-19,44.73968411486497,44.8229352153687,44.015089373410326,44.076759338378906,14643300
2020-10-20,44.4344251410112,44.872261741991416,44.28333956188007,44.36967468261719,14523000
2020-10-21,44.351175140815,44.933932809361416,44.351175140815,44.523841857910156,13114200
2020-10-22,44.45908847663802,44.57317630959941,43.9965832050212,44.26175308227539,13344000
2020-10-23,44.391264580148686,44.443678935593525,44.04592758510895,44.35426330566406,10540500
2020-10-26,44.042839547015284,44.12917467007266,43.45699784980675,43.833168029785156,16111800
2020-10-27,43.79924857478848,44.30800720535103,43.77458341438043,44.052085876464844,11831100
2020-10-28,43.4631673051032,43.82392088851444,43.13016291160496,43.17949676513672,16849200
2020-10-29,43.16716670888402,43.50941967616076,42.766327802253954,43.14249801635742,15153900
2020-10-30,42.914323221912255,43.19490971061829,42.35623427170354,42.78173828125,18601800
2020-11-02,43.34909040151034,43.416924902794804,42.86808436517074,43.290504455566406,16575600
2020-11-03,43.67591678664034,44.44984178942873,43.651248096992035,44.02433776855469,15413100
2020-11-04,43.651247272375365,44.5207594614102,43.580332289326236,43.77149963378906,17927400
2020-11-05,44.40050157139895,44.47142007425281,44.07366529871825,44.237083435058594,14202600
2020-11-06,44.51151383148023,45.08502300526692,44.26176051940585,44.94626998901367,16198500
2020-11-09,45.633862257577256,45.69553222826226,44.24018161263466,44.25868225097656,28198500
2020-11-10,44.32342275023243,45.1528460893927,44.25558826778357,44.88151168823242,18199200
2020-11-11,45.30084572828997,45.929853149410945,45.1405116103211,45.627685546875,18805800
2020-11-12,45.781855988567855,45.85277450195025,45.356351965544214,45.70477294921875,12564300
2020-11-13,45.92368428970876,46.54035554460312,45.48584424067177,46.417022705078125,19738200
2020-11-16,46.41394648160435,47.29887175133023,46.0285242360211,47.00286865234375,34560300
2020-11-17,46.40469537091014,47.24953882594145,45.99768848575975,46.0562744140625,42711600
2020-11-18,46.20736087312765,46.76544980879994,45.95760760568993,45.969940185546875,24936900
2020-11-19,46.084026966563016,47.00595352235032,46.04086117042513,46.904205322265625,18590700
2020-11-20,46.61128257674221,47.10153705513798,46.19194661123582,46.32453155517578,21937200
2020-11-23,46.3646184055425,46.6822062060777,46.05628268786013,46.537288665771484,18557100
2020-11-24,46.78704062958976,46.86103964710864,46.333783855982496,46.66987228393555,17155200
2020-11-25,46.635950240368516,46.98745171253221,46.62361413152152,46.81478500366211,13833300
2020-11-27,46.91345983225773,47.089210595049146,46.58970749852728,46.743873596191406,10999500
2020-11-30,46.7438572727416,47.16011264834553,46.28135208398936,47.11077880859375,32695500
2020-12-01,47.36054397618665,47.37904461183792,46.76236969512533,47.06454086303711,22935300
2020-12-02,46.86719501722403,47.058362328656315,46.10560274091988,46.41085433959961,23547000
2020-12-03,46.33686968045114,46.33686968045114,45.75411195710983,46.034698486328125,25725900
2020-12-04,46.099435314830494,46.099435314830494,45.504345185575644,45.914432525634766,20889300
2020-12-07,45.77569399012239,45.9391121597469,45.37485510610386,45.66777420043945,18479100
2020-12-08,45.43651995899697,46.20428045538901,45.38102158098771,46.0809440612793,20716500
2020-12-09,46.250529676143074,46.250529676143074,45.59993752762632,45.717105865478516,20139600
2020-12-10,45.72329465400418,45.84707833446954,45.358127130177664,45.50357437133789,20652300
2020-12-11,45.46643681825989,45.649020576027546,45.16316468308547,45.49119567871094,16860900
2020-12-14,45.70782349018809,45.71401409106806,44.99605667494032,45.073421478271484,25088100
2020-12-15,45.03320099227147,45.2931496096875,44.828953626282136,45.0517692565918,31871400
2020-12-16,45.256014469278625,45.457166540462545,44.89703745883205,45.005348205566406,25650900
2020-12-17,45.20030697030954,45.31790006247249,44.918691276338535,45.212684631347656,30679500
2020-12-18,45.37360650572867,45.546907932723975,44.9217882167725,45.16626739501953,41384100
2020-12-21,45.02699996620947,45.38907218279755,44.89083508707317,45.172447204589844,25553100
2020-12-22,44.91868843378691,45.25291005140311,44.29666762219408,44.624698638916016,37599000
2020-12-23,44.42044711005953,44.63088146386283,44.03671137674782,44.32141876220703,20430600
2020-12-24,44.42045462701952,44.683498499169964,44.30904506068259,44.40807342529297,9054600
2020-12-28,44.575182059473036,44.96510843956944,44.35546532101307,44.94034957885742,19344900
2020-12-29,45.070321324397845,45.13531200203787,44.435922922330626,44.6556396484375,17938200
2020-12-30,44.83512881471812,44.91868421126766,44.54423434763949,44.618507385253906,18751200
2020-12-31,44.62469537167847,44.64635893168857,44.20692192177957,44.609222412109375,17814000
2021-01-04,44.65563838527031,45.45715109662537,44.649451326765295,45.34574508666992,32182200
2021-01-05,45.367417547429696,45.51286480306911,44.71444723506476,45.1043701171875,26498100
2021-01-06,44.900119010739516,45.83160602186264,44.87536015128974,45.3859748840332,21918900
2021-01-07,45.68306892078899,45.72639250305997,45.194114147709776,45.38288497924805,20538000
2021-01-08,45.454066165440345,45.49120269107469,45.12293981852445,45.37670135498047,24478200
2021-01-11,45.18173530521097,45.79756905003421,45.18173530521097,45.5809440612793,26264400
2021-01-12,46.110131238976805,46.397930455310316,45.89969329062898,46.10084533691406,23373300
2021-01-13,46.03275550359112,46.131783860504264,45.624264416707746,45.630455017089844,16069500
2021-01-14,45.744962220517756,45.80066346499143,45.19411558622282,45.48191833496094,23017200
2021-01-15,44.91559740889446,45.15078712371449,44.46068385714173,44.7608642578125,35920500
2021-01-19,44.760862155665436,44.89393173854767,44.15121902299575,44.37403106689453,24123600
2021-01-20,44.4359277713077,45.076516843491184,44.21930278013544,45.03009796142578,23775600
2021-01-21,44.98366840775863,45.09816970630331,44.62778331328407,44.82583999633789,14325900
2021-01-22,45.05794836153131,45.59641730714536,44.909405814729794,45.28385925292969,19219500
2021-01-25,44.983677079631796,45.25909860086976,44.64636017685779,45.24362564086914,19031100
2021-01-26,45.067224882339175,45.74185862716528,45.01771424802032,45.649017333984375,15031500
2021-01-27,45.47882258536555,45.75733942958573,44.4235482114336,44.5132942199707,29910300
2021-01-28,44.70515220397704,45.26218933237237,44.44829896897352,44.485435485839844,22301700
2021-01-29,44.30904438813871,44.4854410947279,43.43326208056292,43.47658920288086,32509200
2021-02-01,43.60656786786994,43.78605635134318,43.07428947730754,43.09904479980469,25945200
2021-02-02,43.250670613123226,43.990287904340015,43.151642267649855,43.563228607177734,27002400
2021-02-03,43.52919352207773,43.95934817965006,43.5199111628031,43.69630432128906,14966700
2021-02-04,43.87888085262538,44.30903543934304,43.714865380699905,44.10788345336914,17346300
2021-02-05,44.39570036250427,44.82585508717118,44.10789759863093,44.674217224121094,20451600
2021-02-08,44.81347120893547,45.05175975231953,44.7051569468396,44.881553649902344,15825300
2021-02-09,44.74228882808404,45.28075769933684,44.74228882808404,45.129119873046875,15906900
2021-02-10,45.12912240069195,45.1507824188514,44.4204509465126,44.603031158447266,18576900
2021-02-11,44.60613322727722,44.85679945650233,44.47306363181947,44.569000244140625,12791400
2021-02-12,44.612311279927475,44.75157143750358,44.46067346478745,44.70824432373047,13423500
2021-02-16,45.16316589936594,45.30242254047793,44.850607855029885,45.076515197753906,27891000
2021-02-17,44.76396129267128,45.645934267402744,44.71754240800834,45.55309295654297,25571100
2021-02-18,43.01547738499653,43.54156856889311,42.55128157313853,42.60079574584961,96927300
2021-02-19,42.644126545174046,43.145455373733846,42.60389472694931,42.81123733520508,36606000
2021-02-22,42.62556512453163,42.811244203413864,42.16446449868889,42.61009216308594,32106600
2021-02-23,42.43059963287921,42.517246792085956,41.7961976495953,41.92307662963867,31300200
2021-02-24,42.046862537276176,42.136604993979454,41.17417203960471,41.22368621826172,46565700
2021-02-25,41.18963672761026,41.47124521777029,40.688304484412996,40.8337516784668,33324600
2021-02-26,40.68830754319313,40.790431179099336,40.18697526230776,40.205543518066406,42470700
2021-03-01,40.71927258582857,41.02564009594823,40.5800123729796,40.6542854309082,34634400
2021-03-02,40.69760472052845,41.08134054903672,40.23340878212126,40.26435470581055,29230800
2021-03-03,40.075579292980144,40.208648874589855,39.47212322525233,39.484500885009766,41837400
2021-03-04,39.56805077123925,40.10032902349154,39.07909963439957,39.46592712402344,45348000
2021-03-05,39.24931714343655,40.15295019054873,39.22455827862853,39.95798873901367,34073700
2021-03-08,40.02297607791795,40.18080100375092,39.552589518158165,39.57425308227539,40988400
2021-03-09,39.85895586711172,40.19317394281751,39.71041331962013,39.88680648803711,31988700
2021-03-10,39.87752889326427,41.174180152927306,39.75683695227642,40.90494918823242,44929200
2021-03-11,41.270117050317275,41.31034533656326,40.70379740976591,40.88947296142578,35489700
2021-03-12,41.010160863640664,41.6290899328101,40.87399951414245,41.505306243896484,28437600
2021-03-15,41.69716643514538,41.700261735233795,41.10299631336719,41.29176712036133,25071900
2021-03-16,41.10300288077121,41.55481760293898,41.10300288077121,41.279396057128906,19881000
2021-03-17,41.00397264133925,41.202029371211644,40.843048892167666,40.935890197753906,24156300
2021-03-18,40.75876116216596,41.00425751968733,40.37653139568368,40.401390075683594,29815500
2021-03-19,40.43867425091591,41.17516674500757,40.36719933543669,40.93899154663086,57703500
2021-03-22,40.70904280765805,41.15963930697675,40.705934583382344,41.1347770690918,24654000
2021-03-23,40.92967344545534,41.734532760697775,40.90481476601516,41.62266159057617,29154900
2021-03-24,41.774931037657275,41.774931037657275,41.346085047900175,41.36473083496094,23547300
2021-03-25,41.4113535634994,41.80601629870695,41.29016125270504,41.6444206237793,28125900
2021-03-26,41.64131483591722,42.01421998854679,41.46107337425446,41.99246597290039,28653600
2021-03-29,41.95206418605563,42.57668210134748,41.82776367035679,42.47102737426758,30146400
2021-03-30,42.365364365290475,42.7569187699717,42.098114018763326,42.1820182800293,27230100
2021-03-31,42.122978964401234,42.530067401696066,41.93963286733798,42.209991455078125,24546000
2021-04-01,42.2441717040994,42.53939253077069,42.054612713299974,42.14473342895508,25595100
2021-04-05,42.486561345813264,43.55556276076075,42.32496926654175,43.32870864868164,40043100
2021-04-06,43.22927226438725,43.801064617931516,43.045926151097355,43.536922454833984,31044600
2021-04-07,43.59906662462484,43.73890824735086,43.39707475016291,43.443687438964844,20361600
2021-04-08,43.64568067697382,43.85388900564212,43.400184329891154,43.41572189331055,19095600
2021-04-09,43.390860863942386,43.53381071895796,43.10496826655205,43.437477111816406,20676600
2021-04-12,43.52759170133642,43.623925302791136,43.30074114870819,43.443687438964844,18723000
2021-04-13,43.44368401662518,43.505837819785036,43.15468323502749,43.310062408447266,17397900
2021-04-14,43.23237108488778,43.338029349672574,43.014841664420196,43.29452133178711,21924600
2021-04-15,43.31938584742519,43.651894664708905,43.25723559725032,43.55556106567383,21710400
2021-04-16,43.782412724283326,43.80416673492493,43.41572054882873,43.69540023803711,26488500
2021-04-19,43.5959597627677,43.682972251708485,43.38464676647176,43.41572189331055,19281000
2021-04-20,43.325608740981025,44.05588857441163,43.139157947411604,43.751346588134766,24452100
2021-04-21,43.745124661626626,44.034129045585146,43.670545064801495,43.87874984741211,17335200
2021-04-22,43.84146073260908,43.95644012723757,43.32560223431203,43.40329360961914,19705200
2021-04-23,43.226157166505274,43.61149153317768,43.204403158079636,43.47475814819336,22971000
2021-04-26,43.47787102250215,43.50584148098989,42.77245712633736,42.856361389160156,22846200
2021-04-27,42.884330898162716,43.17954816976172,42.74448926618402,43.002418518066406,16151400
2021-04-28,42.99309327492936,43.06767286352346,42.84393054142107,42.85014343261719,14286600
2021-04-29,42.853252336412524,43.50584063948726,42.853252336412524,43.3908576965332,19596000
2021-04-30,43.41572068920823,43.50273317573579,43.22926637702637,43.47787094116211,19680000
2021-05-03,43.40639930711155,44.357313092705304,43.40639930711155,44.164642333984375,27139500
2021-05-04,43.98439324137932,44.13666416391155,43.53690514292993,43.72957229614258,19084200
2021-05-05,43.726471049801354,43.87874199662893,43.58352477360885,43.692291259765625,18351000
2021-05-06,43.67669487174243,44.100980563445646,43.505106908773875,44.004268646240234,16302000
2021-05-07,44.185211253494494,44.21329155384383,43.46454542948762,43.73908615112305,23408400
2021-05-10,43.81707945430571,44.32560245190622,43.773404143774044,43.93251037597656,26307600
2021-05-11,43.948111738030946,43.948111738030946,43.15256988043216,43.53630065917969,26464200
2021-05-12,43.32415790611463,43.35847549607923,42.40070697740532,42.410064697265625,25998300
2021-05-13,42.50054249619733,43.35847873919798,42.353914405511176,43.12761688232422,21475200
2021-05-14,43.30544288135463,43.75156802166365,43.186891520593065,43.526947021484375,16091700
2021-05-17,43.67669491614734,43.80148356549761,43.292964106937056,43.33039855957031,19675800
2021-05-18,44.77172947772491,45.10554410693692,44.05418404643075,44.27256774902344,58183800
2021-05-19,43.89819087737824,44.837240360424765,43.832676129285325,44.27568435668945,34874700
2021-05-20,44.14465963472585,44.572065758535416,43.89507876493077,44.43167495727539,30540900
2021-05-21,44.46287941932678,44.63758425769352,44.17586050241712,44.22265625,22927500
2021-05-24,44.225772857666016,44.431674843289734,44.100980637945426,44.225772857666016,18945900
2021-05-25,44.23825167227083,44.50031069624351,44.0105102414647,44.40671920776367,21505200
2021-05-26,44.422322479957614,44.575191450179375,44.22577819122398,44.35368728637695,19294200
2021-05-27,44.72181446911608,44.82476724776966,44.20393371582031,44.20393371582031,56577000
2021-05-28,44.278811838652345,44.44103851973961,44.188337206726814,44.31000900268555,21186300
2021-06-01,44.36616448811322,44.55023062051179,44.07290827663124,44.194580078125,20767500
2021-06-02,44.11034039410434,44.21017273829281,43.70477015698132,44.097862243652344,23298000
2021-06-03,44.1103427876595,44.25385045136023,43.910678088448165,44.17585754394531,18374400
2021-06-04,44.13218485007198,44.39112705147014,44.06667008459628,44.25385665893555,13635900
2021-06-07,44.25384653240265,44.29128455276101,43.79836013880556,43.95746994018555,16630800
2021-06-08,43.835807733847446,43.957479541444805,43.61742399443879,43.62366485595703,20120700
2021-06-09,43.47079229669203,43.6798147265871,43.37408037285571,43.389678955078125,17085300
2021-06-10,43.389674662527405,43.73596743795023,43.389674662527405,43.63925552368164,16378500
2021-06-11,43.74844101363044,43.94186839222705,43.63301010056019,43.91067123413086,25232400
2021-06-14,43.96684086765103,43.96684086765103,43.68606277119059,43.851409912109375,15140700
2021-06-15,43.938755808375554,43.96059525105704,43.570623564646816,43.67669677734375,19327200
2021-06-16,43.62990880356781,43.68918271103612,42.73141390659351,42.78757095336914,28794900
2021-06-17,42.74076065223851,43.16192943398834,42.650286036053004,42.96538162231445,19341900
2021-06-18,42.254079341827186,42.550455934428655,41.92962244877746,42.16984558105469,44812800
2021-06-21,42.32272695732549,42.662778960121685,42.22601501809778,42.5535888671875,20775000
2021-06-22,42.500545002013965,42.96538917345073,42.500545002013965,42.750125885009766,19107000
2021-06-23,42.58478072140202,42.73764968865936,42.40695544984664,42.41631317138672,19390500
2021-06-24,42.481830366470845,42.815645055014066,42.45999449153095,42.71269226074219,23444100
2021-06-25,42.781326400045195,43.321046663798825,42.71581163627011,43.21809387207031,28640700
2021-06-28,43.06522340000529,43.252409962966475,42.61597779107046,43.08394241333008,15549000
2021-06-29,43.021544763854074,43.19937002129247,42.81251877308996,42.83435821533203,35962500
2021-06-30,43.53942854197875,44.48159864031215,43.268008206328176,43.99491500854492,45511200
2021-07-01,43.80460168164352,44.066660687663926,43.36783429141872,43.46454620361328,26348700
2021-07-02,43.473911068864965,44.01363127591805,43.473911068864965,43.71101379394531,26280600
2021-07-06,43.64550396329492,43.91068704315732,43.52383571697313,43.65798568725586,18279300
2021-07-07,43.601822184649414,44.04794735244652,43.47703352581348,43.58622360229492,25607400
2021-07-08,43.15881424838885,43.8794765543805,43.121376225398365,43.54878234863281,21267000
2021-07-09,43.804600335122075,43.93875026413479,43.65485182624412,43.77028274536133,15185400
2021-07-12,43.891955944730014,43.92315310546993,43.46766670403758,43.692291259765625,19515000
2021-07-13,43.67357700281272,44.04482968254096,43.657978420744975,43.857643127441406,18947700
2021-07-14,43.898200441768445,44.23825597617784,43.62366324001289,44.16026306152344,18812100
2021-07-15,44.300649726605826,44.500314441730595,44.01675123664487,44.194580078125,17974800
2021-07-16,44.20705498355783,44.341204927322856,43.97307268956239,44.16337966918945,18095400
2021-07-19,44.116585906725135,44.60638999869075,43.604945939970285,44.06043243408203,27383100
2021-07-20,43.97931563690611,44.44728024709955,43.920038167858245,44.260093688964844,19020300
2021-07-21,44.456637901466344,44.46911605324678,43.89819865842419,44.041709899902344,18591900
2021-07-22,44.029223797127756,44.33808212239816,43.9262745923239,44.07290267944336,13013400
2021-07-23,44.15089691715459,44.52527000692351,43.99179067468895,44.43479537963867,15947400
2021-07-26,44.41295837386904,44.88092293898591,44.132176778569885,44.497188568115234,18517200
2021-07-27,44.612619232367706,44.612619232367706,44.2881623527057,44.50030517578125,15395700
2021-07-28,44.45039597133778,44.69061913133816,44.19457779970191,44.319366455078125,14071500
2021-07-29,44.50031126643077,44.565829593549864,44.30688742631284,44.37552261352539,11063100
2021-07-30,44.051060212145785,44.60013807128734,44.051060212145785,44.47222900390625,16332300
2021-08-02,44.55958491783295,44.57206306799788,44.19769000076065,44.36927795410156,19958400
2021-08-03,44.43791220162763,44.89339859079465,44.4129559018222,44.868438720703125,18915300
2021-08-04,44.7311737781536,44.90588217909433,44.53151264467159,44.56270980834961,15301500
2021-08-05,44.99636148570822,45.4050486567021,44.921485428871144,45.38945007324219,27005400
2021-08-06,45.61407228283547,45.695185626633226,45.220980145616544,45.30833435058594,19263600
2021-08-09,45.52047928181,45.698308130402125,45.361373017582174,45.41753005981445,15811800
2021-08-10,45.851175610942164,46.46888877424236,45.626551019611746,46.3846549987793,38262000
2021-08-11,46.643586430983596,47.28937980014893,46.53439636790762,46.79957580566406,41455800
2021-08-12,46.655539955058124,47.03441902357576,46.59604435608906,46.6743278503418,18269100
2021-08-13,46.77452352669224,47.08138650760362,46.7056393558949,46.821495056152344,15981300
2021-08-16,46.86845964716518,47.51036561397426,46.66806022501933,47.2035026550293,47791500
2021-08-17,47.09391147486089,47.7514734821751,46.6868523513637,47.18785095214844,50950200
2021-08-18,47.14088214705284,47.77339242110112,46.661799780169325,46.686851501464844,28211700
2021-08-19,46.445746673515465,47.17532837254928,46.342415036948786,47.003108978271484,22630500
2021-08-20,47.11897545139115,47.507250363838644,46.89039590015398,47.422706604003906,19400400
2021-08-23,47.447737064737815,47.52915246369246,47.09703808368611,47.10956573486328,16166100
2021-08-24,47.125223953333666,47.125223953333666,46.56159787659499,46.62422180175781,18828900
2021-08-25,46.47079339347702,46.74320889832527,46.35180578691453,46.643009185791016,21921300
2021-08-26,46.17646152309206,46.426960842536175,45.92596220364795,46.13888931274414,23466900
2021-08-27,46.18898532630954,46.24534901664312,45.772530434104205,45.87899398803711,23088600
2021-08-30,45.84767905294493,46.34241383017381,45.7224276103432,46.248477935791016,16440600
2021-08-31,46.339285827608734,46.480189670177765,46.10444250656898,46.37372970581055,25078500
2021-09-01,46.20464868482654,46.32050440494336,45.894653737690156,46.27353286743164,19056600
2021-09-02,46.37998192679412,46.58977707290494,46.24533835046153,46.517757415771484,20018100
2021-09-03,46.4050426459023,46.85906973158959,46.311103165457695,46.733821868896484,17211900
2021-09-07,46.646141091231236,46.70876501569903,46.04807472903019,46.11383056640625,25345200
2021-09-08,46.01362905243792,46.44260793504174,45.944741304850574,46.17332077026367,19508400
2021-09-09,46.173322597596794,46.22029412439199,45.66606379239789,45.84767532348633,22328700
2021-09-10,46.09191944571285,46.1044470997068,45.53768900950704,45.68172836303711,15775200
2021-09-13,45.87899180096788,46.07625933259423,45.29031753588191,45.42182922363281,19529400
2021-09-14,45.553340066924136,45.678591509342226,45.06486553331551,45.18385314941406,16533900
2021-09-15,45.11184258216419,45.32476611855366,45.02416692008908,45.262142181396484,14850000
2021-09-16,45.22769777445212,45.50011691471983,44.992854429412716,45.41244125366211,18428400
2021-09-17,45.13374944637859,45.766263264086106,45.09617724193431,45.3184928894043,73032600
2021-09-20,44.93335664282213,45.46253891357315,44.34468593545871,44.69538497924805,25054500
2021-09-21,44.68285082489055,45.27152503003224,44.6734586696182,44.783050537109375,17437500
2021-09-22,44.923960886412566,44.964668589910296,44.5544739755278,44.67972183227539,15044400
2021-09-23,44.84568036957916,44.97406013769452,44.60457323180565,44.70477294921875,15585300
2021-09-24,44.6202217197952,44.99284047616463,44.61708980725993,44.830013275146484,13360500
2021-09-27,44.73609350119749,44.9490170457202,44.41357447903828,44.54195785522461,21250800
2021-09-28,44.426091253109455,44.48558685264909,43.83428867140909,43.993980407714844,20580900
2021-09-29,44.04094504645617,44.4104355182575,43.937617004303625,43.975189208984375,21375600
2021-09-30,44.03781865491427,44.3791219255197,43.602575909912055,43.643280029296875,22457700
2021-10-01,43.60570235420319,43.7215580480963,42.559869196249956,42.913700103759766,30014400
2021-10-04,42.92622826651177,43.2831911209857,42.18099059227362,42.5003776550293,29970300
2021-10-05,42.56926518067016,43.12036365031856,42.5536091981101,42.77906036376953,20597400
2021-10-06,42.660078874606185,43.145421570539476,42.62563499134107,43.09218978881836,19376700
2021-10-07,43.4554098077314,44.05661176476126,43.44914956431362,43.599449157714844,21068100
2021-10-08,43.730960845947266,43.86560445564176,43.52742947469513,43.730960845947266,13847400
2021-10-11,43.68712588135312,44.08166097986458,43.66207415679641,43.69025421142578,13048200
2021-10-12,43.63075596051882,43.965798988447496,43.54621222527399,43.643280029296875,15789300
2021-10-13,43.680857302007986,43.84054903876719,43.2518747851187,43.3270263671875,17937900
2021-10-14,43.367724499836875,43.85932725424242,43.367724499836875,43.79670333862305,19783500
2021-10-15,44.031555733673436,44.181855312372434,43.824892469178074,44.00963592529297,20737200
2021-10-18,43.83742519030534,44.4668036290586,43.78419341146911,44.36347198486328,19887000
2021-10-19,45.287177531058646,45.59404046993239,44.983446504843144,45.305965423583984,33444300
2021-10-20,45.36860054226812,45.8696027719598,45.36860054226812,45.71617126464844,17453700
2021-10-21,45.897771754504994,46.00423170151573,45.65666464640071,45.969791412353516,13954500
2021-10-22,46.060604412742435,46.87159795048569,46.060604412742435,46.44887924194336,21195600
2021-10-25,46.58664699912552,47.13148156782703,46.34553988389816,46.98744583129883,19287900
2021-10-26,46.96866580658384,47.1408852034546,46.48645507877054,46.5772590637207,17418600
2021-10-27,46.64302219795147,46.66181009722101,46.15141923686233,46.195255279541016,14565600
2021-10-28,46.44887064119658,46.649270053557686,46.251603141545644,46.483314514160156,12598500
2021-10-29,46.314237380538096,46.999979496453776,46.204645495234885,46.78705596923828,22022700
2021-11-01,46.96240034198937,47.20350748919882,46.7651328125042,46.90290832519531,12549600
2021-11-02,46.959264929402124,47.02502076264595,46.743205953401954,46.8809814453125,13638900
2021-11-03,46.84341288036228,47.05946828971465,46.664929676192266,47.0250244140625,14209500
2021-11-04,47.025029662726645,47.547948098358866,46.91543419762851,47.36946487426758,15149100
2021-11-05,47.59491798542466,47.59491798542466,46.84968025937522,47.040687561035156,15081900
2021-11-08,47.03755285853189,47.12835684211761,46.570998120769715,46.74008560180664,15373200
2021-11-09,46.81836458635529,46.927960047241285,46.61483323050244,46.90290832519531,15001800
2021-11-10,46.570997843569586,46.84967720258478,46.33615451946333,46.48019027709961,16803600
2021-11-11,46.58351757858423,46.65240532947755,46.40190604596747,46.49897384643555,13603200
2021-11-12,46.655547822565175,46.730695832947426,46.19838518270364,46.26727294921875,18313800
2021-11-15,46.38937745622849,46.483316925285564,45.84141095652217,46.00110626220703,28896000
2021-11-16,45.43434697461406,45.92908165246716,44.55759780278573,44.830013275146484,73986600
2021-11-17,44.82689987510695,45.3153744739942,44.407313041241956,44.44488525390625,33116100
2021-11-18,44.507513377942495,44.867604608971575,44.106714436694375,44.826900482177734,24394200
2021-11-19,44.97092779621089,45.08991540743346,44.44487749309133,44.585784912109375,28119300
2021-11-22,44.67033373508156,45.515771178641664,44.46367045256133,45.33415603637695,29126400
2021-11-23,45.16821020092384,45.70991666429109,44.85508687965974,45.65668487548828,29907900
2021-11-24,45.63162269649064,46.04807755322221,45.603439062012086,45.88525390625,18089400
2021-11-26,45.853949246477114,46.30484808752716,45.22143882015454,45.37173843383789,21039600
2021-11-29,45.40304406969301,45.481327571167405,44.53569039406034,44.66093826293945,33039600
2021-11-30,44.30084615631853,44.62023323226542,43.840551647320844,44.034690856933594,64818900
2021-12-01,43.997119872830666,44.06287572652861,42.9105787465466,42.941890716552734,36621300
2021-12-02,43.09531428021432,43.34894549054981,42.34694830163769,42.41896438598633,39805800
2021-12-03,42.54108844095224,43.17359878584448,42.36260879250145,43.057743072509766,44142600
2021-12-06,43.07339704493921,43.63702318493977,42.92936128421314,43.524295806884766,32589300
2021-12-07,43.71216387704087,43.78418353707271,43.239345384526175,43.383384704589844,37739100
2021-12-08,43.22996196985254,43.36773749222997,42.58805589217582,42.94501876831055,34496400
2021-12-09,42.95443966511558,43.56434760496289,42.665208310205685,43.54234313964844,32351700
2021-12-10,43.49204851931698,44.42262599719146,43.24997057933172,44.33774185180664,38575500
2021-12-13,44.089369385495694,45.19286304830985,44.01705975116726,45.13627243041992,54039300
2021-12-14,45.05139578305659,45.67387829179683,44.6898511492341,45.566986083984375,46721400
2021-12-15,45.6518693085132,46.04799649585204,45.082832915115226,45.82792663574219,33489900
2021-12-16,45.827925909009224,46.066859307379836,44.92249749209685,45.063968658447266,39069600
2021-12-17,44.87848453361044,45.25574819957806,43.50776731615754,43.62094497680664,78581100
2021-12-20,43.422887852588744,43.935333703171935,43.259408592042945,43.76242446899414,31017900
2021-12-21,43.668096067838086,43.96990552022524,43.3882946790164,43.89445495605469,24620400
2021-12-22,43.98248784517678,44.01078495989961,43.55178165347933,43.9510498046875,17028000
2021-12-23,43.95104674254532,44.064227997844924,43.652381780852565,43.85358810424805,17592600
2021-12-27,43.88816785521913,44.28743955089195,43.87873788347452,44.25285339355469,16040700
2021-12-28,44.20255422326122,44.9476442980074,44.20255422326122,44.88791275024414,15783000
2021-12-29,44.850198183704855,45.12371420533886,44.74330595510332,44.86591720581055,13045200
2021-12-30,45.03882186268699,45.1771521103635,44.79359940583263,45.01052474975586,14949000
2021-12-31,45.01995484788542,45.59842478563522,44.93192618816652,45.48838806152344,17947800
2022-01-03,45.271456386262024,45.51981971470301,44.960213396637464,45.475807189941406,20706600
2022-01-04,45.28403859516177,45.62986419811319,44.56724199663484,44.64269256591797,33930000
2022-01-05,44.90992654120797,45.884520155504,44.875343978244715,45.246315002441406,35418000
2022-01-06,45.1520015469895,45.472674591059906,44.76845242310025,45.12056350708008,21828900
2022-01-07,45.114274301904466,45.69903335530089,44.9445060087059,45.55126953125,19723500
2022-01-10,45.724179449654116,45.77133650636387,44.99480833769647,45.46324157714844,22731600
2022-01-11,45.337487480008754,45.466387757135465,45.01366992223849,45.33434295654297,21668700
2022-01-12,45.170867385907144,45.25889606083862,44.95708654494774,45.09541320800781,18946800
2022-01-13,45.09226602875713,45.79963265812646,44.991662870745124,45.733612060546875,24252600
2022-01-14,45.340631040073525,46.098299275847054,45.340631040073525,45.604713439941406,26867400
2022-01-18,45.40036833619274,45.491541537031644,44.68357161822845,44.806182861328125,21123900
2022-01-19,44.812465676748744,45.58271205827174,44.6175483870489,45.25260543823242,22674000
2022-01-20,44.752731791033185,45.416082324503115,44.350319138123645,44.39747619628906,22387200
2022-01-21,44.39746785523829,44.724426275374434,44.03278235651652,44.07365036010742,27508200
2022-01-24,43.72154193637505,44.1805451586614,43.16822460990836,44.07679748535156,28699200
2022-01-25,44.01078539656273,44.13025211031917,43.01103914896021,43.1179313659668,29479500
2022-01-26,43.17766677966928,43.63352560770096,42.492308074582716,42.67779541015625,26185500
2022-01-27,43.04562180300276,43.72469499885202,42.55832497386371,42.706085205078125,27759000
2022-01-28,42.75638608158518,43.24997194986036,42.11189905879179,43.2342529296875,25131900
2022-01-31,43.099069945308244,44.02650658604882,42.97645870186029,43.95419692993164,20193600
2022-02-01,43.76555331133329,44.37546124293651,43.69639179546962,44.300010681152344,20323200
2022-02-02,44.32832314767201,44.529529528939015,44.06109614741762,44.281166076660156,18149700
2022-02-03,44.0956687571634,44.6395562077142,43.941619481710376,44.32516860961914,20741100
2022-02-04,44.29372497243769,44.32830753190124,43.49518877728407,43.80328369140625,22036500
2022-02-07,44.03278335129389,44.03592427637012,43.262537137153764,43.37257385253906,20010300
2022-02-08,43.485755277433995,43.774990248542316,43.2311028658447,43.38200759887695,19458900
2022-02-09,43.54233775825146,43.63350732694919,43.218520288184294,43.28768539428711,21473700
2022-02-10,42.92930015005631,43.07391585942377,42.5866190241846,42.78153991699219,27810600
2022-02-11,43.01419065380126,43.1273683386249,42.18106804594141,42.54575729370117,23733300
2022-02-14,42.54574720202034,42.743809002945675,41.722058362019496,42.11189651489258,29363400
2022-02-15,42.36025680424875,42.65263269916801,42.061591862958174,42.243934631347656,21824400
2022-02-16,42.23136226664558,42.40427147419978,41.718912897113135,41.97985076904297,28490700
2022-02-17,42.127622770310836,43.84731039283945,42.05845763470677,43.66181945800781,53831400
2022-02-18,43.41659015839596,43.88502337565114,43.12106973873587,43.38200759887695,31103400
2022-02-22,43.3128448046657,43.46060862027964,42.73751935477055,42.897857666015625,25380900
2022-02-23,43.02675429808813,43.130501982109415,42.391697296194785,42.45771789550781,21030900
2022-02-24,42.09931437287321,42.445139958236304,41.50198450412245,42.29423522949219,31717500
2022-02-25,42.38227597299446,43.001614082291276,42.15591701640416,42.875858306884766,24997800
2022-02-28,42.44198892828993,42.77838089274181,42.05529539530181,42.49229049682617,26286600
2022-03-01,42.715511596138725,43.35056854974753,42.44828469583653,42.753238677978516,24024900
2022-03-02,42.649500004970726,43.01733013592469,42.498595243608754,42.80669021606445,23863800
2022-03-03,43.16195019211656,44.16169658537987,42.92930577800942,43.79072189331055,29885100
2022-03-04,43.32542551595694,44.93822070885195,43.25626038902736,44.90049362182617,35576400
2022-03-07,44.422625874668555,45.155145141762056,44.15539894308194,44.53894805908203,45870000
2022-03-08,44.48551057355807,44.78732010197928,43.567503892886826,43.61780548095703,28305600
2022-03-09,44.013926457861594,44.08937703027852,43.429167431829285,43.84415817260742,22122900
2022-03-10,43.85359113469917,44.95708506408238,43.70268638172446,44.84075927734375,27512700
2022-03-11,44.73700919656358,45.287182026899806,44.604964407258464,44.66469955444336,19162200
2022-03-14,44.648980366092346,45.53868974125885,44.639550394389964,45.28718185424805,22646400
2022-03-15,45.43809107465412,45.947395945352895,45.22431024904164,45.83107376098633,22872600
2022-03-16,45.70846683129722,46.195763681239725,45.17715744183311,45.695892333984375,24615900
2022-03-17,45.58858516394962,45.856845645768225,45.02050095677344,45.76531982421875,19023000
2022-03-18,45.81897572366616,45.94206118526215,45.481282584539386,45.901031494140625,31233300
2022-03-21,45.897876643287994,46.48489741481744,45.326639301104414,45.51915740966797,21350700
2022-03-22,45.63908310131584,45.75269850253512,45.12465169252083,45.383445739746094,20235000
2022-03-23,45.17514573708088,45.36135045268594,44.66387103760224,44.79957962036133,19625400
2022-03-24,44.93843958819836,45.41815459953752,44.77748115211696,45.07730484008789,13440900
2022-03-25,45.27298355102539,45.42447195703774,44.897417415775465,45.27298355102539,14085300
2022-03-28,45.2887649309724,46.0967067360306,45.2256456625638,46.0777702331543,20105700
2022-03-29,46.26713358543391,46.740535341837294,46.156671249329776,46.46596145629883,19934400
2022-03-30,46.434382248162876,47.3969688596317,46.40597930830759,47.29913330078125,24991500
2022-03-31,46.95829490661466,47.51059569525899,46.76577681551224,46.99932098388672,27163800
2022-04-01,47.232861872887774,47.74097986339859,46.97407146135497,47.6589241027832,20939700
2022-04-04,47.6273739311483,48.35009971693293,47.365426782230905,47.66840362548828,25332600
2022-04-05,47.61789552819481,48.39112093078434,47.61789552819481,47.80410385131836,18657900
2022-04-06,47.662071958490294,49.05071709627493,47.497960467662054,48.915008544921875,28018500
2022-04-07,48.94974386997174,49.719809113875634,48.741445934854134,49.40420913696289,27088200
2022-04-08,49.520966410861895,49.99436804038537,49.300045409633086,49.678768157958984,23294400
2022-04-11,49.539906683740966,49.94071903448889,48.48579772294669,48.694095611572266,24712800
2022-04-12,48.67832236967527,49.044418455084745,48.14495444665832,48.35956573486328,26761200
2022-04-13,48.428994751857005,49.798703701630274,48.397435120485646,49.61880874633789,29284500
2022-04-14,49.584093367490595,49.95650280354706,49.369485703044475,49.57462692260742,22360500
2022-04-18,49.470485302769944,49.85867461234963,48.98446039723296,49.1959114074707,14671800
2022-04-19,49.44523023079535,49.84920292801853,49.24640237375474,49.754520416259766,15855000
2022-04-20,49.975436926543495,50.60664037117494,49.95650042591005,50.3794059753418,19821600
2022-04-21,50.47093041905162,50.739190882480415,50.202669955622824,50.45515060424805,18168300
2022-04-22,50.57508450663838,50.60980082509005,49.442076352043095,49.50519561767578,21046200
2022-04-25,49.350542332895245,49.697705459766134,48.71302918761871,49.530433654785156,18057600
2022-04-26,49.35054864451132,49.9060061067763,48.98129589817296,49.012855529785156,19601100
2022-04-27,49.08543991705343,49.29689087231418,48.60888158170736,48.678314208984375,17496900
2022-04-28,48.99075489183949,49.54305919635676,48.63412894180068,49.300045013427734,14955900
2022-04-29,49.173814809423256,49.30321002355596,48.1954481542033,48.283817291259766,21088800
2022-05-02,48.905551238021474,48.915021294826595,47.441163342681705,47.96506118774414,20016000
2022-05-03,48.10708177289087,48.69094218065104,47.90194055585483,48.132328033447266,17950500
2022-05-04,47.980832598853944,48.86135991552453,47.816721093997884,48.798240661621094,20022600
2022-05-05,48.665214994282,48.72539916077686,47.955699385976025,48.38014221191406,23234400
2022-05-06,48.05388841491289,48.763403990977785,46.96427339636477,47.37287902832031,34258200
2022-05-09,47.02762735932487,48.49417008666134,46.938937003000966,47.92719268798828,28207200
2022-05-10,47.96520535930663,48.237609155388306,47.05613906883252,47.25252151489258,24861300
2022-05-11,47.32219385821801,47.74980477521415,46.53349250011091,46.758384704589844,27878700
2022-05-12,46.834407364979405,47.559760108400056,46.40996456262328,46.71404266357422,25244400
2022-05-13,46.78690021323373,46.99911982179356,46.289604186609516,46.89459228515625,19962300
2022-05-16,47.315861675797294,47.42672552040192,46.39095837530018,46.94526672363281,21449100
2022-05-17,43.213969659216176,43.53388491205899,41.379996703658016,41.604888916015625,132940200
2022-05-18,40.553280018572856,40.629301342192925,38.49441508588151,38.77949142456055,104253000
2022-05-19,38.28537830444005,38.57678744801755,37.56635811457479,37.71522903442383,71008500
2022-05-20,37.89576727131774,38.275863052812554,37.145072937387845,37.75639724731445,49356000
2022-05-23,37.9844618030785,39.2039461390086,37.96546009125799,38.833351135253906,43680900
2022-05-24,38.393070771828754,39.45101164880644,38.35189555949111,39.31797790527344,34584900
2022-05-25,39.27678289396498,39.48900606403481,38.83333847309673,39.077232360839844,27121800
2022-05-26,39.68856948422451,40.036990990518554,39.40349668363896,39.91029357910156,28197600
2022-05-27,39.74874317937255,40.74016321206677,39.69172718432223,40.69581985473633,25299900
2022-05-31,40.372748338701015,41.14561272166367,40.36007569725437,40.743343353271484,36912300
2022-06-01,40.70215850336404,40.83519221971437,39.49218241663716,39.73607635498047,28534800
2022-06-02,39.77408778742577,40.39491301727722,39.381319325725066,40.388580322265625,23214300
2022-06-03,40.12250784411706,40.36006908374996,39.62204733590482,39.69490051269531,18302700
2022-06-06,39.853274301708204,40.005313357882265,39.46367399370611,39.552364349365234,19855500
2022-06-07,38.40255943938087,39.115243021881625,38.28852745625552,39.077232360839844,47707800
2022-06-08,38.75415275509802,39.24828052193629,38.627455372517005,38.73831558227539,22522800
2022-06-09,38.64329634517147,39.387654415717876,38.323381072821036,38.332881927490234,19880100
2022-06-10,37.93060659732204,38.877683249386045,37.80073743816294,38.54826354980469,25238100
2022-06-13,37.92744929208264,38.40257183376167,37.72156237403542,37.82292175292969,24897900
2022-06-14,37.7342214203492,38.00979329168908,37.4301433640074,37.838748931884766,21544200
2022-06-15,38.00029689145944,38.13966329827576,37.34462556040801,37.813411712646484,25914000
2022-06-16,37.48716434844315,38.567274861613775,37.44915368011712,38.20618438720703,30706800
2022-06-17,38.01612663286647,38.28852669855224,37.36679174835447,37.4681510925293,36838800
2022-06-21,37.47133021337216,38.890361446935756,37.4459885574671,38.6971435546875,23916600
2022-06-22,38.6749717117552,39.03923035697635,38.196681058121435,38.228355407714844,20235000
2022-06-23,38.56410664740034,39.264121351014275,38.38989773012919,39.156429290771484,18040800
2022-06-24,39.305303085289864,39.69173524157354,39.01072582174319,39.188106536865234,31845900
2022-06-27,39.20710457942436,39.511186294741435,38.89352563457075,39.31480026245117,19889100
2022-06-28,39.48585476585827,39.7740957561988,38.73516020175775,38.760501861572266,15399000
2022-06-29,38.9251966634517,39.070903001581094,38.31704053446763,38.617950439453125,19111500
2022-06-30,38.2885414363027,38.66230823982308,37.974962430453296,38.51026916503906,19166100
2022-07-01,38.624293809250766,38.93470462452428,38.37722807118936,38.84284973144531,17460900
2022-07-05,38.709809305378556,39.43833012820013,38.5197596070563,39.35597610473633,18218100
2022-07-06,39.42882914457792,39.99897829008293,39.371816767455186,39.63471603393555,21300000
2022-07-07,39.65372168453629,39.76141736980078,39.314801079323935,39.69490051269531,17487300
2022-07-08,39.8532752709063,40.103509168840425,39.64105566906146,39.72024154663086,14751000
2022-07-11,39.599874478736666,40.014816427255,39.473177082173265,39.73607635498047,11532900
2022-07-12,39.62838766750849,40.2682182743922,39.504854795421984,39.61571502685547,13732200
2022-07-13,39.41616566928728,40.05599629620132,39.24828942435134,39.71074295043945,12689100
2022-07-14,39.327470605425425,40.6451459999974,39.32113791055485,40.48677062988281,20905500
2022-07-15,40.79718349935156,41.26280148744577,40.55962226565952,40.88270568847656,21184200
2022-07-18,40.749670909838635,41.27230855667533,40.62614167049267,40.787681579589844,14243700
2022-07-19,40.98407024271411,41.16461549822576,40.733839963170595,41.03791809082031,16995300
2022-07-20,41.33882586285411,41.59222428910455,41.018910576269,41.380001068115234,18564900
2022-07-21,41.392673929867144,41.98816114097033,41.33565792431894,41.98499298095703,18764700
2022-07-22,41.98182397670843,42.25105957407171,41.56688202083995,41.877296447753906,13616400
2022-07-25,41.93430850180974,42.03249970161516,41.63973127749686,41.81711196899414,20535300
2022-07-26,38.367727281304205,38.86185513337309,38.02880664958549,38.636962890625,95391600
2022-07-27,38.4025650207224,40.15418396859925,38.336048166679944,40.09716796875,42159600
2022-07-28,39.995810920311705,41.33882434249416,39.995810920311705,41.09809494018555,33262200
2022-07-29,40.6451482357419,41.89313505620974,40.54695339842931,41.82661819458008,30141900
2022-08-01,41.51303303127384,42.5171221261006,41.494027698657085,41.98181915283203,24996300
2022-08-02,42.175035893839286,42.35241659220044,41.620727555030015,42.02616500854492,19695000
2022-08-03,41.86146123152616,42.108523345698906,41.132940279604895,41.33565902709961,32003100
2022-08-04,41.38950313735154,41.43067834021439,39.69806828753622,39.774085998535156,53106000
2022-08-05,39.75507359893555,40.16684730376083,39.6315443874049,40.093994140625,32007000
2022-08-08,40.11617186710552,40.610299640101054,40.10350285366886,40.420249938964844,18175200
2022-08-09,40.50894061739655,40.851029357287885,40.29354926271143,40.81935501098633,19325100
2022-08-10,41.177280457950474,41.224791981047545,40.66731546860217,40.904876708984375,25251000
2022-08-11,41.26118977471552,41.47433731698877,40.91125077605185,41.29936599731445,23854500
2022-08-12,41.356624507572555,42.260107764176716,41.299363817381554,42.062870025634766,26625000
2022-08-15,41.8751695620377,42.492338372532615,41.78927489624011,42.183753967285156,26516100
2022-08-16,44.18795193732158,44.833751001184126,43.96208027064873,44.33747482299805,91773300
2022-08-17,44.08297257415358,45.40320478206582,44.028890211410705,44.385196685791016,41792100
2022-08-18,44.3883645468263,44.67150048487702,44.060695770994485,44.242027282714844,19197600
2022-08-19,44.194314976925355,44.242033419187976,43.554876200418185,43.58987045288086,22918800
2022-08-22,43.32901287961526,43.49443828701265,42.76910477946873,42.810462951660156,18667200
2022-08-23,42.823190896570445,42.93453759104045,42.3778114000594,42.62913513183594,16955100
2022-08-24,42.74047228660595,43.03951442873122,42.5018764207405,42.937713623046875,15766500
2022-08-25,43.0363264747491,43.2621981186047,42.956792103419346,43.224021911621094,19414500
2022-08-26,43.30038094106818,43.529434596540156,41.83699330645665,41.86562728881836,21331800
2022-08-29,41.62066396178422,42.587771628279825,41.54431153619255,42.272823333740234,17381700
2022-08-30,42.419170455544574,42.51778931907947,41.91016634631489,42.14558029174805,14468100
2022-08-31,42.241005868401565,42.562318039322214,41.97059773543655,42.16783905029297,22460700
2022-09-01,42.164661093249975,42.991791717224665,42.1201209659839,42.781829833984375,21741900
2022-09-02,42.8995392601799,43.16040156056455,42.13285122668881,42.31100082397461,17234400
2022-09-06,42.32690793599265,42.50824313603125,41.58567190849791,42.10103988647461,21899700
2022-09-07,42.330087919108486,43.2558410614665,42.228287111468816,43.18267059326172,17058900
2022-09-08,43.074507220439834,43.542156743081954,42.909081813009664,43.40217971801758,16956000
2022-09-09,43.36082253406868,43.7425737309926,43.30674017399444,43.53261184692383,16140600
2022-09-12,43.60896373875924,43.981172729584166,43.57396948213918,43.923912048339844,14284500
2022-09-13,43.53897062715621,43.88573119873485,42.886811292932684,43.017242431640625,17687400
2022-09-14,43.1476703543952,43.43398463109033,42.66093644808183,42.92179870605469,19934700
2022-09-15,42.96316566837455,42.994977967778624,42.30146037499065,42.46052551269531,20189400
2022-09-16,41.99287560403907,42.80410015375248,41.763821953388685,42.3714485168457,41874300
2022-09-19,42.253734327073694,42.87089937775496,42.14238765849946,42.734107971191406,16853100
2022-09-20,42.46370329257962,42.59095612926944,42.16466476941915,42.4859733581543,13963500
2022-09-21,43.08723578654906,43.72667100276722,42.82636983909136,42.874088287353516,24903600
2022-09-22,42.81046481382007,42.85818326333525,42.26010256363241,42.43507385253906,16744500
2022-09-23,42.269654385972565,42.36827325698474,40.96532807157846,41.37571334838867,27195300
2022-09-26,40.95896604836304,42.03741694776891,40.80626481052864,41.773372650146484,23011200
2022-09-27,42.06604340748905,42.44779461343986,41.45205660757315,41.65884017944336,17171700
2022-09-28,41.80517671959241,42.5177823558083,41.26754235498256,42.34599304199219,16838400
2022-09-29,42.47006779315762,42.66730914663877,41.87516905600198,42.07240676879883,15241500
2022-09-30,42.069223202526715,42.10739577268049,41.26117706298828,41.26117706298828,19602300
2022-10-03,41.43296815834633,42.24419264987806,41.35979769119854,42.16147994995117,17574900
2022-10-04,42.584596862927064,43.0108882693233,42.4287173089369,42.70866775512695,16134300
2022-10-05,42.552771520569245,42.82636160683608,42.15511058012282,42.285545349121094,14553900
2022-10-06,42.33645460703537,42.7818340797934,41.859262834892384,41.891075134277344,14200500
2022-10-07,41.77337045225725,41.881531547937826,40.74263442059332,40.89851760864258,17080500
2022-10-10,41.207099678025216,41.3343525159485,40.80943865528479,41.14029312133789,11411700
2022-10-11,41.20072894314311,42.565497473630145,41.18482279612072,42.20601272583008,21276000
2022-10-12,42.31418493826805,42.87408942220293,41.665203830808814,41.72882843017578,16947600
2022-10-13,41.127567629500696,42.29191303830066,40.83807134611328,42.08195114135742,20545500
2022-10-14,42.132854726882854,42.380992856793526,41.372526905429375,41.49341583251953,16641000
2022-10-17,41.662015174618645,42.25691746138293,41.544308228439995,41.792449951171875,17812500
2022-10-18,42.44780001539706,42.97907418231225,42.41598771424302,42.67367172241211,16842300
2022-10-19,42.73412301555033,42.86137223507996,42.30146765964276,42.55278778076172,11339400
2022-10-20,42.62275874163722,43.07449838175061,42.51777599438092,42.657752990722656,12754800
2022-10-21,42.88681849628115,43.71394923405183,42.62913449256326,43.51988983154297,18134700
2022-10-24,43.7266717496415,44.69060116814887,43.6248709353364,44.35020446777344,18806700
2022-10-25,44.24840269365436,44.6778723667177,44.00344289674689,44.56016540527344,15051300
2022-10-26,44.65242796472355,45.18688409622016,44.480638623909805,44.90056610107422,20754300
2022-10-27,44.85920295437152,45.20596352772628,44.63014933035986,44.77012634277344,16602900
2022-10-28,44.55380863344655,45.460470139595145,44.55062667519002,45.336402893066406,13648200
2022-10-31,45.2823148008719,45.51454675466057,45.100983250700196,45.27913284301758,22572000
2022-11-01,45.482734232783415,45.66724773989787,45.0150883696621,45.075531005859375,14814300
2022-11-02,44.90692422008389,45.67361223818488,44.760586923797895,44.776493072509766,15522000
2022-11-03,44.382015519395935,45.08189700823798,44.24522045147657,44.76694869995117,10976400
2022-11-04,45.18369988618174,45.24096056980969,44.15296389266641,44.84648513793945,14669400
2022-11-07,44.93873743296619,45.482735739498914,44.93873743296619,45.31731033325195,11364000
2022-11-08,45.35866951863846,45.83267932373074,45.018269184022536,45.42547607421875,15068400
2022-11-09,45.41593171228565,45.54318455233711,44.28657686448078,44.369293212890625,15932100
2022-11-10,45.336403297190536,45.393663983580524,44.696964387254226,45.2886848449707,20310600
2022-11-11,45.387299621623356,45.53045860607926,44.53471691225323,45.35866928100586,19270800
2022-11-14,45.059633093772476,45.59408924714519,43.987542469291505,44.025718688964844,37525800
2022-11-15,46.32259536289618,47.80507106111744,45.98538062636313,46.90476989746094,76548600
2022-11-16,47.044740169635396,47.78279783220425,46.802965986315456,47.241981506347656,32593200
2022-11-17,46.76797161036323,47.3151518504199,46.67253107972312,47.082916259765625,24791400
2022-11-18,47.614193711700956,47.79552891237226,47.32787938094297,47.7923469543457,18987000
2022-11-21,47.91323248420721,48.399966447985875,47.77961574133629,48.085018157958984,21157200
2022-11-22,48.35542408165735,48.49857939915935,48.07547008011532,48.25680160522461,16898400
2022-11-23,48.38087565960885,48.791260816821946,48.317251069844154,48.48904037475586,16920600
2022-11-25,48.39361081104245,48.702191574356505,48.31089446301456,48.695831298828125,8777400
2022-11-28,48.584476318948425,49.19528110650717,48.584476318948425,48.83579635620117,17674800
2022-11-29,48.68310119000989,48.89943064291456,48.530399974204094,48.66401672363281,13841700
2022-11-30,48.549483006895564,48.600383406844074,48.10092528023392,48.48904037475586,31338000
2022-12-01,48.37134373086491,48.86762364624508,47.951412611328465,48.7912712097168,22732200
2022-12-02,48.19000137149915,48.74990944788882,48.19000137149915,48.74354553222656,20733000
2022-12-05,48.594025949905124,48.673556691722425,47.88141666862294,48.244083404541016,23608200
2022-12-06,48.10092263351614,48.32679064288935,47.467847806277305,47.684173583984375,20625600
2022-12-07,47.87824413146019,48.1041121936254,47.343788016148885,47.4360466003418,17550300
2022-12-08,47.63083179216304,47.669148267123596,47.305118001341974,47.50948715209961,13512600
2022-12-09,47.0911684864652,47.17100270092108,46.372682482814994,46.401424407958984,27929400
2022-12-12,46.589820584575584,47.292344082158344,46.48125176128342,47.26679611206055,19432200
2022-12-13,47.899067596336494,47.96293204528925,46.85806172988941,47.097557067871094,23408100
2022-12-14,46.969821599705256,47.429652181555085,46.608981638468705,46.8357048034668,20334600
2022-12-15,46.48764126819301,46.75587486420946,45.86495195811635,46.417388916015625,17514000
2022-12-16,46.136375508652215,46.213015760533715,45.52646206413004,45.58393859863281,40343100
2022-12-19,45.66697295844696,45.84260386157582,45.25823460528102,45.59991455078125,15067500
2022-12-20,45.63822167473263,46.1874645938269,45.4242743527921,45.999061584472656,17009400
2022-12-21,46.085287553266824,46.602598338821046,46.06612748849718,46.35990905761719,13726500
2022-12-22,46.22898701219245,46.296045412842815,45.322097972377826,45.817054748535156,13082400
2022-12-23,45.67974685256897,45.91924219971014,45.43386359852468,45.90966033935547,9547500
2022-12-27,45.995870775614975,46.12679726339485,45.72444325019108,45.922428131103516,10044600
2022-12-28,45.81386117082646,45.877725618748656,44.996384543314285,45.11772918701172,15246300
2022-12-29,45.389155129711256,45.67016088321331,45.26461653716822,45.3923454284668,9171900
2022-12-30,45.203939257266924,45.34124998744074,44.96444396763389,45.277381896972656,11505900
2023-01-03,45.52008152265188,45.89049972158375,45.373192555326185,45.855377197265625,17249700
2023-01-04,45.797894793090904,45.999069995523705,45.36680246330007,45.906463623046875,13338300
2023-01-05,45.8106781385023,46.02462555180876,45.552022677465175,45.75000762939453,13274400
2023-01-06,46.174702348679354,47.11671759764896,46.05974560855003,46.87083435058594,21231900
2023-01-09,46.72394108642854,47.215703880896854,46.23856254368566,46.286460876464844,17756700
2023-01-10,46.28327289567515,46.4461316334295,45.8968885761081,46.257728576660156,11970600
2023-01-11,46.538741712049074,46.67924278661919,46.21621816437929,46.66327667236328,14834700
2023-01-12,46.75268701072621,46.75588096431619,46.107647253097454,46.241764068603516,12472800
2023-01-13,46.471671393975654,46.56427776374139,45.93839815635938,46.39503479003906,13699800
2023-01-17,46.39503836034335,46.52915516835976,46.04697052665586,46.11402893066406,15122400
2023-01-18,46.046971496859776,46.06293760984533,44.85907661133512,44.97403335571289,22674300
2023-01-19,45.14965267788764,45.19435705190446,44.319400397855794,44.332176208496094,17342100
2023-01-20,44.5141971402391,44.95486765042006,44.12142496300675,44.878231048583984,29543100
2023-01-23,44.85268095879212,45.666963543664245,44.769656454722906,45.54881286621094,13149900
2023-01-24,46.79738260059003,46.79738260059003,45.02511874985897,45.67015838623047,13669200
2023-01-25,45.4210974026782,45.61269443642861,44.83034018648187,45.45302963256836,12491700
2023-01-26,45.6733598395471,45.90327698524233,45.2678154490777,45.4115104675293,15819000
2023-01-27,45.53604946424982,46.133190872185054,45.26462188377099,45.759578704833984,18412800
2023-01-30,45.382767223382864,45.488145751349386,45.11133967496474,45.3923454284668,15897600
2023-01-31,45.446636515076946,45.94478728395901,45.2358830910796,45.94159698486328,14103600
2023-02-01,45.87453593930568,46.49722532778537,45.56798217542897,46.19705581665039,12849300
2023-02-02,46.11403051252555,46.25772918570614,45.644621668365865,45.86176300048828,17806800
2023-02-03,45.778731462311846,45.97032844570782,44.980414961638544,45.2518424987793,17155500
2023-02-06,45.28697708586924,45.37638951531785,44.71537998253228,44.922943115234375,17454000
2023-02-07,44.632349691026505,45.12091855460145,44.28747583231068,45.018733978271484,16341300
2023-02-08,44.81116529281087,45.05704482333288,44.70259283242996,44.776039123535156,11691300
2023-02-09,44.983602698321505,45.32527888289584,44.88780239265805,45.191162109375,13064400
2023-02-10,45.69251301377274,45.96394055098043,45.398731459747594,45.8936882019043,15002700
2023-02-13,46.2098348035696,46.66008727398038,46.145966690903464,46.59302520751953,16015800
2023-02-14,46.535544533001385,46.98259935559132,46.16193236913469,46.45890426635742,13831200
2023-02-15,46.28965893027981,46.81335764740332,46.161930031553304,46.803775787353516,14674200
2023-02-16,46.45570495767491,46.61856367831531,46.04058240923677,46.06932067871094,16312200
2023-02-17,46.33755979323783,46.84209847217382,46.16512284703013,46.762264251708984,24770700
2023-02-21,45.625460849834965,47.3689866939451,45.39234975394783,47.04646682739258,54393900
2023-02-22,46.8676405804069,47.123102034142136,45.58713935835736,46.05974578857422,29844000
2023-02-23,46.101252184625096,46.101252184625096,44.9325138520636,45.37318801879883,22021200
2023-02-24,44.97402880667404,45.58075200198311,44.555708649065075,45.49453353881836,20623500
2023-02-27,45.57117087740435,45.69251551842299,44.916549337426915,45.165626525878906,16647300
2023-02-28,45.02512345697402,45.552012468673865,45.00915734476547,45.385963439941406,18054000
2023-03-01,45.04428407268591,45.114536429025144,44.50462289550946,44.75369644165039,14180100
2023-03-02,44.654706026526185,44.94209970556787,44.54613353813779,44.86545944213867,14785500
2023-03-03,45.03789709491269,45.08579543311133,44.63235271532497,44.91974639892578,16888800
2023-03-06,44.865462255261036,45.01873913732119,44.71218537320088,44.913360595703125,16720800
2023-03-07,45.08261011479111,45.242271259759185,44.31941595508814,44.46630859375,17387400
2023-03-08,44.245967938276884,44.36092467963087,43.837225955134755,44.09907531738281,19090800
2023-03-09,44.33218392211977,44.38008225713079,43.722266762204946,43.80209732055664,15415800
2023-03-10,43.754201586252165,44.156555663959395,43.45722969888692,43.73823547363281,20065200
2023-03-13,43.64562772985335,44.226802932914346,43.61369550828849,43.865962982177734,28142100
2023-03-14,43.96815246346325,44.15336156186937,43.74781718653106,44.09907531738281,25542600
2023-03-15,43.712688467981906,44.64512181262119,43.655208273440465,44.59083557128906,33133500
2023-03-16,44.70625751637761,44.77679779805468,44.20927217042338,44.337528228759766,28905600
2023-03-17,44.30867981053034,44.72550751973901,44.11630117802222,44.696651458740234,43081200
2023-03-20,44.92109995959412,45.504657324918696,44.82811401196852,45.177608489990234,33928500
2023-03-21,45.334717976868156,45.334717976868156,44.738332468186385,45.02370071411133,19013400
2023-03-22,45.094242241184595,45.280210461130004,44.71589171221771,44.735130310058594,18548400
2023-03-23,44.95315105180652,45.40524882114661,44.72549864524503,45.097434997558594,22044300
2023-03-24,45.21286982827206,45.68099918100618,45.08141037875489,45.46617126464844,22752300
2023-03-27,45.78360137502508,46.4857935510568,45.7803943310941,46.226078033447266,26775600
2023-03-28,46.05934855524179,46.30303254259088,45.86696993622752,46.04652404785156,21282900
2023-03-29,46.29021461278717,46.47938988387487,45.99522888457436,46.24532699584961,24216900
2023-03-30,46.652522512068856,47.00522395198415,46.49861742993852,46.70703125,21879000
2023-03-31,46.99881684660628,47.59519866978969,46.96354669737483,47.27777099609375,20868000
2023-04-03,47.3675475996602,47.75872629694784,47.29380392407543,47.675357818603516,19766700
2023-04-04,47.62404209221468,47.70741054601058,47.13988493393561,47.207218170166016,18113700
2023-04-05,47.18798965871115,48.05691149768436,47.1783685261166,47.98957824707031,26540700
2023-04-06,47.71062510765761,48.428852578173874,47.62084988455673,48.351898193359375,17891700
2023-04-10,48.210820289012474,48.45450429533011,48.021645030079995,48.258914947509766,14519100
2023-04-11,48.41601739367117,48.41601739367117,47.973540753190264,48.117828369140625,18370500
2023-04-12,48.02805762941783,48.40640813554857,47.82926124331905,47.88376998901367,11209800
2023-04-13,47.983163721294204,48.09538825088596,47.5182450596301,47.93186569213867,13272600
2023-04-14,47.784367690927155,48.06011476008146,47.5022065338812,47.60801696777344,10464900
2023-04-17,47.659325163112,47.98958101622969,47.614437549908125,47.94148635864258,16166700
2023-04-18,48.02484516351169,48.20440293266036,47.91582768442952,48.04729080200195,13482300
2023-04-19,48.364728289483814,48.54749313984288,48.02164790121544,48.098602294921875,12433500
2023-04-20,48.16271861705825,48.54106907982781,47.96713296710634,48.406402587890625,13641600
2023-04-21,48.72382529159313,48.83284275945393,48.47373092750735,48.650081634521484,25335000
2023-04-24,48.64367281804649,49.041261878129355,48.64367281804649,48.98033905029297,13579500
2023-04-25,49.150275692156356,49.297766680667564,48.521827212983894,48.59878158569336,17246700
2023-04-26,48.40960689206424,48.54748042017521,48.16592293502347,48.38716125488281,12910200
2023-04-27,48.34548999835167,48.71743012131782,48.34548999835167,48.537872314453125,12861000
2023-04-28,48.50900597883197,48.79116346922732,48.15310115451419,48.406402587890625,14088600
2023-05-01,48.42884704063738,48.90980088257287,48.39357689652816,48.605194091796875,11409600
2023-05-02,48.566725559691285,48.573135978759666,47.922245437245664,48.47373962402344,11329500
2023-05-03,48.59557790915812,48.76872159036523,48.18195730065078,48.29418182373047,12334500
2023-05-04,48.45510956723625,48.596726080527596,48.11394519127138,48.429359436035156,14011200
2023-05-05,48.37464757489917,48.92501753886563,48.22337705215059,48.847774505615234,14556000
2023-05-08,48.68684168850947,49.22755760333362,48.619252659572176,49.15353012084961,14926200
2023-05-09,49.15353165267948,49.301586622261524,49.03122681476099,49.237213134765625,15209700
2023-05-10,49.465730432263506,49.67815520632773,48.67397005316626,49.09881591796875,15827700
2023-05-11,49.098820851018885,49.33055732631067,48.92180387150609,49.28227996826172,11926800
2023-05-12,49.43676796285654,49.58803848601817,49.150315685316805,49.26618576049805,16119300
2023-05-15,49.404582998641345,49.51723016327242,48.72225050670978,48.8831787109375,16113900
2023-05-16,48.55167432349315,48.77053390904691,48.139701605591185,48.20729064941406,15512100
2023-05-17,48.645004641045574,48.64822018461544,47.86289825502702,48.1268196105957,26985900
2023-05-18,48.85741412337918,49.658831997012946,48.26198620554544,48.75120544433594,46768500
2023-05-19,48.72868042318195,48.74799209897179,47.99163593327626,48.24911880493164,27594000
2023-05-22,48.18153265418747,48.30383748593198,47.72771745438089,47.82427215576172,16117800
2023-05-23,47.6376067881641,47.91118217861006,47.33828494567277,47.73416519165039,16302300
2023-05-24,47.79852997870886,47.80818397637906,47.08723182835192,47.515296936035156,20515200
2023-05-25,47.27390424467108,47.45414411482713,46.69778787219288,47.042171478271484,21299100
2023-05-26,46.894114238987044,47.25459027851644,46.82009044172727,47.125850677490234,15720900
2023-05-30,47.087222263696646,47.40585937198098,46.861924302786356,47.009979248046875,15742500
2023-05-31,46.804002546820605,47.41230758205671,46.6720436958759,47.270694732666016,30130800
2023-06-01,47.05825843597267,47.602189843141474,46.971357737885434,47.444480895996094,20239200
2023-06-02,47.38334193850957,47.95945838492445,47.344718578044215,47.89830780029297,19178100
2023-06-05,48.07532493361154,48.68041069757525,48.07532493361154,48.213722229003906,15553200
2023-06-06,48.181544196208506,48.33924950957746,47.798537158994456,48.20729064941406,15015600
2023-06-07,48.03670097351074,48.39395781876635,47.969111940173896,48.27809143066406,24256500
2023-06-08,48.40361573626407,49.06019807759591,48.21050263293246,48.97651290893555,18873000
2023-06-09,48.973299331761815,49.47539194725486,48.79305944586124,49.272621154785156,15603900
2023-06-12,49.38204659163163,49.66206038346574,49.29836511341902,49.59769058227539,14713500
2023-06-13,49.73286518970281,50.051498630162094,49.588029463741435,49.983909606933594,15738900
2023-06-14,50.18025160562013,50.63728240737133,50.08369320854155,50.48923110961914,21103200
2023-06-15,50.53106605015226,50.926946238818275,50.524631279735715,50.766021728515625,18160500
2023-06-16,50.878671343634764,50.90120224949596,49.97747930910033,50.057945251464844,34675800
2023-06-20,49.79079434060857,50.03218475102952,49.52687302899522,49.61699295043945,19994400
2023-06-21,49.633096068730126,49.996791375726374,49.35952070255154,49.71356201171875,19251000
2023-06-22,49.88091715520019,50.23495840879255,49.719988977810424,50.128746032714844,13307400
2023-06-23,50.170589896448206,50.30255241464034,49.89379531925496,50.0354118347168,18975000
2023-06-26,50.096559412647345,50.138401992738174,49.66849434835017,49.90345001220703,14106300
2023-06-27,49.61378538849325,50.16093981519102,49.58481971109689,49.72321701049805,12093600
2023-06-28,49.80046294244727,50.10622321382293,49.77149358218165,49.99357604980469,18889800
2023-06-29,49.72964805429538,49.80689107695075,49.2887060881926,49.65562057495117,21530400
2023-06-30,49.877706346155335,50.70165168145715,49.81655576475611,50.58900451660156,19073100
2023-07-03,50.46990920611166,50.99452893787836,50.31541948540837,50.91728591918945,8647500
2023-07-05,50.90442481980795,51.21340433479977,50.64050343617172,50.88833236694336,17585400
2023-07-06,50.83038862360464,50.910850874151095,50.4892242612968,50.56646728515625,14427000
2023-07-07,50.14805792235479,50.30254764731006,49.388482520493326,49.4013557434082,19774800
2023-07-10,49.745742652454084,50.04828366951865,49.6684959431371,49.84873580932617,12967800
2023-07-11,49.813334966092,50.051506196647786,49.52044792671642,49.77471160888672,11460900
2023-07-12,49.98713493192582,50.173809575204096,49.82942596404346,49.90023422241211,16509900
2023-07-13,50.025752817022095,50.08046861826179,49.46572526510777,49.60734176635742,11859600
2023-07-14,49.60412598658503,49.78114662544747,49.43032457448842,49.77792739868164,10427400
2023-07-17,49.69424887876318,49.88092352571404,49.50757423181233,49.83908462524414,10135200
2023-07-18,49.78115112095414,50.099784616355045,49.52044897926642,49.748966217041016,13437300
2023-07-19,49.822984142285904,49.95172742606947,49.485039007758324,49.765052795410156,12372900
2023-07-20,49.86482471976324,50.70808159220279,49.855167040121344,50.685550689697266,14987700
2023-07-21,50.82073735938122,51.103970410382516,50.67268606301994,50.97201156616211,16960500
2023-07-24,50.997760220262286,51.32927064201332,50.71131161311413,51.27133560180664,12529800
2023-07-25,51.644691755339025,51.66078420915517,50.943047508979234,51.22949981689453,15553800
2023-07-26,51.252024091068385,51.71870887465163,51.155465697344255,51.41294860839844,15094200
2023-07-27,51.52238268034955,51.702618885007304,51.216618716209716,51.22627639770508,13400400
2023-07-28,51.26811114278051,51.79916936068602,51.26811114278051,51.46765899658203,11020200
2023-07-31,51.483753504878344,51.70261304414035,51.145808357243936,51.451568603515625,13033200
2023-08-01,51.480534494488175,51.641462685304134,51.161901022997114,51.21017837524414,11782500
2023-08-02,51.02350381323566,51.63502430926868,51.02350381323566,51.245582580566406,12660000
2023-08-03,51.181210345764434,51.33570007584252,51.017062935685765,51.258453369140625,13202700
2023-08-04,51.41938722331561,51.577096197453415,50.84004790913635,50.96235275268555,14262000
2023-08-07,51.335705347120786,51.88607529724518,51.210181277503935,51.65433883666992,14268900
2023-08-08,51.8152612260455,52.018028304231755,51.33891513364882,51.70582962036133,11017500
2023-08-09,51.789520263671875,52.17252726803783,51.72515045285195,51.789520263671875,13209600
2023-08-10,51.93486799130779,52.244945883323,51.68938873602407,51.763675689697266,15169500
2023-08-11,51.857349611454396,52.27078682425826,51.71200267056443,52.067298889160156,14195100
2023-08-14,52.32569642843476,52.577633340369,51.414843043539946,51.6796989440918,20813700
2023-08-15,51.531118983336995,51.93486785468679,51.33085803500812,51.41484069824219,14559300
2023-08-16,51.64093106116781,51.99300025081627,51.153206965372014,51.440673828125,26980800
2023-08-17,51.970388159710254,52.04790947178826,50.07116037083438,50.28757095336914,53614200
2023-08-18,50.164830908260036,51.57310023230193,50.164830908260036,51.011085510253906,27954900
2023-08-21,50.91419565844409,51.30502558385302,50.72363039935005,50.87543869018555,15679200
2023-08-22,50.7010092358255,50.81082986493606,50.465222016380736,50.71392822265625,16670700
2023-08-23,50.58473161980218,51.16289602451369,50.5524286076754,51.06599807739258,14210400
2023-08-24,51.07569293273575,51.430992843841544,50.65256740709729,50.675174713134766,14033100
2023-08-25,50.7688482494969,51.046626849806366,50.562129634980124,50.97556686401367,12267000
2023-08-28,50.9884796731056,51.30178822833592,50.9884796731056,51.266258239746094,11871000
2023-08-29,51.35669622753243,51.75398372973768,51.31147792428736,51.69584274291992,12702300
2023-08-30,51.80890063115774,52.096367538054096,51.65386167635629,52.067298889160156,10967700
2023-08-31,52.04146143694681,52.64546760215138,51.98977808840431,52.522727966308594,19582800
2023-09-01,52.606708108782854,52.63577675861666,51.72815030674833,52.18680953979492,12553500
2023-09-05,52.27724173056925,52.58408893108975,51.73783427826893,51.766902923583984,15209400
2023-09-06,51.80888742624095,52.38059411943495,51.65061784047502,52.15449523925781,14594700
2023-09-07,52.32568636720769,52.80372212192384,52.16095912885154,52.80049514770508,19120800
2023-09-08,52.80373273180768,52.92647236578712,52.671304780386286,52.897403717041016,12667200
2023-09-11,52.97169169319612,53.12673063937168,52.86187105349759,53.08150863647461,11912100
2023-09-12,53.13318328116309,53.27207255505781,52.98460569122861,53.139644622802734,11757300
2023-09-13,53.272077774242725,53.56923667964472,53.09120085122851,53.15256881713867,14364300
2023-09-14,53.294690391429505,53.53370831288354,53.10412144922909,53.37543869018555,14923800
2023-09-15,53.3625133395003,53.507863956351876,52.8973965405629,53.17840576171875,63925200
2023-09-18,53.191323217096354,53.35928113221594,52.72943710230767,52.78434371948242,12997800
2023-09-19,52.77143096923828,52.90063193981242,52.438745770439496,52.77143096923828,14019600
2023-09-20,52.842494504935566,53.20102140054637,52.63577589524066,52.942623138427734,10120800
2023-09-21,53.05567627015136,53.13319390322542,52.25787045346923,52.29985809326172,18782400
2023-09-22,52.39998674398266,52.7229836358622,52.29985441768604,52.43874740600586,13215000
2023-09-25,52.445200068954065,52.68421796801972,52.283703486569074,52.67129898071289,10459500
2023-09-26,52.62931797175686,52.823117605041716,52.438752706457755,52.48720169067383,14435700
2023-09-27,52.32569650837018,52.39998716177026,51.77337000760655,52.23525619506836,15711000
2023-09-28,52.32569516133325,52.59378542307277,52.193267214264154,52.50011444091797,11617200
2023-09-29,52.65838288484513,52.69068220309566,51.41806762478843,51.65708923339844,18842400
2023-10-02,51.51496771477863,51.766904607349765,51.1338298567008,51.711997985839844,12992700
2023-10-03,51.579572327590306,51.92194956605695,51.25334474963131,51.385772705078125,11253300
2023-10-04,51.56664880277337,52.01884665005396,51.35993020932168,52.0026969909668,15755700
2023-10-05,51.82504749431035,51.98977475771286,51.35669998387842,51.38254165649414,14269500
2023-10-06,51.24365293033631,51.353473579342236,48.9826671828841,50.520137786865234,42616200
2023-10-09,50.09054978186695,50.33925972406005,49.502693278883505,50.336029052734375,21022500
2023-10-10,50.46198946136512,51.05953416469681,50.27787819611787,50.90449523925781,16014300
2023-10-11,51.11767846289978,51.51496596612771,50.723621630573334,51.10798645019531,12026100
2023-10-12,51.20488324594253,51.4568201061029,50.9594040305538,51.34054183959961,13514100
2023-10-13,51.44067129946264,51.82827045610356,51.32439303103817,51.62478256225586,13809000
2023-10-16,51.854111718176746,52.35153152992105,51.783051745070416,52.07052230834961,14348100
2023-10-17,51.918713876539556,52.23201871636795,51.80566257554129,52.13835144042969,10893000
2023-10-18,52.286933336820645,52.44197228228916,51.91225680937675,52.17711639404297,10559100
2023-10-19,52.141581864636315,52.26754845557261,51.75075201567579,51.928401947021484,11745900
2023-10-20,51.947790943097374,52.035000587907184,51.26303277366691,51.27918243408203,15056700
2023-10-23,51.269493916795305,52.11574868708234,51.04016430408896,52.00592803955078,17097000
2023-10-24,52.131897894035546,52.80373336953896,52.128667222709126,52.72944641113281,17535000
2023-10-25,52.7003718979623,53.07828280278289,52.477503639070235,52.57117462158203,16621800
2023-10-26,52.5550278932752,52.923246805052486,52.19972797057247,52.251407623291016,16220100
2023-10-27,52.15773042547891,52.31600002494759,51.85734088392246,52.05759811401367,13829700
2023-10-30,52.151273878456045,52.73266899045851,51.934866971088674,52.6551513671875,12653700
2023-10-31,52.64868486018528,52.848945785461204,52.30953836085778,52.7811164855957,14168400
2023-11-01,53.03952466847236,53.417431894878945,52.6422371104013,53.25270462036133,14899500
2023-11-02,53.094423812788484,53.67905326241414,52.85217524575447,53.462642669677734,15492300
2023-11-03,53.57892471780778,53.71458702988753,53.133188210234444,53.18486785888672,17240100
2023-11-06,53.13319221738972,53.498180456601524,52.994302920135844,53.25593185424805,14529000
2023-11-07,53.543395515666035,53.8147127322444,53.40127556548885,53.504634857177734,15023400
2023-11-08,53.566008251172846,53.70812821576138,52.83603548986125,53.0685920715332,15591900
2023-11-09,53.09120482767293,53.13965380908655,52.72944725812939,52.94585418701172,15080100
2023-11-10,53.14933511668844,53.75980255195968,52.93938586183358,53.679054260253906,14319900
2023-11-13,53.74042177576454,54.221691940304325,53.6338318137474,54.16032028198242,15408900
2023-11-14,54.31859257958481,54.63512811396697,54.02143367887461,54.150630950927734,19792500
2023-11-15,54.38642517451239,54.890302698104435,54.10541591582101,54.838623046875,35769900
2023-11-16,51.275950353846504,51.50204927356707,50.22620404927963,50.4006233215332,97658700
2023-11-17,50.371553044318766,50.885118831317875,50.06793281501665,50.17775344848633,42487800
2023-11-20,50.23912715502188,50.39093542765125,50.06793485595729,50.16160583496094,26663100
2023-11-21,50.21329016988086,50.662257383951456,49.78370328763449,50.342491149902344,29382300
2023-11-22,50.297268817090355,50.403858793221765,49.86445126627876,49.95812225341797,26416500
2023-11-24,50.11315718830351,50.4296927235179,49.96780656044159,50.40708541870117,13975200
2023-11-27,50.37156158783878,50.82699016082728,50.37156158783878,50.63642120361328,23393700
2023-11-28,50.60089271827381,51.33086555041964,50.60089271827381,51.24042892456055,23535000
2023-11-29,51.28240953569867,51.28240953569867,50.261735543546074,50.41354751586914,29896500
2023-11-30,50.394160909266596,50.50075086516406,49.90643312729802,50.28757095336914,29925900
2023-12-01,50.1874440323523,50.26173468166881,49.299201697320996,49.85152816772461,39273600
2023-12-04,49.5220761469163,50.04210336437724,49.518845475425145,49.83861541748047,24883200
2023-12-05,49.88705039758409,50.339248172483515,49.65772083955006,50.30048751831055,21883800
2023-12-06,50.24235133644159,50.33279163934465,49.6286569378975,49.7546272277832,26447400
2023-12-07,50.03992366217528,50.101519552996756,49.35262230217128,49.427188873291016,25362600
2023-12-08,49.27806045145812,49.34614168382446,48.707472941547856,48.90847396850586,34069500
2023-12-11,48.999250335484824,49.099750849279225,48.4805344157567,49.03166961669922,31883400
2023-12-12,49.025181939758156,49.180796708259685,48.70422810291384,49.07057189941406,21381900
2023-12-13,49.1321681571465,49.94266128540039,48.837148257766025,49.94266128540039,35348700
2023-12-14,49.770839567264076,49.9070020343186,49.255366310515114,49.33317184448242,30891300
2023-12-15,49.206730084752074,49.751379872133214,49.128920852184244,49.51795959472656,70003500
2023-12-18,49.71573107098879,50.27334793290881,49.64440345416579,50.240928649902344,26316000
2023-12-19,50.19878171623153,50.47434931354669,49.95563339975946,50.42247772216797,24417000
2023-12-20,50.38681730421865,50.62023761745023,49.80326281099072,49.83243942260742,21967800
2023-12-21,49.92644834212694,50.27010084878733,49.897271734166054,50.18580627441406,20087700
2023-12-22,50.396533313753146,50.947668434481976,50.302518153944405,50.78557205200195,19405500
2023-12-26,50.785572904890834,50.895801414947115,50.610505840753646,50.707763671875,11679900
2023-12-27,50.67534604549594,51.207032594693736,50.62671712835126,51.1843376159668,19896000
2023-12-28,51.148674156082926,51.33022656023467,51.06114062375056,51.08383560180664,16776000
2023-12-29,51.07086711022417,51.24917685226951,50.950914295616016,51.109771728515625,21948300
2024-01-02,50.98009295516886,51.72250479768274,50.96064064665624,51.641456604003906,23539800
2024-01-03,51.797074905427905,51.96889931387074,51.524746277769566,51.64469909667969,18756000
2024-01-04,51.615522307409606,51.722508156101505,51.057901794335734,51.14543533325195,19282500
2024-01-05,51.19730088213172,51.25565780457358,50.44516478033863,50.805023193359375,21709500
2024-01-08,50.8017883146713,51.317261556441224,50.79530297446708,51.30429458618164,20680800
2024-01-09,51.200549594940384,51.65766959931812,51.135711035784276,51.64794158935547,23322300
2024-01-10,51.728992678288115,52.357933370398214,51.728992678288115,52.289852142333984,20121900
2024-01-11,52.309308066058854,52.484375153219716,51.926754610433115,52.231502532958984,14355300
2024-01-12,52.315785443848945,52.370899697736895,51.99482792952121,52.29957580566406,13629000
2024-01-16,52.338478079980646,52.649707593447744,52.27039685579399,52.46491622924805,17032500
2024-01-17,52.3190254336163,52.51678747554417,52.075877145906695,52.21852493286133,14827800
2024-01-18,52.24770838338972,52.97066795041075,52.09209361832987,52.92203903198242,18190500
2024-01-19,52.98364042746092,53.02903039083111,52.338486320833546,52.64323425292969,19175400
2024-01-22,52.776150050362986,52.828021640174654,52.357934661853534,52.6464729309082,13938300
2024-01-23,52.55893511650186,52.795598066347864,52.44546393605898,52.779388427734375,12066600
2024-01-24,52.811814887020205,52.866929149860624,51.97538406428066,52.03374099731445,22932900
2024-01-25,52.325514101556436,52.80208640824782,52.007799230428844,52.7923583984375,16369500
2024-01-26,52.86044584567092,53.29162824427446,52.73401138445086,53.2559700012207,15746400
2024-01-29,53.28189635801487,53.62554515984698,53.01281412229113,53.505592346191406,18240300
2024-01-30,53.39536819225031,53.75522663759869,53.04523404644167,53.683902740478516,15270000
2024-01-31,54.40037967974637,54.40037967974637,53.52828700101855,53.573673248291016,26134800
2024-02-01,53.71957207199022,54.578697915253834,53.55099031570911,54.56572723388672,20792700
2024-02-02,54.51384996970474,55.30165182411841,54.439283400194924,54.974212646484375,21670800
2024-02-05,55.1168594120553,55.1168594120553,54.487918676130896,54.679195404052734,19145100
2024-02-06,54.721327786498634,55.097399535200694,54.57544105040446,55.05200958251953,14181300
2024-02-07,55.20115501711368,55.32758947458115,54.85426350633564,54.91261672973633,17082600
2024-02-08,54.91261319692521,55.29192396522261,54.83480766734694,54.90937423706055,14427900
2024-02-09,54.91585375145483,55.02608226677229,54.76348165803266,54.880191802978516,14329800
2024-02-12,54.863977390531026,55.23032114293928,54.80562046806083,55.21086883544922,14795100
2024-02-13,55.314619633400106,55.4605101046291,54.552755417312675,54.834808349609375,18574200
2024-02-14,54.708369367628414,54.75051294724856,54.316091630431636,54.65974044799805,18484500
2024-02-15,55.04877335794801,55.06498670733818,54.455494625468866,54.8834342956543,16948800
2024-02-16,55.207636439578614,55.739323049521246,54.88343991142629,55.23033142089844,22373400
2024-02-20,57.862806321052446,58.793255882744305,56.809164992522796,57.01340866088867,71788500
2024-02-21,56.73460283658974,56.92264059143179,56.02136756661064,56.313148498535156,40501500
2024-02-22,56.37150616743908,56.88698313376125,56.18671477809277,56.867530822753906,29512800
2024-02-23,57.08798117853777,57.59373010783392,56.835108568964074,56.91615676879883,74365800
2024-02-26,57.49971601558209,58.19998439293779,56.58547963081697,57.96656036376953,32154800
2024-02-27,58.00546180702617,58.16107658122424,57.59697441606207,57.95683288574219,18012700
2024-02-28,57.91792265050438,58.122166326188506,57.684502366907815,57.98600387573242,14803300
2024-02-29,57.82066725964919,57.85957187860809,56.98423650277641,57.00368881225586,29245100
2024-03-01,57.18848271516113,57.23711163593509,56.604928245575856,57.14957809448242,19030900
2024-03-04,56.89670414011737,57.76231152400989,56.79944630086043,57.67477798461914,16033300
2024-03-05,58.2291541435999,58.68627413719033,57.947104933867266,58.39449691772461,19676900
2024-03-06,58.472305437855546,58.95860206523992,58.394499906751435,58.90997314453125,12698700
2024-03-07,59.32818568297869,59.39626691072104,58.69599861377274,58.705726623535156,16195300
2024-03-08,58.355591339317264,58.62791624498654,58.09299073307251,58.4723014831543,12143600
2024-03-11,58.45285542297304,59.04613792530386,58.229159410809594,58.99750900268555,14154000
2024-03-12,59.279559592571594,59.88256637140565,58.987782358306646,59.726951599121094,16613100
2024-03-13,59.581061147940915,59.77558054090247,59.21147838247767,59.60051345825195,15935200
2024-03-14,59.80349655474299,59.959641308562766,59.1398804203128,59.54976272583008,16584700
2024-03-15,59.21795654296875,59.67663340062799,59.00325610359043,59.21795654296875,50946300
2024-03-18,59.227713637981154,59.43265665753344,58.934942682201054,59.393619537353516,16801700
2024-03-19,59.50097415532104,59.598563240200875,59.13988635113875,59.40338134765625,12353600
2024-03-20,59.37410214488556,59.803499306955054,59.27651306530128,59.77422332763672,12007600
2024-03-21,59.80350402689798,60.17434925959947,59.57904614791118,59.96940994262695,14265900
2024-03-22,59.842539675185414,60.047478987104036,59.38386278612329,59.40338134765625,14029400
2024-03-25,59.40337810867788,59.52048947149011,58.905667846472525,59.1106071472168,14186600
2024-03-26,59.00325319280011,59.36434095444743,58.778795345788936,59.05204772949219,13738300
2024-03-27,59.403383602358275,59.57904694003738,58.92519185639801,59.25699996948242,14363400
2024-03-28,59.19844080195693,59.305791026758385,58.710487942157485,58.720245361328125,17535100
2024-04-01,58.85687246129116,59.296027035782515,58.48602726328197,58.55434036254883,13837600
2024-04-02,58.45674512398245,58.65192325972786,57.461320995986796,57.73457336425781,19510100
2024-04-03,57.94928285100456,58.066390495338084,57.51988195047352,57.998077392578125,14615100
2024-04-04,58.10542811391711,58.36892310800638,57.86145168118093,58.06639099121094,14436100
2024-04-05,58.11518799723533,58.593383463698686,58.05663603347844,58.407958984375,10335900
2024-04-08,58.16397824717295,58.59337913787546,57.988314923300976,58.33964157104492,11070100
2024-04-09,58.427477722217176,58.52507053341387,57.87121172814388,58.34940719604492,10013500
2024-04-10,58.183499017307454,59.29603096221945,57.95904114445546,59.15940475463867,15097600
2024-04-11,59.28627138133368,59.42289758393316,58.62265520632066,58.642173767089844,10987600
2024-04-12,58.55434135895579,59.25699464655438,58.50554681904694,58.69096755981445,12280600
2024-04-15,59.05205396502207,59.23747843592996,58.46651201731851,58.48603057861328,10557200
2024-04-16,58.583617916670214,58.83735548315667,58.339641491932746,58.398197174072266,14726300
2024-04-17,58.70072903148328,58.973981434736835,58.13470194156114,58.21277618408203,15329700
2024-04-18,58.38843823801156,58.49578473496765,57.79313518147422,57.83216857910156,12061500
2024-04-19,58.01759445807927,58.23229118002506,57.54916017003648,58.095664978027344,14165800
2024-04-22,58.12494419585929,58.94470512379607,57.617472790680836,58.69096755981445,14910000
2024-04-23,58.7983139573956,58.89590303086668,57.14903478991341,57.666263580322266,17963900
2024-04-24,57.558919472083545,58.59338088542865,57.39301728502575,58.42747497558594,18529100
2024-04-25,58.60313259118397,59.07156684888206,58.38843588314602,58.75927734375,19263000
2024-04-26,58.66169663630562,58.93494906157378,58.554346405583104,58.71049118041992,11045200
2024-04-29,58.72999946889868,58.93493875199948,58.49578048622318,58.78855514526367,9785100
2024-04-30,58.749524064859266,58.84711314604485,57.73458124027605,57.92000198364258,14209200
2024-05-01,57.88096440317171,57.97855347730687,57.30517993109135,57.432044982910156,15464300
2024-05-02,57.519887673890665,58.446998947178436,57.168564705932326,58.27133560180664,17574100
2024-05-03,58.18349168603698,58.53481830285375,57.71505743787612,58.3786735534668,14207400
2024-05-06,58.55434376278508,58.55434376278508,57.959040672217846,58.42747497558594,11119400
2024-05-07,58.72024642828263,59.335068085181085,58.60313878218267,59.15940475463867,14520200
2024-05-08,59.16916523966782,59.383861968002606,58.76904404071696,58.84711456298828,11015700
2024-05-09,58.952874566804326,59.32500338773352,58.70805366223759,59.18790054321289,14550500
2024-05-10,59.15852792426646,59.325008095130606,58.913707000273355,59.22707748413086,12356600
2024-05-13,59.36417987990689,60.079056569137144,59.041018184950964,59.158531188964844,19260500
2024-05-14,59.266245871089886,59.295623184642324,58.208617755155146,58.61991882324219,18780100
2024-05-15,58.59054183959961,58.698259901788596,58.23799913230294,58.59054183959961,22240600
2024-05-16,62.889601013958824,63.08545476730484,61.63611532565315,62.68395233154297,60545600
2024-05-17,62.90917814523787,63.53591906919646,62.311818270363354,63.31068801879883,29330400
2024-05-20,63.08545170709756,63.41841203724438,62.5468464401814,62.850425720214844,15001400
2024-05-21,63.19317256471512,63.83950335817552,63.114828079809385,63.800331115722656,17131700
2024-05-22,63.633862508750354,64.32915308721492,63.38904156683992,63.89826583862305,14879400
2024-05-23,63.819907615461304,64.16265536613723,63.22254404799441,63.496742248535156,16222900
2024-05-24,63.780745174220606,64.3291491308851,63.6632359109896,64.02556610107422,11795000
2024-05-28,63.8688907067922,64.11371165708114,63.39883119484676,63.69261932373047,13349600
2024-05-29,63.408612084763845,63.85908163699046,63.31068522059994,63.57508850097656,11538600
2024-05-30,63.584887574519,63.81991355810419,63.428198604568,63.54571533203125,13051900
2024-05-31,63.330266840217725,64.53478892177817,62.83083759760991,64.39768981933594,27632200
2024-06-03,64.15286827306699,64.47602617048173,63.810120520450944,64.4564437866211,11578700
2024-06-04,64.6229274993649,65.2594633811824,64.46624599675806,65.22029113769531,14780800
2024-06-05,65.19091765416226,65.75890401109308,64.90692447569684,65.70014190673828,14982700
2024-06-06,65.67076408323719,66.04289667969088,65.38677090696427,65.75890350341797,13256000
2024-06-07,66.00372854861448,66.17020499880446,64.28018699646579,64.51521301269531,20213200
2024-06-10,65.79807637544826,65.93517550028662,64.89712966335654,65.57283782958984,21659500
2024-06-11,65.56303132201428,65.57282624958496,64.97546268056425,65.34759521484375,13367500
2024-06-12,65.46510091634917,65.55324031703258,64.53478457369475,64.93628692626953,11704700
2024-06-13,64.92650694587039,65.3769765141718,64.58375170205443,65.3182144165039,11196600
2024-06-14,65.16153979400987,65.71973121700088,64.92651379257731,65.631591796875,12590100
2024-06-17,65.53365835864673,66.04289002733954,65.03422908951559,66.02330017089844,12103000
2024-06-18,66.22894701466129,66.46398045744598,65.90578910567895,66.19956970214844,12093500
2024-06-20,65.95474350997067,66.71858345937146,65.90578381682518,66.60107421875,13860800
2024-06-21,66.84589869576594,67.12989182811792,66.42480646108416,66.5031509399414,25883000
2024-06-24,66.64025143217866,67.60974009640022,66.49335739909276,67.47264099121094,12470400
2024-06-25,65.77847926477259,66.18977659394214,65.17132819923879,66.02330017089844,20869200
2024-06-26,66.00372795461487,67.17886549652924,65.8176616464639,66.87528991699219,14177500
2024-06-27,66.87528001630771,67.1592731656835,66.26812147577932,66.47377014160156,12899200
2024-06-28,66.46398572720963,66.68921678856015,65.92537671729923,66.30729675292969,18816700
2024-07-01,66.48356416548131,66.82631193718917,65.85682324826091,66.08206176757812,8666000
2024-07-02,66.04289738236221,66.6696383741356,65.86662601146709,66.65984344482422,9436500
2024-07-03,66.40522454844734,66.83611176236,66.21916572808274,66.8263168334961,6287500
2024-07-05,66.74798426614265,68.69675684483877,66.68922216038362,68.58903503417969,21586100
2024-07-08,68.4519242976721,68.68695026682423,67.91331533571841,68.23648071289062,12077700
2024-07-09,68.45194244384766,68.79469029625079,68.22670387150112,68.45194244384766,9758400
2024-07-10,68.64777961005979,68.98073992276726,68.27565452770767,68.95136260986328,10803400
2024-07-11,68.72613668618908,68.99054002211818,67.82519739244393,68.35401153564453,15624800
2024-07-12,68.4519338720909,68.57923806665842,67.7370534654471,67.80560302734375,12145300
2024-07-15,67.86436267946782,68.52048095839379,67.86436267946782,68.16793823242188,10171100
2024-07-16,68.37358551995568,68.78488286810986,68.13855953120208,68.5400619506836,9836800
2024-07-17,68.7261278359523,69.62706701367861,68.50088930585001,69.55851745605469,13533800
2024-07-18,69.21577562880452,69.71521243241408,68.97095469172915,69.35287475585938,10682700
2024-07-19,69.72499166279965,69.85230331671467,69.18639014759545,69.28431701660156,11665500
2024-07-22,69.39202589633815,69.78374077078466,68.77508001223926,68.92196655273438,12666100
2024-07-23,69.01012237589848,69.23535343916603,68.6575796521095,69.18639373779297,9263600
2024-07-24,69.05908379393713,69.37245428161246,68.8828124276609,69.1374282836914,22490800
2024-07-25,69.13742140683917,69.30389782750186,68.50088556574774,68.5694351196289,18821200
2024-07-26,68.77509374458968,68.78488120168376,67.40409514594894,68.33441162109375,16789300
2024-07-29,68.40296544367175,68.45193261756131,67.69787997917594,68.177734375,10315300
2024-07-30,68.10918028203011,68.40296089179255,67.55098890500611,67.75663757324219,12522500
2024-07-31,67.74684693357261,67.81539649399085,66.87528503482288,67.21803283691406,22908800
2024-08-01,67.4824483627765,68.3540103227692,67.10052081778989,68.3442153930664,17275500
2024-08-02,68.15814616092977,68.78488715085643,66.33667782416109,67.04176330566406,23578700
2024-08-05,66.68921796410898,67.15927742389314,65.52387545056155,66.18978118896484,20770500
2024-08-06,66.43460442966611,67.20823947028035,66.27792291849997,66.33667755126953,14815100
2024-08-07,66.4639683018787,66.60106738275864,65.42592279777963,65.52385711669922,18499200
2024-08-08,65.45532665624084,66.51295497033679,65.28885020069127,66.25834655761719,12489800
2024-08-09,66.44440100004405,66.80673867753703,65.93517673699917,66.54232788085938,13805600
2024-08-12,66.92425166598872,67.78602619628657,66.6598483259562,67.27679443359375,17385300
2024-08-13,67.01240084376252,67.18867225321226,65.7491236545967,66.71861267089844,26557900
2024-08-14,66.51295732283695,67.36493696232728,66.44440775216597,67.23763275146484,22928600
2024-08-15,72.58450760839044,72.89787808090736,71.27226361817867,71.66397857666016,49567500
2024-08-16,71.39684377249633,72.29053554723296,71.22006998697903,72.1333999633789,19872100
2024-08-19,72.0744806648993,72.65390878706803,72.0253739198785,72.39856719970703,13709300
2024-08-20,72.42803251796526,73.410107535158,72.39857146627152,73.20387268066406,14434000
2024-08-21,73.95024123311914,74.22522099984971,73.25296147694804,73.89131164550781,14832000
2024-08-22,74.01899251324866,74.8537547316313,73.80293482299113,74.22522735595703,16511100
2024-08-23,74.24486498706287,74.45109982818414,73.66544436095603,74.34307098388672,12299100
2024-08-26,74.5395005996178,74.84394147893451,74.21541402268421,74.66716766357422,9508200
2024-08-27,75.07963695624034,75.07963695624034,74.41182560135833,74.76537322998047,11557800
2024-08-28,74.91269010613517,75.06000287492698,74.45111359381889,74.71627807617188,9814300
2024-08-29,74.627885928464,75.09928528066214,74.3136221912114,75.05017852783203,11856800
2024-08-30,75.06981718108459,76.08135325629372,74.85375947712967,75.84565734863281,23230000
2024-09-03,75.94387115100314,76.41526301473151,75.4233725340104,75.78673553466797,22666100
2024-09-04,75.94386703194857,76.09117979111318,75.3546234879283,75.85547637939453,18442800
2024-09-05,75.86529275769604,76.06170475807195,75.02070766933204,75.58049011230469,13082900
2024-09-06,75.52156932119746,75.93403902472673,74.93232581720741,75.26622772216797,14548600
2024-09-09,75.47245968073588,76.08134885734549,75.11891209336737,75.95367431640625,22260200
2024-09-10,75.96350258345515,77.48572188725981,75.8947576305978,77.39733123779297,17686300
2024-09-11,76.97503473545781,77.50535612722189,76.17955639413049,77.42678833007812,19518800
2024-09-12,77.57410546789961,78.47762020092418,77.21074249765607,78.23210144042969,14877700
2024-09-13,78.38922562437179,79.24363356544404,78.26155857265931,79.15524291992188,12994100
2024-09-16,79.39094662305865,79.56772043883932,78.70349705759953,79.115966796875,15346400
2024-09-17,78.3303117824458,78.82134933061849,76.85719913792774,77.19110107421875,21065900
2024-09-18,77.23039458450332,77.98659669863684,76.87684690642725,77.6134033203125,15684900
2024-09-19,77.6330417748898,77.67231818644201,76.1009994820028,76.64114379882812,21525700
2024-09-20,76.8277286186696,78.18298938730803,76.7098769242777,77.6428451538086,39534300
2024-09-23,77.65267427552061,78.998119797811,77.65267427552061,78.89009094238281,12147300
2024-09-24,79.03741745495829,79.45971010168206,78.80171400610826,79.22400665283203,14651100
2024-09-25,79.44005754894613,80.13732999987688,79.23382266847129,79.94091796875,14163800
2024-09-26,79.58736885149668,79.74449697497394,77.83927633172019,78.48744201660156,17061100
2024-09-27,78.46779676987123,78.85080543398742,78.17317126241053,78.34994506835938,11899100
2024-09-30,78.45797377130327,79.48915555280267,78.42851271914122,79.30255889892578,18997000
2024-10-01,79.23380419093154,80.06856636751003,78.99810831001646,79.81322479248047,16054200
2024-10-02,79.53824845619577,79.53824845619577,78.68384804118487,78.98828887939453,16618300
2024-10-03,78.86062183267632,79.13560162107694,78.41868360762906,78.98828887939453,11640400
2024-10-04,78.61510487124293,79.65610194875997,78.41868538034706,79.48915100097656,11583400
2024-10-07,79.24364757581397,79.48916636741816,77.56429994035796,77.68214416503906,16791600
2024-10-08,78.19282106233922,78.38923308252829,77.65267676786185,78.28120422363281,15270000
2024-10-09,78.38922648679453,79.05703778894078,78.32048153624878,78.95883178710938,12413000
2024-10-10,78.87043283147092,78.88025567841049,78.03567066489124,78.1829833984375,10812700
2024-10-11,78.27137595269252,78.69366851021975,77.94729689109451,78.6642074584961,9570700
2024-10-14,78.61511127430678,79.06686490120566,78.33030860878918,78.8508071899414,9914500
2024-10-15,79.22397993270809,80.35336755979107,79.06685184577584,80.18641662597656,13276200
2024-10-16,80.06857813786209,80.19625269046394,79.17489373283944,79.7641372680664,11123300
2024-10-17,79.81323403013491,80.03911458277332,79.20435230957871,79.44004821777344,9424700
2024-10-18,79.42040826756777,80.22570947110918,79.21417341585276,79.8525161743164,12324100
2024-10-21,79.77395791956398,80.08822162920596,79.2730975567278,79.36148071289062,9750400
2024-10-22,79.65609751653827,80.7560241264407,79.38111773722191,80.5497817993164,12240100
2024-10-23,80.42212109525468,81.84612684721985,80.33373794178156,81.77738189697266,13058200
2024-10-24,81.4729534910881,81.82650114426576,81.09976763168447,81.55152130126953,11645900
2024-10-25,81.70864786323713,81.80686137040126,80.96227615873235,81.03102111816406,8959400
2024-10-28,81.2667007446289,81.59078727090687,80.9917209620793,81.2667007446289,7990200
2024-10-29,81.18814873747726,81.3747454087612,80.20607361305835,80.23553466796875,9682400
2024-10-30,80.13731853015652,80.36319907699793,79.84270052563365,79.93108367919922,9268800
2024-10-31,79.83287536927155,80.96226308554633,79.76413042094025,80.48104095458984,15539000
2024-11-01,81.05064535962407,81.05064535962407,80.07839324584725,80.71674346923828,12181800
2024-11-04,80.72656528542694,81.42384515730066,80.53015327449555,80.97208404541016,11731000
2024-11-05,81.19795588820504,82.26841397039748,81.03100494756465,82.1800308227539,10612500
2024-11-06,83.61386813440942,84.00669964812995,80.58907521919056,81.94434356689453,19974000
2024-11-07,82.21931019676708,82.87729856848915,81.92468473555348,82.34697723388672,12665800
2024-11-08,82.76928109848276,83.88884601661954,82.72018184329578,83.3094253540039,14396500
2024-11-11,83.42727207057064,83.87903318476431,82.61215547767556,82.7005386352539,10433200
2024-11-12,82.98533807895629,83.99687413719136,82.98533807895629,83.466552734375,12860200
2024-11-13,83.46654691007969,84.25220985779245,83.25048922482682,83.9674072265625,12802600
2024-11-14,83.50583883209654,84.22275690273196,82.82820466188586,82.95587921142578,15740700
2024-11-15,83.0148022009629,83.26032096175726,82.43538152195447,82.73982238769531,17370600
2024-11-18,83.29960945060239,83.3290705046983,82.16040623394296,82.5728759765625,25093800
2024-11-19,84.6843359965137,86.70740822906191,84.37007227599516,85.04769897460938,36340900
2024-11-20,85.04769662178668,85.63694014487791,84.37006994191884,85.61730194091797,18183200
2024-11-21,85.88245773775941,87.05112941241242,85.37178202271782,86.80561065673828,18729200
2024-11-22,87.80733443464011,89.2804470200026,87.33593511056336,88.8188705444336,23990600
2024-11-25,88.87778882074622,89.31971958025836,87.46359840208696,87.89571380615234,25078600
2024-11-26,88.27873390533917,90.23306133976713,88.22962715118904,89.67327880859375,16657000
2024-11-27,90.35089918163365,90.59641792940984,89.67326504012738,90.23304748535156,14358900
2024-11-29,90.60623831059155,90.97942409970219,90.17412292862538,90.84193420410156,11041200
2024-12-02,91.15619731512044,91.32314825977177,90.30178940418666,90.97942352294922,17173000
2024-12-03,91.11692133798132,91.9123997255798,90.60624561211714,91.8338394165039,17775200
2024-12-04,91.77491344309898,92.82573348144551,91.38208940429293,92.75698852539062,17312600
2024-12-05,93.18909674957861,93.88636910494394,92.64895249905169,93.59175109863281,21932300
2024-12-06,93.82745287897242,94.4559803229684,93.62121801384608,93.98458099365234,18803500
2024-12-09,93.94529313047843,94.22027291712087,91.92221364242567,92.1480941772461,20931100
2024-12-10,92.36416418166662,93.5328284307416,92.08917686571662,92.8552017211914,13164500
2024-12-11,92.84537330733382,93.97476107907325,92.80608940740991,93.25784301757812,19682100
2024-12-12,93.96493792662558,94.00422182642227,92.40343475341797,92.40343475341797,14298600
2024-12-13,92.32274557715802,93.18888374232498,91.5747127245089,92.76565551757812,11495900
2024-12-16,92.9329676019574,94.20265215622621,92.6180076162717,93.37588500976562,16742000
2024-12-17,93.6416396199712,93.98612596842028,92.83455409964515,93.91722869873047,23560800
2024-12-18,93.83848570699179,94.38967136723285,91.66329192194303,92.0766830444336,24665600
2024-12-19,92.99203181545501,93.08061079533483,91.88966806288313,91.92903900146484,16606500
2024-12-20,91.54517750132891,92.27352105829564,90.18690646543824,90.78730010986328,49350600
2024-12-23,90.0589529700807,90.0589529700807,87.509746867493,88.92706298828125,26205400
2024-12-24,88.94675785137672,91.22037506103516,88.92706862791209,91.22037506103516,8992400
2024-12-26,91.08258106874483,91.4172227772236,90.71840552489564,91.32864379882812,10994000
2024-12-27,90.67902989431401,90.8955662870597,89.59635543982382,90.21643829345703,11384400
2024-12-30,89.30108420656227,89.63572589593208,88.71052768069386,89.14360046386719,9790200
2024-12-31,89.14359937722838,89.50777489584294,88.6416293400544,88.92706298828125,11267700
2025-01-02,88.5628912248681,89.17312192141091,88.11012924394971,88.58257293701172,14820400
2025-01-03,88.73022065322503,89.86211069665991,88.72037604158098,89.35029602050781,10834600
2025-01-06,89.3995098685725,91.01368072251604,89.24202612221784,89.99005889892578,14519900
2025-01-07,90.25579677295963,90.49202237531856,89.02548325364863,89.37981414794922,11238000
2025-01-08,89.67509728544312,90.40344082599857,89.38966363229234,90.35423278808594,13453600
2025-01-10,91.03336926286799,92.10620671495674,90.74793558312399,91.53533935546875,18140900
2025-01-13,90.66920534531555,90.97432075411558,89.66526511436184,90.08849334716797,18617100
2025-01-14,90.41329379578816,90.53140661432651,89.14360915614681,89.36014556884766,13549200
2025-01-15,89.63572955891348,90.28533876021989,89.37982222119535,89.90147399902344,17348200
2025-01-16,90.05895349111222,90.27548988131211,88.70069001063756,89.86210632324219,13267700
2025-01-17,90.61998483251833,90.80699491631812,89.61605216574009,90.49203491210938,15868200
2025-01-21,91.02352567446886,92.75580183542009,90.85619731603153,91.61407470703125,23247500
2025-01-22,92.29321532484832,92.51959636469961,91.06290154340284,91.76172637939453,15567100
2025-01-23,91.49595362799167,92.33256530761719,90.86603371562155,92.33256530761719,14198400
2025-01-24,92.06682145567596,93.51367134450929,91.98807958884093,93.26760864257812,14973800
2025-01-27,94.38966668031252,95.92509574428422,93.32667386252962,95.86604309082031,18880600
2025-01-28,95.6987216998925,96.29910786165367,95.20659623246564,95.75777435302734,14641600
2025-01-29,95.89556501798022,96.62390857782836,95.68887323110054,95.96446228027344,11261400
2025-01-30,96.15146411681427,97.37193301970609,95.88571219270631,97.09634399414062,11012200
2025-01-31,97.44084188220327,97.44084188220327,96.16131267197383,96.61407470703125,16391200
2025-02-03,95.24594919103629,98.21839089269812,94.95067844858345,97.97232818603516,20484200
2025-02-04,98.39557185969053,99.3601336167558,98.11998278624331,99.18296813964844,15201200
2025-02-05,99.06483731982226,100.96444152609031,98.95656913895435,100.84632873535156,15926700
2025-02-06,100.91524173929189,101.39752256892966,100.3345373232927,101.2302017211914,13088500
2025-02-07,101.3778311445683,101.48609933196656,99.51759775634387,99.55696868896484,12451100
2025-02-10,100.34438574776561,101.30895502511609,99.65541305625752,101.29911041259766,15274600
2025-02-11,101.00383268316054,101.23020619086316,100.2459552653142,100.85619354248047,11953600
2025-02-12,100.511701642309,102.26366699107952,100.43295977041774,101.97823333740234,15162100
2025-02-13,102.3620947578762,103.58256378509488,101.89949562816534,103.39556121826172,12604400
2025-02-14,103.64162462840886,103.64162462840886,101.96839356292257,102.4014663696289,14109500
2025-02-18,102.08650856489527,102.35225301428301,100.89556583015997,102.14556121826172,18247300
2025-02-19,102.21444431287203,102.55893059181555,100.93492277547641,102.3620834350586,18508000
2025-02-20,97.22430502159163,98.54320516388218,95.15737958409488,95.67903137207031,55450900
2025-02-21,95.0097469737618,95.32470699055868,92.63770598990638,93.28730773925781,35014800
2025-02-24,92.69674082455055,93.14949529232207,90.6691865755655,92.19477081298828,29755900
2025-02-25,92.86407204804411,96.36801040114787,92.75580384698189,96.15147399902344,29331200
2025-02-26,96.16129742267874,97.175082025619,94.5569713676113,94.68492126464844,19069700
2025-02-27,94.38966516607428,96.49596154386956,94.3010786780608,95.2656478881836,16431500
2025-02-28,96.24989092672556,97.303039029336,95.63965270017785,97.05697631835938,25451300
2025-03-03,96.43690430158534,97.92311772026811,95.30501429037712,96.05303955078125,18372200
2025-03-04,94.25187096280011,95.52155556096051,92.97234175277345,93.47431182861328,25227700
2025-03-05,93.47431114470604,94.8719456499478,93.25777474066379,94.4684066772461,17639000
2025-03-06,93.30698936542706,94.67509753096232,92.69675109728819,93.14950561523438,19957800
2025-03-07,92.46053572524325,92.47037282799334,89.33061743504112,90.27549743652344,35913200
2025-03-10,88.3463616590463,88.8089607770968,85.24596986527742,86.4369125366211,35148800
2025-03-11,85.91525759916534,87.9428119472459,85.76761846981506,86.06289672851562,28687600
2025-03-12,86.49596213841718,87.6967493788908,83.54320958351016,83.85816955566406,33301600
2025-03-13,83.60227752993842,84.104240104388,82.54912932093816,83.16920471191406,31507800
2025-03-14,83.62194875025003,84.02549519080773,82.73612151057027,84.00580596923828,35500600
2025-03-17,83.78927422703711,86.60423232831462,83.64164260328059,86.08258056640625,26297800
2025-03-18,86.06290517064664,86.2991232952355,84.1534559313531,84.24203491210938,17850900
2025-03-19,84.59636253947453,85.42313720700412,84.2715654468536,84.97038269042969,24555900
2025-03-20,84.45857238769531,85.70857531078224,84.1731387084805,84.45857238769531,18185500
2025-03-21,84.16741187598663,85.10502242611054,83.67393501692962,84.85828399658203,26797200
2025-03-24,85.34189745948515,86.50650326062815,85.22346029111365,86.34858703613281,17900700
2025-03-25,85.62810509222246,86.17092510912858,83.51602477730523,83.6541976928711,27908600
2025-03-26,84.07858424736952,84.44375228047248,83.46667027075058,84.09832000732422,27228800
2025-03-27,83.67394626261165,84.98659669128824,83.67394626261165,84.51285552978516,16782800
2025-03-28,84.3154541050097,84.71023708729578,83.59497459759821,84.03910827636719,14790600
2025-03-31,83.65419999168381,87.0493156915615,83.26928864062168,86.64466857910156,30269300
2025-04-01,86.39794069397973,87.94745793300605,86.23016034710956,87.67111206054688,22080300
2025-04-02,87.04930597793278,88.97387004834515,86.97035541129203,88.58895874023438,19384100
2025-04-03,85.15437163513813,88.70740376643664,85.15437163513813,86.12158966064453,33012900
2025-04-04,84.52272439458476,86.249893576564,81.57173458630672,82.10469055175781,36209000
2025-04-07,79.19316052724713,85.13462584898258,78.76877014712318,82.736328125,36884900
2025-04-08,84.72997588568565,85.83536676974494,79.9728592267427,80.72294616699219,34351700
2025-04-09,82.24286365100548,89.61540989326633,81.93690284641417,88.43106079101562,46632800
2025-04-10,87.5724015346916,90.67143542363253,87.00983824988026,89.42787170410156,34735300
2025-04-11,89.49697251688066,92.13213740375794,88.83571526599117,91.58931732177734,25508100
2025-04-14,92.05318139157302,94.19487694818149,91.6880132896935,93.494140625,27742900
2025-04-15,93.58295828979439,94.77717147495933,92.64535519900221,92.74404907226562,21871200
2025-04-16,92.7736425049379,93.06973160998226,89.4278702552868,90.00030517578125,22229100
2025-04-17,90.63196484331499,92.64535140075573,90.42470545900103,92.00382995605469,21393900
2025-04-21,91.8064416450877,92.85261782167855,90.14835891506273,91.20440673828125,18361200
2025-04-22,91.6682714156122,94.04683382241429,91.6682714156122,93.6125717163086,15407800
2025-04-23,93.78033755432959,95.3397262123756,92.93156429714395,93.72112274169922,18046900
2025-04-24,93.47438280068552,94.96468497655155,92.43808594715674,94.58963775634766,13444500
2025-04-25,94.55016235549301,95.21141949154381,93.12894669484518,93.84941864013672,15317200
2025-04-28,93.85930788560259,94.74756784007533,93.10922086517448,93.97774505615234,12950000
2025-04-29,93.60269167183121,94.9252136354757,93.18817289675177,94.78704071044922,12679000
2025-04-30,94.68834754249565,96.5043388733851,93.69152212181191,95.98125457763672,21639900
2025-05-01,95.75424889814083,96.62277301168427,95.3298584871665,96.13916778564453,13171800
2025-05-02,96.67212671712159,97.92556232491957,96.57343283796955,97.4616928100586,16031400
2025-05-05,97.64920728886501,98.43876577785694,97.2445526334922,98.03411865234375,12439100
2025-05-06,97.45181358219507,98.17229315069193,97.12612455931541,97.26429748535156,10626000
2025-05-07,97.26429593699483,97.93542479414086,97.02742161339533,97.54064178466797,11301300
2025-05-08,97.46168368982984,98.03411867714907,96.08981856736935,96.15890502929688,14461100
2025-05-09,95.71864383569856,96.16384381105718,95.26354834700207,95.68896484375,13697800
2025-05-12,96.62882645777246,96.92563144772407,94.60068418665125,95.71863555908203,26783900
2025-05-13,95.47130363264385,96.28256207661522,94.21484523759068,94.85791015625,19746700
2025-05-14,95.00631553690384,96.29246050935247,94.80845056332632,95.79779052734375,25620100
2025-05-15,93.29477151124377,95.6889726663112,90.91045832225747,95.32291412353516,44026100
2025-05-16,95.11514422301903,98.13263415426849,94.9766372309025,97.19275665283203,33746200
2025-05-19,95.61971226988156,97.23233374853503,94.78866274697121,97.07404327392578,20041600
2025-05-20,97.50935456397795,97.76658509479262,95.49109992203016,96.75746154785156,15609600
2025-05-21,96.09458879440777,96.7178778077327,94.95685386468855,95.40205383300781,15742300
2025-05-22,95.51087710748885,95.92639806376692,94.79855115497523,94.90737915039062,13712200
2025-05-23,94.32367872801746,95.51089134182969,93.98730672701338,95.31301879882812,13668600
2025-05-27,96.2627809413004,96.757450920345,95.55045496378584,96.539794921875,17180900
2025-05-28,96.48043654750698,97.19276257785366,96.02534103880005,96.20342254638672,11220100
2025-05-29,96.58926754327672,96.72777454812226,95.81758350254715,96.0649185180664,14338000
2025-05-30,95.92641525420453,97.87541646019486,95.57025221412174,97.66765594482422,29980100
2025-06-02,97.78636488671441,98.84496596435731,97.00479290575488,98.70645141601562,16999200
2025-06-03,98.5085896688044,99.81451824868714,97.51924960683064,98.91422271728516,15598600
2025-06-04,98.72623607250827,99.06260803773945,98.26124508098816,98.29092407226562,11115600
2025-06-05,98.24146816361728,98.52837013050272,96.56948109472154,96.9157485961914,15817100
2025-06-06,97.32138443139773,97.50935391013606,95.93630683761532,96.43097686767578,15599300
2025-06-09,96.36172374390077,96.80692375347768,95.7384346728143,96.41118621826172,13655700
2025-06-10,96.25289089251675,97.04435837508058,95.45152789635209,96.2825698852539,17162500
2025-06-11,96.25290035831509,96.25290035831509,94.33357812652999,94.7787857055664,16389600
2025-06-12,93.8784803043254,94.24453885402475,92.43404468226183,93.81912231445312,17845700
2025-06-13,93.51241478000134,94.30388981024015,93.00785680758776,93.43327331542969,18694700
2025-06-16,93.73996947837647,94.75898851936913,93.09689693804098,93.28487396240234,14881700
2025-06-17,92.94848765178511,93.80921614752151,92.62201119649511,93.24529266357422,14935600
2025-06-18,93.56187864014535,94.47206958135065,93.08699214365379,94.07633209228516,11333700
2025-06-20,94.22473580549673,95.28332926221843,94.18516130127496,95.0953598022461,20604900
2025-06-23,94.89748097789334,96.88605628158022,94.65014600398428,96.82669830322266,20432400
2025-06-24,96.68821138890677,98.05349801094104,96.21332481929234,96.95532989501953,22403700
2025-06-25,97.26202340767922,97.50935843418482,96.11439280968757,96.22322082519531,11154700
2025-06-26,95.86703813015173,96.302342554878,94.89748170386274,94.99641418457031,19361400
2025-06-27,95.29323088677975,96.71788293787218,95.13494040780581,96.23310089111328,31431900
2025-06-30,96.19353838843084,97.09383392770928,95.28333978692199,96.7376708984375,17803000
2025-07-01,96.55957967513787,98.13263415426849,96.38149817840734,97.19275665283203,15635800
2025-07-02,97.08393439025473,97.33126939766214,96.02534086047362,96.5694808959961,12502000
2025-07-03,96.65851725211223,97.43020881062064,96.38150325329322,97.31148529052734,7686200
2025-07-07,97.1828681415606,98.29092407226562,96.57937015870236,98.29092407226562,12930900
2025-07-08,97.76658482527586,98.11285233807236,95.48121169275333,96.05502319335938,16875000
2025-07-09,96.11438704820219,96.25289405089738,95.35259098531314,95.77800750732422,13702600
2025-07-10,95.62960804950346,95.74832401877455,93.73006951244888,93.84879302978516,18894800
2025-07-11,93.99719766364633,94.51165115426579,93.22551365368447,93.3936996459961,14595000
2025-07-14,93.50252890236736,94.81834541352832,93.37390986694398,94.75898742675781,13779100
2025-07-15,94.58090656030123,94.75898806988687,93.92794605719756,94.3731460571289,10450800
2025-07-16,94.40281487267914,94.80844786947193,93.60145193997545,94.13569641113281,11181600
2025-07-17,94.06644412740549,94.61057657031387,93.8784671217848,94.07633209228516,11165100
2025-07-18,94.07634064088425,94.46219020013177,93.42338014044755,94.03677368164062,14636300
2025-07-21,94.24452864679748,95.60981510245237,94.08623062686154,94.65015411376953,13450400
2025-07-22,94.8183286700594,95.63948256635375,94.71939619355669,94.8282241821289,9049100
2025-07-23,94.98653344289535,95.26354742916642,94.27420745073255,94.66004943847656,9729700
2025-07-24,94.5512248287979,95.9264068443071,94.33356881804417,95.57024383544922,14991500
2025-07-25,95.8076877990376,96.60905838042017,95.50099479578111,96.43097686767578,12868500
2025-07-28,96.2429968746826,97.08393439025473,96.04513188798283,96.5694808959961,12293100
2025-07-29,96.73766691016206,97.66764895359354,96.3023548816511,97.28180694580078,14034300
2025-07-30,97.55881359853628,97.82593206532574,96.25288515942863,96.5496826171875,13864100
2025-07-31,96.40129472482225,97.57860422522722,96.27267569044558,96.93553924560547,15651300
2025-08-01,96.95531951004862,97.77647351743467,96.62883550016282,97.44009399414062,16750400
2025-08-04,97.15319162801667,98.84496978606587,97.15319162801667,98.52837371826172,19050200
2025-08-05,98.60752105436944,99.3989961142571,97.8556280503483,98.25135803222656,17977000
2025-08-06,98.39975870482596,102.58467036252021,98.39975870482596,102.25818634033203,23738400
2025-08-07,102.35711630331805,102.79242832213986,101.02150880237373,102.02074432373047,12509500
2025-08-08,102.26808167509871,103.60368920672607,102.0504256606876,102.6242446899414,12394700
2025-08-11,102.79243404291347,103.21785057187478,102.01085448746987,102.82211303710938,12856700
2025-08-12,103.13870052241693,103.19805851021431,102.26808399310445,102.51541900634766,17915300
2025-08-13,101.06108254248757,101.71404301770609,99.77493752284313,99.91344451904297,19398500
2025-08-14,100.1409913616483,100.35864735924059,99.64632138459852,99.77493286132812,10858400
2025-08-15,99.78981447224214,99.9286449750798,98.70891876219247,99.16507720947266,13604900
2025-08-18,99.16506994874592,100.0377198406449,99.08573607702026,99.85922241210938,11656100
2025-08-19,100.11705125197197,101.57477895490567,99.95839107811419,100.44429779052734,16999000
2025-08-20,100.30547319188467,101.7929492919155,100.08730882003567,101.71361541748047,18655000
2025-08-21,98.58000320785128,98.61966257944395,96.14053574169328,97.14210510253906,51825100
2025-08-22,97.25119024061061,98.22301131941312,95.95213015921999,96.02154541015625,32695200
2025-08-25,96.19011876268009,96.76527798960507,95.26788330078125,95.26788330078125,18956100
2025-08-26,95.47612993277961,95.66454599024999,94.62330970991675,95.24805450439453,22270400
2025-08-27,95.09930408421621,95.51579556438128,94.80180584655862,95.27780151367188,12925700
2025-08-28,95.19847396233963,95.76371459886323,94.90097570492934,95.30755615234375,19241600
2025-08-29,95.29763062906333,96.21986608145436,95.00013995887893,96.1702880859375,15600300
2025-09-02,96.4182014241689,97.03302001953125,95.70421170570151,97.03302001953125,15351300
2025-09-03,97.03302028019843,98.60974884033203,96.68594404548175,98.60974884033203,18995900
2025-09-04,99.07583035198164,100.50380229145934,98.81799903783775,100.08731079101562,15640900
2025-09-05,100.23607045891055,100.63273231491927,98.7188458579457,99.67082977294922,13748500
2025-09-08,100.00797973024643,101.50537452764463,99.58156959187589,101.42604064941406,13685700
2025-09-09,101.1483792291619,101.63428599137798,100.70213940589949,101.43595886230469,11819700
2025-09-10,101.09879076808632,101.59461614226171,99.5518180216814,99.5716552734375,17934900
2025-09-11,100.14680206838533,101.9218577291584,99.44273097931239,101.7929458618164,15900800
2025-09-12,101.68387318876428,103.11185275123853,101.50537574345499,102.62593841552734,11641900
2025-09-15,102.78459759008946,103.11184414010981,102.54660353811761,102.82426452636719,10756900
2025-09-16,102.9829286790064,103.33992355358478,102.26893892984964,102.5565185546875,14481900
2025-09-17,102.86392934799532,105.22405526529236,102.86392934799532,103.3994140625,25382000
2025-09-18,102.91351330621639,103.76633355383453,101.26737700046856,102.73501586914062,14869400
2025-09-19,102.943255232715,103.07217466386432,101.23761484327676,101.47561645507812,34791600
2025-09-22,101.59460387773832,102.33834184921722,101.06903025507093,101.96151733398438,12861900
2025-09-23,101.55495735990907,101.82269973461295,100.48397272970382,101.66403198242188,13158700
2025-09-24,102.1796932441854,102.606103365375,101.62437125033651,101.87228393554688,11391800
2025-09-25,102.35819979687075,102.6457794452119,101.7235438714611,102.18962097167969,13366700
2025-09-26,102.021014633444,102.62592212621728,101.61444180714209,102.2986831665039,11859300
2025-09-29,102.18961203979899,102.44743578554598,101.22770960907322,102.2193603515625,15477200
2025-09-30,102.14002730177343,103.07218142826827,101.86236630214387,102.19952392578125,13873400
2025-10-01,101.7036925151355,102.0011907489098,99.71048007220848,101.10870361328125,16142800
2025-10-02,100.60296317287771,101.28720459515596,99.03616077500212,100.85087585449219,15605400
2025-10-03,100.6128811517826,101.96152673635164,100.35504984616642,101.21778869628906,11867500
2025-10-06,101.02937598212222,102.2094427990993,100.73188529566816,101.842529296875,13303600
2025-10-07,101.52519342473249,102.38793223598833,100.10713265626973,102.37801361083984,15538900
2025-10-08,102.1598486460141,102.39785025400097,101.29711740556779,102.04085540771484,13584100
2025-10-09,102.26894137021094,102.58626931455332,99.53199068739345,100.92029571533203,19508000
2025-10-10,101.19796126043559,102.76476368306976,100.67238001192419,100.98970794677734,18519400
2025-10-13,100.52364168027,101.59461876622174,100.22614342180313,101.26737976074219,10871200
2025-10-14,103.18126040188707,107.01894384474026,102.03094193560398,106.31487274169922,30859500
2025-10-15,106.42395289236927,108.64524834345669,106.40412320726159,108.11967468261719,21416300
2025-10-16,108.28825695012095,108.6650890704717,104.77782001529076,105.5810546875,16366200
2025-10-17,106.27520633823076,107.29660537404432,105.33314117615089,106.83053588867188,13735600
2025-10-20,106.94953557042113,107.3461973972683,105.71989071632049,106.15621948242188,10581200
2025-10-21,106.43387809258782,106.58262722001473,105.29347820324139,105.33314514160156,10899700
2025-10-22,105.66039020060624,106.87019775769554,104.77782164035123,106.2454605102539,12296500
2025-10-23,106.45371072346444,106.67187510763242,104.89681928681449,105.96780395507812,11408200
2025-10-24,106.17604122939089,106.27520478726349,104.62906854263365,105.28355407714844,10318000
2025-10-27,105.45213749919137,105.47197475105114,103.28042749362606,103.5977554321289,16375900
2025-10-28,103.1911699012466,103.27050377338249,102.18960813688516,102.30860137939453,13323000
2025-10-29,102.05078535407756,102.80443449922815,101.25746170416691,101.60453796386719,11986400
2025-10-30,101.34670133734312,102.50693843859625,101.1087072811068,101.37645721435547,14065100
2025-10-31,100.85088305196206,101.24754488399289,99.3435771690791,100.3352279663086,20237000
2025-11-03,99.97823063454936,100.9500517210274,99.56173912564235,100.7417984008789,14811700
2025-11-04,101.27728431295115,101.7631986082678,100.61288015285842,101.4161148071289,12636400
2025-11-05,100.89053745806483,101.82269151268116,100.007968963428,100.62279510498047,13356800
2025-11-06,100.49388187397508,101.0789597419063,99.19482183188099,100.83104705810547,14866000
2025-11-07,101.2772781932102,102.11026867363725,100.88062398563869,101.73343658447266,17248700
2025-11-10,101.29712274632084,101.8127777927579,100.75171182304594,101.56486511230469,14507600
2025-11-11,101.6442008637206,102.87384566309207,101.46570342786872,102.57635498046875,13182100
2025-11-12,102.48710247969544,102.7350151647289,101.8028686136755,102.57635498046875,12084400
2025-11-13,102.72510485966085,103.06227007277798,101.16821337417035,101.68387603759766,18088500
2025-11-14,99.363404275502,101.6342854500628,98.054425559783,101.62437438964844,23424200
2025-11-17,101.7235405195123,102.45735999051881,101.24754480829215,102.09044647216797,15289400
2025-11-18,102.12018547120078,102.47717273848842,100.53353840652998,100.54345703125,17604500
2025-11-19,100.73189151387763,100.86080339606266,98.84775345391428,99.76998901367188,22157000
2025-11-20,103.07218240777652,107.00903713519567,101.82270033187463,106.21571350097656,50375900
2025-11-21,107.07844542131552,107.24702422377177,103.84566203582295,104.4406509399414,41420800
2025-11-24,104.48032640372462,105.382724676061,102.89368667466971,103.19117736816406,42519200
2025-11-25,103.7365837716454,106.52311991001088,103.35975921680176,106.10662841796875,20212900
2025-11-26,106.30495661869999,108.67500128911136,106.27520830692245,108.18909454345703,17783300
2025-11-28,108.38742955512716,109.77573454685668,108.0899313050738,109.58732604980469,9846500
2025-12-01,109.58732784011903,110.82689129276726,109.43857871266226,110.59880828857422,17236800
2025-12-02,110.53931192483859,111.70946012952888,109.86498910237817,111.47146606445312,18711800
2025-12-03,111.56070876612803,113.9307534404373,111.2830477681546,113.45476531982422,24478300
2025-12-04,112.67136458124708,113.93075774555678,112.21520612938312,113.88117218017578,25905100
2025-12-05,113.77208598724077,115.29922137853497,113.72250042690119,114.14891052246094,23956400
2025-12-08,113.61342390958818,114.02991540070049,111.36238007988572,112.61185455322266,22700700
2025-12-09,112.9985942054707,114.75382018074308,112.0763587521143,114.09932708740234,24326700
2025-12-10,114.38691141934537,115.2595689131506,112.04661506618633,112.23503112792969,22859600
2025-12-11,112.19537005342097,114.90258004573666,111.90779041572479,114.55549621582031,21586600
2025-12-12,114.53065743999558,116.20995826684367,114.29217065870262,115.96154022216797,19092400
2025-12-15,116.19008548018503,116.70679166550624,114.90824748947732,116.05097198486328,18713700
2025-12-16,115.84230725437074,116.14040436662395,114.22261671143758,114.68964385986328,19642300
2025-12-17,114.47103521690063,115.6535075692186,114.34186055918953,114.92813110351562,16177800
2025-12-18,114.28223959161684,115.74293890979763,113.8847692032296,114.10337829589844,21476700
2025-12-19,114.41141563622197,114.55052913668048,112.81160279983192,113.6363525390625,50043800
2025-12-22,113.28856304881552,113.5965989869235,111.50988900463958,111.88748168945312,21473900
2025-12-23,111.28134118455755,111.63906376256772,109.99950321020724,110.1982421875,20319900
2025-12-24,110.19824883356264,111.003120892069,109.85046507872146,110.90375518798828,9009600
2025-12-26,111.01305835867431,111.26147640635087,110.65533576353072,111.03292846679688,9003800
2025-12-29,110.88387782930283,112.06635018040782,110.86400772087431,111.81793212890625,12979600
2025-12-30,111.18198303884792,111.97692383978418,111.13229639587041,111.2117919921875,11730600
2025-12-31,111.02299952366522,111.53970573794,110.61559027802463,110.70502471923828,11487400
2026-01-02,110.72489243926468,112.07628722420678,110.41685648631017,112.04647827148438,14306600
2026-01-05,112.10610020561853,113.01034556998538,111.44034163383571,111.99679565429688,19557600
2026-01-06,111.6887515152225,114.06362735444141,111.28134229354983,113.61647033691406,20120800
2026-01-07,113.46743616962135,114.00402009206742,111.39065723379576,112.0067367553711,23306000
2026-01-08,110.58577226770349,112.75197781454932,109.11513417947556,112.35450744628906,24058300
2026-01-09,111.5496424227033,114.72939040539957,111.5496424227033,113.8052749633789,21902900
2026-01-12,116.75648359482942,118.08800070497459,115.67338453488601,117.2235107421875,49182100
2026-01-13,117.1440096095209,119.74743338177962,116.98502600708754,119.59838104248047,31222100
2026-01-14,119.4294631115365,120.4728143638468,118.27679973056455,119.28041076660156,32764000
2026-01-15,119.22078750049863,120.10515510460003,117.97869731708465,118.44571685791016,34559400
2026-01-16,117.91906958057628,119.83685709037766,116.16027325015084,118.94255065917969,415144600
2026-01-20,120.12502982400424,120.8504138546603,116.86578627056709,117.95882415771484,45334000
2026-01-21,117.33280669962144,119.72755258604145,116.80616168473357,118.60470581054688,34811700
2026-01-22,118.5351491309384,118.76368947509202,116.90552744651671,117.08438873291016,24547300
2026-01-23,117.4222340816893,117.85945224596018,116.39875299816131,116.98502349853516,20806900
2026-01-26,117.06452182318199,118.09794184181264,116.64718131021117,116.89559936523438,19552200
2026-01-27,116.75648146215053,116.88565611669372,114.74926698887573,116.20002746582031,22968600
2026-01-28,115.90191605947376,116.71672689877101,115.13679185887572,115.83235931396484,16342000
2026-01-29,115.71312126722275,116.91547126537773,115.33552857148821,116.66705322265625,16381100
2026-01-30,116.17021609330482,118.6543964981968,115.86217256793869,118.38610076904297,22215400
2026-02-02,118.74382819114838,123.41408451015249,118.2966787324989,123.27497100830078,31210100
2026-02-03,122.86757156808676,127.35896666858129,122.86757156808676,126.9018783569336,32018700
2026-02-04,127.31921518812305,128.59111430473422,126.28578767948056,127.19003295898438,27531800
2026-02-05,127.76637876828745,128.77992870112809,125.75915659288327,126.13675689697266,30517800
2026-02-06,126.48453780231957,130.86662835064288,126.24605859221587,130.34991455078125,26593400
2026-02-09,130.58840535909283,130.9560592399128,127.27947494500727,128.20359802246094,27197300
2026-02-10,128.12409316288472,128.5215559695187,125.59022607444933,125.89826202392578,24662000
2026-02-11,125.8982534995816,128.9190252095116,125.82869675501851,127.95516204833984,19232100
2026-02-12,128.56130425130252,133.63896941128445,128.49173992475252,132.79434204101562,33382700
2026-02-13,131.86028291742133,133.79794045469777,130.91629746718232,133.04275512695312,24131200
2026-02-17,132.26769028382722,133.83769397911357,127.34901655342479,128.03465270996094,37995900
2026-02-18,127.3192184434441,128.0545261364593,124.97414396319746,125.81877136230469,36485000
2026-02-19,127.68686871680087,129.27675018984118,123.6128144996477,124.07984161376953,42993300
2026-02-20,122.2216774308809,122.69864341020512,120.28401972356986,122.21173858642578,35151000
2026-02-23,122.73838295121597,125.99763403293146,122.18192896266022,125.0138931274414,25662800
2026-02-24,125.10333241055824,127.22978274649306,124.11959904808133,125.94795227050781,20161200
2026-02-25,125.80883572262361,126.59383765709305,124.62636339864703,124.95427703857422,17345700
2026-02-26,125.18281645574825,126.5242722955503,123.15572443024259,123.63268280029297,18638300
2026-02-27,124.7257266802137,127.7862463456887,124.35807283147619,127.14035034179688,29205500
2026-03-02,126.65346082753128,127.93529890689562,126.24605915765932,126.29573822021484,17091500
2026-03-03,125.71939755733719,127.55768952555978,124.87477774286918,127.1006088256836,16480400
2026-03-04,126.30566848445152,127.35895854492821,125.44117097864785,127.00123596191406,16434100
2026-03-05,124.5866176413744,124.88472233366477,120.88022458274638,122.52971649169922,28604900
2026-03-06,121.72483997684311,123.40414835839945,120.85041120253811,123.01661682128906,21553000
2026-03-09,122.90731130268519,123.72212216670478,121.7248390120394,123.55319213867188,19375900
2026-03-10,123.42401703226977,125.30205679217917,122.56945837546142,124.32826232910156,18793600
2026-03-11,124.51705540786908,124.69591669914415,122.27136179433607,122.70857238769531,18176500
2026-03-12,121.52611590560277,124.59655943574286,121.50623821571698,124.53694152832031,21751600
2026-03-13,124.59655168558838,125.88832852758698,124.1792111973551,125.71939849853516,15194100
2026-03-16,125.95788848185292,126.17649757585889,124.0401008586876,125.19275665283203,20463200
2026-03-17,125.8485858664739,126.38516976514705,124.06991171562693,124.28852081298828,19895000
2026-03-18,123.54325787458829,123.82148485830739,121.05907754692964,121.2081298828125,19734900
2026-03-19,121.62547670106409,121.9732604488496,118.51527791672632,120.32376098632812,17927700
2026-03-20,120.11267095203482,120.77980340519143,117.51386342792303,118.50957489013672,57545600
2026-03-23,119.96332476326309,120.6105311603868,118.53945701557436,120.2022933959961,22181500
2026-03-24,120.11267237339288,123.57775164543796,119.97327337476743,121.5265884399414,17269600
2026-03-25,122.28332158646774,122.96040568100192,121.25774000136643,122.5322494506836,16597300
2026-03-26,123.07989646568718,123.26908407753929,121.26770187867585,121.6560287475586,16442500
2026-03-27,121.50667121934119,123.73706281720824,121.2975727192295,122.36298370361328,16543300
2026-03-30,123.17945828787965,124.7228140204241,122.61190308496707,122.9703598022461,20428900
2026-03-31,122.90067127683216,124.46393803468071,122.31319753903699,123.74702453613281,21330400
2026-04-01,123.26908398407669,124.69295170112571,122.60195152051088,124.20504760742188,17039700
2026-04-02,124.61329457014496,125.36007818810826,123.61758307952722,125.25054931640625,11898400
2026-04-06,125.2704534168091,126.43544157118903,124.83234555041255,126.24625396728516,10850400
2026-04-07,125.64883587786862,125.81810500867212,121.26770378426845,121.9646987915039,16076000
2026-04-08,121.75560200398522,126.75407802915461,120.80967910989078,126.71424865722656,20194300
2026-04-09,126.54495789171209,129.13381360316265,126.27611915686073,128.5762176513672,13853100
2026-04-10,128.16798319572484,128.3770740986961,125.67870449039047,126.2263412475586,13894000
2026-04-13,125.74839912949405,125.75835837099962,123.41843040109414,124.03577423095703,14510600
2026-04-14,122.6218719240817,124.66307592742197,122.02444654741323,124.51372528076172,15320800
2026-04-15,124.09552060061921,124.53363608834425,122.65174197487195,124.22496795654297,17001400
2026-04-16,123.79680961960968,125.39990570351372,123.4383528805581,124.28470611572266,18324500
2026-04-17,124.03578154691039,127.02291605403354,122.84093078273148,126.95321655273438,24763700
2026-04-20,127.32162554080053,128.91476233764277,126.77398120594438,127.37140655517578,18933600
2026-04-21,127.28180631385425,129.2134891070832,126.93330879875522,129.04421997070312,17312400
2026-04-22,129.44248012735773,129.8905472122055,128.28745127366344,129.4225616455078,17624500
2026-04-23,130.0100454912101,131.8919394396144,129.93038675557892,131.46377563476562,16376000
2026-04-24,131.3741802679442,131.5534010485827,128.72558398059354,129.3628387451172,16016300
2026-04-27,129.0641091249569,129.25329672529196,126.85363615844955,127.04281616210938,17029500
2026-04-28,128.7853111434159,129.2134749536506,126.236292344555,127.04281616210938,16341800
2026-04-29,126.13673092490012,127.53072851993346,125.37003642580345,127.46102142333984,16538800
2026-04-30,127.47099158447368,131.86206779043033,127.40128448606313,131.3642120361328,19867700
2026-05-01,131.35424902710434,132.79802755099445,130.41827785906025,131.03562927246094,10480900
2026-05-04,129.85074639338697,131.18499621896274,129.1238660254078,129.77108764648438,10340700
2026-05-05,129.95029746503022,131.16506666440955,129.74120656624018,130.22909545898438,10637300
2026-05-06,130.29880952835424,130.58755918277944,128.9745113895137,129.52215576171875,16371500
2026-05-07,129.34291559643376,130.03992578938778,128.11819472617847,129.64163208007812,14935400
2026-05-08,130.00876182540105,131.09615490642528,129.93892170087017,130.1184844970703,15183700
2026-05-11,129.86908129064437,130.28809159221544,126.078161470576,127.28527069091797,18699200
2026-05-12,127.77411337890135,130.80684636812944,127.41497254390816,130.0386962890625,17935400
2026-05-13,128.88145249754132,132.21347178099205,128.46245742797677,131.156005859375,13786600
2026-05-14,131.04626733311213,132.4628740535408,130.5474615066649,132.14364624023438,14200400
2026-05-15,133.370718441355,133.6300920185431,130.47763520803812,131.1360626220703,25323000
2026-05-18,131.20589996372777,133.15123980716794,130.81683199503976,133.02154541015625,17183200
2026-05-19,132.62250083152645,134.83720000658067,131.7445976710087,133.87948608398438,16957100
2026-05-20,132.59256841371314,133.3307912944098,130.01872852306576,130.53749084472656,28471600
2026-05-21,124.11287667694504,125.49955634698999,120.10247333459152,121.05020141601562,53006600
2026-05-22,121.05020179855521,121.65874555336691,118.62601263875648,119.98275756835938,30330600
2026-05-26,120.40175901085303,120.7608998332451,117.63837032806804,118.28681945800781,28796600
2026-05-27,118.04739180401025,119.14476312868733,117.7580835037564,118.25688934326172,22062200
2026-05-28,118.67588972926788,118.88538727788863,117.04978535977911,118.61603546142578,21613100
2026-05-29,117.82792078519188,118.79560537078089,114.4360394170558,115.47355651855469,42191000
2026-06-01,114.45599596944092,115.70301061927668,113.28878447270287,114.32630157470703,26176200
2026-06-02,113.59804869184103,114.2963738476551,112.46077194598762,112.78997802734375,27366400
2026-06-03,112.82988291877398,117.00987842073164,112.69021788821831,116.61083221435547,32880600
2026-06-04,119.613646228699,119.6535516106658,117.00987904195799,117.45880126953125,22870400
2026-06-05,118.06734397851143,120.60127862714496,117.8179410518094,118.59607696533203,36638100
2026-06-08,117.96758725033519,119.89297819658464,117.86782759941948,119.54381561279297,19514100
2026-06-09,120.09249452554428,120.21221067038364,117.71818140336323,118.59607696533203,23959000
2026-06-10,119.42409874531984,120.53144836950996,117.2493048793001,120.30199432373047,22414900
2026-06-11,120.28204412446155,121.56896414963192,119.17469451236548,120.21221160888672,22438000
2026-06-12,120.30199331731838,121.31956153106478,119.2445273327187,120.75092315673828,14753500
2026-06-15,119.45402587409166,121.19984639362677,118.29680023038142,120.53144836425781,20722500
2026-06-16,120.85068180556274,122.64638592602697,119.59368892123778,120.7409439086914,23060700
2026-06-17,119.29441143534011,120.72099650095431,117.16949359825468,117.84786987304688,21711100
2026-06-18,117.91769943609961,118.19703710439678,116.52104915047984,116.90013885498047,36526800
2026-06-22,116.68066306404786,118.11722634202617,116.67068481595824,116.90013885498047,17053900
2026-06-23,119.42409682225845,119.96280805869026,116.06214262146445,119.1347885131836,23411400
2026-06-24,119.27444989955788,120.11244766768499,118.64595728184237,118.71578979492188,20600100
2026-06-25,117.18944517738683,118.29679475023023,115.10443280997809,115.50347900390625,20384700
2026-06-26,117.00988117029624,117.5984684398727,114.81513078924051,115.41370391845703,36636000
2026-06-29,116.19183823088373,116.521051925122,113.92725536452491,114.32630157470703,20367000
2026-06-30,113.69780533850943,114.33627621015661,112.66028826928947,112.989501953125,23034000
2026-07-01,109.86697325528867,110.4455898652017,106.99385431305828,108.56010437011719,40391400
2026-07-02,109.06889129541543,112.18143499412129,108.89929912950869,111.57289123535156,29512200
2026-07-06,111.13394332246972,112.10162787550183,109.10879281804488,110.38573455810547,29523300
2026-07-07,112.70019805055621,113.22893104823599,111.03418829265145,111.27361297607422,19941400
2026-07-08,112.879763389333,113.58806677051842,111.54295977706508,112.82987976074219,19892000
2026-07-09,110.9743243964893,112.49069845667856,110.77480509912543,111.94200897216797,20464500
2026-07-10,111.68262805970767,113.88735663998979,111.66267917439362,113.62797546386719,12461700
2026-07-13,114.4559909872762,115.26405400962003,113.7377093624492,114.50586700439453,17043400
2026-07-14,114.80515288534225,115.60323765516023,113.22892461903017,113.4284439086914,14682000
2026-07-15,112.9795273843265,114.4559960800755,111.80234524929674,112.26124572753906,16467900
2026-07-16,113.4883080789502,115.31393168866141,113.28878117408205,114.67546081542969,20777600
2026-07-17,116.68066042641807,117.80795887752032,113.32868459435743,113.96715545654297,28289800
2026-07-20,113.68782844769808,114.12678003138565,111.87217545768125,111.9320297241211,17738900
2026-07-21,111.24368590747915,111.53299422190634,109.62755216828454,110.12635803222656,22717000
2026-07-22,109.26840509292803,109.73728379602602,108.4603420750963,109.06888580322266,23494800
2026-07-23,107.25323944858002,108.30072720057487,106.5349577836844,108.14111328125,21516800
2026-07-24,107.86178281776185,109.33824391357957,107.7520449187408,109.20855712890625,18405900
2026-07-27,109.6574762821653,112.24129454403212,109.62754914894079,111.47312927246094,19008700
2026-07-28,113.68782641652693,115.75288229471273,112.57049859218158,112.82987976074219,24867900
2026-07-29,112.95957874459346,114.41609094683764,112.18143520726511,113.94721221923828,23480000
2026-07-30,111.34343984797607,112.76004660224154,110.1762360128914,110.83465576171875,28747000
2026-07-31,110.25604146581917,111.64272872771201,109.62754883637642,110.93441772460938,22799100
2026-08-03,112.82987844246247,113.01942709548517,109.89690530598047,110.44558715820312,23942500
2026-08-04,108.7496500450106,111.41327137152663,108.30072022776788,111.28358459472656,29620000
2026-08-05,112.18143131502696,112.88974231161649,111.09403822804457,112.07169342041016,21446300
2026-08-06,113.79756871801911,114.2863963302149,110.77480642096445,111.8023452758789,23203100
2026-08-07,110.3458340692701,112.02182208019414,110.23609617007118,111.58287048339844,18819300
2026-08-10,110.8147094920761,112.43083557535391,110.49547405243835,112.39093780517578,19144000
2026-08-11,112.17146067312872,113.06930510370103,111.92205775104237,112.989501953125,17005800
2026-08-12,112.10162714074723,115.77283842494558,112.011838131802,115.7329330444336,22054700
2026-08-13,115.89254862146954,116.04219189774759,114.53579610924879,115.4436264038086,16822200
2026-08-14,115.38377313696229,116.17187968391663,114.36620493839823,114.99469757080078,14520000
2026-08-17,114.05694580078125,114.90491421100516,113.64792135646756,114.05694580078125,18131100
2026-08-18,116.02224469044766,116.03221532748336,114.2065916862473,114.92486572265625,20675000
2026-08-19,114.91489714259141,116.59088514655902,113.71775850480114,114.02702331542969,34286600
2026-08-20,106.12592986973321,106.74445186354434,102.60436178772362,103.59199523925781,83633100
2026-08-21,103.69000244140625,104.27999877929688,102.1500015258789,103.69999694824219,44454200
2026-08-24,104.13999938964844,106.5999984741211,104.0,106.48999786376953,35616300
2026-08-25,105.58000183105469,106.06999969482422,104.4000015258789,105.37999725341797,27032500
2026-08-26,105.51000213623047,106.08999633789062,104.08000183105469,104.33999633789062,28409400
2026-08-27,103.61000061035156,103.75,102.2699966430664,102.62999725341797,29816600
2026-08-28,103.08999633789062,103.4000015258789,102.5,103.08999633789062,19420800
2026-08-31,103.08000183105469,104.98999786376953,102.83999633789062,104.87000274658203,34188700
2026-09-01,105.11000061035156,106.63999938964844,104.66000366210938,105.91999816894531,22074600
2026-09-02,105.97000122070312,106.77999877929688,105.45999908447266,106.08999633789062,25181800
2026-09-03,106.41999816894531,109.3499984741211,106.0199966430664,108.41999816894531,25541200
2026-09-04,108.19999694824219,109.2300033569336,106.93000030517578,107.13999938964844,20540500
2026-09-08,106.77999877929688,106.9000015258789,105.66000366210938,106.05000305175781,22664800
2026-09-09,105.69000244140625,106.1500015258789,105.16000366210938,105.83000183105469,15460800
2026-09-10,106.16999816894531,107.16000366210938,105.58999633789062,105.7300033569336,17174900
2026-09-11,106.19999694824219,107.20999908447266,105.72000122070312,107.1500015258789,17068600
2026-09-14,108.08000183105469,109.73999786376953,108.0,109.08000183105469,23877400
2026-09-15,108.61000061035156,109.23999786376953,107.86000061035156,108.08999633789062,19316300
2026-09-16,108.31999969482422,108.68000030517578,107.44999694824219,107.5,15150900
2026-09-17,107.80000305175781,107.80000305175781,106.1500015258789,106.79000091552734,19216200
2026-09-18,106.23999786376953,107.72000122070312,106.16999816894531,106.7300033569336,45337600
2026-09-21,106.16000366210938,107.76000213623047,106.08000183105469,107.44000244140625,23966900
2026-09-22,108.12000274658203,110.19000244140625,107.61000061035156,110.12000274658203,19372800
2026-09-23,110.22000122070312,111.2300033569336,109.48999786376953,110.52999877929688,22770800
2026-09-24,111.16999816894531,111.16999816894531,107.51000213623047,107.58999633789062,26174000
2026-09-25,107.08000183105469,108.1500015258789,106.44999694824219,107.9800033569336,19614100
2026-09-28,107.9000015258789,109.41999816894531,107.2699966430664,108.7300033569336,17232400
2026-09-29,107.75,107.9000015258789,105.3499984741211,106.80000305175781,27274900
2026-09-30,106.97000122070312,107.02999877929688,103.91999816894531,103.91999816894531,28152400
2026-10-01,104.37999725341797,105.0999984741211,103.58999633789062,104.26000213623047,23044000
2026-10-02,104.94000244140625,105.13999938964844,103.80999755859375,104.26000213623047,23275500
2026-10-05,103.83999633789062,105.0999984741211,103.38999938964844,105.06999969482422,19233200
2026-10-06,104.5,107.55000305175781,104.5,107.19999694824219,22017700
2026-10-07,107.54000091552734,108.80000305175781,107.4000015258789,108.16000366210938,16131900
2026-10-08,108.5999984741211,111.12999725341797,108.44000244140625,110.55999755859375,23767700
2026-10-09,110.0,111.51000213623047,109.93000030517578,111.3499984741211,11832600
